{"timestamp":"2025-09-16T13:29:04,895","container":"e8fbc2c00ac2","level":"INFO","thread":"main","class":"Besu","message":"Starting Besu","throwable":""}
{"timestamp":"2025-09-16T13:29:05,670","container":"e8fbc2c00ac2","level":"WARN","thread":"main","class":"Besu","message":"--min-gas-price has been ignored because --miner-enabled was not defined on the command line.","throwable":""}
{"timestamp":"2025-09-16T13:29:07,311","container":"e8fbc2c00ac2","level":"INFO","thread":"main","class":"Besu","message":"
####################################################################################################
#                                                                                                  #
# Besu version 23.4.1                                                                              #
#                                                                                                  #
# Configuration:                                                                                   #
# Network: Custom genesis file specified                                                           #
# Network Id: 1337                                                                                 #
# Data storage: Forest                                                                             #
# Sync mode: Full                                                                                  #
# RPC HTTP APIs: EEA,WEB3,ETH,NET,TRACE,DEBUG,ADMIN,TXPOOL,PRIV,PERM,QBFT                          #
# RPC HTTP port: 8545                                                                              #
#                                                                                                  #
# Host:                                                                                            #
# Java: openjdk-java-17                                                                            #
# Maximum heap size: 3.87 GB                                                                       #
# OS: linux-x86_64                                                                                 #
# glibc: 2.35                                                                                      #
# jemalloc: 5.2.1-0-gea6b3e973b477b8061e0076bb257dbd7f3faa756                                      #
# Total memory: 15.48 GB                                                                           #
# CPU cores: 20                                                                                    #
#                                                                                                  #
####################################################################################################","throwable":""}
{"timestamp":"2025-09-16T13:29:07,312","container":"e8fbc2c00ac2","level":"INFO","thread":"main","class":"Besu","message":"Connecting to 8 static nodes.","throwable":""}
{"timestamp":"2025-09-16T13:29:07,312","container":"e8fbc2c00ac2","level":"INFO","thread":"main","class":"Besu","message":"Security Module: localfile","throwable":""}
{"timestamp":"2025-09-16T13:29:07,358","container":"e8fbc2c00ac2","level":"INFO","thread":"main","class":"Besu","message":"Using the native implementation of alt bn128","throwable":""}
{"timestamp":"2025-09-16T13:29:07,395","container":"e8fbc2c00ac2","level":"INFO","thread":"main","class":"Besu","message":"Using the native implementation of modexp","throwable":""}
{"timestamp":"2025-09-16T13:29:07,396","container":"e8fbc2c00ac2","level":"INFO","thread":"main","class":"Besu","message":"Using the native implementation of the signature algorithm","throwable":""}
{"timestamp":"2025-09-16T13:29:07,400","container":"e8fbc2c00ac2","level":"INFO","thread":"main","class":"Besu","message":"Using the native implementation of the blake2bf algorithm","throwable":""}
{"timestamp":"2025-09-16T13:29:07,414","container":"e8fbc2c00ac2","level":"INFO","thread":"main","class":"RocksDBKeyValueStorageFactory","message":"No existing database detected at /opt/besu/data. Using version 1","throwable":""}
{"timestamp":"2025-09-16T13:29:08,479","container":"e8fbc2c00ac2","level":"INFO","thread":"main","class":"KeyPairUtil","message":"Loaded public key 0xb9050e002aa42464e6b07c811a1f9dfec01249af03f67b753e8415420649b184447bb2a784863ccbf327ad9e31aaba803464979dfe6a7facc669151a5fa6ad1b from /opt/besu/keys/nodekey","throwable":""}
{"timestamp":"2025-09-16T13:29:08,491","container":"e8fbc2c00ac2","level":"WARN","thread":"main","class":"Besu","message":"Privacy is disabled. Cannot use EEA/PRIV API methods when not using Privacy.","throwable":""}
{"timestamp":"2025-09-16T13:29:09,198","container":"e8fbc2c00ac2","level":"INFO","thread":"main","class":"ProtocolScheduleBuilder","message":"Protocol schedule created with milestones: [GrayGlacier: 0]","throwable":""}
{"timestamp":"2025-09-16T13:29:09,437","container":"e8fbc2c00ac2","level":"INFO","thread":"main","class":"TransactionPoolFactory","message":"Enabling transaction pool","throwable":""}
{"timestamp":"2025-09-16T13:29:09,460","container":"e8fbc2c00ac2","level":"INFO","thread":"main","class":"BesuControllerBuilder","message":"TTD difficulty is not present, creating initial sync phase for PoW","throwable":""}
{"timestamp":"2025-09-16T13:29:09,567","container":"e8fbc2c00ac2","level":"INFO","thread":"main","class":"RunnerBuilder","message":"Detecting NAT service.","throwable":""}
{"timestamp":"2025-09-16T13:29:10,873","container":"e8fbc2c00ac2","level":"INFO","thread":"main","class":"Runner","message":"Starting external services ... ","throwable":""}
{"timestamp":"2025-09-16T13:29:10,874","container":"e8fbc2c00ac2","level":"INFO","thread":"main","class":"MetricsHttpService","message":"Starting metrics http service on 0.0.0.0:9545","throwable":""}
{"timestamp":"2025-09-16T13:29:11,175","container":"e8fbc2c00ac2","level":"INFO","thread":"vert.x-eventloop-thread-1","class":"MetricsHttpService","message":"Metrics service started and listening on 0.0.0.0:9545","throwable":""}
{"timestamp":"2025-09-16T13:29:11,184","container":"e8fbc2c00ac2","level":"INFO","thread":"main","class":"JsonRpcHttpService","message":"Starting JSON-RPC service on 0.0.0.0:8545","throwable":""}
{"timestamp":"2025-09-16T13:29:11,247","container":"e8fbc2c00ac2","level":"INFO","thread":"vert.x-eventloop-thread-1","class":"JsonRpcHttpService","message":"JSON-RPC service started and listening on 0.0.0.0:8545","throwable":""}
{"timestamp":"2025-09-16T13:29:11,251","container":"e8fbc2c00ac2","level":"INFO","thread":"main","class":"GraphQLHttpService","message":"Starting GraphQL HTTP service on 0.0.0.0:8547","throwable":""}
{"timestamp":"2025-09-16T13:29:11,265","container":"e8fbc2c00ac2","level":"INFO","thread":"vert.x-eventloop-thread-1","class":"GraphQLHttpService","message":"GraphQL HTTP service started and listening on 0.0.0.0:8547","throwable":""}
{"timestamp":"2025-09-16T13:29:11,266","container":"e8fbc2c00ac2","level":"INFO","thread":"main","class":"WebSocketService","message":"Starting Websocket service on 0.0.0.0:8546","throwable":""}
{"timestamp":"2025-09-16T13:29:11,276","container":"e8fbc2c00ac2","level":"INFO","thread":"vert.x-eventloop-thread-1","class":"WebSocketService","message":"Websocket service started and listening on 0.0.0.0:8546","throwable":""}
{"timestamp":"2025-09-16T13:29:11,281","container":"e8fbc2c00ac2","level":"INFO","thread":"main","class":"AutoTransactionLogBloomCachingService","message":"Starting auto transaction log bloom caching service.","throwable":""}
{"timestamp":"2025-09-16T13:29:11,283","container":"e8fbc2c00ac2","level":"INFO","thread":"main","class":"LogBloomCacheMetadata","message":"Lookup cache metadata file in data directory: /opt/besu/data/caches","throwable":""}
{"timestamp":"2025-09-16T13:29:11,306","container":"e8fbc2c00ac2","level":"INFO","thread":"main","class":"Runner","message":"Starting Ethereum main loop ... ","throwable":""}
{"timestamp":"2025-09-16T13:29:11,306","container":"e8fbc2c00ac2","level":"INFO","thread":"main","class":"DockerNatManager","message":"Starting docker NAT manager.","throwable":""}
{"timestamp":"2025-09-16T13:29:12,661","container":"e8fbc2c00ac2","level":"INFO","thread":"main","class":"NetworkRunner","message":"Starting Network.","throwable":""}
{"timestamp":"2025-09-16T13:29:12,674","container":"e8fbc2c00ac2","level":"INFO","thread":"nioEventLoopGroup-2-1","class":"RlpxAgent","message":"P2P RLPx agent started and listening on /[0:0:0:0:0:0:0:0]:30303.","throwable":""}
{"timestamp":"2025-09-16T13:29:12,676","container":"e8fbc2c00ac2","level":"INFO","thread":"main","class":"PeerDiscoveryAgent","message":"Starting peer discovery agent on host=0.0.0.0, port=30303","throwable":""}
{"timestamp":"2025-09-16T13:29:12,695","container":"e8fbc2c00ac2","level":"INFO","thread":"vert.x-eventloop-thread-1","class":"VertxPeerDiscoveryAgent","message":"Started peer discovery agent successfully, on effective host=0:0:0:0:0:0:0:0%0 and port=30303","throwable":""}
{"timestamp":"2025-09-16T13:29:12,696","container":"e8fbc2c00ac2","level":"INFO","thread":"vert.x-eventloop-thread-1","class":"PeerDiscoveryAgent","message":"P2P peer discovery agent started and listening on /[0:0:0:0:0:0:0:0%0]:30303","throwable":""}
{"timestamp":"2025-09-16T13:29:12,746","container":"e8fbc2c00ac2","level":"INFO","thread":"vert.x-eventloop-thread-1","class":"PeerDiscoveryAgent","message":"Writing node record to disk. NodeRecord{seq=1, publicKey=0x03b9050e002aa42464e6b07c811a1f9dfec01249af03f67b753e8415420649b184, udpAddress=Optional[/172.16.239.12:30303], tcpAddress=Optional[/172.16.239.12:30303], asBase64=-Je4QKQHmGFKKivDE95ybnGcv2q6uaJvfrVUmrGih34o9Dw7ahmdclYk3evwDz6P3pwNyIKdqev5T5JXD_7GrO37OIkBg2V0aMfGhGpSrW2AgmlkgnY0gmlwhKwQ7wyJc2VjcDI1NmsxoQO5BQ4AKqQkZOawfIEaH53-wBJJrwP2e3U-hBVCBkmxhIN0Y3CCdl-DdWRwgnZf, nodeId=0x27059b2392ab7830b38b2f4d27a97c9aaf04f18f3014c32e036dd0ac76da5f18, customFields={tcp=30303, udp=30303, ip=0xac10ef0c, eth=[[0x6a52ad6d, 0x]], id=V4, secp256k1=0x03b9050e002aa42464e6b07c811a1f9dfec01249af03f67b753e8415420649b184}}","throwable":""}
{"timestamp":"2025-09-16T13:29:12,811","container":"e8fbc2c00ac2","level":"INFO","thread":"main","class":"DefaultP2PNetwork","message":"Enode URL enode://b9050e002aa42464e6b07c811a1f9dfec01249af03f67b753e8415420649b184447bb2a784863ccbf327ad9e31aaba803464979dfe6a7facc669151a5fa6ad1b@172.16.239.12:30303","throwable":""}
{"timestamp":"2025-09-16T13:29:12,812","container":"e8fbc2c00ac2","level":"INFO","thread":"main","class":"DefaultP2PNetwork","message":"Node address 0x27a97c9aaf04f18f3014c32e036dd0ac76da5f18","throwable":""}
{"timestamp":"2025-09-16T13:29:12,946","container":"e8fbc2c00ac2","level":"INFO","thread":"main","class":"NetworkRunner","message":"Supported capabilities: [eth/62, eth/63, eth/64, eth/65, eth/66, eth/67, eth/68], [istanbul/100], [snap/1]","throwable":""}
{"timestamp":"2025-09-16T13:29:12,947","container":"e8fbc2c00ac2","level":"INFO","thread":"main","class":"DefaultSynchronizer","message":"Starting synchronizer.","throwable":""}
{"timestamp":"2025-09-16T13:29:12,949","container":"e8fbc2c00ac2","level":"INFO","thread":"main","class":"TransactionPoolFactory","message":"Enabling transaction handling following initial sync","throwable":""}
{"timestamp":"2025-09-16T13:29:12,956","container":"e8fbc2c00ac2","level":"INFO","thread":"main","class":"FullSyncDownloader","message":"Starting full sync.","throwable":""}
{"timestamp":"2025-09-16T13:29:12,965","container":"e8fbc2c00ac2","level":"INFO","thread":"main","class":"FullSyncTargetManager","message":"Unable to find sync target. Currently checking 0 peers for usefulness","throwable":""}
{"timestamp":"2025-09-16T13:29:13,299","container":"e8fbc2c00ac2","level":"INFO","thread":"main","class":"Runner","message":"Ethereum main loop is up.","throwable":""}
{"timestamp":"2025-09-16T13:29:13,638","container":"e8fbc2c00ac2","level":"INFO","thread":"nioEventLoopGroup-3-10","class":"FullSyncTargetManager","message":"Unable to find sync target. Currently checking 5 peers for usefulness","throwable":""}
{"timestamp":"2025-09-16T13:29:18,642","container":"e8fbc2c00ac2","level":"INFO","thread":"EthScheduler-Timer-0","class":"FullSyncTargetManager","message":"Unable to find sync target. Currently checking 5 peers for usefulness","throwable":""}
{"timestamp":"2025-09-16T13:29:23,458","container":"e8fbc2c00ac2","level":"INFO","thread":"BftProcessorExecutor-QBFT-0","class":"QbftRound","message":"Importing proposed block to chain. round=ConsensusRoundIdentifier{Sequence=1, Round=1}, hash=0xccbc4b54da9e2c2cb0608115140eaf06131a94869fc859c1663a3d24de7fa462","throwable":""}
{"timestamp":"2025-09-16T13:29:23,480","container":"e8fbc2c00ac2","level":"INFO","thread":"BftProcessorExecutor-QBFT-0","class":"QbftBesuControllerBuilder","message":"Imported #1 / 0 tx / 0 pending / 0 (0.0%) gas / (0xccbc4b54da9e2c2cb0608115140eaf06131a94869fc859c1663a3d24de7fa462)","throwable":""}
{"timestamp":"2025-09-16T13:29:23,643","container":"e8fbc2c00ac2","level":"INFO","thread":"EthScheduler-Timer-0","class":"FullSyncTargetManager","message":"Unable to find sync target. Currently checking 5 peers for usefulness","throwable":""}
{"timestamp":"2025-09-16T13:29:28,644","container":"e8fbc2c00ac2","level":"INFO","thread":"EthScheduler-Timer-0","class":"FullSyncTargetManager","message":"Unable to find sync target. Currently checking 5 peers for usefulness","throwable":""}
{"timestamp":"2025-09-16T13:29:31,039","container":"e8fbc2c00ac2","level":"INFO","thread":"BftProcessorExecutor-QBFT-0","class":"QbftBesuControllerBuilder","message":"Imported #2 / 0 tx / 0 pending / 0 (0.0%) gas / (0x364f759ef55276b448523c655b3c4d0b9f7ed554431928133a271398727ff633)","throwable":""}
{"timestamp":"2025-09-16T13:29:39,047","container":"e8fbc2c00ac2","level":"INFO","thread":"BftProcessorExecutor-QBFT-0","class":"QbftBesuControllerBuilder","message":"Imported #3 / 0 tx / 0 pending / 0 (0.0%) gas / (0x4c2e8c985142e62302a46fb2adc06ee52e65782d642bdc5a7db4aacecfb7a2ae)","throwable":""}
{"timestamp":"2025-09-16T13:29:47,022","container":"e8fbc2c00ac2","level":"INFO","thread":"BftProcessorExecutor-QBFT-0","class":"QbftBesuControllerBuilder","message":"Produced #4 / 0 tx / 0 pending / 0 (0.0%) gas / (0x7e544be4c7806e4c8edd0d549282ca67d1185c4cba135c809786524ba137e2e7)","throwable":""}
{"timestamp":"2025-09-16T13:29:55,022","container":"e8fbc2c00ac2","level":"INFO","thread":"BftProcessorExecutor-QBFT-0","class":"QbftBesuControllerBuilder","message":"Imported #5 / 0 tx / 0 pending / 0 (0.0%) gas / (0xee67f3d71e5398d70ca38e53639cc4bb61507a4382dfb6dd4037e546e2a08d36)","throwable":""}
{"timestamp":"2025-09-16T13:30:03,022","container":"e8fbc2c00ac2","level":"INFO","thread":"BftProcessorExecutor-QBFT-0","class":"QbftBesuControllerBuilder","message":"Imported #6 / 0 tx / 0 pending / 0 (0.0%) gas / (0x3642ee8a03200ca7f5df004cdceea27f5a5f324b280a38bb0fe990a090099ee9)","throwable":""}
{"timestamp":"2025-09-16T13:30:11,025","container":"e8fbc2c00ac2","level":"INFO","thread":"BftProcessorExecutor-QBFT-0","class":"QbftBesuControllerBuilder","message":"Imported #7 / 0 tx / 0 pending / 0 (0.0%) gas / (0x3e2f32808f6e9fbf2c529fe676b842a0adad88a942a408e907d98ad7bc921be4)","throwable":""}
{"timestamp":"2025-09-16T13:30:11,027","container":"e8fbc2c00ac2","level":"INFO","thread":"EthScheduler-Workers-0","class":"PersistBlockTask","message":"Block 7 (0x3e2f32808f6e9fbf2c529fe676b842a0adad88a942a408e907d98ad7bc921be4) is already imported","throwable":""}
{"timestamp":"2025-09-16T13:30:19,023","container":"e8fbc2c00ac2","level":"INFO","thread":"BftProcessorExecutor-QBFT-0","class":"QbftBesuControllerBuilder","message":"Produced #8 / 0 tx / 0 pending / 0 (0.0%) gas / (0x470dfd53c53928fde63cf17c56237ad3797a4cbcd01602f4b7b4cb931d3189ae)","throwable":""}
{"timestamp":"2025-09-16T13:30:27,026","container":"e8fbc2c00ac2","level":"INFO","thread":"EthScheduler-Workers-0","class":"PersistBlockTask","message":"Block 9 (0x789d2b30e128edff967bd03b24bec4773cec4dbe5d151e0d65f5ee2ad91ca6a4) is already imported","throwable":""}
{"timestamp":"2025-09-16T13:30:27,027","container":"e8fbc2c00ac2","level":"INFO","thread":"BftProcessorExecutor-QBFT-0","class":"QbftBesuControllerBuilder","message":"Imported #9 / 0 tx / 0 pending / 0 (0.0%) gas / (0x789d2b30e128edff967bd03b24bec4773cec4dbe5d151e0d65f5ee2ad91ca6a4)","throwable":""}
{"timestamp":"2025-09-16T13:30:35,027","container":"e8fbc2c00ac2","level":"INFO","thread":"BftProcessorExecutor-QBFT-0","class":"QbftBesuControllerBuilder","message":"Imported #10 / 0 tx / 0 pending / 0 (0.0%) gas / (0xf35c898b355ee1e4734b67aaa30f773f2f5353b697fc0904a1854c8b25afa93c)","throwable":""}
{"timestamp":"2025-09-16T13:30:43,020","container":"e8fbc2c00ac2","level":"INFO","thread":"BftProcessorExecutor-QBFT-0","class":"QbftBesuControllerBuilder","message":"Imported #11 / 0 tx / 0 pending / 0 (0.0%) gas / (0xde7218a612b0f57e4669e2cb38c109ae44cbbbd077aeae68f6677a23605d12ea)","throwable":""}
{"timestamp":"2025-09-16T13:30:51,015","container":"e8fbc2c00ac2","level":"INFO","thread":"EthScheduler-Workers-0","class":"PersistBlockTask","message":"Block 12 (0x2be9b112d6b89bcffbdde7fc4a15ef2b4ecb5d6e7059339118bb96d212e02637) is already imported","throwable":""}
{"timestamp":"2025-09-16T13:30:51,015","container":"e8fbc2c00ac2","level":"INFO","thread":"BftProcessorExecutor-QBFT-0","class":"QbftBesuControllerBuilder","message":"Produced #12 / 0 tx / 0 pending / 0 (0.0%) gas / (0x2be9b112d6b89bcffbdde7fc4a15ef2b4ecb5d6e7059339118bb96d212e02637)","throwable":""}
{"timestamp":"2025-09-16T13:30:59,017","container":"e8fbc2c00ac2","level":"INFO","thread":"BftProcessorExecutor-QBFT-0","class":"QbftBesuControllerBuilder","message":"Imported #13 / 0 tx / 0 pending / 0 (0.0%) gas / (0x5bf10079a62e5ff645310ab955e12de5a9235b5804f7cbd492c7717d8a9bd9d1)","throwable":""}
{"timestamp":"2025-09-16T13:31:07,023","container":"e8fbc2c00ac2","level":"INFO","thread":"EthScheduler-Workers-0","class":"PersistBlockTask","message":"Imported #14 / 0 tx / 0 om / 0 (0.0%) gas / (0xc935ba3a76c37469d6e27f32b654533c770ea883c4feee85c6b54e4594c1dc37) in 0.004s. Peers: 5","throwable":""}
{"timestamp":"2025-09-16T13:31:15,016","container":"e8fbc2c00ac2","level":"INFO","thread":"EthScheduler-Workers-0","class":"PersistBlockTask","message":"Block 15 (0x15552e0607a22dc88b2c5d60b6e0457a1f196ddd01014ad37d2459e7fa1317ef) is already imported","throwable":""}
{"timestamp":"2025-09-16T13:31:15,017","container":"e8fbc2c00ac2","level":"INFO","thread":"BftProcessorExecutor-QBFT-0","class":"QbftBesuControllerBuilder","message":"Imported #15 / 0 tx / 0 pending / 0 (0.0%) gas / (0x15552e0607a22dc88b2c5d60b6e0457a1f196ddd01014ad37d2459e7fa1317ef)","throwable":""}
{"timestamp":"2025-09-16T13:31:23,013","container":"e8fbc2c00ac2","level":"INFO","thread":"BftProcessorExecutor-QBFT-0","class":"QbftBesuControllerBuilder","message":"Produced #16 / 0 tx / 0 pending / 0 (0.0%) gas / (0xb33fce2020823401ff170d1543a88c4ad4b718917ddc1f08cad8eea75e894257)","throwable":""}
{"timestamp":"2025-09-16T13:31:31,026","container":"e8fbc2c00ac2","level":"INFO","thread":"EthScheduler-Workers-0","class":"PersistBlockTask","message":"Block 17 (0x4319071d6adc83285b7b32d8490f082c0903f596872063cf92620f1b7c600efa) is already imported","throwable":""}
{"timestamp":"2025-09-16T13:31:31,028","container":"e8fbc2c00ac2","level":"INFO","thread":"BftProcessorExecutor-QBFT-0","class":"QbftBesuControllerBuilder","message":"Imported #17 / 0 tx / 0 pending / 0 (0.0%) gas / (0x4319071d6adc83285b7b32d8490f082c0903f596872063cf92620f1b7c600efa)","throwable":""}
{"timestamp":"2025-09-16T13:31:39,014","container":"e8fbc2c00ac2","level":"INFO","thread":"BftProcessorExecutor-QBFT-0","class":"QbftBesuControllerBuilder","message":"Imported #18 / 0 tx / 0 pending / 0 (0.0%) gas / (0xb4d4bab2063ae094ade37985f6b48bd363a3d2ab0948c5b1245a24b46737d29a)","throwable":""}
{"timestamp":"2025-09-16T13:31:47,022","container":"e8fbc2c00ac2","level":"INFO","thread":"BftProcessorExecutor-QBFT-0","class":"QbftBesuControllerBuilder","message":"Imported #19 / 0 tx / 0 pending / 0 (0.0%) gas / (0x087ea977ad1b6c14d0b93536bedb064ed910df067732f7c4c13740d72edca214)","throwable":""}
{"timestamp":"2025-09-16T13:31:55,020","container":"e8fbc2c00ac2","level":"INFO","thread":"BftProcessorExecutor-QBFT-0","class":"QbftBesuControllerBuilder","message":"Produced #20 / 0 tx / 0 pending / 0 (0.0%) gas / (0x2e9ec10562a079d1abe33d9c4b48f1058f3590bb15435e33abe3cedf2b58e55d)","throwable":""}
{"timestamp":"2025-09-16T13:32:03,019","container":"e8fbc2c00ac2","level":"INFO","thread":"EthScheduler-Workers-0","class":"PersistBlockTask","message":"Imported #21 / 0 tx / 0 om / 0 (0.0%) gas / (0x402fee44a7d8172a3611a173e2145636a6d320c28146d57d415fdad0d9fc487d) in 0.002s. Peers: 5","throwable":""}
{"timestamp":"2025-09-16T13:32:03,020","container":"e8fbc2c00ac2","level":"INFO","thread":"BftProcessorExecutor-QBFT-0","class":"QbftBesuControllerBuilder","message":"Imported #21 / 0 tx / 0 pending / 0 (0.0%) gas / (0x402fee44a7d8172a3611a173e2145636a6d320c28146d57d415fdad0d9fc487d)","throwable":""}
{"timestamp":"2025-09-16T13:32:11,012","container":"e8fbc2c00ac2","level":"INFO","thread":"BftProcessorExecutor-QBFT-0","class":"QbftBesuControllerBuilder","message":"Imported #22 / 0 tx / 0 pending / 0 (0.0%) gas / (0xa13d502e0f0e10b7a859f7859210dd81af7b651b4a1e8e9c8fe776a94799192b)","throwable":""}
{"timestamp":"2025-09-16T13:32:19,020","container":"e8fbc2c00ac2","level":"INFO","thread":"EthScheduler-Workers-0","class":"PersistBlockTask","message":"Block 23 (0x9d72a2662a851904153958332c8a554935859e541737d03149e0e3835221d454) is already imported","throwable":""}
{"timestamp":"2025-09-16T13:32:19,020","container":"e8fbc2c00ac2","level":"INFO","thread":"BftProcessorExecutor-QBFT-0","class":"QbftBesuControllerBuilder","message":"Imported #23 / 0 tx / 0 pending / 0 (0.0%) gas / (0x9d72a2662a851904153958332c8a554935859e541737d03149e0e3835221d454)","throwable":""}
{"timestamp":"2025-09-16T13:32:27,017","container":"e8fbc2c00ac2","level":"INFO","thread":"BftProcessorExecutor-QBFT-0","class":"QbftBesuControllerBuilder","message":"Produced #24 / 0 tx / 0 pending / 0 (0.0%) gas / (0xb25c4a14031fd9a40cd10e4794eead466864c677d5c32a447122eefc32a3fe87)","throwable":""}
{"timestamp":"2025-09-16T13:32:35,019","container":"e8fbc2c00ac2","level":"INFO","thread":"BftProcessorExecutor-QBFT-0","class":"QbftBesuControllerBuilder","message":"Imported #25 / 0 tx / 0 pending / 0 (0.0%) gas / (0x72eb6918668d0a107385e9d7ebf0906dc8fc21601d4db49d1cfe85d0213e7508)","throwable":""}
{"timestamp":"2025-09-16T13:32:43,012","container":"e8fbc2c00ac2","level":"INFO","thread":"BftProcessorExecutor-QBFT-0","class":"QbftBesuControllerBuilder","message":"Imported #26 / 0 tx / 0 pending / 0 (0.0%) gas / (0x263b394928d6e393314a26bc9c5056ee2b638986bb042d01c0788d6e9aab194a)","throwable":""}
{"timestamp":"2025-09-16T13:32:51,011","container":"e8fbc2c00ac2","level":"INFO","thread":"BftProcessorExecutor-QBFT-0","class":"QbftBesuControllerBuilder","message":"Imported #27 / 0 tx / 0 pending / 0 (0.0%) gas / (0x91cbce8e617d4622a80d1d4789e2210e1506b66b026f8c2f395f4f0772253ff1)","throwable":""}
{"timestamp":"2025-09-16T13:32:59,014","container":"e8fbc2c00ac2","level":"INFO","thread":"BftProcessorExecutor-QBFT-0","class":"QbftBesuControllerBuilder","message":"Produced #28 / 0 tx / 0 pending / 0 (0.0%) gas / (0xd364a316516179703c63515a1ce5174f62f696d105e049f4ad1be51abf424387)","throwable":""}
{"timestamp":"2025-09-16T13:33:07,017","container":"e8fbc2c00ac2","level":"INFO","thread":"BftProcessorExecutor-QBFT-0","class":"QbftBesuControllerBuilder","message":"Imported #29 / 0 tx / 0 pending / 0 (0.0%) gas / (0x29bfa712da6b6a5b49b6c42ec4a9acaa06c634093a4881312193a5164cd0e3d2)","throwable":""}
{"timestamp":"2025-09-16T13:33:15,013","container":"e8fbc2c00ac2","level":"INFO","thread":"BftProcessorExecutor-QBFT-0","class":"QbftBesuControllerBuilder","message":"Imported #30 / 0 tx / 0 pending / 0 (0.0%) gas / (0xff1632509c635ac7420041142135c01b5efb378de170633958f87e966e4ef3dd)","throwable":""}
{"timestamp":"2025-09-16T13:33:23,012","container":"e8fbc2c00ac2","level":"INFO","thread":"BftProcessorExecutor-QBFT-0","class":"QbftBesuControllerBuilder","message":"Imported #31 / 0 tx / 0 pending / 0 (0.0%) gas / (0x4321ee91d9329c2dcd14dbf1c2b945a602c27edb1fa5001ce7d16d55e80e83f6)","throwable":""}
{"timestamp":"2025-09-16T13:33:31,011","container":"e8fbc2c00ac2","level":"INFO","thread":"BftProcessorExecutor-QBFT-0","class":"QbftBesuControllerBuilder","message":"Produced #32 / 0 tx / 0 pending / 0 (0.0%) gas / (0x5a7f7b76f9850e642ffc4803976235ced80d0b7f45296b11d942bdc1c2dbfc9f)","throwable":""}
{"timestamp":"2025-09-16T13:33:39,016","container":"e8fbc2c00ac2","level":"INFO","thread":"EthScheduler-Workers-0","class":"PersistBlockTask","message":"Imported #33 / 0 tx / 0 om / 0 (0.0%) gas / (0x49582388873c216eb6ff55a8463916b2e2f69bddb1972dc50f98dcbe50d5ee94) in 0.002s. Peers: 5","throwable":""}
{"timestamp":"2025-09-16T13:33:39,016","container":"e8fbc2c00ac2","level":"INFO","thread":"BftProcessorExecutor-QBFT-0","class":"QbftBesuControllerBuilder","message":"Imported #33 / 0 tx / 0 pending / 0 (0.0%) gas / (0x49582388873c216eb6ff55a8463916b2e2f69bddb1972dc50f98dcbe50d5ee94)","throwable":""}
{"timestamp":"2025-09-16T13:33:47,013","container":"e8fbc2c00ac2","level":"INFO","thread":"BftProcessorExecutor-QBFT-0","class":"QbftBesuControllerBuilder","message":"Imported #34 / 0 tx / 0 pending / 0 (0.0%) gas / (0x50f28ceaa78dc36bf6f32accbfac388bd60accb53df81e3a2dc92d4f9b7584c8)","throwable":""}
{"timestamp":"2025-09-16T13:33:55,011","container":"e8fbc2c00ac2","level":"INFO","thread":"BftProcessorExecutor-QBFT-0","class":"QbftBesuControllerBuilder","message":"Imported #35 / 0 tx / 0 pending / 0 (0.0%) gas / (0x5c52fa2a05badc55092da7d9e2cb4940bf2d36aaaaf345304ffd0a87d367854d)","throwable":""}
{"timestamp":"2025-09-16T13:34:03,061","container":"e8fbc2c00ac2","level":"INFO","thread":"BftProcessorExecutor-QBFT-0","class":"QbftBesuControllerBuilder","message":"Produced #36 / 1 tx / 0 pending / 1,785,364 (0.0%) gas / (0xde3d57789a9ef126788eeb1578af5635158717ff90637035235dad51d2cb874f)","throwable":""}
{"timestamp":"2025-09-16T13:34:11,011","container":"e8fbc2c00ac2","level":"INFO","thread":"BftProcessorExecutor-QBFT-0","class":"QbftBesuControllerBuilder","message":"Imported #37 / 0 tx / 0 pending / 0 (0.0%) gas / (0x7aedcc3a70d6a821c7e961773efc158de5399292b7432d0dd53dc67ceac0ce2e)","throwable":""}
{"timestamp":"2025-09-16T13:34:19,012","container":"e8fbc2c00ac2","level":"INFO","thread":"BftProcessorExecutor-QBFT-0","class":"QbftBesuControllerBuilder","message":"Imported #38 / 0 tx / 0 pending / 0 (0.0%) gas / (0xc6a5a76a222ed021668b071b45044397ee1aa89509b93bf12413335ba7b574cc)","throwable":""}
{"timestamp":"2025-09-16T13:34:27,017","container":"e8fbc2c00ac2","level":"INFO","thread":"EthScheduler-Workers-0","class":"PersistBlockTask","message":"Block 39 (0x65fe4627e7cbaa7cb69cb65cb229d058c528d206270bf7d77500cad0a7c479e3) is already imported","throwable":""}
{"timestamp":"2025-09-16T13:34:27,018","container":"e8fbc2c00ac2","level":"INFO","thread":"BftProcessorExecutor-QBFT-0","class":"QbftBesuControllerBuilder","message":"Imported #39 / 0 tx / 0 pending / 0 (0.0%) gas / (0x65fe4627e7cbaa7cb69cb65cb229d058c528d206270bf7d77500cad0a7c479e3)","throwable":""}
{"timestamp":"2025-09-16T13:34:35,013","container":"e8fbc2c00ac2","level":"INFO","thread":"BftProcessorExecutor-QBFT-0","class":"QbftBesuControllerBuilder","message":"Produced #40 / 0 tx / 0 pending / 0 (0.0%) gas / (0x6ed8ddf7ab4288f0d9b6e522f2a94c2240a5bb034791dfbb177cd1581dd4a32a)","throwable":""}
{"timestamp":"2025-09-16T13:34:43,011","container":"e8fbc2c00ac2","level":"INFO","thread":"BftProcessorExecutor-QBFT-0","class":"QbftBesuControllerBuilder","message":"Imported #41 / 0 tx / 0 pending / 0 (0.0%) gas / (0x663627a2fdb9883bf6c399538dd33201369d029915dc08dc9eb4a4d50bddd269)","throwable":""}
{"timestamp":"2025-09-16T13:34:51,014","container":"e8fbc2c00ac2","level":"INFO","thread":"BftProcessorExecutor-QBFT-0","class":"QbftBesuControllerBuilder","message":"Imported #42 / 0 tx / 0 pending / 0 (0.0%) gas / (0x27bdc5a5d37d48bfd15ad24386213d1739b17d22285fd1f9a5f4dba6a4c92102)","throwable":""}
{"timestamp":"2025-09-16T13:34:59,017","container":"e8fbc2c00ac2","level":"INFO","thread":"EthScheduler-Workers-0","class":"PersistBlockTask","message":"Block 43 (0x868f6c029a3f64038c8e4c68edbf1610e9bec4784015471090627b398943c922) is already imported","throwable":""}
{"timestamp":"2025-09-16T13:34:59,018","container":"e8fbc2c00ac2","level":"INFO","thread":"BftProcessorExecutor-QBFT-0","class":"QbftBesuControllerBuilder","message":"Imported #43 / 0 tx / 0 pending / 0 (0.0%) gas / (0x868f6c029a3f64038c8e4c68edbf1610e9bec4784015471090627b398943c922)","throwable":""}
{"timestamp":"2025-09-16T13:35:07,014","container":"e8fbc2c00ac2","level":"INFO","thread":"BftProcessorExecutor-QBFT-0","class":"QbftBesuControllerBuilder","message":"Produced #44 / 0 tx / 0 pending / 0 (0.0%) gas / (0x3d9e75424b209c8052afa0d661babe195995764502a69157776b993894627136)","throwable":""}
{"timestamp":"2025-09-16T13:35:15,012","container":"e8fbc2c00ac2","level":"INFO","thread":"BftProcessorExecutor-QBFT-0","class":"QbftBesuControllerBuilder","message":"Imported #45 / 0 tx / 0 pending / 0 (0.0%) gas / (0x3a4308533637468b6e01244d530b5d88f817f91e4acca270e96b3a399335fed8)","throwable":""}
{"timestamp":"2025-09-16T13:35:23,012","container":"e8fbc2c00ac2","level":"INFO","thread":"BftProcessorExecutor-QBFT-0","class":"QbftBesuControllerBuilder","message":"Imported #46 / 0 tx / 0 pending / 0 (0.0%) gas / (0xfc1cce1726d0e015fc972c0ac50fa33473d0059f94e511b5bfeaf11ad7c99bc9)","throwable":""}
{"timestamp":"2025-09-16T13:35:31,014","container":"e8fbc2c00ac2","level":"INFO","thread":"BftProcessorExecutor-QBFT-0","class":"QbftBesuControllerBuilder","message":"Imported #47 / 0 tx / 0 pending / 0 (0.0%) gas / (0x8e0bd2bef2093341f6c293dfbef1a9f266ba1cf7b17470f0588bc5c871616873)","throwable":""}
{"timestamp":"2025-09-16T13:35:39,011","container":"e8fbc2c00ac2","level":"INFO","thread":"BftProcessorExecutor-QBFT-0","class":"QbftBesuControllerBuilder","message":"Produced #48 / 0 tx / 0 pending / 0 (0.0%) gas / (0x688ce3fe9b0169ba130edd44f69db973b7ab87d45441ce4103d19bbc93ba13c1)","throwable":""}
{"timestamp":"2025-09-16T13:35:47,021","container":"e8fbc2c00ac2","level":"INFO","thread":"EthScheduler-Workers-0","class":"PersistBlockTask","message":"Imported #49 / 0 tx / 0 om / 0 (0.0%) gas / (0x585e5fe85ff04cead2424f2cb849ee155e2ed811ea8c3e843893a2efa7c21c47) in 0.002s. Peers: 5","throwable":""}
{"timestamp":"2025-09-16T13:35:55,010","container":"e8fbc2c00ac2","level":"INFO","thread":"BftProcessorExecutor-QBFT-0","class":"QbftBesuControllerBuilder","message":"Imported #50 / 0 tx / 0 pending / 0 (0.0%) gas / (0x22461a4005a234f64555f614e43e9ada9f549137f14b0720ebfa952a6302b39e)","throwable":""}
{"timestamp":"2025-09-16T13:36:03,014","container":"e8fbc2c00ac2","level":"INFO","thread":"EthScheduler-Workers-0","class":"PersistBlockTask","message":"Imported #51 / 0 tx / 0 om / 0 (0.0%) gas / (0x7116a9d6bc8b2227851b8781e134c8f0b9d5572f56b8c01c975c3781d541e6e1) in 0.002s. Peers: 5","throwable":""}
{"timestamp":"2025-09-16T13:36:03,014","container":"e8fbc2c00ac2","level":"INFO","thread":"BftProcessorExecutor-QBFT-0","class":"QbftBesuControllerBuilder","message":"Imported #51 / 0 tx / 0 pending / 0 (0.0%) gas / (0x7116a9d6bc8b2227851b8781e134c8f0b9d5572f56b8c01c975c3781d541e6e1)","throwable":""}
{"timestamp":"2025-09-16T13:36:11,015","container":"e8fbc2c00ac2","level":"INFO","thread":"BftProcessorExecutor-QBFT-0","class":"QbftBesuControllerBuilder","message":"Produced #52 / 0 tx / 0 pending / 0 (0.0%) gas / (0xa5c614c6ef7d3f0696806b8c6e6decc68a34d33aeb431efb2795e9d08a6b49d4)","throwable":""}
{"timestamp":"2025-09-16T13:36:19,018","container":"e8fbc2c00ac2","level":"INFO","thread":"EthScheduler-Workers-0","class":"PersistBlockTask","message":"Block 53 (0x410c847862b15bfa8d072f9dc532d805d05784b6322577ec8987e6fdf43e092e) is already imported","throwable":""}
{"timestamp":"2025-09-16T13:36:19,021","container":"e8fbc2c00ac2","level":"INFO","thread":"BftProcessorExecutor-QBFT-0","class":"QbftBesuControllerBuilder","message":"Imported #53 / 0 tx / 0 pending / 0 (0.0%) gas / (0x410c847862b15bfa8d072f9dc532d805d05784b6322577ec8987e6fdf43e092e)","throwable":""}
{"timestamp":"2025-09-16T13:36:27,013","container":"e8fbc2c00ac2","level":"INFO","thread":"BftProcessorExecutor-QBFT-0","class":"QbftBesuControllerBuilder","message":"Imported #54 / 0 tx / 0 pending / 0 (0.0%) gas / (0xcff6323153c7c1f403e565266398f7d5c2b07edf3cda65b9a77da685febaf44d)","throwable":""}
{"timestamp":"2025-09-16T13:36:35,013","container":"e8fbc2c00ac2","level":"INFO","thread":"BftProcessorExecutor-QBFT-0","class":"QbftBesuControllerBuilder","message":"Imported #55 / 0 tx / 0 pending / 0 (0.0%) gas / (0x59a016500e6dbea642f0b0472267392d0602650c076b703e62ed93c037052882)","throwable":""}
{"timestamp":"2025-09-16T13:36:43,016","container":"e8fbc2c00ac2","level":"INFO","thread":"BftProcessorExecutor-QBFT-0","class":"QbftBesuControllerBuilder","message":"Produced #56 / 0 tx / 0 pending / 0 (0.0%) gas / (0x25b97ef801670113c29d8e0170a414b2368d61cf7b13a9e9ea4a807239c1c32e)","throwable":""}
{"timestamp":"2025-09-16T13:36:51,011","container":"e8fbc2c00ac2","level":"INFO","thread":"BftProcessorExecutor-QBFT-0","class":"QbftBesuControllerBuilder","message":"Imported #57 / 0 tx / 0 pending / 0 (0.0%) gas / (0x117b2462430eda069ffbf4ca46551970ba995b3ccbf9cef7a267ea06081134a1)","throwable":""}
{"timestamp":"2025-09-16T13:36:59,014","container":"e8fbc2c00ac2","level":"INFO","thread":"EthScheduler-Workers-0","class":"PersistBlockTask","message":"Block 58 (0x224f6b86fbbb6ff6a9b887868970dad52db0029e54494c075b68ab3a9278a658) is already imported","throwable":""}
{"timestamp":"2025-09-16T13:36:59,015","container":"e8fbc2c00ac2","level":"INFO","thread":"BftProcessorExecutor-QBFT-0","class":"QbftBesuControllerBuilder","message":"Imported #58 / 0 tx / 0 pending / 0 (0.0%) gas / (0x224f6b86fbbb6ff6a9b887868970dad52db0029e54494c075b68ab3a9278a658)","throwable":""}
{"timestamp":"2025-09-16T13:37:07,010","container":"e8fbc2c00ac2","level":"INFO","thread":"BftProcessorExecutor-QBFT-0","class":"QbftBesuControllerBuilder","message":"Imported #59 / 0 tx / 0 pending / 0 (0.0%) gas / (0xe9ed7d59e7b801f3a9ab371524779f4745f387d604797c5d0803bdfbb3077e4a)","throwable":""}
{"timestamp":"2025-09-16T13:37:15,009","container":"e8fbc2c00ac2","level":"INFO","thread":"BftProcessorExecutor-QBFT-0","class":"QbftBesuControllerBuilder","message":"Produced #60 / 0 tx / 0 pending / 0 (0.0%) gas / (0x639c330a45db62d865aac9ddb53559443d188bd38f93ccb3ca81bf088b9f8cb4)","throwable":""}
{"timestamp":"2025-09-16T13:37:23,012","container":"e8fbc2c00ac2","level":"INFO","thread":"EthScheduler-Workers-0","class":"PersistBlockTask","message":"Block 61 (0x6ed442abfdd9e0bec1619e2127b4dc66da8895d58e8fb95d8a4956d8ccc66d71) is already imported","throwable":""}
{"timestamp":"2025-09-16T13:37:23,013","container":"e8fbc2c00ac2","level":"INFO","thread":"BftProcessorExecutor-QBFT-0","class":"QbftBesuControllerBuilder","message":"Imported #61 / 0 tx / 0 pending / 0 (0.0%) gas / (0x6ed442abfdd9e0bec1619e2127b4dc66da8895d58e8fb95d8a4956d8ccc66d71)","throwable":""}
{"timestamp":"2025-09-16T13:37:31,012","container":"e8fbc2c00ac2","level":"INFO","thread":"BftProcessorExecutor-QBFT-0","class":"QbftBesuControllerBuilder","message":"Imported #62 / 0 tx / 0 pending / 0 (0.0%) gas / (0x549b53515b1be86c29f85cd884289d7dbaf718f2a85869f3098baa1a26946cb9)","throwable":""}
{"timestamp":"2025-09-16T13:37:39,012","container":"e8fbc2c00ac2","level":"INFO","thread":"BftProcessorExecutor-QBFT-0","class":"QbftBesuControllerBuilder","message":"Imported #63 / 0 tx / 0 pending / 0 (0.0%) gas / (0x665a8aaac37ca8172f7b442eea5bd479896892dee280312082a526bf92ed604b)","throwable":""}
{"timestamp":"2025-09-16T13:37:47,012","container":"e8fbc2c00ac2","level":"INFO","thread":"BftProcessorExecutor-QBFT-0","class":"QbftBesuControllerBuilder","message":"Produced #64 / 0 tx / 0 pending / 0 (0.0%) gas / (0x5ca5f828c8a2b8e1dbc82d9acada218afa5fb48c327d91a1229ab2e85ceeacbf)","throwable":""}
{"timestamp":"2025-09-16T13:37:55,014","container":"e8fbc2c00ac2","level":"INFO","thread":"BftProcessorExecutor-QBFT-0","class":"QbftBesuControllerBuilder","message":"Imported #65 / 0 tx / 0 pending / 0 (0.0%) gas / (0x4c7a365b0bb901396bc40ff9285eb2b94164d08c766aa5fe690c7001eb0eeea1)","throwable":""}
{"timestamp":"2025-09-16T13:38:03,011","container":"e8fbc2c00ac2","level":"INFO","thread":"BftProcessorExecutor-QBFT-0","class":"QbftBesuControllerBuilder","message":"Imported #66 / 0 tx / 0 pending / 0 (0.0%) gas / (0xa5601318b0c61c24ec8d118d3c10068be5854afdfaee72b5b4c7cd2ba4b98b32)","throwable":""}
{"timestamp":"2025-09-16T13:38:11,014","container":"e8fbc2c00ac2","level":"INFO","thread":"BftProcessorExecutor-QBFT-0","class":"QbftBesuControllerBuilder","message":"Imported #67 / 0 tx / 0 pending / 0 (0.0%) gas / (0x47b2d72170a85c0ad204e281882e93e97b00a2acaddd17c7c871f5d91914320b)","throwable":""}
{"timestamp":"2025-09-16T13:38:19,011","container":"e8fbc2c00ac2","level":"INFO","thread":"BftProcessorExecutor-QBFT-0","class":"QbftBesuControllerBuilder","message":"Produced #68 / 0 tx / 0 pending / 0 (0.0%) gas / (0x11b6c466b1af483e1c87b3257f7ff2461f6812c44cac3c2ed2e3eec5881fa75f)","throwable":""}
{"timestamp":"2025-09-16T13:38:27,012","container":"e8fbc2c00ac2","level":"INFO","thread":"EthScheduler-Workers-0","class":"PersistBlockTask","message":"Imported #69 / 0 tx / 0 om / 0 (0.0%) gas / (0x3f869304e2ec5d62c479a9c27a50785bf902efaab417575e3068f693ee812d90) in 0.001s. Peers: 5","throwable":""}
{"timestamp":"2025-09-16T13:38:35,015","container":"e8fbc2c00ac2","level":"INFO","thread":"BftProcessorExecutor-QBFT-0","class":"QbftBesuControllerBuilder","message":"Imported #70 / 0 tx / 0 pending / 0 (0.0%) gas / (0xa9f464cfc0dc5dd4b582b638968c7937c0a5f075c8be083a36efcf442a861f35)","throwable":""}
{"timestamp":"2025-09-16T13:38:43,013","container":"e8fbc2c00ac2","level":"INFO","thread":"EthScheduler-Workers-0","class":"PersistBlockTask","message":"Block 71 (0x7bb406af9af25d6592a2242cee33df6b607715a14b625c1cae7761bfd9373196) is already imported","throwable":""}
{"timestamp":"2025-09-16T13:38:43,013","container":"e8fbc2c00ac2","level":"INFO","thread":"BftProcessorExecutor-QBFT-0","class":"QbftBesuControllerBuilder","message":"Imported #71 / 0 tx / 0 pending / 0 (0.0%) gas / (0x7bb406af9af25d6592a2242cee33df6b607715a14b625c1cae7761bfd9373196)","throwable":""}
{"timestamp":"2025-09-16T13:38:51,008","container":"e8fbc2c00ac2","level":"INFO","thread":"BftProcessorExecutor-QBFT-0","class":"QbftBesuControllerBuilder","message":"Produced #72 / 0 tx / 0 pending / 0 (0.0%) gas / (0xc233122e50b282f64518bc185ca4fe264f0b6c0374abcf8f2dcc3a65a79390bc)","throwable":""}
{"timestamp":"2025-09-16T13:38:59,016","container":"e8fbc2c00ac2","level":"INFO","thread":"EthScheduler-Workers-0","class":"PersistBlockTask","message":"Block 73 (0x4bf82a1bf4341164c550f947b774f35410855b154ba597bbb2d79226de26d3a0) is already imported","throwable":""}
{"timestamp":"2025-09-16T13:38:59,018","container":"e8fbc2c00ac2","level":"INFO","thread":"BftProcessorExecutor-QBFT-0","class":"QbftBesuControllerBuilder","message":"Imported #73 / 0 tx / 0 pending / 0 (0.0%) gas / (0x4bf82a1bf4341164c550f947b774f35410855b154ba597bbb2d79226de26d3a0)","throwable":""}
{"timestamp":"2025-09-16T13:39:07,015","container":"e8fbc2c00ac2","level":"INFO","thread":"EthScheduler-Workers-0","class":"PersistBlockTask","message":"Block 74 (0xef2bd49ef0029f3f02dd946d655c4036c76b166a9f301a80082b17b2a158775e) is already imported","throwable":""}
{"timestamp":"2025-09-16T13:39:07,016","container":"e8fbc2c00ac2","level":"INFO","thread":"BftProcessorExecutor-QBFT-0","class":"QbftBesuControllerBuilder","message":"Imported #74 / 0 tx / 0 pending / 0 (0.0%) gas / (0xef2bd49ef0029f3f02dd946d655c4036c76b166a9f301a80082b17b2a158775e)","throwable":""}
{"timestamp":"2025-09-16T13:39:15,011","container":"e8fbc2c00ac2","level":"INFO","thread":"EthScheduler-Workers-0","class":"PersistBlockTask","message":"Block 75 (0x21e771ee89516b05ac2a08c9a8503da993a718b55446ca3af0a08c4d8c44c7de) is already imported","throwable":""}
{"timestamp":"2025-09-16T13:39:15,013","container":"e8fbc2c00ac2","level":"INFO","thread":"BftProcessorExecutor-QBFT-0","class":"QbftBesuControllerBuilder","message":"Imported #75 / 0 tx / 0 pending / 0 (0.0%) gas / (0x21e771ee89516b05ac2a08c9a8503da993a718b55446ca3af0a08c4d8c44c7de)","throwable":""}
{"timestamp":"2025-09-16T13:39:23,010","container":"e8fbc2c00ac2","level":"INFO","thread":"BftProcessorExecutor-QBFT-0","class":"QbftBesuControllerBuilder","message":"Produced #76 / 0 tx / 0 pending / 0 (0.0%) gas / (0xac4ec45c014d506034f8d3fa4e22830a93cd7ade5d2c4907ce52ccf9bfb262ee)","throwable":""}
{"timestamp":"2025-09-16T13:39:31,009","container":"e8fbc2c00ac2","level":"INFO","thread":"BftProcessorExecutor-QBFT-0","class":"QbftBesuControllerBuilder","message":"Imported #77 / 0 tx / 0 pending / 0 (0.0%) gas / (0xf89a6c6310e3fc2c6e64dc5aef02cb602f6c1815becc349e7e0fab938c64bf64)","throwable":""}
{"timestamp":"2025-09-16T13:39:39,013","container":"e8fbc2c00ac2","level":"INFO","thread":"BftProcessorExecutor-QBFT-0","class":"QbftBesuControllerBuilder","message":"Imported #78 / 0 tx / 0 pending / 0 (0.0%) gas / (0x24bd8cdc7bf6033d20d6db2ac33a9237376c63312fa2acd22fd7ac15e5f39353)","throwable":""}
{"timestamp":"2025-09-16T13:39:47,010","container":"e8fbc2c00ac2","level":"INFO","thread":"BftProcessorExecutor-QBFT-0","class":"QbftBesuControllerBuilder","message":"Imported #79 / 0 tx / 0 pending / 0 (0.0%) gas / (0x0db1c831d27d7967f374fe2607382874be6994c4259b04f46d4d8d821df826bc)","throwable":""}
{"timestamp":"2025-09-16T13:39:55,009","container":"e8fbc2c00ac2","level":"INFO","thread":"BftProcessorExecutor-QBFT-0","class":"QbftBesuControllerBuilder","message":"Produced #80 / 0 tx / 0 pending / 0 (0.0%) gas / (0x125433ad0d0b640d06fb4f9721c8a926a3ca381b51336efbcd5b31cd87db16e2)","throwable":""}
{"timestamp":"2025-09-16T13:40:03,010","container":"e8fbc2c00ac2","level":"INFO","thread":"BftProcessorExecutor-QBFT-0","class":"QbftBesuControllerBuilder","message":"Imported #81 / 0 tx / 0 pending / 0 (0.0%) gas / (0x73bd201695fab655b41a937fdd484fd45b03d9befecc924271de95e5d87f6f2c)","throwable":""}
{"timestamp":"2025-09-16T13:40:11,016","container":"e8fbc2c00ac2","level":"INFO","thread":"EthScheduler-Workers-0","class":"PersistBlockTask","message":"Block 82 (0x99891514273e5e8fda8798de5a44dd4959c7f977c60540aff84093d8a350c46e) is already imported","throwable":""}
{"timestamp":"2025-09-16T13:40:11,016","container":"e8fbc2c00ac2","level":"INFO","thread":"BftProcessorExecutor-QBFT-0","class":"QbftBesuControllerBuilder","message":"Imported #82 / 0 tx / 0 pending / 0 (0.0%) gas / (0x99891514273e5e8fda8798de5a44dd4959c7f977c60540aff84093d8a350c46e)","throwable":""}
{"timestamp":"2025-09-16T13:40:19,009","container":"e8fbc2c00ac2","level":"INFO","thread":"EthScheduler-Workers-0","class":"PersistBlockTask","message":"Block 83 (0x80f1aadc1e641fb0bb90ba6f24415b510a00dfdd1f5b3bbd3ecb40b522a50599) is already imported","throwable":""}
{"timestamp":"2025-09-16T13:40:19,009","container":"e8fbc2c00ac2","level":"INFO","thread":"BftProcessorExecutor-QBFT-0","class":"QbftBesuControllerBuilder","message":"Imported #83 / 0 tx / 0 pending / 0 (0.0%) gas / (0x80f1aadc1e641fb0bb90ba6f24415b510a00dfdd1f5b3bbd3ecb40b522a50599)","throwable":""}
{"timestamp":"2025-09-16T13:40:27,012","container":"e8fbc2c00ac2","level":"INFO","thread":"BftProcessorExecutor-QBFT-0","class":"QbftBesuControllerBuilder","message":"Produced #84 / 0 tx / 0 pending / 0 (0.0%) gas / (0x5778086e9fa89ada3286dd5abff9aedf95e6ba73842d48ee48dd700cb0cbf514)","throwable":""}
{"timestamp":"2025-09-16T13:40:27,013","container":"e8fbc2c00ac2","level":"INFO","thread":"EthScheduler-Workers-0","class":"PersistBlockTask","message":"Block 84 (0x5778086e9fa89ada3286dd5abff9aedf95e6ba73842d48ee48dd700cb0cbf514) is already imported","throwable":""}
{"timestamp":"2025-09-16T13:40:35,009","container":"e8fbc2c00ac2","level":"INFO","thread":"BftProcessorExecutor-QBFT-0","class":"QbftBesuControllerBuilder","message":"Imported #85 / 0 tx / 0 pending / 0 (0.0%) gas / (0x943ec0028511953c9354d9081afd92b2c4753d7fe91148305eac7f7804a283aa)","throwable":""}
{"timestamp":"2025-09-16T13:40:43,022","container":"e8fbc2c00ac2","level":"INFO","thread":"EthScheduler-Workers-0","class":"PersistBlockTask","message":"Imported #86 / 0 tx / 0 om / 0 (0.0%) gas / (0x99614d5cd40c91908bae39a3b682b323790a86152afc4487a609e7458f26e4ba) in 0.001s. Peers: 5","throwable":""}
{"timestamp":"2025-09-16T13:40:51,011","container":"e8fbc2c00ac2","level":"INFO","thread":"BftProcessorExecutor-QBFT-0","class":"QbftBesuControllerBuilder","message":"Imported #87 / 0 tx / 0 pending / 0 (0.0%) gas / (0xa6718d0ba22e02ffaccf907dbc19e4f0c21bccfa626f2b718a404cc44901ddb3)","throwable":""}
{"timestamp":"2025-09-16T13:40:59,009","container":"e8fbc2c00ac2","level":"INFO","thread":"BftProcessorExecutor-QBFT-0","class":"QbftBesuControllerBuilder","message":"Produced #88 / 0 tx / 0 pending / 0 (0.0%) gas / (0x9874969a6856c7710fe5194e74210d6452b071c406ac4809b8fe568a2bd4f126)","throwable":""}
{"timestamp":"2025-09-16T13:41:07,012","container":"e8fbc2c00ac2","level":"INFO","thread":"BftProcessorExecutor-QBFT-0","class":"QbftBesuControllerBuilder","message":"Imported #89 / 0 tx / 0 pending / 0 (0.0%) gas / (0x416f3cfd6237ce817addc22134a21f44f1acd30d6c05852594649e9d7f04aed7)","throwable":""}
{"timestamp":"2025-09-16T13:41:15,007","container":"e8fbc2c00ac2","level":"INFO","thread":"BftProcessorExecutor-QBFT-0","class":"QbftBesuControllerBuilder","message":"Imported #90 / 0 tx / 0 pending / 0 (0.0%) gas / (0x5cfd005b7f8846916ffee318db7182b4d1042eb7140fea05df9ec72c8eb372fa)","throwable":""}
{"timestamp":"2025-09-16T13:41:23,011","container":"e8fbc2c00ac2","level":"INFO","thread":"BftProcessorExecutor-QBFT-0","class":"QbftBesuControllerBuilder","message":"Imported #91 / 0 tx / 0 pending / 0 (0.0%) gas / (0x93def202d2b03884ef7c0e49272adc05d744b244259918cd1bc3d661bec54f40)","throwable":""}
{"timestamp":"2025-09-16T13:41:31,009","container":"e8fbc2c00ac2","level":"INFO","thread":"BftProcessorExecutor-QBFT-0","class":"QbftBesuControllerBuilder","message":"Produced #92 / 0 tx / 0 pending / 0 (0.0%) gas / (0xbd5bc9608c587abba20b6e2e424e12c35bd11686a8c2db42ba9b5ba7bfa8ef28)","throwable":""}
{"timestamp":"2025-09-16T13:41:39,008","container":"e8fbc2c00ac2","level":"INFO","thread":"BftProcessorExecutor-QBFT-0","class":"QbftBesuControllerBuilder","message":"Imported #93 / 0 tx / 0 pending / 0 (0.0%) gas / (0xb93b917f0dd52335dc0e60dc55874596953c09e2318151e5eb0d44b4431c8ac0)","throwable":""}
{"timestamp":"2025-09-16T13:41:47,009","container":"e8fbc2c00ac2","level":"INFO","thread":"BftProcessorExecutor-QBFT-0","class":"QbftBesuControllerBuilder","message":"Imported #94 / 0 tx / 0 pending / 0 (0.0%) gas / (0x9036990fa14f1be87c1d3a2e6140e4fe5ecabc377f54ff306982665c82b1a377)","throwable":""}
{"timestamp":"2025-09-16T13:41:55,011","container":"e8fbc2c00ac2","level":"INFO","thread":"EthScheduler-Workers-0","class":"PersistBlockTask","message":"Block 95 (0x21a5d0dacd1f290a4c6a21735c26585c0c2f22a2decb58587123b989ec2e2901) is already imported","throwable":""}
{"timestamp":"2025-09-16T13:41:55,012","container":"e8fbc2c00ac2","level":"INFO","thread":"BftProcessorExecutor-QBFT-0","class":"QbftBesuControllerBuilder","message":"Imported #95 / 0 tx / 0 pending / 0 (0.0%) gas / (0x21a5d0dacd1f290a4c6a21735c26585c0c2f22a2decb58587123b989ec2e2901)","throwable":""}
{"timestamp":"2025-09-16T13:42:03,009","container":"e8fbc2c00ac2","level":"INFO","thread":"BftProcessorExecutor-QBFT-0","class":"QbftBesuControllerBuilder","message":"Produced #96 / 0 tx / 0 pending / 0 (0.0%) gas / (0x57dee14189a684939fab275caeaaf04d5ca255e1a6e7f8ce7edc32976c758011)","throwable":""}
{"timestamp":"2025-09-16T13:42:11,011","container":"e8fbc2c00ac2","level":"INFO","thread":"EthScheduler-Workers-0","class":"PersistBlockTask","message":"Block 97 (0x2f83e72e48abe8bb13a3d64d6b30ddd28c78f7a5b267ea351831201cfd8cec7c) is already imported","throwable":""}
{"timestamp":"2025-09-16T13:42:11,011","container":"e8fbc2c00ac2","level":"INFO","thread":"BftProcessorExecutor-QBFT-0","class":"QbftBesuControllerBuilder","message":"Imported #97 / 0 tx / 0 pending / 0 (0.0%) gas / (0x2f83e72e48abe8bb13a3d64d6b30ddd28c78f7a5b267ea351831201cfd8cec7c)","throwable":""}
{"timestamp":"2025-09-16T13:42:19,008","container":"e8fbc2c00ac2","level":"INFO","thread":"BftProcessorExecutor-QBFT-0","class":"QbftBesuControllerBuilder","message":"Imported #98 / 0 tx / 0 pending / 0 (0.0%) gas / (0xc36516eb7f26e44604fd1c6200e3133c35d5470f579b3ab73420f62c98e0ca8b)","throwable":""}
{"timestamp":"2025-09-16T13:42:27,007","container":"e8fbc2c00ac2","level":"INFO","thread":"BftProcessorExecutor-QBFT-0","class":"QbftBesuControllerBuilder","message":"Imported #99 / 0 tx / 0 pending / 0 (0.0%) gas / (0x9793f4d9f55ebfc96bab2bcdd2d3862d25dd30858417590279f3e9bdc356cdf8)","throwable":""}
{"timestamp":"2025-09-16T13:42:35,008","container":"e8fbc2c00ac2","level":"INFO","thread":"BftProcessorExecutor-QBFT-0","class":"QbftBesuControllerBuilder","message":"Produced #100 / 0 tx / 0 pending / 0 (0.0%) gas / (0x013231f5954e025048943aaed16e40544e8322da93330bcc93cc96f3c82cbffd)","throwable":""}
{"timestamp":"2025-09-16T13:42:43,008","container":"e8fbc2c00ac2","level":"INFO","thread":"BftProcessorExecutor-QBFT-0","class":"QbftBesuControllerBuilder","message":"Imported #101 / 0 tx / 0 pending / 0 (0.0%) gas / (0xb1986ef228caaaf186946fc5322f05849537cb94240ddd4556851ec8772868ab)","throwable":""}
{"timestamp":"2025-09-16T13:42:51,009","container":"e8fbc2c00ac2","level":"INFO","thread":"BftProcessorExecutor-QBFT-0","class":"QbftBesuControllerBuilder","message":"Imported #102 / 0 tx / 0 pending / 0 (0.0%) gas / (0x9454202e39880fe5663bcf583fdba7ba0f9fe777ffd698d84b7d37d8dc8f8658)","throwable":""}
{"timestamp":"2025-09-16T13:42:59,008","container":"e8fbc2c00ac2","level":"INFO","thread":"BftProcessorExecutor-QBFT-0","class":"QbftBesuControllerBuilder","message":"Imported #103 / 0 tx / 0 pending / 0 (0.0%) gas / (0xfdd3212d56dc31c2c3001e0ff5c30446e271ec812d553611f31e3c4b6eea1602)","throwable":""}
{"timestamp":"2025-09-16T13:43:07,010","container":"e8fbc2c00ac2","level":"INFO","thread":"BftProcessorExecutor-QBFT-0","class":"QbftBesuControllerBuilder","message":"Produced #104 / 0 tx / 0 pending / 0 (0.0%) gas / (0x168cd6bcb72f58d1a571aee4c3e478fe9db8040b44de0d3687ab4e9a31cd0cf4)","throwable":""}
{"timestamp":"2025-09-16T13:43:15,011","container":"e8fbc2c00ac2","level":"INFO","thread":"EthScheduler-Workers-0","class":"PersistBlockTask","message":"Block 105 (0x31ed301069a32f970b263d26a762369fd14623da8ef956a3f531680ee6bd59f4) is already imported","throwable":""}
{"timestamp":"2025-09-16T13:43:15,012","container":"e8fbc2c00ac2","level":"INFO","thread":"BftProcessorExecutor-QBFT-0","class":"QbftBesuControllerBuilder","message":"Imported #105 / 0 tx / 0 pending / 0 (0.0%) gas / (0x31ed301069a32f970b263d26a762369fd14623da8ef956a3f531680ee6bd59f4)","throwable":""}
{"timestamp":"2025-09-16T13:43:23,014","container":"e8fbc2c00ac2","level":"INFO","thread":"BftProcessorExecutor-QBFT-0","class":"QbftBesuControllerBuilder","message":"Imported #106 / 0 tx / 0 pending / 0 (0.0%) gas / (0xb574a41207389f4cd4620d19b2a2c50068138d5f6a29a2b79dfcc3e4988c16b5)","throwable":""}
{"timestamp":"2025-09-16T13:43:31,012","container":"e8fbc2c00ac2","level":"INFO","thread":"BftProcessorExecutor-QBFT-0","class":"QbftBesuControllerBuilder","message":"Imported #107 / 0 tx / 0 pending / 0 (0.0%) gas / (0xc0e1bdf4d8de59ad1884d51b8686b2956eefa097c3ab1a63d8dc1ea8e7992372)","throwable":""}
{"timestamp":"2025-09-16T13:43:39,011","container":"e8fbc2c00ac2","level":"INFO","thread":"EthScheduler-Workers-0","class":"PersistBlockTask","message":"Block 108 (0xddb7fa962510ed28dade0b52cc998c42fa61ec47afbebba6663d76efcef9345b) is already imported","throwable":""}
{"timestamp":"2025-09-16T13:43:39,011","container":"e8fbc2c00ac2","level":"INFO","thread":"BftProcessorExecutor-QBFT-0","class":"QbftBesuControllerBuilder","message":"Produced #108 / 0 tx / 0 pending / 0 (0.0%) gas / (0xddb7fa962510ed28dade0b52cc998c42fa61ec47afbebba6663d76efcef9345b)","throwable":""}
{"timestamp":"2025-09-16T13:43:47,023","container":"e8fbc2c00ac2","level":"INFO","thread":"BftProcessorExecutor-QBFT-0","class":"QbftBesuControllerBuilder","message":"Imported #109 / 1 tx / 0 pending / 21,055 (0.0%) gas / (0xf11ccefd5891af5682f88bd292964ee282cbea4bc0015f7909f360cc2a813309)","throwable":""}
{"timestamp":"2025-09-16T13:43:55,024","container":"e8fbc2c00ac2","level":"INFO","thread":"EthScheduler-Workers-0","class":"PersistBlockTask","message":"Block 110 (0xf331673755444d09b6ad8d6053be4304e6376f702a4a562296c86254a5f4ee96) is already imported","throwable":""}
{"timestamp":"2025-09-16T13:43:55,024","container":"e8fbc2c00ac2","level":"INFO","thread":"BftProcessorExecutor-QBFT-0","class":"QbftBesuControllerBuilder","message":"Imported #110 / 1 tx / 0 pending / 212,179 (0.0%) gas / (0xf331673755444d09b6ad8d6053be4304e6376f702a4a562296c86254a5f4ee96)","throwable":""}
{"timestamp":"2025-09-16T13:44:03,023","container":"e8fbc2c00ac2","level":"INFO","thread":"BftProcessorExecutor-QBFT-0","class":"QbftBesuControllerBuilder","message":"Imported #111 / 1 tx / 0 pending / 59,675 (0.0%) gas / (0xe7335e56c405dea702b5edacb91ea0200c86f38b009d8a54cbe5db47e5abd4cd)","throwable":""}
{"timestamp":"2025-09-16T13:44:11,011","container":"e8fbc2c00ac2","level":"INFO","thread":"BftProcessorExecutor-QBFT-0","class":"QbftBesuControllerBuilder","message":"Produced #112 / 0 tx / 0 pending / 0 (0.0%) gas / (0xa9e3ef49e5734d815c48fc16bce39f7fe610c6ff62dc03474e13ce0e397435c7)","throwable":""}
{"timestamp":"2025-09-16T13:44:19,013","container":"e8fbc2c00ac2","level":"INFO","thread":"EthScheduler-Workers-0","class":"PersistBlockTask","message":"Block 113 (0xbda8fa423bd307fbd8eb1626e1cc97d4673ae1dc3ec4ed77103ac5f317336105) is already imported","throwable":""}
{"timestamp":"2025-09-16T13:44:19,013","container":"e8fbc2c00ac2","level":"INFO","thread":"BftProcessorExecutor-QBFT-0","class":"QbftBesuControllerBuilder","message":"Imported #113 / 0 tx / 0 pending / 0 (0.0%) gas / (0xbda8fa423bd307fbd8eb1626e1cc97d4673ae1dc3ec4ed77103ac5f317336105)","throwable":""}
{"timestamp":"2025-09-16T13:44:27,010","container":"e8fbc2c00ac2","level":"INFO","thread":"BftProcessorExecutor-QBFT-0","class":"QbftBesuControllerBuilder","message":"Imported #114 / 0 tx / 0 pending / 0 (0.0%) gas / (0xe0150d9ffc708cd91691eb013a7fc531d986a01794f9d28d62df1fcea747e7fe)","throwable":""}
{"timestamp":"2025-09-16T13:44:35,012","container":"e8fbc2c00ac2","level":"INFO","thread":"BftProcessorExecutor-QBFT-0","class":"QbftBesuControllerBuilder","message":"Imported #115 / 0 tx / 0 pending / 0 (0.0%) gas / (0x968421b2b38a816f3b42d13b549cfa3f5aff44b91f77ff1f72128a34c9af3398)","throwable":""}
{"timestamp":"2025-09-16T13:44:43,008","container":"e8fbc2c00ac2","level":"INFO","thread":"BftProcessorExecutor-QBFT-0","class":"QbftBesuControllerBuilder","message":"Produced #116 / 0 tx / 0 pending / 0 (0.0%) gas / (0xd2f32bf2fa910475b6a2f093e491357628518acd50a636ba3bc6d52856002620)","throwable":""}
{"timestamp":"2025-09-16T13:44:51,008","container":"e8fbc2c00ac2","level":"INFO","thread":"BftProcessorExecutor-QBFT-0","class":"QbftBesuControllerBuilder","message":"Imported #117 / 0 tx / 0 pending / 0 (0.0%) gas / (0x80c1fafea2d5cb0ffcce60966c77628a967081f32238e286f4621e6803a5f003)","throwable":""}
{"timestamp":"2025-09-16T13:44:59,008","container":"e8fbc2c00ac2","level":"INFO","thread":"BftProcessorExecutor-QBFT-0","class":"QbftBesuControllerBuilder","message":"Imported #118 / 0 tx / 0 pending / 0 (0.0%) gas / (0xa0f5c680fcc911eb9b5f165327f1497eb4811cb8aa951b53cc82b81d17a2598d)","throwable":""}
{"timestamp":"2025-09-16T13:45:07,010","container":"e8fbc2c00ac2","level":"INFO","thread":"EthScheduler-Workers-0","class":"PersistBlockTask","message":"Block 119 (0x2152564443cec8cbfe8ecaa0d4d9044d3931ef004aac2765ef239aef9e6fad8c) is already imported","throwable":""}
{"timestamp":"2025-09-16T13:45:07,011","container":"e8fbc2c00ac2","level":"INFO","thread":"BftProcessorExecutor-QBFT-0","class":"QbftBesuControllerBuilder","message":"Imported #119 / 0 tx / 0 pending / 0 (0.0%) gas / (0x2152564443cec8cbfe8ecaa0d4d9044d3931ef004aac2765ef239aef9e6fad8c)","throwable":""}
{"timestamp":"2025-09-16T13:45:15,009","container":"e8fbc2c00ac2","level":"INFO","thread":"BftProcessorExecutor-QBFT-0","class":"QbftBesuControllerBuilder","message":"Produced #120 / 0 tx / 0 pending / 0 (0.0%) gas / (0xeb1e145a7246f2d23cec858f0fae058ff3ec09f4673cc48b1cc6bf41d139b68c)","throwable":""}
{"timestamp":"2025-09-16T13:45:23,011","container":"e8fbc2c00ac2","level":"INFO","thread":"BftProcessorExecutor-QBFT-0","class":"QbftBesuControllerBuilder","message":"Imported #121 / 0 tx / 0 pending / 0 (0.0%) gas / (0xee3d13623e5486ca22c374f2ea7d9c7c4d544a758374fddec7b5dde757c10837)","throwable":""}
{"timestamp":"2025-09-16T13:45:23,010","container":"e8fbc2c00ac2","level":"INFO","thread":"EthScheduler-Workers-0","class":"PersistBlockTask","message":"Block 121 (0xee3d13623e5486ca22c374f2ea7d9c7c4d544a758374fddec7b5dde757c10837) is already imported","throwable":""}
{"timestamp":"2025-09-16T13:45:31,009","container":"e8fbc2c00ac2","level":"INFO","thread":"EthScheduler-Workers-0","class":"PersistBlockTask","message":"Block 122 (0xff16de20ac0806dcd555ac67f6c71bf17a22f1212ff1c51c52108afbf45aa391) is already imported","throwable":""}
{"timestamp":"2025-09-16T13:45:31,009","container":"e8fbc2c00ac2","level":"INFO","thread":"BftProcessorExecutor-QBFT-0","class":"QbftBesuControllerBuilder","message":"Imported #122 / 0 tx / 0 pending / 0 (0.0%) gas / (0xff16de20ac0806dcd555ac67f6c71bf17a22f1212ff1c51c52108afbf45aa391)","throwable":""}
{"timestamp":"2025-09-16T13:45:39,009","container":"e8fbc2c00ac2","level":"INFO","thread":"EthScheduler-Workers-0","class":"PersistBlockTask","message":"Block 123 (0x4270ccb91eae6d74c4f5ecc67c7af3ba9038a3ea7a453db76eaa1ebf5291b79b) is already imported","throwable":""}
{"timestamp":"2025-09-16T13:45:39,010","container":"e8fbc2c00ac2","level":"INFO","thread":"BftProcessorExecutor-QBFT-0","class":"QbftBesuControllerBuilder","message":"Imported #123 / 0 tx / 0 pending / 0 (0.0%) gas / (0x4270ccb91eae6d74c4f5ecc67c7af3ba9038a3ea7a453db76eaa1ebf5291b79b)","throwable":""}
{"timestamp":"2025-09-16T13:45:47,008","container":"e8fbc2c00ac2","level":"INFO","thread":"BftProcessorExecutor-QBFT-0","class":"QbftBesuControllerBuilder","message":"Produced #124 / 0 tx / 0 pending / 0 (0.0%) gas / (0x5e7b2a769994482ab576b0a877c1a78fe7ec0953c778ec68bde078368f6a6367)","throwable":""}
{"timestamp":"2025-09-16T13:45:55,008","container":"e8fbc2c00ac2","level":"INFO","thread":"BftProcessorExecutor-QBFT-0","class":"QbftBesuControllerBuilder","message":"Imported #125 / 0 tx / 0 pending / 0 (0.0%) gas / (0xf659931577059e35641b9de8d431d3736efd09df8704ee3522eb015bd94409bc)","throwable":""}
{"timestamp":"2025-09-16T13:46:03,011","container":"e8fbc2c00ac2","level":"INFO","thread":"EthScheduler-Workers-0","class":"PersistBlockTask","message":"Block 126 (0x39f55ccd0cbcd540926221d2d41a99b9e0058262c4065ccba27ddf4714c5bf51) is already imported","throwable":""}
{"timestamp":"2025-09-16T13:46:03,011","container":"e8fbc2c00ac2","level":"INFO","thread":"BftProcessorExecutor-QBFT-0","class":"QbftBesuControllerBuilder","message":"Imported #126 / 0 tx / 0 pending / 0 (0.0%) gas / (0x39f55ccd0cbcd540926221d2d41a99b9e0058262c4065ccba27ddf4714c5bf51)","throwable":""}
{"timestamp":"2025-09-16T13:46:11,012","container":"e8fbc2c00ac2","level":"INFO","thread":"EthScheduler-Workers-0","class":"PersistBlockTask","message":"Block 127 (0x2456d2576a33906fb3f161623c4c3aa3e7d29025ab4fc0c4dbcf186f5a99efe5) is already imported","throwable":""}
{"timestamp":"2025-09-16T13:46:11,013","container":"e8fbc2c00ac2","level":"INFO","thread":"BftProcessorExecutor-QBFT-0","class":"QbftBesuControllerBuilder","message":"Imported #127 / 0 tx / 0 pending / 0 (0.0%) gas / (0x2456d2576a33906fb3f161623c4c3aa3e7d29025ab4fc0c4dbcf186f5a99efe5)","throwable":""}
{"timestamp":"2025-09-16T13:46:19,011","container":"e8fbc2c00ac2","level":"INFO","thread":"BftProcessorExecutor-QBFT-0","class":"QbftBesuControllerBuilder","message":"Produced #128 / 0 tx / 0 pending / 0 (0.0%) gas / (0xf0e73ff1056702ef6f10278647013f919dd6f45117f541671e0cefe6e3ad2498)","throwable":""}
{"timestamp":"2025-09-16T13:46:27,010","container":"e8fbc2c00ac2","level":"INFO","thread":"BftProcessorExecutor-QBFT-0","class":"QbftBesuControllerBuilder","message":"Imported #129 / 0 tx / 0 pending / 0 (0.0%) gas / (0x8595514418a1dd5db49c90b16491a46b7420be5270d097a0a2e3fa87129470f2)","throwable":""}
{"timestamp":"2025-09-16T13:46:35,007","container":"e8fbc2c00ac2","level":"INFO","thread":"BftProcessorExecutor-QBFT-0","class":"QbftBesuControllerBuilder","message":"Imported #130 / 0 tx / 0 pending / 0 (0.0%) gas / (0xbd414af8bc1d76f7e946e4c960de6aed4de10ff139df74039f051dff840fb1ba)","throwable":""}
{"timestamp":"2025-09-16T13:46:43,009","container":"e8fbc2c00ac2","level":"INFO","thread":"BftProcessorExecutor-QBFT-0","class":"QbftBesuControllerBuilder","message":"Imported #131 / 0 tx / 0 pending / 0 (0.0%) gas / (0xd2229b2301a80c2eeb1db2258511704418604d81da8ec6895268e3fedec1fd96)","throwable":""}
{"timestamp":"2025-09-16T13:46:43,009","container":"e8fbc2c00ac2","level":"INFO","thread":"EthScheduler-Workers-0","class":"PersistBlockTask","message":"Block 131 (0xd2229b2301a80c2eeb1db2258511704418604d81da8ec6895268e3fedec1fd96) is already imported","throwable":""}
{"timestamp":"2025-09-16T13:46:51,010","container":"e8fbc2c00ac2","level":"INFO","thread":"BftProcessorExecutor-QBFT-0","class":"QbftBesuControllerBuilder","message":"Produced #132 / 0 tx / 0 pending / 0 (0.0%) gas / (0xb1a4836e9a7a79dbd958ff8a96f95f58836379938f2a26f6d43489e06b17294c)","throwable":""}
{"timestamp":"2025-09-16T13:46:59,010","container":"e8fbc2c00ac2","level":"INFO","thread":"BftProcessorExecutor-QBFT-0","class":"QbftBesuControllerBuilder","message":"Imported #133 / 0 tx / 0 pending / 0 (0.0%) gas / (0x4111108b6c37837cab8d059c93555553a0556b1048aabdde4266ca617ca140c8)","throwable":""}
{"timestamp":"2025-09-16T13:47:07,014","container":"e8fbc2c00ac2","level":"INFO","thread":"EthScheduler-Workers-0","class":"PersistBlockTask","message":"Imported #134 / 0 tx / 0 om / 0 (0.0%) gas / (0xb93b397f17d281ea2853a0a29717c55568b7b1d85abe737b16dc8c8acb5a882a) in 0.003s. Peers: 5","throwable":""}
{"timestamp":"2025-09-16T13:47:07,014","container":"e8fbc2c00ac2","level":"INFO","thread":"BftProcessorExecutor-QBFT-0","class":"QbftBesuControllerBuilder","message":"Imported #134 / 0 tx / 0 pending / 0 (0.0%) gas / (0xb93b397f17d281ea2853a0a29717c55568b7b1d85abe737b16dc8c8acb5a882a)","throwable":""}
{"timestamp":"2025-09-16T13:47:15,014","container":"e8fbc2c00ac2","level":"INFO","thread":"EthScheduler-Workers-0","class":"PersistBlockTask","message":"Block 135 (0x0775bf8b5854de3c9bee5c8b0264009cb405042753d013f630b19fd2f99da15f) is already imported","throwable":""}
{"timestamp":"2025-09-16T13:47:15,014","container":"e8fbc2c00ac2","level":"INFO","thread":"BftProcessorExecutor-QBFT-0","class":"QbftBesuControllerBuilder","message":"Imported #135 / 0 tx / 0 pending / 0 (0.0%) gas / (0x0775bf8b5854de3c9bee5c8b0264009cb405042753d013f630b19fd2f99da15f)","throwable":""}
{"timestamp":"2025-09-16T13:47:23,012","container":"e8fbc2c00ac2","level":"INFO","thread":"EthScheduler-Workers-0","class":"PersistBlockTask","message":"Block 136 (0x64f0f2685c820340ced6dfd5f255ab3a27a3585520daa05d6c72ced14de492ee) is already imported","throwable":""}
{"timestamp":"2025-09-16T13:47:23,012","container":"e8fbc2c00ac2","level":"INFO","thread":"BftProcessorExecutor-QBFT-0","class":"QbftBesuControllerBuilder","message":"Produced #136 / 0 tx / 0 pending / 0 (0.0%) gas / (0x64f0f2685c820340ced6dfd5f255ab3a27a3585520daa05d6c72ced14de492ee)","throwable":""}
{"timestamp":"2025-09-16T13:47:31,011","container":"e8fbc2c00ac2","level":"INFO","thread":"EthScheduler-Workers-0","class":"PersistBlockTask","message":"Imported #137 / 0 tx / 0 om / 0 (0.0%) gas / (0x31a4acaa70ca7e08039e5bde6691a6579109fa216ad637b2881c439279205ed0) in 0.001s. Peers: 5","throwable":""}
{"timestamp":"2025-09-16T13:47:39,008","container":"e8fbc2c00ac2","level":"INFO","thread":"BftProcessorExecutor-QBFT-0","class":"QbftBesuControllerBuilder","message":"Imported #138 / 0 tx / 0 pending / 0 (0.0%) gas / (0xb11ed8c7905a9a6797a2397e291950b7919e84603faf08720366e6f68a348058)","throwable":""}
{"timestamp":"2025-09-16T13:47:47,012","container":"e8fbc2c00ac2","level":"INFO","thread":"BftProcessorExecutor-QBFT-0","class":"QbftBesuControllerBuilder","message":"Imported #139 / 0 tx / 0 pending / 0 (0.0%) gas / (0x4386b25062d31077640121a8242a5678bac34da1ca91c13b03081480cbfd9582)","throwable":""}
{"timestamp":"2025-09-16T13:47:55,008","container":"e8fbc2c00ac2","level":"INFO","thread":"BftProcessorExecutor-QBFT-0","class":"QbftBesuControllerBuilder","message":"Produced #140 / 0 tx / 0 pending / 0 (0.0%) gas / (0xd3fe8392ef7037748daeaefd24b32a6344c40a7040701a6f96ba7ce056a1aa2d)","throwable":""}
{"timestamp":"2025-09-16T13:48:03,006","container":"e8fbc2c00ac2","level":"INFO","thread":"BftProcessorExecutor-QBFT-0","class":"QbftBesuControllerBuilder","message":"Imported #141 / 0 tx / 0 pending / 0 (0.0%) gas / (0xd34bbf9b6a02c76413732168de92e58703c2ef884bb143da0374996a16c53b69)","throwable":""}
{"timestamp":"2025-09-16T13:48:11,008","container":"e8fbc2c00ac2","level":"INFO","thread":"BftProcessorExecutor-QBFT-0","class":"QbftBesuControllerBuilder","message":"Imported #142 / 0 tx / 0 pending / 0 (0.0%) gas / (0xe84c07bd12b6e5bcc4ae9adf8a9111dc4510f74a9ed7ebec98795be4d5dde4bc)","throwable":""}
{"timestamp":"2025-09-16T13:48:19,009","container":"e8fbc2c00ac2","level":"INFO","thread":"EthScheduler-Workers-0","class":"PersistBlockTask","message":"Block 143 (0x9cfa7cb527da4a28beefffcb9c30283b3697e099e8b15339317a3be0b9720289) is already imported","throwable":""}
{"timestamp":"2025-09-16T13:48:19,010","container":"e8fbc2c00ac2","level":"INFO","thread":"BftProcessorExecutor-QBFT-0","class":"QbftBesuControllerBuilder","message":"Imported #143 / 0 tx / 0 pending / 0 (0.0%) gas / (0x9cfa7cb527da4a28beefffcb9c30283b3697e099e8b15339317a3be0b9720289)","throwable":""}
{"timestamp":"2025-09-16T13:48:27,008","container":"e8fbc2c00ac2","level":"INFO","thread":"BftProcessorExecutor-QBFT-0","class":"QbftBesuControllerBuilder","message":"Produced #144 / 0 tx / 0 pending / 0 (0.0%) gas / (0x63c530e98c0cf61b2d78f7e7b4acb94b16ab30cec470da737ad3a20e74491623)","throwable":""}
{"timestamp":"2025-09-16T13:48:35,008","container":"e8fbc2c00ac2","level":"INFO","thread":"BftProcessorExecutor-QBFT-0","class":"QbftBesuControllerBuilder","message":"Imported #145 / 0 tx / 0 pending / 0 (0.0%) gas / (0x6503eaecb81045ffa03a1022921cc10022023060b40d72f230caf22f08f971d4)","throwable":""}
{"timestamp":"2025-09-16T13:48:43,011","container":"e8fbc2c00ac2","level":"INFO","thread":"BftProcessorExecutor-QBFT-0","class":"QbftBesuControllerBuilder","message":"Imported #146 / 0 tx / 0 pending / 0 (0.0%) gas / (0xedcf011675cc614737c54fc92b9a170c6f5afa42ce5e48e971a8fc6b7feebdd2)","throwable":""}
{"timestamp":"2025-09-16T13:48:51,010","container":"e8fbc2c00ac2","level":"INFO","thread":"EthScheduler-Workers-0","class":"PersistBlockTask","message":"Block 147 (0x476c1e3618092bfd0425bd4c934f4da34d18665bb5982a01eb5208f7f6835b77) is already imported","throwable":""}
{"timestamp":"2025-09-16T13:48:51,010","container":"e8fbc2c00ac2","level":"INFO","thread":"BftProcessorExecutor-QBFT-0","class":"QbftBesuControllerBuilder","message":"Imported #147 / 0 tx / 0 pending / 0 (0.0%) gas / (0x476c1e3618092bfd0425bd4c934f4da34d18665bb5982a01eb5208f7f6835b77)","throwable":""}
{"timestamp":"2025-09-16T13:48:59,008","container":"e8fbc2c00ac2","level":"INFO","thread":"BftProcessorExecutor-QBFT-0","class":"QbftBesuControllerBuilder","message":"Produced #148 / 0 tx / 0 pending / 0 (0.0%) gas / (0xbfedf3c5664faacfa3b4e68397ff0bfade753b959f76699ef49e8b5e5f1c7d50)","throwable":""}
{"timestamp":"2025-09-16T13:49:07,009","container":"e8fbc2c00ac2","level":"INFO","thread":"EthScheduler-Workers-0","class":"PersistBlockTask","message":"Block 149 (0x30df483552f59ef4006dc9a7f53e9b08b02567d493e5069eeb2924a94726b99b) is already imported","throwable":""}
{"timestamp":"2025-09-16T13:49:07,009","container":"e8fbc2c00ac2","level":"INFO","thread":"BftProcessorExecutor-QBFT-0","class":"QbftBesuControllerBuilder","message":"Imported #149 / 0 tx / 0 pending / 0 (0.0%) gas / (0x30df483552f59ef4006dc9a7f53e9b08b02567d493e5069eeb2924a94726b99b)","throwable":""}
{"timestamp":"2025-09-16T13:49:15,007","container":"e8fbc2c00ac2","level":"INFO","thread":"BftProcessorExecutor-QBFT-0","class":"QbftBesuControllerBuilder","message":"Imported #150 / 0 tx / 0 pending / 0 (0.0%) gas / (0x1e681cc9e46bd9fe75567b05c9ce1b3ca331d1316dbca8e4c61e5d29feaddc9c)","throwable":""}
{"timestamp":"2025-09-16T13:49:23,008","container":"e8fbc2c00ac2","level":"INFO","thread":"BftProcessorExecutor-QBFT-0","class":"QbftBesuControllerBuilder","message":"Imported #151 / 0 tx / 0 pending / 0 (0.0%) gas / (0x9be17cde967ae8f75ae843fd480f609fa8c59a149f4c651f7d0342f4f0b2520d)","throwable":""}
{"timestamp":"2025-09-16T13:49:31,009","container":"e8fbc2c00ac2","level":"INFO","thread":"EthScheduler-Workers-0","class":"PersistBlockTask","message":"Block 152 (0x754851c898f55f2b6a9395d5dde6d103a1e5b9ac7437ab243b0b37a8aab1e415) is already imported","throwable":""}
{"timestamp":"2025-09-16T13:49:31,009","container":"e8fbc2c00ac2","level":"INFO","thread":"BftProcessorExecutor-QBFT-0","class":"QbftBesuControllerBuilder","message":"Produced #152 / 0 tx / 0 pending / 0 (0.0%) gas / (0x754851c898f55f2b6a9395d5dde6d103a1e5b9ac7437ab243b0b37a8aab1e415)","throwable":""}
{"timestamp":"2025-09-16T13:49:39,009","container":"e8fbc2c00ac2","level":"INFO","thread":"EthScheduler-Workers-0","class":"PersistBlockTask","message":"Block 153 (0x340582765cfcfa82aefeeaddcc86b75df9ba5f9b95e2194f6e10fc02f31370c8) is already imported","throwable":""}
{"timestamp":"2025-09-16T13:49:39,010","container":"e8fbc2c00ac2","level":"INFO","thread":"BftProcessorExecutor-QBFT-0","class":"QbftBesuControllerBuilder","message":"Imported #153 / 0 tx / 0 pending / 0 (0.0%) gas / (0x340582765cfcfa82aefeeaddcc86b75df9ba5f9b95e2194f6e10fc02f31370c8)","throwable":""}
{"timestamp":"2025-09-16T13:49:47,005","container":"e8fbc2c00ac2","level":"INFO","thread":"BftProcessorExecutor-QBFT-0","class":"QbftBesuControllerBuilder","message":"Imported #154 / 0 tx / 0 pending / 0 (0.0%) gas / (0x00d2654c28fce933a81462f84d8055971ae14d227c119dbe3415d355ae5c8cc9)","throwable":""}
{"timestamp":"2025-09-16T13:49:55,008","container":"e8fbc2c00ac2","level":"INFO","thread":"EthScheduler-Workers-0","class":"PersistBlockTask","message":"Block 155 (0x9f1e791c97c784b9a7f651fd51878dbb49e9b9c3a7cbc77b2b07d3683dae2f67) is already imported","throwable":""}
{"timestamp":"2025-09-16T13:49:55,008","container":"e8fbc2c00ac2","level":"INFO","thread":"BftProcessorExecutor-QBFT-0","class":"QbftBesuControllerBuilder","message":"Imported #155 / 0 tx / 0 pending / 0 (0.0%) gas / (0x9f1e791c97c784b9a7f651fd51878dbb49e9b9c3a7cbc77b2b07d3683dae2f67)","throwable":""}
{"timestamp":"2025-09-16T13:50:03,010","container":"e8fbc2c00ac2","level":"INFO","thread":"EthScheduler-Workers-0","class":"PersistBlockTask","message":"Block 156 (0xa7f94b4ed3d17dfd6805e8030a4c59427f63c5c86b9224f1970bca3edf4bb08d) is already imported","throwable":""}
{"timestamp":"2025-09-16T13:50:03,011","container":"e8fbc2c00ac2","level":"INFO","thread":"BftProcessorExecutor-QBFT-0","class":"QbftBesuControllerBuilder","message":"Produced #156 / 0 tx / 0 pending / 0 (0.0%) gas / (0xa7f94b4ed3d17dfd6805e8030a4c59427f63c5c86b9224f1970bca3edf4bb08d)","throwable":""}
{"timestamp":"2025-09-16T13:50:11,009","container":"e8fbc2c00ac2","level":"INFO","thread":"EthScheduler-Workers-0","class":"PersistBlockTask","message":"Imported #157 / 0 tx / 0 om / 0 (0.0%) gas / (0xedb1dd8d497402acbb8331deb3055d549e91e61d82d59599f273ec0fc3f4deae) in 0.001s. Peers: 5","throwable":""}
{"timestamp":"2025-09-16T13:50:11,009","container":"e8fbc2c00ac2","level":"INFO","thread":"BftProcessorExecutor-QBFT-0","class":"QbftBesuControllerBuilder","message":"Imported #157 / 0 tx / 0 pending / 0 (0.0%) gas / (0xedb1dd8d497402acbb8331deb3055d549e91e61d82d59599f273ec0fc3f4deae)","throwable":""}
{"timestamp":"2025-09-16T13:50:19,008","container":"e8fbc2c00ac2","level":"INFO","thread":"BftProcessorExecutor-QBFT-0","class":"QbftBesuControllerBuilder","message":"Imported #158 / 0 tx / 0 pending / 0 (0.0%) gas / (0xfa022d6a2dd1ba81829fb9e2ecbd4fa4eed6de0cd09fc6f994b00a353d67ebbd)","throwable":""}
{"timestamp":"2025-09-16T13:50:27,012","container":"e8fbc2c00ac2","level":"INFO","thread":"EthScheduler-Workers-0","class":"PersistBlockTask","message":"Block 159 (0xf3a247c4c7e2dc4fbf5aeb374a0709909446ab49687a3c642c34f810288083ae) is already imported","throwable":""}
{"timestamp":"2025-09-16T13:50:27,012","container":"e8fbc2c00ac2","level":"INFO","thread":"BftProcessorExecutor-QBFT-0","class":"QbftBesuControllerBuilder","message":"Imported #159 / 0 tx / 0 pending / 0 (0.0%) gas / (0xf3a247c4c7e2dc4fbf5aeb374a0709909446ab49687a3c642c34f810288083ae)","throwable":""}
{"timestamp":"2025-09-16T13:50:35,008","container":"e8fbc2c00ac2","level":"INFO","thread":"BftProcessorExecutor-QBFT-0","class":"QbftBesuControllerBuilder","message":"Produced #160 / 0 tx / 0 pending / 0 (0.0%) gas / (0x04f3471348c1a6cc80967aae4e0a9b8bb29320e271570f1916bdf7ee7d9f9431)","throwable":""}
{"timestamp":"2025-09-16T13:50:43,008","container":"e8fbc2c00ac2","level":"INFO","thread":"BftProcessorExecutor-QBFT-0","class":"QbftBesuControllerBuilder","message":"Imported #161 / 0 tx / 0 pending / 0 (0.0%) gas / (0x1eb3eae2ca0c98014d11d32522236cc141d4d8abb06aee404be467a025f700ab)","throwable":""}
{"timestamp":"2025-09-16T13:50:51,006","container":"e8fbc2c00ac2","level":"INFO","thread":"BftProcessorExecutor-QBFT-0","class":"QbftBesuControllerBuilder","message":"Imported #162 / 0 tx / 0 pending / 0 (0.0%) gas / (0xbb8e9969f89854a9d665cddd35e4e4b0d8b8f20774233ba51b091a9004186e90)","throwable":""}
{"timestamp":"2025-09-16T13:50:59,007","container":"e8fbc2c00ac2","level":"INFO","thread":"BftProcessorExecutor-QBFT-0","class":"QbftBesuControllerBuilder","message":"Imported #163 / 0 tx / 0 pending / 0 (0.0%) gas / (0xc8c17ca0c693b95c757f0b70a95bf4d522713c7b1e14d8d03fe6e1b70adb725d)","throwable":""}
{"timestamp":"2025-09-16T13:51:07,009","container":"e8fbc2c00ac2","level":"INFO","thread":"EthScheduler-Workers-0","class":"PersistBlockTask","message":"Block 164 (0x760c049f7d68a2d3046d518af234b1bbe5c7ebc87d777e77a24eb93d1496edd1) is already imported","throwable":""}
{"timestamp":"2025-09-16T13:51:07,009","container":"e8fbc2c00ac2","level":"INFO","thread":"BftProcessorExecutor-QBFT-0","class":"QbftBesuControllerBuilder","message":"Produced #164 / 0 tx / 0 pending / 0 (0.0%) gas / (0x760c049f7d68a2d3046d518af234b1bbe5c7ebc87d777e77a24eb93d1496edd1)","throwable":""}
{"timestamp":"2025-09-16T13:51:15,008","container":"e8fbc2c00ac2","level":"INFO","thread":"EthScheduler-Workers-0","class":"PersistBlockTask","message":"Block 165 (0x83a8791b9c53614c784cff807bd5e8b05774cda89dbd0fd8d39d24bdb640d1c1) is already imported","throwable":""}
{"timestamp":"2025-09-16T13:51:15,008","container":"e8fbc2c00ac2","level":"INFO","thread":"BftProcessorExecutor-QBFT-0","class":"QbftBesuControllerBuilder","message":"Imported #165 / 0 tx / 0 pending / 0 (0.0%) gas / (0x83a8791b9c53614c784cff807bd5e8b05774cda89dbd0fd8d39d24bdb640d1c1)","throwable":""}
{"timestamp":"2025-09-16T13:51:23,006","container":"e8fbc2c00ac2","level":"INFO","thread":"BftProcessorExecutor-QBFT-0","class":"QbftBesuControllerBuilder","message":"Imported #166 / 0 tx / 0 pending / 0 (0.0%) gas / (0xe842883d3052746c963909104c602f10483cb20a597daa8b8a8dbf11ae80d341)","throwable":""}
{"timestamp":"2025-09-16T13:51:31,005","container":"e8fbc2c00ac2","level":"INFO","thread":"BftProcessorExecutor-QBFT-0","class":"QbftBesuControllerBuilder","message":"Imported #167 / 0 tx / 0 pending / 0 (0.0%) gas / (0x63c069afa1f58f6b80ba43c19d1f93ab926c7f1f4f36c00854c15cb6a9ec876a)","throwable":""}
{"timestamp":"2025-09-16T13:51:39,009","container":"e8fbc2c00ac2","level":"INFO","thread":"BftProcessorExecutor-QBFT-0","class":"QbftBesuControllerBuilder","message":"Produced #168 / 0 tx / 0 pending / 0 (0.0%) gas / (0x98e04cd4f86d66b7b014c02c41f27870aa4f98bae65e32eddb12932e4e0b8017)","throwable":""}
{"timestamp":"2025-09-16T13:51:47,012","container":"e8fbc2c00ac2","level":"INFO","thread":"BftProcessorExecutor-QBFT-0","class":"QbftBesuControllerBuilder","message":"Imported #169 / 0 tx / 0 pending / 0 (0.0%) gas / (0x74ed1232060644cd43fdedd712ea0df006140d07802c592fb8ca2c42a9651c15)","throwable":""}
{"timestamp":"2025-09-16T13:51:47,012","container":"e8fbc2c00ac2","level":"INFO","thread":"EthScheduler-Workers-0","class":"PersistBlockTask","message":"Block 169 (0x74ed1232060644cd43fdedd712ea0df006140d07802c592fb8ca2c42a9651c15) is already imported","throwable":""}
{"timestamp":"2025-09-16T13:51:55,007","container":"e8fbc2c00ac2","level":"INFO","thread":"BftProcessorExecutor-QBFT-0","class":"QbftBesuControllerBuilder","message":"Imported #170 / 0 tx / 0 pending / 0 (0.0%) gas / (0x40427f67d640369da41c3adeee3534fd0f4d9ce469d8a7f4024acc6c1a6e0566)","throwable":""}
{"timestamp":"2025-09-16T13:52:03,009","container":"e8fbc2c00ac2","level":"INFO","thread":"BftProcessorExecutor-QBFT-0","class":"QbftBesuControllerBuilder","message":"Imported #171 / 0 tx / 0 pending / 0 (0.0%) gas / (0x4b09211a8efea4611e827831d31d0df8d01d23b072f700f2af77b4ab483b6960)","throwable":""}
{"timestamp":"2025-09-16T13:52:11,008","container":"e8fbc2c00ac2","level":"INFO","thread":"BftProcessorExecutor-QBFT-0","class":"QbftBesuControllerBuilder","message":"Produced #172 / 0 tx / 0 pending / 0 (0.0%) gas / (0xefecc99dbadd169d7bf7b70fed269c7ba45b0892f9cd091044fc70b37d14e3a4)","throwable":""}
{"timestamp":"2025-09-16T13:52:19,007","container":"e8fbc2c00ac2","level":"INFO","thread":"BftProcessorExecutor-QBFT-0","class":"QbftBesuControllerBuilder","message":"Imported #173 / 0 tx / 0 pending / 0 (0.0%) gas / (0x87ad3d3d09dc839bfeb3b8a4abdf3ee8781a6fb8ca15eb6e245dc6b5f8f1cef0)","throwable":""}
{"timestamp":"2025-09-16T13:52:27,011","container":"e8fbc2c00ac2","level":"INFO","thread":"EthScheduler-Workers-0","class":"PersistBlockTask","message":"Imported #174 / 0 tx / 0 om / 0 (0.0%) gas / (0x3497e79d7a1370bcb0ca29f1daa8f008da2d0b3380f1f8339a15e621bfeee5dd) in 0.001s. Peers: 5","throwable":""}
{"timestamp":"2025-09-16T13:52:35,010","container":"e8fbc2c00ac2","level":"INFO","thread":"BftProcessorExecutor-QBFT-0","class":"QbftBesuControllerBuilder","message":"Imported #175 / 0 tx / 0 pending / 0 (0.0%) gas / (0x611736558932588b130cf35bccf09eda4e9476a690d96100752a2938cd0a70a2)","throwable":""}
{"timestamp":"2025-09-16T13:52:35,010","container":"e8fbc2c00ac2","level":"INFO","thread":"EthScheduler-Workers-0","class":"PersistBlockTask","message":"Block 175 (0x611736558932588b130cf35bccf09eda4e9476a690d96100752a2938cd0a70a2) is already imported","throwable":""}
{"timestamp":"2025-09-16T13:52:43,008","container":"e8fbc2c00ac2","level":"INFO","thread":"EthScheduler-Workers-0","class":"PersistBlockTask","message":"Block 176 (0xc12d2ded45a873980c2faa1ddd1c5158fb46bfffd179ddb1c77cfe44bd8f71c7) is already imported","throwable":""}
{"timestamp":"2025-09-16T13:52:43,008","container":"e8fbc2c00ac2","level":"INFO","thread":"BftProcessorExecutor-QBFT-0","class":"QbftBesuControllerBuilder","message":"Produced #176 / 0 tx / 0 pending / 0 (0.0%) gas / (0xc12d2ded45a873980c2faa1ddd1c5158fb46bfffd179ddb1c77cfe44bd8f71c7)","throwable":""}
{"timestamp":"2025-09-16T13:52:51,008","container":"e8fbc2c00ac2","level":"INFO","thread":"EthScheduler-Workers-0","class":"PersistBlockTask","message":"Block 177 (0x7f78ec9ee1554e7121ec5ac1992fbfd5b14326af67c33554d2112331e5bfa5ba) is already imported","throwable":""}
{"timestamp":"2025-09-16T13:52:51,008","container":"e8fbc2c00ac2","level":"INFO","thread":"BftProcessorExecutor-QBFT-0","class":"QbftBesuControllerBuilder","message":"Imported #177 / 0 tx / 0 pending / 0 (0.0%) gas / (0x7f78ec9ee1554e7121ec5ac1992fbfd5b14326af67c33554d2112331e5bfa5ba)","throwable":""}
{"timestamp":"2025-09-16T13:52:59,007","container":"e8fbc2c00ac2","level":"INFO","thread":"BftProcessorExecutor-QBFT-0","class":"QbftBesuControllerBuilder","message":"Imported #178 / 0 tx / 0 pending / 0 (0.0%) gas / (0x9771d355761c5ffc214217a0876167d324cb7591b8c490b2abf8f727a5ab6764)","throwable":""}
{"timestamp":"2025-09-16T13:53:07,009","container":"e8fbc2c00ac2","level":"INFO","thread":"EthScheduler-Workers-0","class":"PersistBlockTask","message":"Block 179 (0xfc3b3cdd45b1026b1a1bdcb870abc34e8bd55651ca878586dfd9e408065f687e) is already imported","throwable":""}
{"timestamp":"2025-09-16T13:53:07,009","container":"e8fbc2c00ac2","level":"INFO","thread":"BftProcessorExecutor-QBFT-0","class":"QbftBesuControllerBuilder","message":"Imported #179 / 0 tx / 0 pending / 0 (0.0%) gas / (0xfc3b3cdd45b1026b1a1bdcb870abc34e8bd55651ca878586dfd9e408065f687e)","throwable":""}
{"timestamp":"2025-09-16T13:53:15,006","container":"e8fbc2c00ac2","level":"INFO","thread":"BftProcessorExecutor-QBFT-0","class":"QbftBesuControllerBuilder","message":"Produced #180 / 0 tx / 0 pending / 0 (0.0%) gas / (0xd307e7fe146caba62d7286eac080a568c61ca7dffe460e18e19d196e78c73f22)","throwable":""}
{"timestamp":"2025-09-16T13:53:23,010","container":"e8fbc2c00ac2","level":"INFO","thread":"EthScheduler-Workers-0","class":"PersistBlockTask","message":"Block 181 (0x881fd009b53d049cb1e08b131dab57d28bbc0973f3a44163616514c9e3871f64) is already imported","throwable":""}
{"timestamp":"2025-09-16T13:53:23,010","container":"e8fbc2c00ac2","level":"INFO","thread":"BftProcessorExecutor-QBFT-0","class":"QbftBesuControllerBuilder","message":"Imported #181 / 0 tx / 0 pending / 0 (0.0%) gas / (0x881fd009b53d049cb1e08b131dab57d28bbc0973f3a44163616514c9e3871f64)","throwable":""}
{"timestamp":"2025-09-16T13:53:31,009","container":"e8fbc2c00ac2","level":"INFO","thread":"EthScheduler-Workers-0","class":"PersistBlockTask","message":"Block 182 (0x792cc1410390cfab538ba10f0893b75b72f954487e2773004fbc2627df594069) is already imported","throwable":""}
{"timestamp":"2025-09-16T13:53:31,009","container":"e8fbc2c00ac2","level":"INFO","thread":"BftProcessorExecutor-QBFT-0","class":"QbftBesuControllerBuilder","message":"Imported #182 / 0 tx / 0 pending / 0 (0.0%) gas / (0x792cc1410390cfab538ba10f0893b75b72f954487e2773004fbc2627df594069)","throwable":""}
{"timestamp":"2025-09-16T13:53:39,009","container":"e8fbc2c00ac2","level":"INFO","thread":"EthScheduler-Workers-0","class":"PersistBlockTask","message":"Block 183 (0x632df4791356f7493b05f188828f5292fb2ed4aa494a334140c078f7fa3bf2d2) is already imported","throwable":""}
{"timestamp":"2025-09-16T13:53:39,010","container":"e8fbc2c00ac2","level":"INFO","thread":"BftProcessorExecutor-QBFT-0","class":"QbftBesuControllerBuilder","message":"Imported #183 / 0 tx / 0 pending / 0 (0.0%) gas / (0x632df4791356f7493b05f188828f5292fb2ed4aa494a334140c078f7fa3bf2d2)","throwable":""}
{"timestamp":"2025-09-16T13:53:47,007","container":"e8fbc2c00ac2","level":"INFO","thread":"BftProcessorExecutor-QBFT-0","class":"QbftBesuControllerBuilder","message":"Produced #184 / 0 tx / 0 pending / 0 (0.0%) gas / (0xdcae5df61bf8a00d81cf96581097bbe7fe933471a24cdce3b3cbc61e3d2152fa)","throwable":""}
{"timestamp":"2025-09-16T13:53:55,006","container":"e8fbc2c00ac2","level":"INFO","thread":"BftProcessorExecutor-QBFT-0","class":"QbftBesuControllerBuilder","message":"Imported #185 / 0 tx / 0 pending / 0 (0.0%) gas / (0x2e3901d620561d0b4047026507dff19de73383b013524ca07bdda011e500b425)","throwable":""}
{"timestamp":"2025-09-16T13:54:03,008","container":"e8fbc2c00ac2","level":"INFO","thread":"BftProcessorExecutor-QBFT-0","class":"QbftBesuControllerBuilder","message":"Imported #186 / 0 tx / 0 pending / 0 (0.0%) gas / (0x4be845b13713b00da5776d28366206884a85e6460a16e5a740f98706900bb501)","throwable":""}
{"timestamp":"2025-09-16T13:54:11,006","container":"e8fbc2c00ac2","level":"INFO","thread":"BftProcessorExecutor-QBFT-0","class":"QbftBesuControllerBuilder","message":"Imported #187 / 0 tx / 0 pending / 0 (0.0%) gas / (0x76967c8109aad156b7f92885eae98b3732339bb9de8684a985b26d82e3847048)","throwable":""}
{"timestamp":"2025-09-16T13:54:19,007","container":"e8fbc2c00ac2","level":"INFO","thread":"EthScheduler-Workers-0","class":"PersistBlockTask","message":"Block 188 (0xcc93621182fec4e6b02a836dd0bc00c2865bbc7fc37549ebca6fca0d8c27184e) is already imported","throwable":""}
{"timestamp":"2025-09-16T13:54:19,008","container":"e8fbc2c00ac2","level":"INFO","thread":"BftProcessorExecutor-QBFT-0","class":"QbftBesuControllerBuilder","message":"Produced #188 / 0 tx / 0 pending / 0 (0.0%) gas / (0xcc93621182fec4e6b02a836dd0bc00c2865bbc7fc37549ebca6fca0d8c27184e)","throwable":""}
{"timestamp":"2025-09-16T13:54:27,006","container":"e8fbc2c00ac2","level":"INFO","thread":"BftProcessorExecutor-QBFT-0","class":"QbftBesuControllerBuilder","message":"Imported #189 / 0 tx / 0 pending / 0 (0.0%) gas / (0xb7a2e481c3a94f9fcd191e99f0a47f388491688f4d030df4457d2b814a9116d6)","throwable":""}
{"timestamp":"2025-09-16T13:54:35,007","container":"e8fbc2c00ac2","level":"INFO","thread":"BftProcessorExecutor-QBFT-0","class":"QbftBesuControllerBuilder","message":"Imported #190 / 0 tx / 0 pending / 0 (0.0%) gas / (0x5cb941d6197ec34b9edadb0ea965fbdc7b246481c0c5b7751cdefd734a1ba1e6)","throwable":""}
{"timestamp":"2025-09-16T13:54:43,009","container":"e8fbc2c00ac2","level":"INFO","thread":"BftProcessorExecutor-QBFT-0","class":"QbftBesuControllerBuilder","message":"Imported #191 / 0 tx / 0 pending / 0 (0.0%) gas / (0xf213b9626efcdd046db998c881c40cc22f64ef9720577cc4a5062a17465d95c8)","throwable":""}
{"timestamp":"2025-09-16T13:54:51,009","container":"e8fbc2c00ac2","level":"INFO","thread":"EthScheduler-Workers-0","class":"PersistBlockTask","message":"Block 192 (0x96c0e04fa9dbe237d7c2185766e84487e787a4631a77a9870ee3d38d933588e4) is already imported","throwable":""}
{"timestamp":"2025-09-16T13:54:51,010","container":"e8fbc2c00ac2","level":"INFO","thread":"BftProcessorExecutor-QBFT-0","class":"QbftBesuControllerBuilder","message":"Produced #192 / 0 tx / 0 pending / 0 (0.0%) gas / (0x96c0e04fa9dbe237d7c2185766e84487e787a4631a77a9870ee3d38d933588e4)","throwable":""}
{"timestamp":"2025-09-16T13:54:59,007","container":"e8fbc2c00ac2","level":"INFO","thread":"BftProcessorExecutor-QBFT-0","class":"QbftBesuControllerBuilder","message":"Imported #193 / 0 tx / 0 pending / 0 (0.0%) gas / (0xd409d1b0b094fc770a180ec42c8a05cd512c11cb853456740536894e2fccc6a2)","throwable":""}
{"timestamp":"2025-09-16T13:55:07,009","container":"e8fbc2c00ac2","level":"INFO","thread":"BftProcessorExecutor-QBFT-0","class":"QbftBesuControllerBuilder","message":"Imported #194 / 0 tx / 0 pending / 0 (0.0%) gas / (0x81da573dfe62c5b6a45c77714eedb3852e20bf98b36e2fb77f4fd1b7ed549e51)","throwable":""}
{"timestamp":"2025-09-16T13:55:15,006","container":"e8fbc2c00ac2","level":"INFO","thread":"BftProcessorExecutor-QBFT-0","class":"QbftBesuControllerBuilder","message":"Imported #195 / 0 tx / 0 pending / 0 (0.0%) gas / (0xf0b202482aac47d7ceb14975835fe8c476fba89557c32bf21599c0d6a3ec0ced)","throwable":""}
{"timestamp":"2025-09-16T13:55:23,008","container":"e8fbc2c00ac2","level":"INFO","thread":"EthScheduler-Workers-0","class":"PersistBlockTask","message":"Block 196 (0xa1fa98cf65cf205fa9d3dc3e49c8fa94b9d44250e157e48e6d1978b59283b8c3) is already imported","throwable":""}
{"timestamp":"2025-09-16T13:55:23,008","container":"e8fbc2c00ac2","level":"INFO","thread":"BftProcessorExecutor-QBFT-0","class":"QbftBesuControllerBuilder","message":"Produced #196 / 0 tx / 0 pending / 0 (0.0%) gas / (0xa1fa98cf65cf205fa9d3dc3e49c8fa94b9d44250e157e48e6d1978b59283b8c3)","throwable":""}
{"timestamp":"2025-09-16T13:55:31,006","container":"e8fbc2c00ac2","level":"INFO","thread":"BftProcessorExecutor-QBFT-0","class":"QbftBesuControllerBuilder","message":"Imported #197 / 0 tx / 0 pending / 0 (0.0%) gas / (0x1da9e91951361e053ecc5afcc412140c5e87d502c0fc4e4a876a7fc13ed5c868)","throwable":""}
{"timestamp":"2025-09-16T13:55:39,006","container":"e8fbc2c00ac2","level":"INFO","thread":"BftProcessorExecutor-QBFT-0","class":"QbftBesuControllerBuilder","message":"Imported #198 / 0 tx / 0 pending / 0 (0.0%) gas / (0xf788ba953e5dd2428c6216d99da142abad98fb2a449a5c123548ad79a3daaf77)","throwable":""}
{"timestamp":"2025-09-16T13:55:47,007","container":"e8fbc2c00ac2","level":"INFO","thread":"BftProcessorExecutor-QBFT-0","class":"QbftBesuControllerBuilder","message":"Imported #199 / 0 tx / 0 pending / 0 (0.0%) gas / (0xba6a0676215f658c21b0293ad694756598dfdc737fb1f4f308a351cebacc0905)","throwable":""}
{"timestamp":"2025-09-16T13:55:55,007","container":"e8fbc2c00ac2","level":"INFO","thread":"BftProcessorExecutor-QBFT-0","class":"QbftBesuControllerBuilder","message":"Produced #200 / 0 tx / 0 pending / 0 (0.0%) gas / (0x147c4c51f2f05a21924697fcb326da70a736ccac330bf8ecb536c017b4893cdb)","throwable":""}
{"timestamp":"2025-09-16T13:56:03,008","container":"e8fbc2c00ac2","level":"INFO","thread":"BftProcessorExecutor-QBFT-0","class":"QbftBesuControllerBuilder","message":"Imported #201 / 0 tx / 0 pending / 0 (0.0%) gas / (0x4d26a1b1aabc48b95b834ce1182be560a5bbba8c05ac75c962bc9e2a343790de)","throwable":""}
{"timestamp":"2025-09-16T13:56:11,006","container":"e8fbc2c00ac2","level":"INFO","thread":"BftProcessorExecutor-QBFT-0","class":"QbftBesuControllerBuilder","message":"Imported #202 / 0 tx / 0 pending / 0 (0.0%) gas / (0x6e5cf55c1a9513b3ca32adca997025f633bf18d1f0988ce629c9a8225f83e828)","throwable":""}
{"timestamp":"2025-09-16T13:56:19,009","container":"e8fbc2c00ac2","level":"INFO","thread":"BftProcessorExecutor-QBFT-0","class":"QbftBesuControllerBuilder","message":"Imported #203 / 0 tx / 0 pending / 0 (0.0%) gas / (0xa44c0b700d8f5d46725f16c566caff3fb3dedab0d930669d514a7e288c9ac2e8)","throwable":""}
{"timestamp":"2025-09-16T13:56:27,008","container":"e8fbc2c00ac2","level":"INFO","thread":"BftProcessorExecutor-QBFT-0","class":"QbftBesuControllerBuilder","message":"Produced #204 / 0 tx / 0 pending / 0 (0.0%) gas / (0x48e1f944b627f5e2d74e78fdc8b3f0aba321e5f1988e9a8027d9e3282fe72805)","throwable":""}
{"timestamp":"2025-09-16T13:56:35,014","container":"e8fbc2c00ac2","level":"INFO","thread":"EthScheduler-Workers-0","class":"PersistBlockTask","message":"Block 205 (0xb680a57ab5eacdfb4e393ae40be90d7b6486020c566a6caa6f5121647d20b8be) is already imported","throwable":""}
{"timestamp":"2025-09-16T13:56:35,014","container":"e8fbc2c00ac2","level":"INFO","thread":"BftProcessorExecutor-QBFT-0","class":"QbftBesuControllerBuilder","message":"Imported #205 / 0 tx / 0 pending / 0 (0.0%) gas / (0xb680a57ab5eacdfb4e393ae40be90d7b6486020c566a6caa6f5121647d20b8be)","throwable":""}
{"timestamp":"2025-09-16T13:56:43,006","container":"e8fbc2c00ac2","level":"INFO","thread":"BftProcessorExecutor-QBFT-0","class":"QbftBesuControllerBuilder","message":"Imported #206 / 0 tx / 0 pending / 0 (0.0%) gas / (0xe85ffe4e33dc4f8d30f34fee8696333631c122ae6f44f853b1aedd8009dda34c)","throwable":""}
{"timestamp":"2025-09-16T13:56:51,006","container":"e8fbc2c00ac2","level":"INFO","thread":"BftProcessorExecutor-QBFT-0","class":"QbftBesuControllerBuilder","message":"Imported #207 / 0 tx / 0 pending / 0 (0.0%) gas / (0x22ecf1fd8fb41de7a55aa6484e6021b0dafbd8971bdfbfba2f6641a9db960f61)","throwable":""}
{"timestamp":"2025-09-16T13:56:59,007","container":"e8fbc2c00ac2","level":"INFO","thread":"BftProcessorExecutor-QBFT-0","class":"QbftBesuControllerBuilder","message":"Produced #208 / 0 tx / 0 pending / 0 (0.0%) gas / (0x3d6a4624714ab89ea7ecc3032e3f59f3ebb28193cb94333ace21f3cef70eaf0f)","throwable":""}
{"timestamp":"2025-09-16T13:57:07,010","container":"e8fbc2c00ac2","level":"INFO","thread":"BftProcessorExecutor-QBFT-0","class":"QbftBesuControllerBuilder","message":"Imported #209 / 0 tx / 0 pending / 0 (0.0%) gas / (0xc2fa6a7457e928b4961f1f734693210ac6b5b82478b87d26e3b68ac1d3cbbe7a)","throwable":""}
{"timestamp":"2025-09-16T13:57:15,006","container":"e8fbc2c00ac2","level":"INFO","thread":"BftProcessorExecutor-QBFT-0","class":"QbftBesuControllerBuilder","message":"Imported #210 / 0 tx / 0 pending / 0 (0.0%) gas / (0xde29ed11998a34e06d97de6a6af2bf5bda1ccb81367b324ffa48ad594afdf8c5)","throwable":""}
{"timestamp":"2025-09-16T13:57:23,006","container":"e8fbc2c00ac2","level":"INFO","thread":"BftProcessorExecutor-QBFT-0","class":"QbftBesuControllerBuilder","message":"Imported #211 / 0 tx / 0 pending / 0 (0.0%) gas / (0xda056d28df70c1a0b13932f4dcfe01ddd1e86d1a81cc4cb4cbbc4b94b4f0ec69)","throwable":""}
{"timestamp":"2025-09-16T13:57:31,007","container":"e8fbc2c00ac2","level":"INFO","thread":"BftProcessorExecutor-QBFT-0","class":"QbftBesuControllerBuilder","message":"Produced #212 / 0 tx / 0 pending / 0 (0.0%) gas / (0x5e8283adddbaa1dd138b1df02c7d69b4c42d0efd835f912dfed6739b7acb6f06)","throwable":""}
{"timestamp":"2025-09-16T13:57:39,006","container":"e8fbc2c00ac2","level":"INFO","thread":"BftProcessorExecutor-QBFT-0","class":"QbftBesuControllerBuilder","message":"Imported #213 / 0 tx / 0 pending / 0 (0.0%) gas / (0xbfd1d41804c4292cd70e4997198d6213298d87444791f6ef89891984f0e797cd)","throwable":""}
{"timestamp":"2025-09-16T13:57:47,007","container":"e8fbc2c00ac2","level":"INFO","thread":"BftProcessorExecutor-QBFT-0","class":"QbftBesuControllerBuilder","message":"Imported #214 / 0 tx / 0 pending / 0 (0.0%) gas / (0x011dd7621a6406652a15006b824c4f924f5f76866b74d8b3354d6df4c02db416)","throwable":""}
{"timestamp":"2025-09-16T13:57:55,007","container":"e8fbc2c00ac2","level":"INFO","thread":"BftProcessorExecutor-QBFT-0","class":"QbftBesuControllerBuilder","message":"Imported #215 / 0 tx / 0 pending / 0 (0.0%) gas / (0xa6b8929e75dfef1226331b8c3a1698b30784b03c5460a0af3a281df083bb55a2)","throwable":""}
{"timestamp":"2025-09-16T13:58:03,008","container":"e8fbc2c00ac2","level":"INFO","thread":"BftProcessorExecutor-QBFT-0","class":"QbftBesuControllerBuilder","message":"Produced #216 / 0 tx / 0 pending / 0 (0.0%) gas / (0xf637aa07f8599db811a4fd175f94fc7a1d6a0f9e6ed1c19896046ab6d14ed71c)","throwable":""}
{"timestamp":"2025-09-16T13:58:11,006","container":"e8fbc2c00ac2","level":"INFO","thread":"BftProcessorExecutor-QBFT-0","class":"QbftBesuControllerBuilder","message":"Imported #217 / 0 tx / 0 pending / 0 (0.0%) gas / (0xdcc2fd73cdf40a8de0e90e29cff77141d9f972ee256d94c681f9ed73a75024c4)","throwable":""}
{"timestamp":"2025-09-16T13:58:19,007","container":"e8fbc2c00ac2","level":"INFO","thread":"BftProcessorExecutor-QBFT-0","class":"QbftBesuControllerBuilder","message":"Imported #218 / 0 tx / 0 pending / 0 (0.0%) gas / (0x9a66559aed08f4ca6408a5d30ef6a88e1c6d96285b2041626f4e4be17dcee442)","throwable":""}
{"timestamp":"2025-09-16T13:58:27,009","container":"e8fbc2c00ac2","level":"INFO","thread":"BftProcessorExecutor-QBFT-0","class":"QbftBesuControllerBuilder","message":"Imported #219 / 0 tx / 0 pending / 0 (0.0%) gas / (0x3c9f0ddd466794092fce02bb1b73ceee186363db975c952d4debc4734fd3576e)","throwable":""}
{"timestamp":"2025-09-16T13:58:35,008","container":"e8fbc2c00ac2","level":"INFO","thread":"BftProcessorExecutor-QBFT-0","class":"QbftBesuControllerBuilder","message":"Produced #220 / 0 tx / 0 pending / 0 (0.0%) gas / (0x9df0cf107c2165b097f6d1fd28ef694fef283c6c188df86376daa7fac382ba1b)","throwable":""}
{"timestamp":"2025-09-16T13:58:43,007","container":"e8fbc2c00ac2","level":"INFO","thread":"BftProcessorExecutor-QBFT-0","class":"QbftBesuControllerBuilder","message":"Imported #221 / 0 tx / 0 pending / 0 (0.0%) gas / (0xdce4a4228ec4d2866ea0da4ad273dce8b8ca9cdb402f1aa03464cc1f40e95335)","throwable":""}
{"timestamp":"2025-09-16T13:58:51,006","container":"e8fbc2c00ac2","level":"INFO","thread":"BftProcessorExecutor-QBFT-0","class":"QbftBesuControllerBuilder","message":"Imported #222 / 0 tx / 0 pending / 0 (0.0%) gas / (0x1c5607511d2a1c5d744e8c86ea7bb939c9732f4abc4ecff70a25fad9cbb5e90e)","throwable":""}
{"timestamp":"2025-09-16T13:58:59,008","container":"e8fbc2c00ac2","level":"INFO","thread":"BftProcessorExecutor-QBFT-0","class":"QbftBesuControllerBuilder","message":"Imported #223 / 0 tx / 0 pending / 0 (0.0%) gas / (0x81ed7168fed656589908ffdc929390c16d838bf252775b359733e3c293254c50)","throwable":""}
{"timestamp":"2025-09-16T13:59:07,007","container":"e8fbc2c00ac2","level":"INFO","thread":"BftProcessorExecutor-QBFT-0","class":"QbftBesuControllerBuilder","message":"Produced #224 / 0 tx / 0 pending / 0 (0.0%) gas / (0x140b625795ebee6c18e8e0a3613da623e1878ad46dee389914a258649cb6b3cb)","throwable":""}
{"timestamp":"2025-09-16T13:59:15,007","container":"e8fbc2c00ac2","level":"INFO","thread":"BftProcessorExecutor-QBFT-0","class":"QbftBesuControllerBuilder","message":"Imported #225 / 0 tx / 0 pending / 0 (0.0%) gas / (0x2b29d73fb50baa6f08b61bda3341c2df2e65cc5c81e5e7bfe3d7b94ff7502ef5)","throwable":""}
{"timestamp":"2025-09-16T13:59:23,010","container":"e8fbc2c00ac2","level":"INFO","thread":"BftProcessorExecutor-QBFT-0","class":"QbftBesuControllerBuilder","message":"Imported #226 / 0 tx / 0 pending / 0 (0.0%) gas / (0x5a9c6a116539cee15a1532f784eb1d42c0389c38619785776fd684aaf7ed559e)","throwable":""}
{"timestamp":"2025-09-16T13:59:31,009","container":"e8fbc2c00ac2","level":"INFO","thread":"BftProcessorExecutor-QBFT-0","class":"QbftBesuControllerBuilder","message":"Imported #227 / 0 tx / 0 pending / 0 (0.0%) gas / (0x5fc34f90c29eebc135b906d0e2c2a7fd1a52f08f2e33fdb44f361587faf02db9)","throwable":""}
{"timestamp":"2025-09-16T13:59:39,010","container":"e8fbc2c00ac2","level":"INFO","thread":"BftProcessorExecutor-QBFT-0","class":"QbftBesuControllerBuilder","message":"Produced #228 / 0 tx / 0 pending / 0 (0.0%) gas / (0x8693969f0ec7a0019bad71ae06131e3b1413df46b376259a0dcda1139668b50e)","throwable":""}
{"timestamp":"2025-09-16T13:59:47,008","container":"e8fbc2c00ac2","level":"INFO","thread":"BftProcessorExecutor-QBFT-0","class":"QbftBesuControllerBuilder","message":"Imported #229 / 0 tx / 0 pending / 0 (0.0%) gas / (0x3ca93d95b18d5eacbd7ecc21e9053d841fe9167cdc77d21cfde7df4d8c089eda)","throwable":""}
{"timestamp":"2025-09-16T13:59:47,009","container":"e8fbc2c00ac2","level":"INFO","thread":"EthScheduler-Workers-0","class":"PersistBlockTask","message":"Block 229 (0x3ca93d95b18d5eacbd7ecc21e9053d841fe9167cdc77d21cfde7df4d8c089eda) is already imported","throwable":""}
{"timestamp":"2025-09-16T13:59:55,007","container":"e8fbc2c00ac2","level":"INFO","thread":"BftProcessorExecutor-QBFT-0","class":"QbftBesuControllerBuilder","message":"Imported #230 / 0 tx / 0 pending / 0 (0.0%) gas / (0x8170e585018995dc5f073452749caffe9aa74dbf6f4b0ddef43f238ac38c5d1b)","throwable":""}
{"timestamp":"2025-09-16T14:00:03,008","container":"e8fbc2c00ac2","level":"INFO","thread":"BftProcessorExecutor-QBFT-0","class":"QbftBesuControllerBuilder","message":"Imported #231 / 0 tx / 0 pending / 0 (0.0%) gas / (0x6e0eacf8d61935db5a5d3cea71ce03f9a4fe1e7a51bf4f09a40c44bbd0b999f6)","throwable":""}
{"timestamp":"2025-09-16T14:00:11,013","container":"e8fbc2c00ac2","level":"INFO","thread":"BftProcessorExecutor-QBFT-0","class":"QbftBesuControllerBuilder","message":"Produced #232 / 0 tx / 0 pending / 0 (0.0%) gas / (0xcd4f7a651031076186e08103d442c01a0b184a8e98d60db4041f9f1a1accb6fc)","throwable":""}
{"timestamp":"2025-09-16T14:00:19,008","container":"e8fbc2c00ac2","level":"INFO","thread":"EthScheduler-Workers-0","class":"PersistBlockTask","message":"Block 233 (0xe832efc82edd39e655995c87cb4cb2e4ce46740c68f880eb9635ebd6684d77fe) is already imported","throwable":""}
{"timestamp":"2025-09-16T14:00:19,008","container":"e8fbc2c00ac2","level":"INFO","thread":"BftProcessorExecutor-QBFT-0","class":"QbftBesuControllerBuilder","message":"Imported #233 / 0 tx / 0 pending / 0 (0.0%) gas / (0xe832efc82edd39e655995c87cb4cb2e4ce46740c68f880eb9635ebd6684d77fe)","throwable":""}
{"timestamp":"2025-09-16T14:00:27,007","container":"e8fbc2c00ac2","level":"INFO","thread":"BftProcessorExecutor-QBFT-0","class":"QbftBesuControllerBuilder","message":"Imported #234 / 0 tx / 0 pending / 0 (0.0%) gas / (0x83033d6bc5a89e1d5b18eef669c21c6b6652d30bb9789210bfefa894b94d4293)","throwable":""}
{"timestamp":"2025-09-16T14:00:35,007","container":"e8fbc2c00ac2","level":"INFO","thread":"BftProcessorExecutor-QBFT-0","class":"QbftBesuControllerBuilder","message":"Imported #235 / 0 tx / 0 pending / 0 (0.0%) gas / (0x2c174641d5edf382bf9ec2a0090871863960c60c69de9213b13baddcf556d833)","throwable":""}
{"timestamp":"2025-09-16T14:00:43,009","container":"e8fbc2c00ac2","level":"INFO","thread":"EthScheduler-Workers-0","class":"PersistBlockTask","message":"Block 236 (0x6d6e6effd54a06f83b2a37cfbebef3046682d50fad5d16c615597d3986bbc1da) is already imported","throwable":""}
{"timestamp":"2025-09-16T14:00:43,009","container":"e8fbc2c00ac2","level":"INFO","thread":"BftProcessorExecutor-QBFT-0","class":"QbftBesuControllerBuilder","message":"Produced #236 / 0 tx / 0 pending / 0 (0.0%) gas / (0x6d6e6effd54a06f83b2a37cfbebef3046682d50fad5d16c615597d3986bbc1da)","throwable":""}
{"timestamp":"2025-09-16T14:00:51,008","container":"e8fbc2c00ac2","level":"INFO","thread":"EthScheduler-Workers-0","class":"PersistBlockTask","message":"Block 237 (0xdb9148ff116a5dc73a6070c24be92616ba7b2165bab0106ba4f8ef0d6a9fb014) is already imported","throwable":""}
{"timestamp":"2025-09-16T14:00:51,008","container":"e8fbc2c00ac2","level":"INFO","thread":"BftProcessorExecutor-QBFT-0","class":"QbftBesuControllerBuilder","message":"Imported #237 / 0 tx / 0 pending / 0 (0.0%) gas / (0xdb9148ff116a5dc73a6070c24be92616ba7b2165bab0106ba4f8ef0d6a9fb014)","throwable":""}
{"timestamp":"2025-09-16T14:00:59,010","container":"e8fbc2c00ac2","level":"INFO","thread":"BftProcessorExecutor-QBFT-0","class":"QbftBesuControllerBuilder","message":"Imported #238 / 0 tx / 0 pending / 0 (0.0%) gas / (0xfca4c4cb81fca77dc08d9a78e77abd09094f80b1488aa8ca7ff565199bddfbbe)","throwable":""}
{"timestamp":"2025-09-16T14:01:07,008","container":"e8fbc2c00ac2","level":"INFO","thread":"BftProcessorExecutor-QBFT-0","class":"QbftBesuControllerBuilder","message":"Imported #239 / 0 tx / 0 pending / 0 (0.0%) gas / (0xf5515352964ee8c112097655eab05920191de4a256e94b0f6fe16cfddf736a6f)","throwable":""}
{"timestamp":"2025-09-16T14:01:15,007","container":"e8fbc2c00ac2","level":"INFO","thread":"BftProcessorExecutor-QBFT-0","class":"QbftBesuControllerBuilder","message":"Produced #240 / 0 tx / 0 pending / 0 (0.0%) gas / (0x72917d377cb384adfbc1df12fa31e980950d224e31fafe2501b759b7bd495397)","throwable":""}
{"timestamp":"2025-09-16T14:01:23,006","container":"e8fbc2c00ac2","level":"INFO","thread":"BftProcessorExecutor-QBFT-0","class":"QbftBesuControllerBuilder","message":"Imported #241 / 0 tx / 0 pending / 0 (0.0%) gas / (0x80450895582a863b4c74408aa9bf88dc76c859b5c01fbbf21e015bd94a589379)","throwable":""}
{"timestamp":"2025-09-16T14:01:31,007","container":"e8fbc2c00ac2","level":"INFO","thread":"BftProcessorExecutor-QBFT-0","class":"QbftBesuControllerBuilder","message":"Imported #242 / 0 tx / 0 pending / 0 (0.0%) gas / (0x2b9331a509795507530f3f53a1287d4ec1e1d6b5187e14c0f24a25cf20df3b9c)","throwable":""}
{"timestamp":"2025-09-16T14:01:39,007","container":"e8fbc2c00ac2","level":"INFO","thread":"BftProcessorExecutor-QBFT-0","class":"QbftBesuControllerBuilder","message":"Imported #243 / 0 tx / 0 pending / 0 (0.0%) gas / (0x52fcf9bba7bc63dc5977f307a2ec0a3b73aaf0f91164828f6b245c5364681b06)","throwable":""}
{"timestamp":"2025-09-16T14:01:47,005","container":"e8fbc2c00ac2","level":"INFO","thread":"BftProcessorExecutor-QBFT-0","class":"QbftBesuControllerBuilder","message":"Produced #244 / 0 tx / 0 pending / 0 (0.0%) gas / (0x77aac17f51ad4447d37a8e6b518e8f5b42aa4210eed4a129f236973c9fa9a7e4)","throwable":""}
{"timestamp":"2025-09-16T14:01:55,008","container":"e8fbc2c00ac2","level":"INFO","thread":"BftProcessorExecutor-QBFT-0","class":"QbftBesuControllerBuilder","message":"Imported #245 / 0 tx / 0 pending / 0 (0.0%) gas / (0x00601479d1380eb9f4f803735f021fa7d39e8ebe84a8f747138cee6132bd6135)","throwable":""}
{"timestamp":"2025-09-16T14:02:03,010","container":"e8fbc2c00ac2","level":"INFO","thread":"BftProcessorExecutor-QBFT-0","class":"QbftBesuControllerBuilder","message":"Imported #246 / 0 tx / 0 pending / 0 (0.0%) gas / (0xc6033c14fba4fea9884225d6eda4f6400f493da92a53f9708baff33f230078d2)","throwable":""}
{"timestamp":"2025-09-16T14:02:11,006","container":"e8fbc2c00ac2","level":"INFO","thread":"BftProcessorExecutor-QBFT-0","class":"QbftBesuControllerBuilder","message":"Imported #247 / 0 tx / 0 pending / 0 (0.0%) gas / (0xeeb26f9a68988462e8a85846e8995a239d572ef3c3c92c70d1896b4641c39c6f)","throwable":""}
{"timestamp":"2025-09-16T14:02:19,007","container":"e8fbc2c00ac2","level":"INFO","thread":"BftProcessorExecutor-QBFT-0","class":"QbftBesuControllerBuilder","message":"Produced #248 / 0 tx / 0 pending / 0 (0.0%) gas / (0xc9a429e312f75e807d08ffb41c08300d9b91e12d9ff201b0e8cf778e31ba4387)","throwable":""}
{"timestamp":"2025-09-16T14:02:27,008","container":"e8fbc2c00ac2","level":"INFO","thread":"BftProcessorExecutor-QBFT-0","class":"QbftBesuControllerBuilder","message":"Imported #249 / 0 tx / 0 pending / 0 (0.0%) gas / (0x37ce7e724bccdd268c8daf346a39b2d8639861313730fff7ae5f3539cc8b544f)","throwable":""}
{"timestamp":"2025-09-16T14:02:35,009","container":"e8fbc2c00ac2","level":"INFO","thread":"BftProcessorExecutor-QBFT-0","class":"QbftBesuControllerBuilder","message":"Imported #250 / 0 tx / 0 pending / 0 (0.0%) gas / (0xadb1654c7bcc5368f5bd0f4da376089558907bdfaf9a3aa25dc86617e8068924)","throwable":""}
{"timestamp":"2025-09-16T14:02:43,008","container":"e8fbc2c00ac2","level":"INFO","thread":"BftProcessorExecutor-QBFT-0","class":"QbftBesuControllerBuilder","message":"Imported #251 / 0 tx / 0 pending / 0 (0.0%) gas / (0x5dc639b6ed5f1e6374cc3f07dc31aa1ceff5a85d5f383ef5d092d23dd8d8604f)","throwable":""}
{"timestamp":"2025-09-16T14:02:51,007","container":"e8fbc2c00ac2","level":"INFO","thread":"BftProcessorExecutor-QBFT-0","class":"QbftBesuControllerBuilder","message":"Produced #252 / 0 tx / 0 pending / 0 (0.0%) gas / (0x54c9256da46a785255ad769fc5e35311eb8d30b8b771fe04c4662548e530f358)","throwable":""}
{"timestamp":"2025-09-16T14:02:59,010","container":"e8fbc2c00ac2","level":"INFO","thread":"EthScheduler-Workers-0","class":"PersistBlockTask","message":"Block 253 (0xf7f9928b578ad13b027fe6b90c2ecd485e5358b423217a58d31a71e3f43531f5) is already imported","throwable":""}
{"timestamp":"2025-09-16T14:02:59,010","container":"e8fbc2c00ac2","level":"INFO","thread":"BftProcessorExecutor-QBFT-0","class":"QbftBesuControllerBuilder","message":"Imported #253 / 0 tx / 0 pending / 0 (0.0%) gas / (0xf7f9928b578ad13b027fe6b90c2ecd485e5358b423217a58d31a71e3f43531f5)","throwable":""}
{"timestamp":"2025-09-16T14:03:07,009","container":"e8fbc2c00ac2","level":"INFO","thread":"BftProcessorExecutor-QBFT-0","class":"QbftBesuControllerBuilder","message":"Imported #254 / 0 tx / 0 pending / 0 (0.0%) gas / (0xc41faa5d82661003e37f61df7ec157c652922bdf01e312bb1db3caff3a5d62fd)","throwable":""}
{"timestamp":"2025-09-16T14:03:15,014","container":"e8fbc2c00ac2","level":"INFO","thread":"EthScheduler-Workers-0","class":"PersistBlockTask","message":"Block 255 (0x04243174664ae66dbc5cc89380f987c01a159a6fbb1870f3f0edb8b0905e99e4) is already imported","throwable":""}
{"timestamp":"2025-09-16T14:03:15,014","container":"e8fbc2c00ac2","level":"INFO","thread":"BftProcessorExecutor-QBFT-0","class":"QbftBesuControllerBuilder","message":"Imported #255 / 0 tx / 0 pending / 0 (0.0%) gas / (0x04243174664ae66dbc5cc89380f987c01a159a6fbb1870f3f0edb8b0905e99e4)","throwable":""}
{"timestamp":"2025-09-16T14:03:23,009","container":"e8fbc2c00ac2","level":"INFO","thread":"BftProcessorExecutor-QBFT-0","class":"QbftBesuControllerBuilder","message":"Produced #256 / 0 tx / 0 pending / 0 (0.0%) gas / (0x2bccbba9ba728a5d67767cd5b0bf217d357ddf36143d1ab606236a4a49fd1c76)","throwable":""}
{"timestamp":"2025-09-16T14:03:31,008","container":"e8fbc2c00ac2","level":"INFO","thread":"EthScheduler-Workers-0","class":"PersistBlockTask","message":"Block 257 (0x635d55f73a9309f5fc514c101cdce999a515261855696bcfe7b2eca423dd80f9) is already imported","throwable":""}
{"timestamp":"2025-09-16T14:03:31,009","container":"e8fbc2c00ac2","level":"INFO","thread":"BftProcessorExecutor-QBFT-0","class":"QbftBesuControllerBuilder","message":"Imported #257 / 0 tx / 0 pending / 0 (0.0%) gas / (0x635d55f73a9309f5fc514c101cdce999a515261855696bcfe7b2eca423dd80f9)","throwable":""}
{"timestamp":"2025-09-16T14:03:39,010","container":"e8fbc2c00ac2","level":"INFO","thread":"BftProcessorExecutor-QBFT-0","class":"QbftBesuControllerBuilder","message":"Imported #258 / 0 tx / 0 pending / 0 (0.0%) gas / (0xc0386e65a82b9cf007f3dcb2c9d451f6914fb4c6db13934dd755375f04246650)","throwable":""}
{"timestamp":"2025-09-16T14:03:47,006","container":"e8fbc2c00ac2","level":"INFO","thread":"BftProcessorExecutor-QBFT-0","class":"QbftBesuControllerBuilder","message":"Imported #259 / 0 tx / 0 pending / 0 (0.0%) gas / (0xf3f79134a9ac6c3d37e15701005c9930708689e06f7233cff166c207f6196f4b)","throwable":""}
{"timestamp":"2025-09-16T14:03:55,008","container":"e8fbc2c00ac2","level":"INFO","thread":"BftProcessorExecutor-QBFT-0","class":"QbftBesuControllerBuilder","message":"Produced #260 / 0 tx / 0 pending / 0 (0.0%) gas / (0x71627f9830780e550bedde017d86a471d6626260e469632d6afa2c9311c27ef2)","throwable":""}
{"timestamp":"2025-09-16T14:04:03,007","container":"e8fbc2c00ac2","level":"INFO","thread":"BftProcessorExecutor-QBFT-0","class":"QbftBesuControllerBuilder","message":"Imported #261 / 0 tx / 0 pending / 0 (0.0%) gas / (0x738f2bc7799539e57a4d6419c31bfe8d3b751e712c088d95b04c6d25e44ccfd7)","throwable":""}
{"timestamp":"2025-09-16T14:04:11,007","container":"e8fbc2c00ac2","level":"INFO","thread":"EthScheduler-Workers-0","class":"PersistBlockTask","message":"Block 262 (0x301a9e640cfb2d7e2a69eafee7b0eee9bfd14a627559e5962495bb0a33384be7) is already imported","throwable":""}
{"timestamp":"2025-09-16T14:04:11,007","container":"e8fbc2c00ac2","level":"INFO","thread":"BftProcessorExecutor-QBFT-0","class":"QbftBesuControllerBuilder","message":"Imported #262 / 0 tx / 0 pending / 0 (0.0%) gas / (0x301a9e640cfb2d7e2a69eafee7b0eee9bfd14a627559e5962495bb0a33384be7)","throwable":""}
{"timestamp":"2025-09-16T14:04:19,007","container":"e8fbc2c00ac2","level":"INFO","thread":"BftProcessorExecutor-QBFT-0","class":"QbftBesuControllerBuilder","message":"Imported #263 / 0 tx / 0 pending / 0 (0.0%) gas / (0x77a04178f3bfa5a52c30760f702473c5a080243198d3b425098f5bd52279e667)","throwable":""}
{"timestamp":"2025-09-16T14:04:27,007","container":"e8fbc2c00ac2","level":"INFO","thread":"BftProcessorExecutor-QBFT-0","class":"QbftBesuControllerBuilder","message":"Produced #264 / 0 tx / 0 pending / 0 (0.0%) gas / (0xe13e11a937667d9acaaf9d1bb3a08feb1bc2aa41234b27d19f85665c1c05428e)","throwable":""}
{"timestamp":"2025-09-16T14:04:35,008","container":"e8fbc2c00ac2","level":"INFO","thread":"BftProcessorExecutor-QBFT-0","class":"QbftBesuControllerBuilder","message":"Imported #265 / 0 tx / 0 pending / 0 (0.0%) gas / (0xe503d5ba14e15a311084200c03a6fb8f1e1abb3fede6ea6eaabc508ec2983642)","throwable":""}
{"timestamp":"2025-09-16T14:04:43,006","container":"e8fbc2c00ac2","level":"INFO","thread":"BftProcessorExecutor-QBFT-0","class":"QbftBesuControllerBuilder","message":"Imported #266 / 0 tx / 0 pending / 0 (0.0%) gas / (0x71dcec5fe4bb0b213d824e8bc0a7838adba4490129bfcd67b028e2d40bd32c8b)","throwable":""}
{"timestamp":"2025-09-16T14:04:51,008","container":"e8fbc2c00ac2","level":"INFO","thread":"BftProcessorExecutor-QBFT-0","class":"QbftBesuControllerBuilder","message":"Imported #267 / 0 tx / 0 pending / 0 (0.0%) gas / (0x19ead67189f6e1164d5a690d910967281e29e64e491d8645caacf75923d2951c)","throwable":""}
{"timestamp":"2025-09-16T14:04:59,007","container":"e8fbc2c00ac2","level":"INFO","thread":"BftProcessorExecutor-QBFT-0","class":"QbftBesuControllerBuilder","message":"Produced #268 / 0 tx / 0 pending / 0 (0.0%) gas / (0x24af97a24a110ba2f7f729e8f576aeb39b537dae7ca99b86da31115b73915649)","throwable":""}
{"timestamp":"2025-09-16T14:05:07,009","container":"e8fbc2c00ac2","level":"INFO","thread":"BftProcessorExecutor-QBFT-0","class":"QbftBesuControllerBuilder","message":"Imported #269 / 0 tx / 0 pending / 0 (0.0%) gas / (0x282cd1ae4ce3bf4bce85d9712180f18fb69e119c0a0e187583a9150a3b56154e)","throwable":""}
{"timestamp":"2025-09-16T14:05:15,007","container":"e8fbc2c00ac2","level":"INFO","thread":"BftProcessorExecutor-QBFT-0","class":"QbftBesuControllerBuilder","message":"Imported #270 / 0 tx / 0 pending / 0 (0.0%) gas / (0x8ded7fe6371c1d9edaa86cd025278a2086ec9d29244f2dd661de520cf294545b)","throwable":""}
{"timestamp":"2025-09-16T14:05:23,009","container":"e8fbc2c00ac2","level":"INFO","thread":"BftProcessorExecutor-QBFT-0","class":"QbftBesuControllerBuilder","message":"Imported #271 / 0 tx / 0 pending / 0 (0.0%) gas / (0xc3980508442421bfcc25364e7db10002b62eff23be7f200d3835e0d99e2fd80e)","throwable":""}
{"timestamp":"2025-09-16T14:05:23,009","container":"e8fbc2c00ac2","level":"INFO","thread":"EthScheduler-Workers-0","class":"PersistBlockTask","message":"Block 271 (0xc3980508442421bfcc25364e7db10002b62eff23be7f200d3835e0d99e2fd80e) is already imported","throwable":""}
{"timestamp":"2025-09-16T14:05:31,010","container":"e8fbc2c00ac2","level":"INFO","thread":"BftProcessorExecutor-QBFT-0","class":"QbftBesuControllerBuilder","message":"Produced #272 / 0 tx / 0 pending / 0 (0.0%) gas / (0xe58a1aab387cc31655ead4832abc3957b1f8e5fd368da509d45d653a4b331855)","throwable":""}
{"timestamp":"2025-09-16T14:05:39,009","container":"e8fbc2c00ac2","level":"INFO","thread":"BftProcessorExecutor-QBFT-0","class":"QbftBesuControllerBuilder","message":"Imported #273 / 0 tx / 0 pending / 0 (0.0%) gas / (0x97d864fafe868f320751f2a04856b8d63dc2bae9d7dfe4c3890f70daeb2f3cd0)","throwable":""}
{"timestamp":"2025-09-16T14:05:47,006","container":"e8fbc2c00ac2","level":"INFO","thread":"BftProcessorExecutor-QBFT-0","class":"QbftBesuControllerBuilder","message":"Imported #274 / 0 tx / 0 pending / 0 (0.0%) gas / (0xedf159f80a4890127ed0929d68a74b5dd8f16d3f1481cc88a0f8343952aed5ce)","throwable":""}
{"timestamp":"2025-09-16T14:05:55,009","container":"e8fbc2c00ac2","level":"INFO","thread":"BftProcessorExecutor-QBFT-0","class":"QbftBesuControllerBuilder","message":"Imported #275 / 0 tx / 0 pending / 0 (0.0%) gas / (0xf20df6f0b7da678c0e365ffb14752752d1c2e79f8df6da481d8662da8b2e6938)","throwable":""}
{"timestamp":"2025-09-16T14:05:55,009","container":"e8fbc2c00ac2","level":"INFO","thread":"EthScheduler-Workers-0","class":"PersistBlockTask","message":"Block 275 (0xf20df6f0b7da678c0e365ffb14752752d1c2e79f8df6da481d8662da8b2e6938) is already imported","throwable":""}
{"timestamp":"2025-09-16T14:06:03,007","container":"e8fbc2c00ac2","level":"INFO","thread":"BftProcessorExecutor-QBFT-0","class":"QbftBesuControllerBuilder","message":"Produced #276 / 0 tx / 0 pending / 0 (0.0%) gas / (0x60c2c1f2a15103922bca31893c81c30cfe4ed580b2304f846a48c885d2f2ce00)","throwable":""}
{"timestamp":"2025-09-16T14:06:11,007","container":"e8fbc2c00ac2","level":"INFO","thread":"BftProcessorExecutor-QBFT-0","class":"QbftBesuControllerBuilder","message":"Imported #277 / 0 tx / 0 pending / 0 (0.0%) gas / (0x648d4a24e0738a5e28667e35369366f6b02ec0d5947b9101c4022093f9a6ffc7)","throwable":""}
{"timestamp":"2025-09-16T14:06:19,006","container":"e8fbc2c00ac2","level":"INFO","thread":"BftProcessorExecutor-QBFT-0","class":"QbftBesuControllerBuilder","message":"Imported #278 / 0 tx / 0 pending / 0 (0.0%) gas / (0xd0d3b7ac5165b06937b704de46ea1f92ec36ad8060e6dfb8a9e4ec8518620e9a)","throwable":""}
{"timestamp":"2025-09-16T14:06:27,006","container":"e8fbc2c00ac2","level":"INFO","thread":"BftProcessorExecutor-QBFT-0","class":"QbftBesuControllerBuilder","message":"Imported #279 / 0 tx / 0 pending / 0 (0.0%) gas / (0x4f048d08f280ac72bce20bbdad5c5dad136c8ed9f2cce7100ed6c57c76aab24f)","throwable":""}
{"timestamp":"2025-09-16T14:06:35,008","container":"e8fbc2c00ac2","level":"INFO","thread":"BftProcessorExecutor-QBFT-0","class":"QbftBesuControllerBuilder","message":"Produced #280 / 0 tx / 0 pending / 0 (0.0%) gas / (0x4546ffe0ffa7ac5e96dcfd914f550b58daf66c9195dea93a0bfb51673f6578f8)","throwable":""}
{"timestamp":"2025-09-16T14:06:35,008","container":"e8fbc2c00ac2","level":"INFO","thread":"EthScheduler-Workers-0","class":"PersistBlockTask","message":"Block 280 (0x4546ffe0ffa7ac5e96dcfd914f550b58daf66c9195dea93a0bfb51673f6578f8) is already imported","throwable":""}
{"timestamp":"2025-09-16T14:06:43,006","container":"e8fbc2c00ac2","level":"INFO","thread":"BftProcessorExecutor-QBFT-0","class":"QbftBesuControllerBuilder","message":"Imported #281 / 0 tx / 0 pending / 0 (0.0%) gas / (0x9f798ad2ab6fdeb4d62860e3eca198329fc06e870a54a66b7f7b769da47065fd)","throwable":""}
{"timestamp":"2025-09-16T14:06:51,007","container":"e8fbc2c00ac2","level":"INFO","thread":"BftProcessorExecutor-QBFT-0","class":"QbftBesuControllerBuilder","message":"Imported #282 / 0 tx / 0 pending / 0 (0.0%) gas / (0xe4e5b74dcbd512947c3f52d074ebba55534f3f8a1125570fec769a6e03531681)","throwable":""}
{"timestamp":"2025-09-16T14:06:59,009","container":"e8fbc2c00ac2","level":"INFO","thread":"BftProcessorExecutor-QBFT-0","class":"QbftBesuControllerBuilder","message":"Imported #283 / 0 tx / 0 pending / 0 (0.0%) gas / (0xcf91e6f5f3c41550767cbf23d42de219e13347b13027a06a6502ab738434db40)","throwable":""}
{"timestamp":"2025-09-16T14:06:59,009","container":"e8fbc2c00ac2","level":"INFO","thread":"EthScheduler-Workers-0","class":"PersistBlockTask","message":"Block 283 (0xcf91e6f5f3c41550767cbf23d42de219e13347b13027a06a6502ab738434db40) is already imported","throwable":""}
{"timestamp":"2025-09-16T14:07:07,008","container":"e8fbc2c00ac2","level":"INFO","thread":"EthScheduler-Workers-0","class":"PersistBlockTask","message":"Block 284 (0x6d409f4ecdaaad2ec4489733b30046668d29326e3ef3d8d65b0da2d858a7186a) is already imported","throwable":""}
{"timestamp":"2025-09-16T14:07:07,008","container":"e8fbc2c00ac2","level":"INFO","thread":"BftProcessorExecutor-QBFT-0","class":"QbftBesuControllerBuilder","message":"Produced #284 / 0 tx / 0 pending / 0 (0.0%) gas / (0x6d409f4ecdaaad2ec4489733b30046668d29326e3ef3d8d65b0da2d858a7186a)","throwable":""}
{"timestamp":"2025-09-16T14:07:15,008","container":"e8fbc2c00ac2","level":"INFO","thread":"BftProcessorExecutor-QBFT-0","class":"QbftBesuControllerBuilder","message":"Imported #285 / 0 tx / 0 pending / 0 (0.0%) gas / (0x549232c6bd92e57d398e59d8e5e3bb9dea991d3a60c23cb8ed695cc895fe2c41)","throwable":""}
{"timestamp":"2025-09-16T14:07:23,009","container":"e8fbc2c00ac2","level":"INFO","thread":"BftProcessorExecutor-QBFT-0","class":"QbftBesuControllerBuilder","message":"Imported #286 / 0 tx / 0 pending / 0 (0.0%) gas / (0x43dca039331e4a7200436344671f0cf6da79388587b2b9e85f28b5bf072a798b)","throwable":""}
{"timestamp":"2025-09-16T14:07:31,007","container":"e8fbc2c00ac2","level":"INFO","thread":"BftProcessorExecutor-QBFT-0","class":"QbftBesuControllerBuilder","message":"Imported #287 / 0 tx / 0 pending / 0 (0.0%) gas / (0x24949f68e6a82ee3bc09c89be452dace24df8f7210b9e918547b2121657dd9ad)","throwable":""}
{"timestamp":"2025-09-16T14:07:39,008","container":"e8fbc2c00ac2","level":"INFO","thread":"BftProcessorExecutor-QBFT-0","class":"QbftBesuControllerBuilder","message":"Produced #288 / 0 tx / 0 pending / 0 (0.0%) gas / (0x7a642c2797d3e86b0b9ea8f55c566421493defe7b8b02f447a1024280414025b)","throwable":""}
{"timestamp":"2025-09-16T14:07:47,009","container":"e8fbc2c00ac2","level":"INFO","thread":"BftProcessorExecutor-QBFT-0","class":"QbftBesuControllerBuilder","message":"Imported #289 / 0 tx / 0 pending / 0 (0.0%) gas / (0x97d25cf395163fa2e58ced2a08010a2ed73eee6733c15d734419e994c60ee834)","throwable":""}
{"timestamp":"2025-09-16T14:07:55,007","container":"e8fbc2c00ac2","level":"INFO","thread":"BftProcessorExecutor-QBFT-0","class":"QbftBesuControllerBuilder","message":"Imported #290 / 0 tx / 0 pending / 0 (0.0%) gas / (0x8eca886383d201c7a60b644eaad582afea780a1e89696639c6906427d8891da8)","throwable":""}
{"timestamp":"2025-09-16T14:08:03,010","container":"e8fbc2c00ac2","level":"INFO","thread":"BftProcessorExecutor-QBFT-0","class":"QbftBesuControllerBuilder","message":"Imported #291 / 0 tx / 0 pending / 0 (0.0%) gas / (0x12634ec1b3a5c32b45042626ef15a2f6d937e1bbb7d351fdf08e930ed2f9a30a)","throwable":""}
{"timestamp":"2025-09-16T14:08:11,009","container":"e8fbc2c00ac2","level":"INFO","thread":"BftProcessorExecutor-QBFT-0","class":"QbftBesuControllerBuilder","message":"Produced #292 / 0 tx / 0 pending / 0 (0.0%) gas / (0x47fa7c802d7e38559a4c791150358885bc9c662999709e8750cc1b925fdc149b)","throwable":""}
{"timestamp":"2025-09-16T14:08:19,007","container":"e8fbc2c00ac2","level":"INFO","thread":"BftProcessorExecutor-QBFT-0","class":"QbftBesuControllerBuilder","message":"Imported #293 / 0 tx / 0 pending / 0 (0.0%) gas / (0x270042c0e65611b9cab772836a1bc65c40ec8e47cea6447f8682e2fc217d58db)","throwable":""}
{"timestamp":"2025-09-16T14:08:27,006","container":"e8fbc2c00ac2","level":"INFO","thread":"BftProcessorExecutor-QBFT-0","class":"QbftBesuControllerBuilder","message":"Imported #294 / 0 tx / 0 pending / 0 (0.0%) gas / (0x1a12fef00d3fc1067a2bb15c72f2f5243199b3047468ed5f92a1c4ca2af78f85)","throwable":""}
{"timestamp":"2025-09-16T14:08:35,006","container":"e8fbc2c00ac2","level":"INFO","thread":"BftProcessorExecutor-QBFT-0","class":"QbftBesuControllerBuilder","message":"Imported #295 / 0 tx / 0 pending / 0 (0.0%) gas / (0x91c809a7d50752d7d0319848f9c6f843ccf393dfb9ffe58f94594390548956c9)","throwable":""}
{"timestamp":"2025-09-16T14:08:43,007","container":"e8fbc2c00ac2","level":"INFO","thread":"BftProcessorExecutor-QBFT-0","class":"QbftBesuControllerBuilder","message":"Produced #296 / 0 tx / 0 pending / 0 (0.0%) gas / (0xc0535da59d70eeacb264377f7248ffafcb8ee5439489e2773e88ea36d3c37f9b)","throwable":""}
{"timestamp":"2025-09-16T14:08:43,007","container":"e8fbc2c00ac2","level":"INFO","thread":"EthScheduler-Workers-0","class":"PersistBlockTask","message":"Block 296 (0xc0535da59d70eeacb264377f7248ffafcb8ee5439489e2773e88ea36d3c37f9b) is already imported","throwable":""}
{"timestamp":"2025-09-16T14:08:51,005","container":"e8fbc2c00ac2","level":"INFO","thread":"BftProcessorExecutor-QBFT-0","class":"QbftBesuControllerBuilder","message":"Imported #297 / 0 tx / 0 pending / 0 (0.0%) gas / (0x9c69fcfd0db41da72a77d72affa6ec2d4684404c29018ae6062153883cc4994f)","throwable":""}
{"timestamp":"2025-09-16T14:08:59,006","container":"e8fbc2c00ac2","level":"INFO","thread":"BftProcessorExecutor-QBFT-0","class":"QbftBesuControllerBuilder","message":"Imported #298 / 0 tx / 0 pending / 0 (0.0%) gas / (0xa2ccd52bf012e70cdacb7d953b7d1b2746052fb6f85a028a41f88240d6a75188)","throwable":""}
{"timestamp":"2025-09-16T14:09:07,009","container":"e8fbc2c00ac2","level":"INFO","thread":"BftProcessorExecutor-QBFT-0","class":"QbftBesuControllerBuilder","message":"Imported #299 / 0 tx / 0 pending / 0 (0.0%) gas / (0xf85d8e4d28c836f9fefa8ba138bf7724d740d8a439f02209572132558889507d)","throwable":""}
{"timestamp":"2025-09-16T14:09:15,006","container":"e8fbc2c00ac2","level":"INFO","thread":"BftProcessorExecutor-QBFT-0","class":"QbftBesuControllerBuilder","message":"Produced #300 / 0 tx / 0 pending / 0 (0.0%) gas / (0x94880a023a46ff895eca51a7cdc71c731e9688469797e7922f2cd78a722a4635)","throwable":""}
{"timestamp":"2025-09-16T14:09:23,006","container":"e8fbc2c00ac2","level":"INFO","thread":"BftProcessorExecutor-QBFT-0","class":"QbftBesuControllerBuilder","message":"Imported #301 / 0 tx / 0 pending / 0 (0.0%) gas / (0x7428c38dbd986b374263a51ee0256d2dd02d872762c2af97a5f4b061eb429be5)","throwable":""}
{"timestamp":"2025-09-16T14:09:31,006","container":"e8fbc2c00ac2","level":"INFO","thread":"BftProcessorExecutor-QBFT-0","class":"QbftBesuControllerBuilder","message":"Imported #302 / 0 tx / 0 pending / 0 (0.0%) gas / (0x0545ed92dc1642dc11b752406c1d0d79247579d2af11548052aa468161f6bfdc)","throwable":""}
{"timestamp":"2025-09-16T14:09:39,006","container":"e8fbc2c00ac2","level":"INFO","thread":"BftProcessorExecutor-QBFT-0","class":"QbftBesuControllerBuilder","message":"Imported #303 / 0 tx / 0 pending / 0 (0.0%) gas / (0x9a27b701c2ca3bc8a76d4db1d082c460990e63f3bee2d5090f3974616ea34e4e)","throwable":""}
{"timestamp":"2025-09-16T14:09:39,006","container":"e8fbc2c00ac2","level":"INFO","thread":"EthScheduler-Workers-0","class":"PersistBlockTask","message":"Block 303 (0x9a27b701c2ca3bc8a76d4db1d082c460990e63f3bee2d5090f3974616ea34e4e) is already imported","throwable":""}
{"timestamp":"2025-09-16T14:09:47,006","container":"e8fbc2c00ac2","level":"INFO","thread":"BftProcessorExecutor-QBFT-0","class":"QbftBesuControllerBuilder","message":"Produced #304 / 0 tx / 0 pending / 0 (0.0%) gas / (0x572c20e070e134a619ac94dc87659f21f24d6ca5e05dd67a43848dd589763199)","throwable":""}
{"timestamp":"2025-09-16T14:09:55,005","container":"e8fbc2c00ac2","level":"INFO","thread":"BftProcessorExecutor-QBFT-0","class":"QbftBesuControllerBuilder","message":"Imported #305 / 0 tx / 0 pending / 0 (0.0%) gas / (0xd97d98aa015b773f8cabc5df7fb8773f86417c68d1f3af78da0a1032975ab3aa)","throwable":""}
{"timestamp":"2025-09-16T14:10:03,008","container":"e8fbc2c00ac2","level":"INFO","thread":"EthScheduler-Workers-0","class":"PersistBlockTask","message":"Block 306 (0xa64d7eeb31c8dc06eec9fa2be18018b9ab4ec08dccdfac676fec913b90bb2c30) is already imported","throwable":""}
{"timestamp":"2025-09-16T14:10:03,008","container":"e8fbc2c00ac2","level":"INFO","thread":"BftProcessorExecutor-QBFT-0","class":"QbftBesuControllerBuilder","message":"Imported #306 / 0 tx / 0 pending / 0 (0.0%) gas / (0xa64d7eeb31c8dc06eec9fa2be18018b9ab4ec08dccdfac676fec913b90bb2c30)","throwable":""}
{"timestamp":"2025-09-16T14:10:11,009","container":"e8fbc2c00ac2","level":"INFO","thread":"BftProcessorExecutor-QBFT-0","class":"QbftBesuControllerBuilder","message":"Imported #307 / 0 tx / 0 pending / 0 (0.0%) gas / (0x95ca7f993940e5ccfa9a35330a2e4062508f06f24fdee3fe4e6136cc0b8f3792)","throwable":""}
{"timestamp":"2025-09-16T14:10:19,005","container":"e8fbc2c00ac2","level":"INFO","thread":"BftProcessorExecutor-QBFT-0","class":"QbftBesuControllerBuilder","message":"Produced #308 / 0 tx / 0 pending / 0 (0.0%) gas / (0xb98bbde42ddfb7a42accf39e20f098ee73fc19050bde3cd801ddad81ccc34948)","throwable":""}
{"timestamp":"2025-09-16T14:10:27,008","container":"e8fbc2c00ac2","level":"INFO","thread":"BftProcessorExecutor-QBFT-0","class":"QbftBesuControllerBuilder","message":"Imported #309 / 0 tx / 0 pending / 0 (0.0%) gas / (0xc8ecd45d21700bfac056c22876e8e0fb643bc0ac13b3bb8f01213e65280f4a08)","throwable":""}
{"timestamp":"2025-09-16T14:10:35,006","container":"e8fbc2c00ac2","level":"INFO","thread":"BftProcessorExecutor-QBFT-0","class":"QbftBesuControllerBuilder","message":"Imported #310 / 0 tx / 0 pending / 0 (0.0%) gas / (0x475b15c797dd32066f675fde09a239a4bfa33210a3ea7fd2ec903f6eba19075d)","throwable":""}
{"timestamp":"2025-09-16T14:10:43,005","container":"e8fbc2c00ac2","level":"INFO","thread":"BftProcessorExecutor-QBFT-0","class":"QbftBesuControllerBuilder","message":"Imported #311 / 0 tx / 0 pending / 0 (0.0%) gas / (0xddb11d389e4669cb17e97d9718843d541c28c3429b8d3f5e810b5aae86aa42e3)","throwable":""}
{"timestamp":"2025-09-16T14:10:51,006","container":"e8fbc2c00ac2","level":"INFO","thread":"BftProcessorExecutor-QBFT-0","class":"QbftBesuControllerBuilder","message":"Produced #312 / 0 tx / 0 pending / 0 (0.0%) gas / (0x8e2331a43571b02a65dbcf08cb774f482f92a9b6ce6dd03dd0a9cfaf1a673e42)","throwable":""}
{"timestamp":"2025-09-16T14:10:59,007","container":"e8fbc2c00ac2","level":"INFO","thread":"BftProcessorExecutor-QBFT-0","class":"QbftBesuControllerBuilder","message":"Imported #313 / 0 tx / 0 pending / 0 (0.0%) gas / (0x2df8be2c488f3e3b7d2c7dea46f43f213b4c6da4364f5090d2e9893791a98234)","throwable":""}
{"timestamp":"2025-09-16T14:11:07,006","container":"e8fbc2c00ac2","level":"INFO","thread":"BftProcessorExecutor-QBFT-0","class":"QbftBesuControllerBuilder","message":"Imported #314 / 0 tx / 0 pending / 0 (0.0%) gas / (0xa5ad4576b413cd1effa99cf5be0859aecfb50ed219f6ffbfe4710718a26d8618)","throwable":""}
{"timestamp":"2025-09-16T14:11:15,005","container":"e8fbc2c00ac2","level":"INFO","thread":"BftProcessorExecutor-QBFT-0","class":"QbftBesuControllerBuilder","message":"Imported #315 / 0 tx / 0 pending / 0 (0.0%) gas / (0xfc47d00421c4655547ef12c18a5a582022f4375eca83ab4aab8791ce9cdc0a9f)","throwable":""}
{"timestamp":"2025-09-16T14:11:23,005","container":"e8fbc2c00ac2","level":"INFO","thread":"BftProcessorExecutor-QBFT-0","class":"QbftBesuControllerBuilder","message":"Produced #316 / 0 tx / 0 pending / 0 (0.0%) gas / (0x58d014cb1d1f8deb6f0b2656a1c31383d8b20e5f06008631d5bbce3897f015a7)","throwable":""}
{"timestamp":"2025-09-16T14:11:31,005","container":"e8fbc2c00ac2","level":"INFO","thread":"BftProcessorExecutor-QBFT-0","class":"QbftBesuControllerBuilder","message":"Imported #317 / 0 tx / 0 pending / 0 (0.0%) gas / (0x429e014bb372c25b347b285c84c57368b4fd31849f80d9fe3ded5ac3336ceb9c)","throwable":""}
{"timestamp":"2025-09-16T14:11:39,005","container":"e8fbc2c00ac2","level":"INFO","thread":"BftProcessorExecutor-QBFT-0","class":"QbftBesuControllerBuilder","message":"Imported #318 / 0 tx / 0 pending / 0 (0.0%) gas / (0x9b37e1ce189fb2f7999550e1fab4f02aadb3824f2d347faf4de925811cb6c58a)","throwable":""}
{"timestamp":"2025-09-16T14:11:47,007","container":"e8fbc2c00ac2","level":"INFO","thread":"BftProcessorExecutor-QBFT-0","class":"QbftBesuControllerBuilder","message":"Imported #319 / 0 tx / 0 pending / 0 (0.0%) gas / (0xc0e277de1bb91eb828bcd8071a624e91a647a1def1bb9060b9dc743084d334f4)","throwable":""}
{"timestamp":"2025-09-16T14:11:55,009","container":"e8fbc2c00ac2","level":"INFO","thread":"BftProcessorExecutor-QBFT-0","class":"QbftBesuControllerBuilder","message":"Produced #320 / 0 tx / 0 pending / 0 (0.0%) gas / (0x013b2b3e1b73ee16bebe11d58c5b3e00c369f3f2cd7f081b822e9ef8c10e185b)","throwable":""}
{"timestamp":"2025-09-16T14:12:03,006","container":"e8fbc2c00ac2","level":"INFO","thread":"BftProcessorExecutor-QBFT-0","class":"QbftBesuControllerBuilder","message":"Imported #321 / 0 tx / 0 pending / 0 (0.0%) gas / (0x0998d01dd78777c2562072725e14dc641b5e76059d94fd80e2d0e0039c6f0dc0)","throwable":""}
{"timestamp":"2025-09-16T14:12:11,007","container":"e8fbc2c00ac2","level":"INFO","thread":"BftProcessorExecutor-QBFT-0","class":"QbftBesuControllerBuilder","message":"Imported #322 / 0 tx / 0 pending / 0 (0.0%) gas / (0x472750853a2033d996d7c87dcea0165c8655215163499ab76040600f1c6ca028)","throwable":""}
{"timestamp":"2025-09-16T14:12:19,008","container":"e8fbc2c00ac2","level":"INFO","thread":"BftProcessorExecutor-QBFT-0","class":"QbftBesuControllerBuilder","message":"Imported #323 / 0 tx / 0 pending / 0 (0.0%) gas / (0x8e037b996805074731c7cb8f3500aa5fd6100aa757b7902227373b1760cefd74)","throwable":""}
{"timestamp":"2025-09-16T14:12:19,008","container":"e8fbc2c00ac2","level":"INFO","thread":"EthScheduler-Workers-0","class":"PersistBlockTask","message":"Block 323 (0x8e037b996805074731c7cb8f3500aa5fd6100aa757b7902227373b1760cefd74) is already imported","throwable":""}
{"timestamp":"2025-09-16T14:12:27,005","container":"e8fbc2c00ac2","level":"INFO","thread":"BftProcessorExecutor-QBFT-0","class":"QbftBesuControllerBuilder","message":"Produced #324 / 0 tx / 0 pending / 0 (0.0%) gas / (0x4e55259e89ce19ee8ed0e27d354256281963ce8740755f759503b781a9b8bee2)","throwable":""}
{"timestamp":"2025-09-16T14:12:35,008","container":"e8fbc2c00ac2","level":"INFO","thread":"EthScheduler-Workers-0","class":"PersistBlockTask","message":"Block 325 (0xf4fd310e36b0b0b9a7f17e1ed1b0a7fa5d6f47ae14c4347f7633de405f547fff) is already imported","throwable":""}
{"timestamp":"2025-09-16T14:12:35,009","container":"e8fbc2c00ac2","level":"INFO","thread":"BftProcessorExecutor-QBFT-0","class":"QbftBesuControllerBuilder","message":"Imported #325 / 0 tx / 0 pending / 0 (0.0%) gas / (0xf4fd310e36b0b0b9a7f17e1ed1b0a7fa5d6f47ae14c4347f7633de405f547fff)","throwable":""}
{"timestamp":"2025-09-16T14:12:43,006","container":"e8fbc2c00ac2","level":"INFO","thread":"BftProcessorExecutor-QBFT-0","class":"QbftBesuControllerBuilder","message":"Imported #326 / 0 tx / 0 pending / 0 (0.0%) gas / (0x617eb9f6d734ae94e99f482b3c1e59d57ba12fc5b19d70b94b2733612b6aefba)","throwable":""}
{"timestamp":"2025-09-16T14:12:51,008","container":"e8fbc2c00ac2","level":"INFO","thread":"BftProcessorExecutor-QBFT-0","class":"QbftBesuControllerBuilder","message":"Imported #327 / 0 tx / 0 pending / 0 (0.0%) gas / (0x187b2d83001f587f29d352bb89eced8011257f20d850cb5db40486fda1d1c2b9)","throwable":""}
{"timestamp":"2025-09-16T14:12:59,008","container":"e8fbc2c00ac2","level":"INFO","thread":"BftProcessorExecutor-QBFT-0","class":"QbftBesuControllerBuilder","message":"Produced #328 / 0 tx / 0 pending / 0 (0.0%) gas / (0x36c8a8ab87595b092cbafbaaf2bd3bee59377788bbbff7d667dfac88dd782ad8)","throwable":""}
{"timestamp":"2025-09-16T14:13:07,007","container":"e8fbc2c00ac2","level":"INFO","thread":"BftProcessorExecutor-QBFT-0","class":"QbftBesuControllerBuilder","message":"Imported #329 / 0 tx / 0 pending / 0 (0.0%) gas / (0x32e0a2024104f966a6f6e11f057c0825e5047c3b75bd39118aafeac3496ab124)","throwable":""}
{"timestamp":"2025-09-16T14:13:15,009","container":"e8fbc2c00ac2","level":"INFO","thread":"EthScheduler-Workers-0","class":"PersistBlockTask","message":"Block 330 (0x06b7ec15b86553257624562b73bc766fd47351c2bde4431b1a9cfaad8ac80606) is already imported","throwable":""}
{"timestamp":"2025-09-16T14:13:15,009","container":"e8fbc2c00ac2","level":"INFO","thread":"BftProcessorExecutor-QBFT-0","class":"QbftBesuControllerBuilder","message":"Imported #330 / 0 tx / 0 pending / 0 (0.0%) gas / (0x06b7ec15b86553257624562b73bc766fd47351c2bde4431b1a9cfaad8ac80606)","throwable":""}
{"timestamp":"2025-09-16T14:13:23,006","container":"e8fbc2c00ac2","level":"INFO","thread":"BftProcessorExecutor-QBFT-0","class":"QbftBesuControllerBuilder","message":"Imported #331 / 0 tx / 0 pending / 0 (0.0%) gas / (0xc8417c293f3e4d657c62a87aae1028fe3f752fd57c8453da1fe8f952f0bd0671)","throwable":""}
{"timestamp":"2025-09-16T14:13:31,006","container":"e8fbc2c00ac2","level":"INFO","thread":"BftProcessorExecutor-QBFT-0","class":"QbftBesuControllerBuilder","message":"Produced #332 / 0 tx / 0 pending / 0 (0.0%) gas / (0x7b4201f441197472f87d15529dd50023f7aae3b8fe1c214452d8f44dd5e1a4d3)","throwable":""}
{"timestamp":"2025-09-16T14:13:39,006","container":"e8fbc2c00ac2","level":"INFO","thread":"BftProcessorExecutor-QBFT-0","class":"QbftBesuControllerBuilder","message":"Imported #333 / 0 tx / 0 pending / 0 (0.0%) gas / (0x5d2225a99635451cd503f1d068bab72b46f2bb7329dea4473a08409a2944ac2d)","throwable":""}
{"timestamp":"2025-09-16T14:13:47,008","container":"e8fbc2c00ac2","level":"INFO","thread":"BftProcessorExecutor-QBFT-0","class":"QbftBesuControllerBuilder","message":"Imported #334 / 0 tx / 0 pending / 0 (0.0%) gas / (0xfc5e02ae01410a039b40621f9f762da98de00f3f6a7185ca29b28e6485290551)","throwable":""}
{"timestamp":"2025-09-16T14:13:55,009","container":"e8fbc2c00ac2","level":"INFO","thread":"BftProcessorExecutor-QBFT-0","class":"QbftBesuControllerBuilder","message":"Imported #335 / 0 tx / 0 pending / 0 (0.0%) gas / (0x2f686df89185071bc3c9de739346f8ee2c257d182feaa1cdbc35b80f83569904)","throwable":""}
{"timestamp":"2025-09-16T14:14:03,006","container":"e8fbc2c00ac2","level":"INFO","thread":"BftProcessorExecutor-QBFT-0","class":"QbftBesuControllerBuilder","message":"Produced #336 / 0 tx / 0 pending / 0 (0.0%) gas / (0x2f4b1590b5a35ad687c0329b5cd326fa557de975fec4fe08e30092abc5c97d83)","throwable":""}
{"timestamp":"2025-09-16T14:14:11,006","container":"e8fbc2c00ac2","level":"INFO","thread":"BftProcessorExecutor-QBFT-0","class":"QbftBesuControllerBuilder","message":"Imported #337 / 0 tx / 0 pending / 0 (0.0%) gas / (0x2bae7909af6eec4dc7b5035f2a69b64185fd4a3c8b44604bef39103e5986e3ff)","throwable":""}
{"timestamp":"2025-09-16T14:14:19,006","container":"e8fbc2c00ac2","level":"INFO","thread":"BftProcessorExecutor-QBFT-0","class":"QbftBesuControllerBuilder","message":"Imported #338 / 0 tx / 0 pending / 0 (0.0%) gas / (0xd4fa2b9e253c20e837e9aae8822ac6268a77ff01eb029377bc7d825d817056a7)","throwable":""}
{"timestamp":"2025-09-16T14:14:27,006","container":"e8fbc2c00ac2","level":"INFO","thread":"BftProcessorExecutor-QBFT-0","class":"QbftBesuControllerBuilder","message":"Imported #339 / 0 tx / 0 pending / 0 (0.0%) gas / (0xcac8beb154ad3240f679ce37833befc566c0fe95f24698db768057eb293aa7d8)","throwable":""}
{"timestamp":"2025-09-16T14:14:35,006","container":"e8fbc2c00ac2","level":"INFO","thread":"BftProcessorExecutor-QBFT-0","class":"QbftBesuControllerBuilder","message":"Produced #340 / 0 tx / 0 pending / 0 (0.0%) gas / (0x0ace868dc065ce29d70dad8478cd0a9c39941a58dbf678abe68094580153144c)","throwable":""}
{"timestamp":"2025-09-16T14:14:43,006","container":"e8fbc2c00ac2","level":"INFO","thread":"BftProcessorExecutor-QBFT-0","class":"QbftBesuControllerBuilder","message":"Imported #341 / 0 tx / 0 pending / 0 (0.0%) gas / (0xe34b09503a280a844f9fd3056be03f0de97908feddcc2fc611c4d3cd0a4cc256)","throwable":""}
{"timestamp":"2025-09-16T14:14:51,008","container":"e8fbc2c00ac2","level":"INFO","thread":"BftProcessorExecutor-QBFT-0","class":"QbftBesuControllerBuilder","message":"Imported #342 / 0 tx / 0 pending / 0 (0.0%) gas / (0x607f9ed170318d671d91b7349cf8387c58fc4de6bc2f7cce2aacb1f839bef134)","throwable":""}
{"timestamp":"2025-09-16T14:14:59,006","container":"e8fbc2c00ac2","level":"INFO","thread":"BftProcessorExecutor-QBFT-0","class":"QbftBesuControllerBuilder","message":"Imported #343 / 0 tx / 0 pending / 0 (0.0%) gas / (0xd1bc0c64d71f272f4ffe6a7168d65547d72c322f62318ee5b23d3574a9c03561)","throwable":""}
{"timestamp":"2025-09-16T14:15:07,007","container":"e8fbc2c00ac2","level":"INFO","thread":"BftProcessorExecutor-QBFT-0","class":"QbftBesuControllerBuilder","message":"Produced #344 / 0 tx / 0 pending / 0 (0.0%) gas / (0xa68fd1c8957749260417fd7f45d4e84c8c7a5ef4d7ac708f7d34067034f30173)","throwable":""}
{"timestamp":"2025-09-16T14:15:15,007","container":"e8fbc2c00ac2","level":"INFO","thread":"EthScheduler-Workers-0","class":"PersistBlockTask","message":"Block 345 (0xee45ac37fc7ef86999309a30944dd0ec734ca90399bdb614e97d1d0a4b5edfb1) is already imported","throwable":""}
{"timestamp":"2025-09-16T14:15:15,007","container":"e8fbc2c00ac2","level":"INFO","thread":"BftProcessorExecutor-QBFT-0","class":"QbftBesuControllerBuilder","message":"Imported #345 / 0 tx / 0 pending / 0 (0.0%) gas / (0xee45ac37fc7ef86999309a30944dd0ec734ca90399bdb614e97d1d0a4b5edfb1)","throwable":""}
{"timestamp":"2025-09-16T14:15:23,007","container":"e8fbc2c00ac2","level":"INFO","thread":"BftProcessorExecutor-QBFT-0","class":"QbftBesuControllerBuilder","message":"Imported #346 / 0 tx / 0 pending / 0 (0.0%) gas / (0x5c16983aa88d4bc8053e319694f51600f815780d9ed5c838cbf261ecff6d59a5)","throwable":""}
{"timestamp":"2025-09-16T14:15:31,010","container":"e8fbc2c00ac2","level":"INFO","thread":"EthScheduler-Workers-0","class":"PersistBlockTask","message":"Block 347 (0xc977833edc6061231583ebad3e1b81aa4c515b0ba715aca7fa5291e19ad34202) is already imported","throwable":""}
{"timestamp":"2025-09-16T14:15:31,010","container":"e8fbc2c00ac2","level":"INFO","thread":"BftProcessorExecutor-QBFT-0","class":"QbftBesuControllerBuilder","message":"Imported #347 / 0 tx / 0 pending / 0 (0.0%) gas / (0xc977833edc6061231583ebad3e1b81aa4c515b0ba715aca7fa5291e19ad34202)","throwable":""}
{"timestamp":"2025-09-16T14:15:39,006","container":"e8fbc2c00ac2","level":"INFO","thread":"BftProcessorExecutor-QBFT-0","class":"QbftBesuControllerBuilder","message":"Produced #348 / 0 tx / 0 pending / 0 (0.0%) gas / (0xf800c3bb8931560fe911958fb14733cfb42a95f791791318554976f672a887e1)","throwable":""}
{"timestamp":"2025-09-16T14:15:47,006","container":"e8fbc2c00ac2","level":"INFO","thread":"BftProcessorExecutor-QBFT-0","class":"QbftBesuControllerBuilder","message":"Imported #349 / 0 tx / 0 pending / 0 (0.0%) gas / (0xeba74f1b04f24d5a28a3df7cefcb5ecb83e1fe467a9f4e0ba78f707d35cd9008)","throwable":""}
{"timestamp":"2025-09-16T14:15:55,006","container":"e8fbc2c00ac2","level":"INFO","thread":"BftProcessorExecutor-QBFT-0","class":"QbftBesuControllerBuilder","message":"Imported #350 / 0 tx / 0 pending / 0 (0.0%) gas / (0xfff8a82ddfddbf9166aa8d26fd5c72fc1da87ea4ffa6eec6b6171fdfb33ebfca)","throwable":""}
{"timestamp":"2025-09-16T14:16:03,007","container":"e8fbc2c00ac2","level":"INFO","thread":"BftProcessorExecutor-QBFT-0","class":"QbftBesuControllerBuilder","message":"Imported #351 / 0 tx / 0 pending / 0 (0.0%) gas / (0xe107ae3b6764362eaab6e6f589c2d5167c2ccf77e9bbdc3015100bbc98c70638)","throwable":""}
{"timestamp":"2025-09-16T14:16:11,005","container":"e8fbc2c00ac2","level":"INFO","thread":"BftProcessorExecutor-QBFT-0","class":"QbftBesuControllerBuilder","message":"Produced #352 / 0 tx / 0 pending / 0 (0.0%) gas / (0x31e12f14b2f16822f179104b23be4d2d8ac5a81c338a68570d3383b02a155f0f)","throwable":""}
{"timestamp":"2025-09-16T14:16:19,006","container":"e8fbc2c00ac2","level":"INFO","thread":"BftProcessorExecutor-QBFT-0","class":"QbftBesuControllerBuilder","message":"Imported #353 / 0 tx / 0 pending / 0 (0.0%) gas / (0x9fed8f5b936104fc9b8bdd2d1cc423ce3770110bc21024a0ab6f1dc07ea8b6f7)","throwable":""}
{"timestamp":"2025-09-16T14:16:27,007","container":"e8fbc2c00ac2","level":"INFO","thread":"EthScheduler-Workers-0","class":"PersistBlockTask","message":"Block 354 (0x67473b46ca138a19993d31c122c4b591a1a6637653d03dff731193ab9f19dd4f) is already imported","throwable":""}
{"timestamp":"2025-09-16T14:16:27,007","container":"e8fbc2c00ac2","level":"INFO","thread":"BftProcessorExecutor-QBFT-0","class":"QbftBesuControllerBuilder","message":"Imported #354 / 0 tx / 0 pending / 0 (0.0%) gas / (0x67473b46ca138a19993d31c122c4b591a1a6637653d03dff731193ab9f19dd4f)","throwable":""}
{"timestamp":"2025-09-16T14:16:35,007","container":"e8fbc2c00ac2","level":"INFO","thread":"BftProcessorExecutor-QBFT-0","class":"QbftBesuControllerBuilder","message":"Imported #355 / 0 tx / 0 pending / 0 (0.0%) gas / (0x2a0dec491fcaaa3edd40dd2a52171d14fa88dd7673fd6d607a62d76b0834f453)","throwable":""}
{"timestamp":"2025-09-16T14:16:43,006","container":"e8fbc2c00ac2","level":"INFO","thread":"BftProcessorExecutor-QBFT-0","class":"QbftBesuControllerBuilder","message":"Produced #356 / 0 tx / 0 pending / 0 (0.0%) gas / (0x641723ecbc87fffd8d68f1ad0afcc6c07f492313bf7be537a852a8b1eaf1338f)","throwable":""}
{"timestamp":"2025-09-16T14:16:51,006","container":"e8fbc2c00ac2","level":"INFO","thread":"BftProcessorExecutor-QBFT-0","class":"QbftBesuControllerBuilder","message":"Imported #357 / 0 tx / 0 pending / 0 (0.0%) gas / (0xa7df5ac32f98464fea4f90495db1e902c488166dd9485c8a2a8d9eaff5471e78)","throwable":""}
{"timestamp":"2025-09-16T14:16:59,009","container":"e8fbc2c00ac2","level":"INFO","thread":"EthScheduler-Workers-0","class":"PersistBlockTask","message":"Block 358 (0xef67d95874b6939ee471fe5bd88049dcf29695e604b7ad0042864ef6057399e5) is already imported","throwable":""}
{"timestamp":"2025-09-16T14:16:59,010","container":"e8fbc2c00ac2","level":"INFO","thread":"BftProcessorExecutor-QBFT-0","class":"QbftBesuControllerBuilder","message":"Imported #358 / 0 tx / 0 pending / 0 (0.0%) gas / (0xef67d95874b6939ee471fe5bd88049dcf29695e604b7ad0042864ef6057399e5)","throwable":""}
{"timestamp":"2025-09-16T14:17:07,007","container":"e8fbc2c00ac2","level":"INFO","thread":"BftProcessorExecutor-QBFT-0","class":"QbftBesuControllerBuilder","message":"Imported #359 / 0 tx / 0 pending / 0 (0.0%) gas / (0xcb49b58f6ba8fbcab4cd0f98e37935b85804427ff2f8cd79eae3ce229ac53552)","throwable":""}
{"timestamp":"2025-09-16T14:17:15,009","container":"e8fbc2c00ac2","level":"INFO","thread":"EthScheduler-Workers-0","class":"PersistBlockTask","message":"Block 360 (0x7cf6461538a8c6084c28df05b6bae8ba0aa3de38398fa9adacb723b53be84b1a) is already imported","throwable":""}
{"timestamp":"2025-09-16T14:17:15,009","container":"e8fbc2c00ac2","level":"INFO","thread":"BftProcessorExecutor-QBFT-0","class":"QbftBesuControllerBuilder","message":"Produced #360 / 0 tx / 0 pending / 0 (0.0%) gas / (0x7cf6461538a8c6084c28df05b6bae8ba0aa3de38398fa9adacb723b53be84b1a)","throwable":""}
{"timestamp":"2025-09-16T14:17:23,006","container":"e8fbc2c00ac2","level":"INFO","thread":"BftProcessorExecutor-QBFT-0","class":"QbftBesuControllerBuilder","message":"Imported #361 / 0 tx / 0 pending / 0 (0.0%) gas / (0x2809d16c6eec10b6180ae71306246f8ad4460b7077ae0f0fd5809686838afe08)","throwable":""}
{"timestamp":"2025-09-16T14:17:31,007","container":"e8fbc2c00ac2","level":"INFO","thread":"BftProcessorExecutor-QBFT-0","class":"QbftBesuControllerBuilder","message":"Imported #362 / 0 tx / 0 pending / 0 (0.0%) gas / (0x3110eed1eed2aa4dd2b815d4dabeb77b88c69f23144a0b497c2314920eb90dc0)","throwable":""}
{"timestamp":"2025-09-16T14:17:39,008","container":"e8fbc2c00ac2","level":"INFO","thread":"BftProcessorExecutor-QBFT-0","class":"QbftBesuControllerBuilder","message":"Imported #363 / 0 tx / 0 pending / 0 (0.0%) gas / (0x7c216b14b5aecfff32f60c38847b20cb90033e59c36058bd0289b4a160206989)","throwable":""}
{"timestamp":"2025-09-16T14:17:47,007","container":"e8fbc2c00ac2","level":"INFO","thread":"BftProcessorExecutor-QBFT-0","class":"QbftBesuControllerBuilder","message":"Produced #364 / 0 tx / 0 pending / 0 (0.0%) gas / (0xa6e888704be7980b5e76bfcb9aa356b8b6be284a29283695958e6f8c49de2241)","throwable":""}
{"timestamp":"2025-09-16T14:17:55,007","container":"e8fbc2c00ac2","level":"INFO","thread":"BftProcessorExecutor-QBFT-0","class":"QbftBesuControllerBuilder","message":"Imported #365 / 0 tx / 0 pending / 0 (0.0%) gas / (0x28cbdfef2869507e182feb164a7fe5cb5d43b9c01669a4b6867b007bc1da3979)","throwable":""}
{"timestamp":"2025-09-16T14:18:03,009","container":"e8fbc2c00ac2","level":"INFO","thread":"BftProcessorExecutor-QBFT-0","class":"QbftBesuControllerBuilder","message":"Imported #366 / 0 tx / 0 pending / 0 (0.0%) gas / (0xe1300dc4f0de4e5a78f98887884f37ff1c39da606d5d1edf681baf3e4c6c0176)","throwable":""}
{"timestamp":"2025-09-16T14:18:11,008","container":"e8fbc2c00ac2","level":"INFO","thread":"BftProcessorExecutor-QBFT-0","class":"QbftBesuControllerBuilder","message":"Imported #367 / 0 tx / 0 pending / 0 (0.0%) gas / (0xea5aefbed487e337de5988befab3ef51834eda4fbc9f281730454403c6ab1769)","throwable":""}
{"timestamp":"2025-09-16T14:18:19,007","container":"e8fbc2c00ac2","level":"INFO","thread":"BftProcessorExecutor-QBFT-0","class":"QbftBesuControllerBuilder","message":"Produced #368 / 0 tx / 0 pending / 0 (0.0%) gas / (0x95869d7ceebbf5346fa359f0049479c03b624ed5fb9c1deceea79abaa2f3f1f3)","throwable":""}
{"timestamp":"2025-09-16T14:18:27,009","container":"e8fbc2c00ac2","level":"INFO","thread":"BftProcessorExecutor-QBFT-0","class":"QbftBesuControllerBuilder","message":"Imported #369 / 0 tx / 0 pending / 0 (0.0%) gas / (0xe9672da0605f904a6110bebf5edc69e2f4f484a2df1277dbbaf2a1dd90c747b5)","throwable":""}
{"timestamp":"2025-09-16T14:18:35,009","container":"e8fbc2c00ac2","level":"INFO","thread":"BftProcessorExecutor-QBFT-0","class":"QbftBesuControllerBuilder","message":"Imported #370 / 0 tx / 0 pending / 0 (0.0%) gas / (0x0b561dc75666085f0ed2dca88bea29cec6d5213deb3db3519aaee157b902433d)","throwable":""}
{"timestamp":"2025-09-16T14:18:43,008","container":"e8fbc2c00ac2","level":"INFO","thread":"BftProcessorExecutor-QBFT-0","class":"QbftBesuControllerBuilder","message":"Imported #371 / 0 tx / 0 pending / 0 (0.0%) gas / (0x20c6d9519bb662f35a3f41981bda7e36ecbdaa118f8673b4f4773b2ccc1e557b)","throwable":""}
{"timestamp":"2025-09-16T14:18:51,009","container":"e8fbc2c00ac2","level":"INFO","thread":"BftProcessorExecutor-QBFT-0","class":"QbftBesuControllerBuilder","message":"Produced #372 / 0 tx / 0 pending / 0 (0.0%) gas / (0x8cfc3e6fd9717d27d42bf987289722a30a36ea2d7692b39f09c48dc06eeee723)","throwable":""}
{"timestamp":"2025-09-16T14:18:59,007","container":"e8fbc2c00ac2","level":"INFO","thread":"BftProcessorExecutor-QBFT-0","class":"QbftBesuControllerBuilder","message":"Imported #373 / 0 tx / 0 pending / 0 (0.0%) gas / (0x3041d16895c412e47807e80e0fc78b0766de0501c56c51529e0e350a3ca9cffc)","throwable":""}
{"timestamp":"2025-09-16T14:19:07,008","container":"e8fbc2c00ac2","level":"INFO","thread":"BftProcessorExecutor-QBFT-0","class":"QbftBesuControllerBuilder","message":"Imported #374 / 0 tx / 0 pending / 0 (0.0%) gas / (0xd9bd8d008ae5e8242cb0fe2d0f913446aa010ddf2703c026b549a3c73afc8d21)","throwable":""}
{"timestamp":"2025-09-16T14:19:15,007","container":"e8fbc2c00ac2","level":"INFO","thread":"BftProcessorExecutor-QBFT-0","class":"QbftBesuControllerBuilder","message":"Imported #375 / 0 tx / 0 pending / 0 (0.0%) gas / (0x638ebbae197a43d822ac4c09d503ba40bc256b7f4c8110a00b7ea400a8d51f96)","throwable":""}
{"timestamp":"2025-09-16T14:19:23,006","container":"e8fbc2c00ac2","level":"INFO","thread":"BftProcessorExecutor-QBFT-0","class":"QbftBesuControllerBuilder","message":"Produced #376 / 0 tx / 0 pending / 0 (0.0%) gas / (0x5386baaabe9a72ae932fd4ba50cc19d83bfcd8fbdfb6179f3dc9a1be5b999794)","throwable":""}
{"timestamp":"2025-09-16T14:19:31,006","container":"e8fbc2c00ac2","level":"INFO","thread":"BftProcessorExecutor-QBFT-0","class":"QbftBesuControllerBuilder","message":"Imported #377 / 0 tx / 0 pending / 0 (0.0%) gas / (0x6fe6882d4e79723654b4544fd6e1ed0d0b8cf32a8af08dd5206ba9893abe526d)","throwable":""}
{"timestamp":"2025-09-16T14:19:39,006","container":"e8fbc2c00ac2","level":"INFO","thread":"BftProcessorExecutor-QBFT-0","class":"QbftBesuControllerBuilder","message":"Imported #378 / 0 tx / 0 pending / 0 (0.0%) gas / (0xfcc590b00fa1a806e2e8a32a2dd577171788bd21db440b32b5c0872fcf088aa0)","throwable":""}
{"timestamp":"2025-09-16T14:19:47,007","container":"e8fbc2c00ac2","level":"INFO","thread":"BftProcessorExecutor-QBFT-0","class":"QbftBesuControllerBuilder","message":"Imported #379 / 0 tx / 0 pending / 0 (0.0%) gas / (0xd21437b21fc9d21e9bdb31483fe630c668982dec21b13f1113a37188dbc9e04a)","throwable":""}
{"timestamp":"2025-09-16T14:19:55,008","container":"e8fbc2c00ac2","level":"INFO","thread":"BftProcessorExecutor-QBFT-0","class":"QbftBesuControllerBuilder","message":"Produced #380 / 0 tx / 0 pending / 0 (0.0%) gas / (0xea9a9dd916290da01fb6f04f562f7e1431988551372edcefc51afa8ab39fe0f0)","throwable":""}
{"timestamp":"2025-09-16T14:20:03,009","container":"e8fbc2c00ac2","level":"INFO","thread":"BftProcessorExecutor-QBFT-0","class":"QbftBesuControllerBuilder","message":"Imported #381 / 0 tx / 0 pending / 0 (0.0%) gas / (0x51e00805ff2f862c57c62dea9005b04c842e978f6604cef9e01c4ae0350cad65)","throwable":""}
{"timestamp":"2025-09-16T14:20:11,008","container":"e8fbc2c00ac2","level":"INFO","thread":"BftProcessorExecutor-QBFT-0","class":"QbftBesuControllerBuilder","message":"Imported #382 / 0 tx / 0 pending / 0 (0.0%) gas / (0x7d7a75e392624c43c59637bc6f3d1305140b736a641f523a70cbb4e7fd03cff4)","throwable":""}
{"timestamp":"2025-09-16T14:20:19,008","container":"e8fbc2c00ac2","level":"INFO","thread":"BftProcessorExecutor-QBFT-0","class":"QbftBesuControllerBuilder","message":"Imported #383 / 0 tx / 0 pending / 0 (0.0%) gas / (0x4370ee5a1dd381a9a2cca01bfd87074b89bed1011b4eae7c608b07efeba6b390)","throwable":""}
{"timestamp":"2025-09-16T14:20:27,009","container":"e8fbc2c00ac2","level":"INFO","thread":"BftProcessorExecutor-QBFT-0","class":"QbftBesuControllerBuilder","message":"Produced #384 / 0 tx / 0 pending / 0 (0.0%) gas / (0x638254243892a97f1b6e7bbccc060a8715db9d24c2861ce048eeecc97691b4b0)","throwable":""}
{"timestamp":"2025-09-16T14:20:35,009","container":"e8fbc2c00ac2","level":"INFO","thread":"BftProcessorExecutor-QBFT-0","class":"QbftBesuControllerBuilder","message":"Imported #385 / 0 tx / 0 pending / 0 (0.0%) gas / (0xdd851b292e35915510ab54c1d9d8b82c3c33108549a07516e78c3256470a0f8e)","throwable":""}
{"timestamp":"2025-09-16T14:20:35,009","container":"e8fbc2c00ac2","level":"INFO","thread":"EthScheduler-Workers-0","class":"PersistBlockTask","message":"Block 385 (0xdd851b292e35915510ab54c1d9d8b82c3c33108549a07516e78c3256470a0f8e) is already imported","throwable":""}
{"timestamp":"2025-09-16T14:20:43,006","container":"e8fbc2c00ac2","level":"INFO","thread":"BftProcessorExecutor-QBFT-0","class":"QbftBesuControllerBuilder","message":"Imported #386 / 0 tx / 0 pending / 0 (0.0%) gas / (0x717e4237361defc0f910a7d3dc88bad2deabecb761576c63704b20821763a390)","throwable":""}
{"timestamp":"2025-09-16T14:20:51,008","container":"e8fbc2c00ac2","level":"INFO","thread":"BftProcessorExecutor-QBFT-0","class":"QbftBesuControllerBuilder","message":"Imported #387 / 0 tx / 0 pending / 0 (0.0%) gas / (0x878ccc0dcb3122c63ca6bf4d8306504aebb8a918b33af78c3b971997e1c019c3)","throwable":""}
{"timestamp":"2025-09-16T14:20:59,006","container":"e8fbc2c00ac2","level":"INFO","thread":"EthScheduler-Workers-0","class":"PersistBlockTask","message":"Block 388 (0x3d38b3392e9feb871a9c9f1f1f635d8797631f1559fcf21db416f052ac76520e) is already imported","throwable":""}
{"timestamp":"2025-09-16T14:20:59,006","container":"e8fbc2c00ac2","level":"INFO","thread":"BftProcessorExecutor-QBFT-0","class":"QbftBesuControllerBuilder","message":"Produced #388 / 0 tx / 0 pending / 0 (0.0%) gas / (0x3d38b3392e9feb871a9c9f1f1f635d8797631f1559fcf21db416f052ac76520e)","throwable":""}
{"timestamp":"2025-09-16T14:21:07,007","container":"e8fbc2c00ac2","level":"INFO","thread":"EthScheduler-Workers-0","class":"PersistBlockTask","message":"Block 389 (0x3be7f9f779db98c35ffb9914f10e95a68bb5860036d150e29c5a934b55571b40) is already imported","throwable":""}
{"timestamp":"2025-09-16T14:21:07,007","container":"e8fbc2c00ac2","level":"INFO","thread":"BftProcessorExecutor-QBFT-0","class":"QbftBesuControllerBuilder","message":"Imported #389 / 0 tx / 0 pending / 0 (0.0%) gas / (0x3be7f9f779db98c35ffb9914f10e95a68bb5860036d150e29c5a934b55571b40)","throwable":""}
{"timestamp":"2025-09-16T14:21:15,006","container":"e8fbc2c00ac2","level":"INFO","thread":"BftProcessorExecutor-QBFT-0","class":"QbftBesuControllerBuilder","message":"Imported #390 / 0 tx / 0 pending / 0 (0.0%) gas / (0x6308fa3de540c0d4220fec7926a4c141808239c9d84789c849766e4347db63f7)","throwable":""}
{"timestamp":"2025-09-16T14:21:23,005","container":"e8fbc2c00ac2","level":"INFO","thread":"BftProcessorExecutor-QBFT-0","class":"QbftBesuControllerBuilder","message":"Imported #391 / 0 tx / 0 pending / 0 (0.0%) gas / (0x1f54b565eaddee99e99f3c33fb198f0914cc4b5feefb42aaef8e3f13650d7db8)","throwable":""}
{"timestamp":"2025-09-16T14:21:31,005","container":"e8fbc2c00ac2","level":"INFO","thread":"BftProcessorExecutor-QBFT-0","class":"QbftBesuControllerBuilder","message":"Produced #392 / 0 tx / 0 pending / 0 (0.0%) gas / (0x10dda172c839e6e2e25c79e854017d9f0ba91f281282ed1734e4975d50cd3131)","throwable":""}
{"timestamp":"2025-09-16T14:21:39,007","container":"e8fbc2c00ac2","level":"INFO","thread":"BftProcessorExecutor-QBFT-0","class":"QbftBesuControllerBuilder","message":"Imported #393 / 0 tx / 0 pending / 0 (0.0%) gas / (0xe46c0bdc9a21be04da8e9b21c0599d9a341543d0350943dcaf77e3bd8e1b1150)","throwable":""}
{"timestamp":"2025-09-16T14:21:47,006","container":"e8fbc2c00ac2","level":"INFO","thread":"BftProcessorExecutor-QBFT-0","class":"QbftBesuControllerBuilder","message":"Imported #394 / 0 tx / 0 pending / 0 (0.0%) gas / (0x78e79924e2a5f965cdab3c5bbc2b55af6f94e42bb752ee14594da5eb92e2323f)","throwable":""}
{"timestamp":"2025-09-16T14:21:55,006","container":"e8fbc2c00ac2","level":"INFO","thread":"BftProcessorExecutor-QBFT-0","class":"QbftBesuControllerBuilder","message":"Imported #395 / 0 tx / 0 pending / 0 (0.0%) gas / (0xd336386fdc07f9002df667121c96f62734eb49d819f4fec9acdcf39f2a75952c)","throwable":""}
{"timestamp":"2025-09-16T14:22:03,010","container":"e8fbc2c00ac2","level":"INFO","thread":"EthScheduler-Workers-0","class":"PersistBlockTask","message":"Block 396 (0x1ff338b3f45649180761682f8d1131ad58ac0f1d021ef66b7ef2a64383bafea2) is already imported","throwable":""}
{"timestamp":"2025-09-16T14:22:03,010","container":"e8fbc2c00ac2","level":"INFO","thread":"BftProcessorExecutor-QBFT-0","class":"QbftBesuControllerBuilder","message":"Produced #396 / 0 tx / 0 pending / 0 (0.0%) gas / (0x1ff338b3f45649180761682f8d1131ad58ac0f1d021ef66b7ef2a64383bafea2)","throwable":""}
{"timestamp":"2025-09-16T14:22:11,005","container":"e8fbc2c00ac2","level":"INFO","thread":"BftProcessorExecutor-QBFT-0","class":"QbftBesuControllerBuilder","message":"Imported #397 / 0 tx / 0 pending / 0 (0.0%) gas / (0x8cbcdcedf748a982192f515b81d8d5105bed86d60f0dcc6a46e6e4c1fc09fb8e)","throwable":""}
{"timestamp":"2025-09-16T14:22:19,006","container":"e8fbc2c00ac2","level":"INFO","thread":"BftProcessorExecutor-QBFT-0","class":"QbftBesuControllerBuilder","message":"Imported #398 / 0 tx / 0 pending / 0 (0.0%) gas / (0xa2c8291c7c56ad702d0c1605e4b94d580f6f0c3aca7caf57231c3163bb4f585a)","throwable":""}
{"timestamp":"2025-09-16T14:22:27,005","container":"e8fbc2c00ac2","level":"INFO","thread":"BftProcessorExecutor-QBFT-0","class":"QbftBesuControllerBuilder","message":"Imported #399 / 0 tx / 0 pending / 0 (0.0%) gas / (0x8dc0e90a4bd997311e0c025e2164854fcc4b6115db3a099b99115d7fd8b8cb53)","throwable":""}
{"timestamp":"2025-09-16T14:22:35,005","container":"e8fbc2c00ac2","level":"INFO","thread":"BftProcessorExecutor-QBFT-0","class":"QbftBesuControllerBuilder","message":"Produced #400 / 0 tx / 0 pending / 0 (0.0%) gas / (0x25a7b7119ab0339ba66e4e19d0f10bc1f51dd7e2ce7bdc5ea78cc1f42d819414)","throwable":""}
{"timestamp":"2025-09-16T14:22:43,006","container":"e8fbc2c00ac2","level":"INFO","thread":"BftProcessorExecutor-QBFT-0","class":"QbftBesuControllerBuilder","message":"Imported #401 / 0 tx / 0 pending / 0 (0.0%) gas / (0x8ae3ab17e05423aea3d801eaffc0baae32e8715752af38ee419a6f34e86cf45b)","throwable":""}
{"timestamp":"2025-09-16T14:22:51,005","container":"e8fbc2c00ac2","level":"INFO","thread":"BftProcessorExecutor-QBFT-0","class":"QbftBesuControllerBuilder","message":"Imported #402 / 0 tx / 0 pending / 0 (0.0%) gas / (0xa5938193bc1b245d0d25500cddbc74c4f094a4e8b9608f3256e1e3764269fd22)","throwable":""}
{"timestamp":"2025-09-16T14:22:59,007","container":"e8fbc2c00ac2","level":"INFO","thread":"EthScheduler-Workers-0","class":"PersistBlockTask","message":"Block 403 (0xaa00ce99e3b00519dc7443bcde1b313ab18e2ab4c09dae179f989aabc005d80a) is already imported","throwable":""}
{"timestamp":"2025-09-16T14:22:59,007","container":"e8fbc2c00ac2","level":"INFO","thread":"BftProcessorExecutor-QBFT-0","class":"QbftBesuControllerBuilder","message":"Imported #403 / 0 tx / 0 pending / 0 (0.0%) gas / (0xaa00ce99e3b00519dc7443bcde1b313ab18e2ab4c09dae179f989aabc005d80a)","throwable":""}
{"timestamp":"2025-09-16T14:23:07,007","container":"e8fbc2c00ac2","level":"INFO","thread":"BftProcessorExecutor-QBFT-0","class":"QbftBesuControllerBuilder","message":"Produced #404 / 0 tx / 0 pending / 0 (0.0%) gas / (0x88381453ca6a1b4ad6b1befae672b25b619e03a81527fc8e2d211a2683661f67)","throwable":""}
{"timestamp":"2025-09-16T14:23:07,007","container":"e8fbc2c00ac2","level":"INFO","thread":"EthScheduler-Workers-0","class":"PersistBlockTask","message":"Imported #404 / 0 tx / 0 om / 0 (0.0%) gas / (0x88381453ca6a1b4ad6b1befae672b25b619e03a81527fc8e2d211a2683661f67) in 0.001s. Peers: 5","throwable":""}
{"timestamp":"2025-09-16T14:23:15,007","container":"e8fbc2c00ac2","level":"INFO","thread":"EthScheduler-Workers-0","class":"PersistBlockTask","message":"Block 405 (0xabd339b7a6de414ddda032ea99c0dd10602728f60a018ae70a201d547df6dcf4) is already imported","throwable":""}
{"timestamp":"2025-09-16T14:23:15,007","container":"e8fbc2c00ac2","level":"INFO","thread":"BftProcessorExecutor-QBFT-0","class":"QbftBesuControllerBuilder","message":"Imported #405 / 0 tx / 0 pending / 0 (0.0%) gas / (0xabd339b7a6de414ddda032ea99c0dd10602728f60a018ae70a201d547df6dcf4)","throwable":""}
{"timestamp":"2025-09-16T14:23:23,006","container":"e8fbc2c00ac2","level":"INFO","thread":"BftProcessorExecutor-QBFT-0","class":"QbftBesuControllerBuilder","message":"Imported #406 / 0 tx / 0 pending / 0 (0.0%) gas / (0x86401c5d0ef78be851e403e9b6b21a2f2ac60203edca7d92db23b78fe723ef1b)","throwable":""}
{"timestamp":"2025-09-16T14:23:31,007","container":"e8fbc2c00ac2","level":"INFO","thread":"BftProcessorExecutor-QBFT-0","class":"QbftBesuControllerBuilder","message":"Imported #407 / 0 tx / 0 pending / 0 (0.0%) gas / (0x89c33ce10c6ee67021b8a6b36c3f25f1314ddec871f72d36f858ece7bb7d9144)","throwable":""}
{"timestamp":"2025-09-16T14:23:31,007","container":"e8fbc2c00ac2","level":"INFO","thread":"EthScheduler-Workers-0","class":"PersistBlockTask","message":"Block 407 (0x89c33ce10c6ee67021b8a6b36c3f25f1314ddec871f72d36f858ece7bb7d9144) is already imported","throwable":""}
{"timestamp":"2025-09-16T14:23:39,007","container":"e8fbc2c00ac2","level":"INFO","thread":"BftProcessorExecutor-QBFT-0","class":"QbftBesuControllerBuilder","message":"Produced #408 / 0 tx / 0 pending / 0 (0.0%) gas / (0xa0a76d7ce21abff05f23db842ab804dba5ed911f3b298af7b3e16a8d89a3a7e5)","throwable":""}
{"timestamp":"2025-09-16T14:23:47,007","container":"e8fbc2c00ac2","level":"INFO","thread":"EthScheduler-Workers-0","class":"PersistBlockTask","message":"Block 409 (0xb08944948eaa5711e5dfc7aedf179490b8d1754116658cc16637c63b46ab62f9) is already imported","throwable":""}
{"timestamp":"2025-09-16T14:23:47,007","container":"e8fbc2c00ac2","level":"INFO","thread":"BftProcessorExecutor-QBFT-0","class":"QbftBesuControllerBuilder","message":"Imported #409 / 0 tx / 0 pending / 0 (0.0%) gas / (0xb08944948eaa5711e5dfc7aedf179490b8d1754116658cc16637c63b46ab62f9)","throwable":""}
{"timestamp":"2025-09-16T14:23:55,006","container":"e8fbc2c00ac2","level":"INFO","thread":"BftProcessorExecutor-QBFT-0","class":"QbftBesuControllerBuilder","message":"Imported #410 / 0 tx / 0 pending / 0 (0.0%) gas / (0x0251d1e9d90f16548a2b62c619b064051b5c8831bfe37d77d5b8ab2ac81396cf)","throwable":""}
{"timestamp":"2025-09-16T14:24:03,007","container":"e8fbc2c00ac2","level":"INFO","thread":"BftProcessorExecutor-QBFT-0","class":"QbftBesuControllerBuilder","message":"Imported #411 / 0 tx / 0 pending / 0 (0.0%) gas / (0x098ef47d1a4769d068d0eb189ea221f0e9a3ad65383db446893aded121667ab1)","throwable":""}
{"timestamp":"2025-09-16T14:24:11,009","container":"e8fbc2c00ac2","level":"INFO","thread":"BftProcessorExecutor-QBFT-0","class":"QbftBesuControllerBuilder","message":"Produced #412 / 0 tx / 0 pending / 0 (0.0%) gas / (0x0fa67e13398f6dba26780ce9084e5ca2c500621bb3ca32e183dd805a960ceaee)","throwable":""}
{"timestamp":"2025-09-16T14:24:19,005","container":"e8fbc2c00ac2","level":"INFO","thread":"BftProcessorExecutor-QBFT-0","class":"QbftBesuControllerBuilder","message":"Imported #413 / 0 tx / 0 pending / 0 (0.0%) gas / (0x57bc640b99b1f25fbab1ed766f19d7cf9d5a2af5019e34a6b7c175e2b6af8851)","throwable":""}
{"timestamp":"2025-09-16T14:24:27,006","container":"e8fbc2c00ac2","level":"INFO","thread":"BftProcessorExecutor-QBFT-0","class":"QbftBesuControllerBuilder","message":"Imported #414 / 0 tx / 0 pending / 0 (0.0%) gas / (0xecec27d333a50425e53462b38c01c750b92e6ac951aa51d05a5f2b6306c5ece2)","throwable":""}
{"timestamp":"2025-09-16T14:24:35,006","container":"e8fbc2c00ac2","level":"INFO","thread":"BftProcessorExecutor-QBFT-0","class":"QbftBesuControllerBuilder","message":"Imported #415 / 0 tx / 0 pending / 0 (0.0%) gas / (0xfae5d3757415fe1f43a9a17edb540fefa27fee32ab5b99513014b2869c9f8c47)","throwable":""}
{"timestamp":"2025-09-16T14:24:43,005","container":"e8fbc2c00ac2","level":"INFO","thread":"BftProcessorExecutor-QBFT-0","class":"QbftBesuControllerBuilder","message":"Produced #416 / 0 tx / 0 pending / 0 (0.0%) gas / (0xe516b2a8c14807c4b00d476c6d0667232418990139c9501d88161479db772aef)","throwable":""}
{"timestamp":"2025-09-16T14:24:51,006","container":"e8fbc2c00ac2","level":"INFO","thread":"BftProcessorExecutor-QBFT-0","class":"QbftBesuControllerBuilder","message":"Imported #417 / 0 tx / 0 pending / 0 (0.0%) gas / (0xcd273f09527f8be481eecab341ddc2bde36916e4cf5534a809214bf027ea0bc5)","throwable":""}
{"timestamp":"2025-09-16T14:24:59,005","container":"e8fbc2c00ac2","level":"INFO","thread":"BftProcessorExecutor-QBFT-0","class":"QbftBesuControllerBuilder","message":"Imported #418 / 0 tx / 0 pending / 0 (0.0%) gas / (0xe4c68d0c37ac29a729b4963543c5f346193b3c211f3dd3316f10f0ec5d685a30)","throwable":""}
{"timestamp":"2025-09-16T14:25:07,005","container":"e8fbc2c00ac2","level":"INFO","thread":"BftProcessorExecutor-QBFT-0","class":"QbftBesuControllerBuilder","message":"Imported #419 / 0 tx / 0 pending / 0 (0.0%) gas / (0x0faf648ea01f6b06101f3d3a3dba6e95af84d98a1fb91647110cf87847988e90)","throwable":""}
{"timestamp":"2025-09-16T14:25:15,008","container":"e8fbc2c00ac2","level":"INFO","thread":"EthScheduler-Workers-0","class":"PersistBlockTask","message":"Imported #420 / 0 tx / 0 om / 0 (0.0%) gas / (0x5d29a03fb0f2a6f31d94707dcb7360bce37f70afbe72ee2a88b4880689a7add2) in 0.001s. Peers: 5","throwable":""}
{"timestamp":"2025-09-16T14:25:15,008","container":"e8fbc2c00ac2","level":"INFO","thread":"BftProcessorExecutor-QBFT-0","class":"QbftBesuControllerBuilder","message":"Produced #420 / 0 tx / 0 pending / 0 (0.0%) gas / (0x5d29a03fb0f2a6f31d94707dcb7360bce37f70afbe72ee2a88b4880689a7add2)","throwable":""}
{"timestamp":"2025-09-16T14:25:23,007","container":"e8fbc2c00ac2","level":"INFO","thread":"BftProcessorExecutor-QBFT-0","class":"QbftBesuControllerBuilder","message":"Imported #421 / 0 tx / 0 pending / 0 (0.0%) gas / (0x5d04e919ba05900f1b4d83c1c1524a7d15eabc98e91aa64b60cbc28a5c1f08bb)","throwable":""}
{"timestamp":"2025-09-16T14:25:23,007","container":"e8fbc2c00ac2","level":"INFO","thread":"EthScheduler-Workers-0","class":"PersistBlockTask","message":"Block 421 (0x5d04e919ba05900f1b4d83c1c1524a7d15eabc98e91aa64b60cbc28a5c1f08bb) is already imported","throwable":""}
{"timestamp":"2025-09-16T14:25:31,007","container":"e8fbc2c00ac2","level":"INFO","thread":"EthScheduler-Workers-0","class":"PersistBlockTask","message":"Block 422 (0xe8e8244296b5d933bedcd8a5329c4db494d06e0a875b7a941274103e14fb85b0) is already imported","throwable":""}
{"timestamp":"2025-09-16T14:25:31,007","container":"e8fbc2c00ac2","level":"INFO","thread":"BftProcessorExecutor-QBFT-0","class":"QbftBesuControllerBuilder","message":"Imported #422 / 0 tx / 0 pending / 0 (0.0%) gas / (0xe8e8244296b5d933bedcd8a5329c4db494d06e0a875b7a941274103e14fb85b0)","throwable":""}
{"timestamp":"2025-09-16T14:25:39,006","container":"e8fbc2c00ac2","level":"INFO","thread":"BftProcessorExecutor-QBFT-0","class":"QbftBesuControllerBuilder","message":"Imported #423 / 0 tx / 0 pending / 0 (0.0%) gas / (0x033e0bd4af93c500f2ee8d4f19eb43c3517bdc4dc09baab3aa46272ebc5a6375)","throwable":""}
{"timestamp":"2025-09-16T14:25:47,005","container":"e8fbc2c00ac2","level":"INFO","thread":"BftProcessorExecutor-QBFT-0","class":"QbftBesuControllerBuilder","message":"Produced #424 / 0 tx / 0 pending / 0 (0.0%) gas / (0x0b514408ceec8fa8a846ae88d2d1db89543f906668a2b1ccb51f7a256e3731d6)","throwable":""}
{"timestamp":"2025-09-16T14:25:55,005","container":"e8fbc2c00ac2","level":"INFO","thread":"BftProcessorExecutor-QBFT-0","class":"QbftBesuControllerBuilder","message":"Imported #425 / 0 tx / 0 pending / 0 (0.0%) gas / (0xf3d446069866e1a955a73d31ff0e68c5295da55ddc178ea9b65dd0a0760697af)","throwable":""}
{"timestamp":"2025-09-16T14:26:03,007","container":"e8fbc2c00ac2","level":"INFO","thread":"BftProcessorExecutor-QBFT-0","class":"QbftBesuControllerBuilder","message":"Imported #426 / 0 tx / 0 pending / 0 (0.0%) gas / (0x120d680a44414174d24d3449a18d13ee49f65244dc89f1070384fa2cc132eb56)","throwable":""}
{"timestamp":"2025-09-16T14:26:11,007","container":"e8fbc2c00ac2","level":"INFO","thread":"EthScheduler-Workers-0","class":"PersistBlockTask","message":"Block 427 (0x93bfdf98a82201ac89c21ad4d0bd6b6a14bddddac422ced04a7c12f890d7f524) is already imported","throwable":""}
{"timestamp":"2025-09-16T14:26:11,007","container":"e8fbc2c00ac2","level":"INFO","thread":"BftProcessorExecutor-QBFT-0","class":"QbftBesuControllerBuilder","message":"Imported #427 / 0 tx / 0 pending / 0 (0.0%) gas / (0x93bfdf98a82201ac89c21ad4d0bd6b6a14bddddac422ced04a7c12f890d7f524)","throwable":""}
{"timestamp":"2025-09-16T14:26:19,007","container":"e8fbc2c00ac2","level":"INFO","thread":"EthScheduler-Workers-0","class":"PersistBlockTask","message":"Block 428 (0x7dee4776e4b0c4cae54fc0fc2f73166fdf04c67ae244bb91357ffff5b1c7f9f1) is already imported","throwable":""}
{"timestamp":"2025-09-16T14:26:19,007","container":"e8fbc2c00ac2","level":"INFO","thread":"BftProcessorExecutor-QBFT-0","class":"QbftBesuControllerBuilder","message":"Produced #428 / 0 tx / 0 pending / 0 (0.0%) gas / (0x7dee4776e4b0c4cae54fc0fc2f73166fdf04c67ae244bb91357ffff5b1c7f9f1)","throwable":""}
{"timestamp":"2025-09-16T14:26:27,009","container":"e8fbc2c00ac2","level":"INFO","thread":"BftProcessorExecutor-QBFT-0","class":"QbftBesuControllerBuilder","message":"Imported #429 / 0 tx / 0 pending / 0 (0.0%) gas / (0x86c502bd84729e1593f5f216147c3b5c1e8e2e2bf40c50d40c2c0a93beb14792)","throwable":""}
{"timestamp":"2025-09-16T14:26:35,007","container":"e8fbc2c00ac2","level":"INFO","thread":"BftProcessorExecutor-QBFT-0","class":"QbftBesuControllerBuilder","message":"Imported #430 / 0 tx / 0 pending / 0 (0.0%) gas / (0xd7484961c276ef17dc6edcb057b9067007b1cb5204cb4b109fd2124ee20a6256)","throwable":""}
{"timestamp":"2025-09-16T14:26:43,006","container":"e8fbc2c00ac2","level":"INFO","thread":"BftProcessorExecutor-QBFT-0","class":"QbftBesuControllerBuilder","message":"Imported #431 / 0 tx / 0 pending / 0 (0.0%) gas / (0x9d3b75b26870bf9af1e5f73ac7157476a47b06133a114c0a0169d8777eeeab34)","throwable":""}
{"timestamp":"2025-09-16T14:26:51,008","container":"e8fbc2c00ac2","level":"INFO","thread":"BftProcessorExecutor-QBFT-0","class":"QbftBesuControllerBuilder","message":"Produced #432 / 0 tx / 0 pending / 0 (0.0%) gas / (0x4966b5a6d5e33284ea45013bb1e3b32f01172ee01c0ed8a505dfc14d5e2f685c)","throwable":""}
{"timestamp":"2025-09-16T14:26:59,006","container":"e8fbc2c00ac2","level":"INFO","thread":"BftProcessorExecutor-QBFT-0","class":"QbftBesuControllerBuilder","message":"Imported #433 / 0 tx / 0 pending / 0 (0.0%) gas / (0xbf76088394e0dd2ab2701339b7f1aae2452a48815960ec53567eeac69b2542f3)","throwable":""}
{"timestamp":"2025-09-16T14:27:07,007","container":"e8fbc2c00ac2","level":"INFO","thread":"BftProcessorExecutor-QBFT-0","class":"QbftBesuControllerBuilder","message":"Imported #434 / 0 tx / 0 pending / 0 (0.0%) gas / (0xa393252a4400b1c6a779f8ccc3330aa85bbeb510f59f08647e0039e0c9aac3bb)","throwable":""}
{"timestamp":"2025-09-16T14:27:15,006","container":"e8fbc2c00ac2","level":"INFO","thread":"EthScheduler-Workers-0","class":"PersistBlockTask","message":"Block 435 (0x2420008e3b887fab1efcc2f0628cb24c0592c800b4443d1b5eb8d33c0f8beb81) is already imported","throwable":""}
{"timestamp":"2025-09-16T14:27:15,007","container":"e8fbc2c00ac2","level":"INFO","thread":"BftProcessorExecutor-QBFT-0","class":"QbftBesuControllerBuilder","message":"Imported #435 / 0 tx / 0 pending / 0 (0.0%) gas / (0x2420008e3b887fab1efcc2f0628cb24c0592c800b4443d1b5eb8d33c0f8beb81)","throwable":""}
{"timestamp":"2025-09-16T14:27:23,006","container":"e8fbc2c00ac2","level":"INFO","thread":"BftProcessorExecutor-QBFT-0","class":"QbftBesuControllerBuilder","message":"Produced #436 / 0 tx / 0 pending / 0 (0.0%) gas / (0x3c146c1d0c8f0a2ede786888ed771f777841a8d7e31ae6b3a42eeedd15681bc9)","throwable":""}
{"timestamp":"2025-09-16T14:27:31,006","container":"e8fbc2c00ac2","level":"INFO","thread":"BftProcessorExecutor-QBFT-0","class":"QbftBesuControllerBuilder","message":"Imported #437 / 0 tx / 0 pending / 0 (0.0%) gas / (0xc01ad810b162f81f636cebc03d97c77380fa1e51299b54b1b9b3d908eb74c075)","throwable":""}
{"timestamp":"2025-09-16T14:27:39,009","container":"e8fbc2c00ac2","level":"INFO","thread":"EthScheduler-Workers-0","class":"PersistBlockTask","message":"Block 438 (0x987aaf42780349ededbf99fee6e5296287828ee001360acc4e312b0773bd746b) is already imported","throwable":""}
{"timestamp":"2025-09-16T14:27:39,009","container":"e8fbc2c00ac2","level":"INFO","thread":"BftProcessorExecutor-QBFT-0","class":"QbftBesuControllerBuilder","message":"Imported #438 / 0 tx / 0 pending / 0 (0.0%) gas / (0x987aaf42780349ededbf99fee6e5296287828ee001360acc4e312b0773bd746b)","throwable":""}
{"timestamp":"2025-09-16T14:27:47,007","container":"e8fbc2c00ac2","level":"INFO","thread":"BftProcessorExecutor-QBFT-0","class":"QbftBesuControllerBuilder","message":"Imported #439 / 0 tx / 0 pending / 0 (0.0%) gas / (0xbf7ac8e33dbfc222d920892516cbb98c139b30d67225c4ca93e9c3fb10668964)","throwable":""}
{"timestamp":"2025-09-16T14:27:55,005","container":"e8fbc2c00ac2","level":"INFO","thread":"BftProcessorExecutor-QBFT-0","class":"QbftBesuControllerBuilder","message":"Produced #440 / 0 tx / 0 pending / 0 (0.0%) gas / (0xec29ebb94308a5dcee9f4ba011c0cfbd0d137b9b0fee81349fccca0a2724a207)","throwable":""}
{"timestamp":"2025-09-16T14:28:03,009","container":"e8fbc2c00ac2","level":"INFO","thread":"BftProcessorExecutor-QBFT-0","class":"QbftBesuControllerBuilder","message":"Imported #441 / 0 tx / 0 pending / 0 (0.0%) gas / (0xfa14f23678fdd955687ba903090ee88f0bc2e717f9b9dbbb515d8784207acd16)","throwable":""}
{"timestamp":"2025-09-16T14:28:11,006","container":"e8fbc2c00ac2","level":"INFO","thread":"BftProcessorExecutor-QBFT-0","class":"QbftBesuControllerBuilder","message":"Imported #442 / 0 tx / 0 pending / 0 (0.0%) gas / (0x1996e5924107dc12756aca41737046065bed38e754419ffc165dfef74b067947)","throwable":""}
{"timestamp":"2025-09-16T14:28:19,008","container":"e8fbc2c00ac2","level":"INFO","thread":"BftProcessorExecutor-QBFT-0","class":"QbftBesuControllerBuilder","message":"Imported #443 / 0 tx / 0 pending / 0 (0.0%) gas / (0xf746077d38289ba33721ae45d9918b995ed2eb3c658ef87de6d2e222c2b8b8f3)","throwable":""}
{"timestamp":"2025-09-16T14:28:27,007","container":"e8fbc2c00ac2","level":"INFO","thread":"BftProcessorExecutor-QBFT-0","class":"QbftBesuControllerBuilder","message":"Produced #444 / 0 tx / 0 pending / 0 (0.0%) gas / (0xa16f9d0f4bd011242ed77da350c5828af83b73b211d394dde3fd85889672925a)","throwable":""}
{"timestamp":"2025-09-16T14:28:35,007","container":"e8fbc2c00ac2","level":"INFO","thread":"BftProcessorExecutor-QBFT-0","class":"QbftBesuControllerBuilder","message":"Imported #445 / 0 tx / 0 pending / 0 (0.0%) gas / (0x483db7548c5ff0f8f1939bb0a85d5ac00cd8e5fb598620abd7f2ffffeb8a5901)","throwable":""}
{"timestamp":"2025-09-16T14:28:43,007","container":"e8fbc2c00ac2","level":"INFO","thread":"BftProcessorExecutor-QBFT-0","class":"QbftBesuControllerBuilder","message":"Imported #446 / 0 tx / 0 pending / 0 (0.0%) gas / (0x5497ce33d2b48af148a1137005b2a57c9a9ac3ff1627b8fec88b6857ff0b290e)","throwable":""}
{"timestamp":"2025-09-16T14:28:51,006","container":"e8fbc2c00ac2","level":"INFO","thread":"BftProcessorExecutor-QBFT-0","class":"QbftBesuControllerBuilder","message":"Imported #447 / 0 tx / 0 pending / 0 (0.0%) gas / (0xb8f1eca35ec79eccc01fd2fde68d41a5fd6ddedeba604fe79f7a3f11944ff939)","throwable":""}
{"timestamp":"2025-09-16T14:28:59,005","container":"e8fbc2c00ac2","level":"INFO","thread":"BftProcessorExecutor-QBFT-0","class":"QbftBesuControllerBuilder","message":"Produced #448 / 0 tx / 0 pending / 0 (0.0%) gas / (0xe07406082f46dbe45b2d8399604755d718be9bc6734387d8b179ed3381748d20)","throwable":""}
{"timestamp":"2025-09-16T14:29:07,005","container":"e8fbc2c00ac2","level":"INFO","thread":"BftProcessorExecutor-QBFT-0","class":"QbftBesuControllerBuilder","message":"Imported #449 / 0 tx / 0 pending / 0 (0.0%) gas / (0xe732a5ad8b8181fb96d63406401a95f604d63031483ec6be6aa607bdccc97093)","throwable":""}
{"timestamp":"2025-09-16T14:29:15,007","container":"e8fbc2c00ac2","level":"INFO","thread":"BftProcessorExecutor-QBFT-0","class":"QbftBesuControllerBuilder","message":"Imported #450 / 0 tx / 0 pending / 0 (0.0%) gas / (0x29b1f33ad8f959191a496d0939372bd9880910fdca4875bfdc9e7cb1607db1ab)","throwable":""}
{"timestamp":"2025-09-16T14:29:23,009","container":"e8fbc2c00ac2","level":"INFO","thread":"BftProcessorExecutor-QBFT-0","class":"QbftBesuControllerBuilder","message":"Imported #451 / 0 tx / 0 pending / 0 (0.0%) gas / (0x8c1a62fc73dbb30b1a2938d2e1b4dfe1b3d12be85c4fba8d3c4823d5992e6e3c)","throwable":""}
{"timestamp":"2025-09-16T14:29:31,006","container":"e8fbc2c00ac2","level":"INFO","thread":"BftProcessorExecutor-QBFT-0","class":"QbftBesuControllerBuilder","message":"Produced #452 / 0 tx / 0 pending / 0 (0.0%) gas / (0x99da8c207119729cf9df5e4c09db3e3889c061913b174cd101e1c0b6f30c97be)","throwable":""}
{"timestamp":"2025-09-16T14:29:39,008","container":"e8fbc2c00ac2","level":"INFO","thread":"BftProcessorExecutor-QBFT-0","class":"QbftBesuControllerBuilder","message":"Imported #453 / 0 tx / 0 pending / 0 (0.0%) gas / (0xb40ce1452e78edeb2f73442ba7b4f135420fe0e482129fc858faed7561c8fffb)","throwable":""}
{"timestamp":"2025-09-16T14:29:47,007","container":"e8fbc2c00ac2","level":"INFO","thread":"BftProcessorExecutor-QBFT-0","class":"QbftBesuControllerBuilder","message":"Imported #454 / 0 tx / 0 pending / 0 (0.0%) gas / (0xebd1dbe1d9073dc201d6acfc145109c676adb5b7ea13df04536a212bbcbcfbbd)","throwable":""}
{"timestamp":"2025-09-16T14:29:55,007","container":"e8fbc2c00ac2","level":"INFO","thread":"EthScheduler-Workers-0","class":"PersistBlockTask","message":"Imported #455 / 0 tx / 0 om / 0 (0.0%) gas / (0x082fbfe1a2ba030971bd00d3deb002e5e65b2cdf5b419f02d6b28f5c03eccbc7) in 0.001s. Peers: 5","throwable":""}
{"timestamp":"2025-09-16T14:29:55,007","container":"e8fbc2c00ac2","level":"INFO","thread":"BftProcessorExecutor-QBFT-0","class":"QbftBesuControllerBuilder","message":"Imported #455 / 0 tx / 0 pending / 0 (0.0%) gas / (0x082fbfe1a2ba030971bd00d3deb002e5e65b2cdf5b419f02d6b28f5c03eccbc7)","throwable":""}
{"timestamp":"2025-09-16T14:30:03,007","container":"e8fbc2c00ac2","level":"INFO","thread":"BftProcessorExecutor-QBFT-0","class":"QbftBesuControllerBuilder","message":"Produced #456 / 0 tx / 0 pending / 0 (0.0%) gas / (0xb4ce30eb09b703bb1a218e7fffc328d03a746130581e7f862389c22b96ea41ca)","throwable":""}
{"timestamp":"2025-09-16T14:30:11,009","container":"e8fbc2c00ac2","level":"INFO","thread":"EthScheduler-Workers-0","class":"PersistBlockTask","message":"Block 457 (0x16d1e3319a4c5383aa66e2c8600e75e9da45bf573df3e48ed2d32ce5b60df3d2) is already imported","throwable":""}
{"timestamp":"2025-09-16T14:30:11,009","container":"e8fbc2c00ac2","level":"INFO","thread":"BftProcessorExecutor-QBFT-0","class":"QbftBesuControllerBuilder","message":"Imported #457 / 0 tx / 0 pending / 0 (0.0%) gas / (0x16d1e3319a4c5383aa66e2c8600e75e9da45bf573df3e48ed2d32ce5b60df3d2)","throwable":""}
{"timestamp":"2025-09-16T14:30:19,006","container":"e8fbc2c00ac2","level":"INFO","thread":"EthScheduler-Workers-0","class":"PersistBlockTask","message":"Block 458 (0x195e37ff7f86ab8dd0f8785f21704c2c48dae79d37ed633268cb9edceb20ad56) is already imported","throwable":""}
{"timestamp":"2025-09-16T14:30:19,007","container":"e8fbc2c00ac2","level":"INFO","thread":"BftProcessorExecutor-QBFT-0","class":"QbftBesuControllerBuilder","message":"Imported #458 / 0 tx / 0 pending / 0 (0.0%) gas / (0x195e37ff7f86ab8dd0f8785f21704c2c48dae79d37ed633268cb9edceb20ad56)","throwable":""}
{"timestamp":"2025-09-16T14:30:27,005","container":"e8fbc2c00ac2","level":"INFO","thread":"BftProcessorExecutor-QBFT-0","class":"QbftBesuControllerBuilder","message":"Imported #459 / 0 tx / 0 pending / 0 (0.0%) gas / (0xe366b9fcebae927511cddcf2f5684c6b6cf4d32e164b010e9998b0fef6df7fa6)","throwable":""}
{"timestamp":"2025-09-16T14:30:35,006","container":"e8fbc2c00ac2","level":"INFO","thread":"BftProcessorExecutor-QBFT-0","class":"QbftBesuControllerBuilder","message":"Produced #460 / 0 tx / 0 pending / 0 (0.0%) gas / (0x09540ff054337f32c835cb65512500a0e45a5814c2f02ac65c462b41664983e3)","throwable":""}
{"timestamp":"2025-09-16T14:30:43,006","container":"e8fbc2c00ac2","level":"INFO","thread":"BftProcessorExecutor-QBFT-0","class":"QbftBesuControllerBuilder","message":"Imported #461 / 0 tx / 0 pending / 0 (0.0%) gas / (0xcae232a3fef285b143802845162673b32a0d130dfa48663663285ed25e3831da)","throwable":""}
{"timestamp":"2025-09-16T14:30:51,006","container":"e8fbc2c00ac2","level":"INFO","thread":"BftProcessorExecutor-QBFT-0","class":"QbftBesuControllerBuilder","message":"Imported #462 / 0 tx / 0 pending / 0 (0.0%) gas / (0x3c5fed0b8444d9023dd6798c7449548bbe5c7ca4211c1fdfa78359126f27cabc)","throwable":""}
{"timestamp":"2025-09-16T14:30:59,007","container":"e8fbc2c00ac2","level":"INFO","thread":"EthScheduler-Workers-0","class":"PersistBlockTask","message":"Block 463 (0x7f9570b2f1909fa61eb4482f7ee2c9c12f12cd255b449e3f671f5b2a0ffda9f3) is already imported","throwable":""}
{"timestamp":"2025-09-16T14:30:59,007","container":"e8fbc2c00ac2","level":"INFO","thread":"BftProcessorExecutor-QBFT-0","class":"QbftBesuControllerBuilder","message":"Imported #463 / 0 tx / 0 pending / 0 (0.0%) gas / (0x7f9570b2f1909fa61eb4482f7ee2c9c12f12cd255b449e3f671f5b2a0ffda9f3)","throwable":""}
{"timestamp":"2025-09-16T14:31:07,006","container":"e8fbc2c00ac2","level":"INFO","thread":"BftProcessorExecutor-QBFT-0","class":"QbftBesuControllerBuilder","message":"Produced #464 / 0 tx / 0 pending / 0 (0.0%) gas / (0xe8f64003b97b48e11e93accd43e24f1257f0589b80948c791012e0461d9be722)","throwable":""}
{"timestamp":"2025-09-16T14:31:15,006","container":"e8fbc2c00ac2","level":"INFO","thread":"BftProcessorExecutor-QBFT-0","class":"QbftBesuControllerBuilder","message":"Imported #465 / 0 tx / 0 pending / 0 (0.0%) gas / (0x465ebe78795b0ef545a75a0f39ff338a6d504501068993bc77a0b789ce153f75)","throwable":""}
{"timestamp":"2025-09-16T14:31:23,007","container":"e8fbc2c00ac2","level":"INFO","thread":"BftProcessorExecutor-QBFT-0","class":"QbftBesuControllerBuilder","message":"Imported #466 / 0 tx / 0 pending / 0 (0.0%) gas / (0xb61b91a4a46097a15f4dddf0723e0c77671e6def101a0129fcf040d640973565)","throwable":""}
{"timestamp":"2025-09-16T14:31:31,005","container":"e8fbc2c00ac2","level":"INFO","thread":"BftProcessorExecutor-QBFT-0","class":"QbftBesuControllerBuilder","message":"Imported #467 / 0 tx / 0 pending / 0 (0.0%) gas / (0xfe45cd201bc3a2acde365666a1a100a86b3e7ef9b33fc861c1a7b3b98c40e2d5)","throwable":""}
{"timestamp":"2025-09-16T14:31:39,007","container":"e8fbc2c00ac2","level":"INFO","thread":"BftProcessorExecutor-QBFT-0","class":"QbftBesuControllerBuilder","message":"Produced #468 / 0 tx / 0 pending / 0 (0.0%) gas / (0x9c51b1080b36e722a457b3223104691e3a63ba596a12a88040cf4e8e35786aa9)","throwable":""}
{"timestamp":"2025-09-16T14:31:47,008","container":"e8fbc2c00ac2","level":"INFO","thread":"BftProcessorExecutor-QBFT-0","class":"QbftBesuControllerBuilder","message":"Imported #469 / 0 tx / 0 pending / 0 (0.0%) gas / (0x0d4abb395e372f91be597abe6995b8a5ab14728e6d573f621952d50d0d42b0e2)","throwable":""}
{"timestamp":"2025-09-16T14:31:55,007","container":"e8fbc2c00ac2","level":"INFO","thread":"BftProcessorExecutor-QBFT-0","class":"QbftBesuControllerBuilder","message":"Imported #470 / 0 tx / 0 pending / 0 (0.0%) gas / (0x54c7a2cffb0ade1a5510c6276adb32a77a5817b6a0d77cd99a11241c3a1b5f4f)","throwable":""}
{"timestamp":"2025-09-16T14:32:03,006","container":"e8fbc2c00ac2","level":"INFO","thread":"BftProcessorExecutor-QBFT-0","class":"QbftBesuControllerBuilder","message":"Imported #471 / 0 tx / 0 pending / 0 (0.0%) gas / (0x11f560c68a99053371f9fe7927e54abfc0ed29910bf3203c0dd9f1276301fffa)","throwable":""}
{"timestamp":"2025-09-16T14:32:11,005","container":"e8fbc2c00ac2","level":"INFO","thread":"BftProcessorExecutor-QBFT-0","class":"QbftBesuControllerBuilder","message":"Produced #472 / 0 tx / 0 pending / 0 (0.0%) gas / (0x4eda8ad4ee2d1f389cbf6c11856349c352319b5f7e58fdc97e4390b130dd91de)","throwable":""}
{"timestamp":"2025-09-16T14:32:19,007","container":"e8fbc2c00ac2","level":"INFO","thread":"BftProcessorExecutor-QBFT-0","class":"QbftBesuControllerBuilder","message":"Imported #473 / 0 tx / 0 pending / 0 (0.0%) gas / (0x3b69e20a64dede5dcfa803b72fe3f2e44ab86cdb793085f4a1b1c78deede1ee1)","throwable":""}
{"timestamp":"2025-09-16T14:32:27,006","container":"e8fbc2c00ac2","level":"INFO","thread":"BftProcessorExecutor-QBFT-0","class":"QbftBesuControllerBuilder","message":"Imported #474 / 0 tx / 0 pending / 0 (0.0%) gas / (0x21ed0037565b9a54b3df90abaebb2db5de7776c7e5b368664af71fcb24ad1d3a)","throwable":""}
{"timestamp":"2025-09-16T14:32:35,008","container":"e8fbc2c00ac2","level":"INFO","thread":"BftProcessorExecutor-QBFT-0","class":"QbftBesuControllerBuilder","message":"Imported #475 / 0 tx / 0 pending / 0 (0.0%) gas / (0x11423a77aa155e0dfad8c039077917ad938acc3a252cfbe3e4d9f37f5ff8401e)","throwable":""}
{"timestamp":"2025-09-16T14:32:43,006","container":"e8fbc2c00ac2","level":"INFO","thread":"BftProcessorExecutor-QBFT-0","class":"QbftBesuControllerBuilder","message":"Produced #476 / 0 tx / 0 pending / 0 (0.0%) gas / (0x17d26a7722572da68fd15b1b642c8ecc5bcb60dcc01e88f378cfddd219cb4a9f)","throwable":""}
{"timestamp":"2025-09-16T14:32:51,006","container":"e8fbc2c00ac2","level":"INFO","thread":"BftProcessorExecutor-QBFT-0","class":"QbftBesuControllerBuilder","message":"Imported #477 / 0 tx / 0 pending / 0 (0.0%) gas / (0x4eec0610c10e8a7d092ebf848e1296d14aeca678a3828e7b37a2c708fd718137)","throwable":""}
{"timestamp":"2025-09-16T14:32:59,004","container":"e8fbc2c00ac2","level":"INFO","thread":"BftProcessorExecutor-QBFT-0","class":"QbftBesuControllerBuilder","message":"Imported #478 / 0 tx / 0 pending / 0 (0.0%) gas / (0x677afa9ebaa5dba59d6283ea2f21235a1d23361ea49828f78cd9bc87fc72261a)","throwable":""}
{"timestamp":"2025-09-16T14:33:07,005","container":"e8fbc2c00ac2","level":"INFO","thread":"BftProcessorExecutor-QBFT-0","class":"QbftBesuControllerBuilder","message":"Imported #479 / 0 tx / 0 pending / 0 (0.0%) gas / (0x9e09ef6949e6d5fcc165330c72a5f50eb5c734ea63066f4dd343e662183191b2)","throwable":""}
{"timestamp":"2025-09-16T14:33:15,004","container":"e8fbc2c00ac2","level":"INFO","thread":"BftProcessorExecutor-QBFT-0","class":"QbftBesuControllerBuilder","message":"Produced #480 / 0 tx / 0 pending / 0 (0.0%) gas / (0xf9c98496334edc5b52713d10b8bb36eb4880597346d53a135bace3679a4b7469)","throwable":""}
{"timestamp":"2025-09-16T14:33:23,006","container":"e8fbc2c00ac2","level":"INFO","thread":"BftProcessorExecutor-QBFT-0","class":"QbftBesuControllerBuilder","message":"Imported #481 / 0 tx / 0 pending / 0 (0.0%) gas / (0x642d9a9a2e1daf7b6a547bf01b99286231bb182fc2c6e0d1a56f8f1f01e3c53c)","throwable":""}
{"timestamp":"2025-09-16T14:33:31,005","container":"e8fbc2c00ac2","level":"INFO","thread":"BftProcessorExecutor-QBFT-0","class":"QbftBesuControllerBuilder","message":"Imported #482 / 0 tx / 0 pending / 0 (0.0%) gas / (0x6af64e2f060b3f2dbe2abf74bba479e59a98dc6e81ffc4575f502f44effcf5ab)","throwable":""}
{"timestamp":"2025-09-16T14:33:39,007","container":"e8fbc2c00ac2","level":"INFO","thread":"BftProcessorExecutor-QBFT-0","class":"QbftBesuControllerBuilder","message":"Imported #483 / 0 tx / 0 pending / 0 (0.0%) gas / (0x1527530e7d2542fa71527913788e9a887cb12a9572251ea99cd1ebe98909a57d)","throwable":""}
{"timestamp":"2025-09-16T14:33:39,007","container":"e8fbc2c00ac2","level":"INFO","thread":"EthScheduler-Workers-0","class":"PersistBlockTask","message":"Block 483 (0x1527530e7d2542fa71527913788e9a887cb12a9572251ea99cd1ebe98909a57d) is already imported","throwable":""}
{"timestamp":"2025-09-16T14:33:47,007","container":"e8fbc2c00ac2","level":"INFO","thread":"BftProcessorExecutor-QBFT-0","class":"QbftBesuControllerBuilder","message":"Produced #484 / 0 tx / 0 pending / 0 (0.0%) gas / (0xe7061b7ee53c056f7c5ee4001ea49d1f92cbbbc0285ca6b9d3965fcc39c95d77)","throwable":""}
{"timestamp":"2025-09-16T14:33:55,006","container":"e8fbc2c00ac2","level":"INFO","thread":"BftProcessorExecutor-QBFT-0","class":"QbftBesuControllerBuilder","message":"Imported #485 / 0 tx / 0 pending / 0 (0.0%) gas / (0x42f9e2d0df82fd8c79667869dfd3f575cc3f25e41d3dbdaeaf2107a098097459)","throwable":""}
{"timestamp":"2025-09-16T14:34:03,006","container":"e8fbc2c00ac2","level":"INFO","thread":"BftProcessorExecutor-QBFT-0","class":"QbftBesuControllerBuilder","message":"Imported #486 / 0 tx / 0 pending / 0 (0.0%) gas / (0x2f822301939b8e03d6e43eb45f10ab354d60ffb3ae9db04477874fdbe4f076b8)","throwable":""}
{"timestamp":"2025-09-16T14:34:11,005","container":"e8fbc2c00ac2","level":"INFO","thread":"BftProcessorExecutor-QBFT-0","class":"QbftBesuControllerBuilder","message":"Imported #487 / 0 tx / 0 pending / 0 (0.0%) gas / (0x1a30cb26df8474d715188c0af416e8abad3998c771013ec4ab1c0d5f77bfd65c)","throwable":""}
{"timestamp":"2025-09-16T14:34:19,006","container":"e8fbc2c00ac2","level":"INFO","thread":"BftProcessorExecutor-QBFT-0","class":"QbftBesuControllerBuilder","message":"Produced #488 / 0 tx / 0 pending / 0 (0.0%) gas / (0x1518b9b4933375740ee90813e51735462b414c5390b5415eb8a29462877a531b)","throwable":""}
{"timestamp":"2025-09-16T14:34:27,006","container":"e8fbc2c00ac2","level":"INFO","thread":"BftProcessorExecutor-QBFT-0","class":"QbftBesuControllerBuilder","message":"Imported #489 / 0 tx / 0 pending / 0 (0.0%) gas / (0x060ed024ac601350d922b93ee193152f6471497d3cca1c0d6d693b03032d0b1c)","throwable":""}
{"timestamp":"2025-09-16T14:34:35,005","container":"e8fbc2c00ac2","level":"INFO","thread":"BftProcessorExecutor-QBFT-0","class":"QbftBesuControllerBuilder","message":"Imported #490 / 0 tx / 0 pending / 0 (0.0%) gas / (0xbee49bf5d0580bad6522b4211bf76725dac78bd73b2fdb54c88f6bce80b0043e)","throwable":""}
{"timestamp":"2025-09-16T14:34:43,005","container":"e8fbc2c00ac2","level":"INFO","thread":"BftProcessorExecutor-QBFT-0","class":"QbftBesuControllerBuilder","message":"Imported #491 / 0 tx / 0 pending / 0 (0.0%) gas / (0xa564113b9f78bbcf3d532276e7310c184390c906b51d2542fc5e87d674cad48b)","throwable":""}
{"timestamp":"2025-09-16T14:34:51,005","container":"e8fbc2c00ac2","level":"INFO","thread":"BftProcessorExecutor-QBFT-0","class":"QbftBesuControllerBuilder","message":"Produced #492 / 0 tx / 0 pending / 0 (0.0%) gas / (0x61b3ac2dc4af61a05511dd9e2336d3c9a1ebc5945ba383688e03581f17138c1c)","throwable":""}
{"timestamp":"2025-09-16T14:34:59,006","container":"e8fbc2c00ac2","level":"INFO","thread":"BftProcessorExecutor-QBFT-0","class":"QbftBesuControllerBuilder","message":"Imported #493 / 0 tx / 0 pending / 0 (0.0%) gas / (0xe60be953d7fff529a33a64026180fdcd2737a6ff316e5f5eb2c5086fddcfe931)","throwable":""}
{"timestamp":"2025-09-16T14:35:07,007","container":"e8fbc2c00ac2","level":"INFO","thread":"BftProcessorExecutor-QBFT-0","class":"QbftBesuControllerBuilder","message":"Imported #494 / 0 tx / 0 pending / 0 (0.0%) gas / (0xcf19c621194f88e0232929217834e2b2e93c8f40bce1bedbe73326ec3c23b9af)","throwable":""}
{"timestamp":"2025-09-16T14:35:15,005","container":"e8fbc2c00ac2","level":"INFO","thread":"BftProcessorExecutor-QBFT-0","class":"QbftBesuControllerBuilder","message":"Imported #495 / 0 tx / 0 pending / 0 (0.0%) gas / (0x1b5e023b3032a605778a8a1a61ab3505fdfeb9cf64883692ec8965e1cf25a17f)","throwable":""}
{"timestamp":"2025-09-16T14:35:23,006","container":"e8fbc2c00ac2","level":"INFO","thread":"BftProcessorExecutor-QBFT-0","class":"QbftBesuControllerBuilder","message":"Produced #496 / 0 tx / 0 pending / 0 (0.0%) gas / (0xb5a5c49bcaa1c5633e4b4695cd61f63dc7b014179777254f93b0d11d0e5c6a64)","throwable":""}
{"timestamp":"2025-09-16T14:35:31,007","container":"e8fbc2c00ac2","level":"INFO","thread":"BftProcessorExecutor-QBFT-0","class":"QbftBesuControllerBuilder","message":"Imported #497 / 0 tx / 0 pending / 0 (0.0%) gas / (0x96d5c68f0e0d8f5f973236793c0f7be1b58d751bef8af6e7b4c0d1ad90871d2a)","throwable":""}
{"timestamp":"2025-09-16T14:35:39,006","container":"e8fbc2c00ac2","level":"INFO","thread":"BftProcessorExecutor-QBFT-0","class":"QbftBesuControllerBuilder","message":"Imported #498 / 0 tx / 0 pending / 0 (0.0%) gas / (0x67599f490de52dcc1e6af32bf94762823c114beada579fe8d50a971a7383a9c4)","throwable":""}
{"timestamp":"2025-09-16T14:35:47,008","container":"e8fbc2c00ac2","level":"INFO","thread":"BftProcessorExecutor-QBFT-0","class":"QbftBesuControllerBuilder","message":"Imported #499 / 0 tx / 0 pending / 0 (0.0%) gas / (0xae84eba8242cffe3bfafde4c1ce96f15e000e7493bc5c1afdd6730a1b9919525)","throwable":""}
{"timestamp":"2025-09-16T14:35:55,006","container":"e8fbc2c00ac2","level":"INFO","thread":"BftProcessorExecutor-QBFT-0","class":"QbftBesuControllerBuilder","message":"Produced #500 / 0 tx / 0 pending / 0 (0.0%) gas / (0xd6aa9a29e906497938a5c8910872918a6814fe3d403a0e7cff73058d90e477e9)","throwable":""}
{"timestamp":"2025-09-16T14:36:03,007","container":"e8fbc2c00ac2","level":"INFO","thread":"BftProcessorExecutor-QBFT-0","class":"QbftBesuControllerBuilder","message":"Imported #501 / 0 tx / 0 pending / 0 (0.0%) gas / (0x1930a2b0e8369bbf11629360b75fcec031e1c85f8932b2337b1fe49939283959)","throwable":""}
{"timestamp":"2025-09-16T14:36:11,006","container":"e8fbc2c00ac2","level":"INFO","thread":"BftProcessorExecutor-QBFT-0","class":"QbftBesuControllerBuilder","message":"Imported #502 / 0 tx / 0 pending / 0 (0.0%) gas / (0x5cbeaf48b6da6b3327202e16b22da86904234045af69596d6ffdd76cab450b00)","throwable":""}
{"timestamp":"2025-09-16T14:36:19,008","container":"e8fbc2c00ac2","level":"INFO","thread":"EthScheduler-Workers-0","class":"PersistBlockTask","message":"Block 503 (0x11212c76e8733a12cc0262e15bed5b87b53a02cafb7cd4faa3101d0253a8a648) is already imported","throwable":""}
{"timestamp":"2025-09-16T14:36:19,008","container":"e8fbc2c00ac2","level":"INFO","thread":"BftProcessorExecutor-QBFT-0","class":"QbftBesuControllerBuilder","message":"Imported #503 / 0 tx / 0 pending / 0 (0.0%) gas / (0x11212c76e8733a12cc0262e15bed5b87b53a02cafb7cd4faa3101d0253a8a648)","throwable":""}
{"timestamp":"2025-09-16T14:36:27,005","container":"e8fbc2c00ac2","level":"INFO","thread":"BftProcessorExecutor-QBFT-0","class":"QbftBesuControllerBuilder","message":"Produced #504 / 0 tx / 0 pending / 0 (0.0%) gas / (0x92514db24f13ccf8db888e94ec1110c6ace885956823a7ffef0269a0c65b4bf3)","throwable":""}
{"timestamp":"2025-09-16T14:36:35,007","container":"e8fbc2c00ac2","level":"INFO","thread":"BftProcessorExecutor-QBFT-0","class":"QbftBesuControllerBuilder","message":"Imported #505 / 0 tx / 0 pending / 0 (0.0%) gas / (0x057a2706ea43f7cd265365a8093b00495b5f4c286ab83abf0ef386d4e0c65920)","throwable":""}
{"timestamp":"2025-09-16T14:36:43,007","container":"e8fbc2c00ac2","level":"INFO","thread":"BftProcessorExecutor-QBFT-0","class":"QbftBesuControllerBuilder","message":"Imported #506 / 0 tx / 0 pending / 0 (0.0%) gas / (0xce6de6de9bbe4cbf8381ec258487390c202ba8b4f9edfb3d57d443ed6f79013f)","throwable":""}
{"timestamp":"2025-09-16T14:36:51,006","container":"e8fbc2c00ac2","level":"INFO","thread":"BftProcessorExecutor-QBFT-0","class":"QbftBesuControllerBuilder","message":"Imported #507 / 0 tx / 0 pending / 0 (0.0%) gas / (0xb53cc388a6614ed0a08519231baabe02dcbd48b54cf33ad22b50b2f2c1175b97)","throwable":""}
{"timestamp":"2025-09-16T14:36:59,006","container":"e8fbc2c00ac2","level":"INFO","thread":"BftProcessorExecutor-QBFT-0","class":"QbftBesuControllerBuilder","message":"Produced #508 / 0 tx / 0 pending / 0 (0.0%) gas / (0x9d2715ca34b2d504719a37e94ade55f4f8e24dc68dbc31c2e85d7beecad086bc)","throwable":""}
{"timestamp":"2025-09-16T14:37:07,006","container":"e8fbc2c00ac2","level":"INFO","thread":"BftProcessorExecutor-QBFT-0","class":"QbftBesuControllerBuilder","message":"Imported #509 / 0 tx / 0 pending / 0 (0.0%) gas / (0x92fa79ca26ba757a91cfb3ec87d7d55c899e17f5d96163898895fdce1a7d850d)","throwable":""}
{"timestamp":"2025-09-16T14:37:15,006","container":"e8fbc2c00ac2","level":"INFO","thread":"BftProcessorExecutor-QBFT-0","class":"QbftBesuControllerBuilder","message":"Imported #510 / 0 tx / 0 pending / 0 (0.0%) gas / (0x15e88c158f76371bf5ac7daf14b075c9d1d3baa852205365b6fddd84725401b1)","throwable":""}
{"timestamp":"2025-09-16T14:37:23,005","container":"e8fbc2c00ac2","level":"INFO","thread":"BftProcessorExecutor-QBFT-0","class":"QbftBesuControllerBuilder","message":"Imported #511 / 0 tx / 0 pending / 0 (0.0%) gas / (0x2a09002813ff7f85cec3561e377ebba13b958ceea48e294848f258194ebb4635)","throwable":""}
{"timestamp":"2025-09-16T14:37:31,007","container":"e8fbc2c00ac2","level":"INFO","thread":"BftProcessorExecutor-QBFT-0","class":"QbftBesuControllerBuilder","message":"Produced #512 / 0 tx / 0 pending / 0 (0.0%) gas / (0x907d5a023df326aeaa9696b73952364733822984ab2f701b28e0e27135876eb2)","throwable":""}
{"timestamp":"2025-09-16T14:37:39,006","container":"e8fbc2c00ac2","level":"INFO","thread":"BftProcessorExecutor-QBFT-0","class":"QbftBesuControllerBuilder","message":"Imported #513 / 0 tx / 0 pending / 0 (0.0%) gas / (0x5b9a98f6ea665702c98f7717874b4e1786fa64d0a257326036a777c989544663)","throwable":""}
{"timestamp":"2025-09-16T14:37:47,006","container":"e8fbc2c00ac2","level":"INFO","thread":"BftProcessorExecutor-QBFT-0","class":"QbftBesuControllerBuilder","message":"Imported #514 / 0 tx / 0 pending / 0 (0.0%) gas / (0x8e99064b1bda7a34efbdd27c8f3acdd326da6ecf15d7bfdf365261290445aeef)","throwable":""}
{"timestamp":"2025-09-16T14:37:55,006","container":"e8fbc2c00ac2","level":"INFO","thread":"EthScheduler-Workers-0","class":"PersistBlockTask","message":"Block 515 (0x774881d65d9eacbcc70a5771e0ec60b8317d3b19715ec15190f507277cc7174e) is already imported","throwable":""}
{"timestamp":"2025-09-16T14:37:55,006","container":"e8fbc2c00ac2","level":"INFO","thread":"BftProcessorExecutor-QBFT-0","class":"QbftBesuControllerBuilder","message":"Imported #515 / 0 tx / 0 pending / 0 (0.0%) gas / (0x774881d65d9eacbcc70a5771e0ec60b8317d3b19715ec15190f507277cc7174e)","throwable":""}
{"timestamp":"2025-09-16T14:38:03,005","container":"e8fbc2c00ac2","level":"INFO","thread":"BftProcessorExecutor-QBFT-0","class":"QbftBesuControllerBuilder","message":"Produced #516 / 0 tx / 0 pending / 0 (0.0%) gas / (0x8953b749841dc6b1c5505b9676dd424b1a1ed698a567e6de7fe6285c02696300)","throwable":""}
{"timestamp":"2025-09-16T14:38:11,007","container":"e8fbc2c00ac2","level":"INFO","thread":"BftProcessorExecutor-QBFT-0","class":"QbftBesuControllerBuilder","message":"Imported #517 / 0 tx / 0 pending / 0 (0.0%) gas / (0x27d18bd5e4cd4910ecb1df479de97e233518b4c94a8033497cd2ca8ab2f0a7b9)","throwable":""}
{"timestamp":"2025-09-16T14:38:11,007","container":"e8fbc2c00ac2","level":"INFO","thread":"EthScheduler-Workers-0","class":"PersistBlockTask","message":"Block 517 (0x27d18bd5e4cd4910ecb1df479de97e233518b4c94a8033497cd2ca8ab2f0a7b9) is already imported","throwable":""}
{"timestamp":"2025-09-16T14:38:19,006","container":"e8fbc2c00ac2","level":"INFO","thread":"BftProcessorExecutor-QBFT-0","class":"QbftBesuControllerBuilder","message":"Imported #518 / 0 tx / 0 pending / 0 (0.0%) gas / (0xe162dc3fb49e8942d7b7a80b15688276258b7d425312e7c5b90f06a6b98be847)","throwable":""}
{"timestamp":"2025-09-16T14:38:27,007","container":"e8fbc2c00ac2","level":"INFO","thread":"BftProcessorExecutor-QBFT-0","class":"QbftBesuControllerBuilder","message":"Imported #519 / 0 tx / 0 pending / 0 (0.0%) gas / (0x3f2c15f4cbf1956810b7018cf5150c49a643a15da491a4548c9fa50d80196229)","throwable":""}
{"timestamp":"2025-09-16T14:38:35,008","container":"e8fbc2c00ac2","level":"INFO","thread":"BftProcessorExecutor-QBFT-0","class":"QbftBesuControllerBuilder","message":"Produced #520 / 0 tx / 0 pending / 0 (0.0%) gas / (0xbfb8f2894cfd3b65696a94f850ca84449d2a8a9fc6305bd3c9ecb5a27ae43005)","throwable":""}
{"timestamp":"2025-09-16T14:38:43,005","container":"e8fbc2c00ac2","level":"INFO","thread":"BftProcessorExecutor-QBFT-0","class":"QbftBesuControllerBuilder","message":"Imported #521 / 0 tx / 0 pending / 0 (0.0%) gas / (0xf6fc2b68b7978618c1832333773826bf591fceb5688d91d4c7b3f32433343227)","throwable":""}
{"timestamp":"2025-09-16T14:38:51,008","container":"e8fbc2c00ac2","level":"INFO","thread":"BftProcessorExecutor-QBFT-0","class":"QbftBesuControllerBuilder","message":"Imported #522 / 0 tx / 0 pending / 0 (0.0%) gas / (0x14edd27f5aecf2434fb08c8df8f5633e1e6828e6db82b7563bd77fa6fdf19c12)","throwable":""}
{"timestamp":"2025-09-16T14:38:59,006","container":"e8fbc2c00ac2","level":"INFO","thread":"EthScheduler-Workers-0","class":"PersistBlockTask","message":"Block 523 (0x68969ed539b33c52e30d32dd2cca4d78931db5ffb9aad14759ddba6f2865e870) is already imported","throwable":""}
{"timestamp":"2025-09-16T14:38:59,006","container":"e8fbc2c00ac2","level":"INFO","thread":"BftProcessorExecutor-QBFT-0","class":"QbftBesuControllerBuilder","message":"Imported #523 / 0 tx / 0 pending / 0 (0.0%) gas / (0x68969ed539b33c52e30d32dd2cca4d78931db5ffb9aad14759ddba6f2865e870)","throwable":""}
{"timestamp":"2025-09-16T14:39:07,007","container":"e8fbc2c00ac2","level":"INFO","thread":"BftProcessorExecutor-QBFT-0","class":"QbftBesuControllerBuilder","message":"Produced #524 / 0 tx / 0 pending / 0 (0.0%) gas / (0x50e641beef46deba960ee5727dda7bb6a4741604d585613d807b67909f568543)","throwable":""}
{"timestamp":"2025-09-16T14:39:15,005","container":"e8fbc2c00ac2","level":"INFO","thread":"BftProcessorExecutor-QBFT-0","class":"QbftBesuControllerBuilder","message":"Imported #525 / 0 tx / 0 pending / 0 (0.0%) gas / (0xbbde9f4662aea1ce01c7720111655d7ce59609fc7406c3621cd5ca58d386ef4a)","throwable":""}
{"timestamp":"2025-09-16T14:39:23,006","container":"e8fbc2c00ac2","level":"INFO","thread":"EthScheduler-Workers-0","class":"PersistBlockTask","message":"Block 526 (0x4235c5bd1f0f9abe42f7164c15332e8e85ae1856ab639a57ce748f5a2fc2c7f8) is already imported","throwable":""}
{"timestamp":"2025-09-16T14:39:23,007","container":"e8fbc2c00ac2","level":"INFO","thread":"BftProcessorExecutor-QBFT-0","class":"QbftBesuControllerBuilder","message":"Imported #526 / 0 tx / 0 pending / 0 (0.0%) gas / (0x4235c5bd1f0f9abe42f7164c15332e8e85ae1856ab639a57ce748f5a2fc2c7f8)","throwable":""}
{"timestamp":"2025-09-16T14:39:31,007","container":"e8fbc2c00ac2","level":"INFO","thread":"BftProcessorExecutor-QBFT-0","class":"QbftBesuControllerBuilder","message":"Imported #527 / 0 tx / 0 pending / 0 (0.0%) gas / (0x1eb8f25f22b8825b2f2d370a8fcacaae0a46bce55e74958a7981edbaedf8bd5b)","throwable":""}
{"timestamp":"2025-09-16T14:39:39,009","container":"e8fbc2c00ac2","level":"INFO","thread":"BftProcessorExecutor-QBFT-0","class":"QbftBesuControllerBuilder","message":"Produced #528 / 0 tx / 0 pending / 0 (0.0%) gas / (0x775b7086795297c8344cd62d9a8bdcf7ace60da42a82fa3c01d904cb363ed688)","throwable":""}
{"timestamp":"2025-09-16T14:39:47,005","container":"e8fbc2c00ac2","level":"INFO","thread":"BftProcessorExecutor-QBFT-0","class":"QbftBesuControllerBuilder","message":"Imported #529 / 0 tx / 0 pending / 0 (0.0%) gas / (0xed99719e5a4119f32b4738b98c8293beefedffe5284162774427b793ddd58de5)","throwable":""}
{"timestamp":"2025-09-16T14:39:55,007","container":"e8fbc2c00ac2","level":"INFO","thread":"BftProcessorExecutor-QBFT-0","class":"QbftBesuControllerBuilder","message":"Imported #530 / 0 tx / 0 pending / 0 (0.0%) gas / (0x0e4dccb34ead06708adc31d5160f7a690ba368191e1175d90d8462b2329b4e05)","throwable":""}
{"timestamp":"2025-09-16T14:40:03,006","container":"e8fbc2c00ac2","level":"INFO","thread":"BftProcessorExecutor-QBFT-0","class":"QbftBesuControllerBuilder","message":"Imported #531 / 0 tx / 0 pending / 0 (0.0%) gas / (0x3e752321079f586a90b8ca7f9017a58e727a3ac32f0a525feaba0488810010f8)","throwable":""}
{"timestamp":"2025-09-16T14:40:11,005","container":"e8fbc2c00ac2","level":"INFO","thread":"BftProcessorExecutor-QBFT-0","class":"QbftBesuControllerBuilder","message":"Produced #532 / 0 tx / 0 pending / 0 (0.0%) gas / (0x3df079baefee0d3300444d8722308a9aff3e509084ea089dac0abbdfe1c3c2d8)","throwable":""}
{"timestamp":"2025-09-16T14:40:19,005","container":"e8fbc2c00ac2","level":"INFO","thread":"BftProcessorExecutor-QBFT-0","class":"QbftBesuControllerBuilder","message":"Imported #533 / 0 tx / 0 pending / 0 (0.0%) gas / (0x3bc8dba66d471b61c5fc76b44ce033c432b6e8e5b9db124285c648c07d9d595c)","throwable":""}
{"timestamp":"2025-09-16T14:40:27,007","container":"e8fbc2c00ac2","level":"INFO","thread":"BftProcessorExecutor-QBFT-0","class":"QbftBesuControllerBuilder","message":"Imported #534 / 0 tx / 0 pending / 0 (0.0%) gas / (0x823680efa71b8b79f7e72831f20a921e06a9e4ac315a985e9df2c0156e9aea31)","throwable":""}
{"timestamp":"2025-09-16T14:40:35,006","container":"e8fbc2c00ac2","level":"INFO","thread":"BftProcessorExecutor-QBFT-0","class":"QbftBesuControllerBuilder","message":"Imported #535 / 0 tx / 0 pending / 0 (0.0%) gas / (0x647fb68bb785e9c139f00b18caf2a86a17358a943afaf3e226d64509a3b5ddb6)","throwable":""}
{"timestamp":"2025-09-16T14:40:43,006","container":"e8fbc2c00ac2","level":"INFO","thread":"BftProcessorExecutor-QBFT-0","class":"QbftBesuControllerBuilder","message":"Produced #536 / 0 tx / 0 pending / 0 (0.0%) gas / (0x1054b35a6b2cedc01443cb3036673e36ed983404fc88b442c0731ca197660e45)","throwable":""}
{"timestamp":"2025-09-16T14:40:51,005","container":"e8fbc2c00ac2","level":"INFO","thread":"BftProcessorExecutor-QBFT-0","class":"QbftBesuControllerBuilder","message":"Imported #537 / 0 tx / 0 pending / 0 (0.0%) gas / (0x2631638c9089072eae09251eed497aaf2b5f1dfb03b6789999f0e31e2b3d8175)","throwable":""}
{"timestamp":"2025-09-16T14:40:59,006","container":"e8fbc2c00ac2","level":"INFO","thread":"BftProcessorExecutor-QBFT-0","class":"QbftBesuControllerBuilder","message":"Imported #538 / 0 tx / 0 pending / 0 (0.0%) gas / (0x01de046f89ed178ff51d5a4b4059c2191b079ea2af1ca17ce56d193d44809652)","throwable":""}
{"timestamp":"2025-09-16T14:41:07,010","container":"e8fbc2c00ac2","level":"INFO","thread":"EthScheduler-Workers-0","class":"PersistBlockTask","message":"Block 539 (0xdc6a35325b0a892542087e399f2ac0e42094836b1e9d830d17c57f6be1f9761b) is already imported","throwable":""}
{"timestamp":"2025-09-16T14:41:07,010","container":"e8fbc2c00ac2","level":"INFO","thread":"BftProcessorExecutor-QBFT-0","class":"QbftBesuControllerBuilder","message":"Imported #539 / 0 tx / 0 pending / 0 (0.0%) gas / (0xdc6a35325b0a892542087e399f2ac0e42094836b1e9d830d17c57f6be1f9761b)","throwable":""}
{"timestamp":"2025-09-16T14:41:15,010","container":"e8fbc2c00ac2","level":"INFO","thread":"EthScheduler-Workers-0","class":"PersistBlockTask","message":"Block 540 (0x21ee625b69a785170a5f60c8dde81b34ad22059c9da81177ce04e191504574b8) is already imported","throwable":""}
{"timestamp":"2025-09-16T14:41:15,010","container":"e8fbc2c00ac2","level":"INFO","thread":"BftProcessorExecutor-QBFT-0","class":"QbftBesuControllerBuilder","message":"Produced #540 / 0 tx / 0 pending / 0 (0.0%) gas / (0x21ee625b69a785170a5f60c8dde81b34ad22059c9da81177ce04e191504574b8)","throwable":""}
{"timestamp":"2025-09-16T14:41:23,007","container":"e8fbc2c00ac2","level":"INFO","thread":"BftProcessorExecutor-QBFT-0","class":"QbftBesuControllerBuilder","message":"Imported #541 / 0 tx / 0 pending / 0 (0.0%) gas / (0xa2752c09306199773fb948eb2ae02dcb5865229dc156a2239a825bddbc3a7b47)","throwable":""}
{"timestamp":"2025-09-16T14:41:31,009","container":"e8fbc2c00ac2","level":"INFO","thread":"BftProcessorExecutor-QBFT-0","class":"QbftBesuControllerBuilder","message":"Imported #542 / 0 tx / 0 pending / 0 (0.0%) gas / (0x9f2b0f874b1e6f2f6b544aaa543e599310b3641e354b21b48c0f2a908cfe81b6)","throwable":""}
{"timestamp":"2025-09-16T14:41:39,007","container":"e8fbc2c00ac2","level":"INFO","thread":"BftProcessorExecutor-QBFT-0","class":"QbftBesuControllerBuilder","message":"Imported #543 / 0 tx / 0 pending / 0 (0.0%) gas / (0xd9cbf9eff8d0db05a4adebe000cb1fe24a19dd3d2f90e5e292aa4848abec024c)","throwable":""}
{"timestamp":"2025-09-16T14:41:47,006","container":"e8fbc2c00ac2","level":"INFO","thread":"BftProcessorExecutor-QBFT-0","class":"QbftBesuControllerBuilder","message":"Produced #544 / 0 tx / 0 pending / 0 (0.0%) gas / (0x41f8b1336c0e836156cbe74b9462eb05ab8e69e8b4f6a93f9163ee568e9749ee)","throwable":""}
{"timestamp":"2025-09-16T14:41:55,006","container":"e8fbc2c00ac2","level":"INFO","thread":"BftProcessorExecutor-QBFT-0","class":"QbftBesuControllerBuilder","message":"Imported #545 / 0 tx / 0 pending / 0 (0.0%) gas / (0x9939774b585e0a8444985a983908f0774a35fd727d5bd32fe94ed050350bd740)","throwable":""}
{"timestamp":"2025-09-16T14:42:03,006","container":"e8fbc2c00ac2","level":"INFO","thread":"BftProcessorExecutor-QBFT-0","class":"QbftBesuControllerBuilder","message":"Imported #546 / 0 tx / 0 pending / 0 (0.0%) gas / (0x7cad77d18d3d7920c1432744ab155923d2e17b2b7278e189926db3e15c3bb98a)","throwable":""}
{"timestamp":"2025-09-16T14:42:11,007","container":"e8fbc2c00ac2","level":"INFO","thread":"BftProcessorExecutor-QBFT-0","class":"QbftBesuControllerBuilder","message":"Imported #547 / 0 tx / 0 pending / 0 (0.0%) gas / (0xdea92a4c4fec4909738890fef96782d9f2b6525b61e438a29015fdd35e88eeda)","throwable":""}
{"timestamp":"2025-09-16T14:42:19,006","container":"e8fbc2c00ac2","level":"INFO","thread":"BftProcessorExecutor-QBFT-0","class":"QbftBesuControllerBuilder","message":"Produced #548 / 0 tx / 0 pending / 0 (0.0%) gas / (0x5a56dbce0ea67648691cf3125e908756c5e818647335234ce40876267a7a6c41)","throwable":""}
{"timestamp":"2025-09-16T14:42:19,006","container":"e8fbc2c00ac2","level":"INFO","thread":"EthScheduler-Workers-0","class":"PersistBlockTask","message":"Block 548 (0x5a56dbce0ea67648691cf3125e908756c5e818647335234ce40876267a7a6c41) is already imported","throwable":""}
{"timestamp":"2025-09-16T14:42:27,007","container":"e8fbc2c00ac2","level":"INFO","thread":"BftProcessorExecutor-QBFT-0","class":"QbftBesuControllerBuilder","message":"Imported #549 / 0 tx / 0 pending / 0 (0.0%) gas / (0xb994af15c3d2c9b416d1a76a177a27c428888c38f15fa0e8b6e38cc068b89f43)","throwable":""}
{"timestamp":"2025-09-16T14:42:35,006","container":"e8fbc2c00ac2","level":"INFO","thread":"BftProcessorExecutor-QBFT-0","class":"QbftBesuControllerBuilder","message":"Imported #550 / 0 tx / 0 pending / 0 (0.0%) gas / (0xa1c997e1b23106eb178c0970e7e9ce282eb8cb56fb2a2045a6066d94a69faddc)","throwable":""}
{"timestamp":"2025-09-16T14:42:43,005","container":"e8fbc2c00ac2","level":"INFO","thread":"BftProcessorExecutor-QBFT-0","class":"QbftBesuControllerBuilder","message":"Imported #551 / 0 tx / 0 pending / 0 (0.0%) gas / (0xce0a46b2da937b9a4e19eae5e5823a90f9434c1609efa29be7876c836534e374)","throwable":""}
{"timestamp":"2025-09-16T14:42:51,008","container":"e8fbc2c00ac2","level":"INFO","thread":"BftProcessorExecutor-QBFT-0","class":"QbftBesuControllerBuilder","message":"Produced #552 / 0 tx / 0 pending / 0 (0.0%) gas / (0x2ca14cb0f3e1f3573733d3c02e425c7ed4cf9223bcb3c4bc9d23156e0854cc5a)","throwable":""}
{"timestamp":"2025-09-16T14:42:51,008","container":"e8fbc2c00ac2","level":"INFO","thread":"EthScheduler-Workers-0","class":"PersistBlockTask","message":"Block 552 (0x2ca14cb0f3e1f3573733d3c02e425c7ed4cf9223bcb3c4bc9d23156e0854cc5a) is already imported","throwable":""}
{"timestamp":"2025-09-16T14:42:59,004","container":"e8fbc2c00ac2","level":"INFO","thread":"BftProcessorExecutor-QBFT-0","class":"QbftBesuControllerBuilder","message":"Imported #553 / 0 tx / 0 pending / 0 (0.0%) gas / (0x6857ee289f565470b4a2d659943d2e1099cd88fed61a1758542443d4458ad283)","throwable":""}
{"timestamp":"2025-09-16T14:43:07,007","container":"e8fbc2c00ac2","level":"INFO","thread":"BftProcessorExecutor-QBFT-0","class":"QbftBesuControllerBuilder","message":"Imported #554 / 0 tx / 0 pending / 0 (0.0%) gas / (0xbd80b6bdd30918468825b39ec53c42d0e8164e6c780e39b05ccf1e45069cc656)","throwable":""}
{"timestamp":"2025-09-16T14:43:15,006","container":"e8fbc2c00ac2","level":"INFO","thread":"BftProcessorExecutor-QBFT-0","class":"QbftBesuControllerBuilder","message":"Imported #555 / 0 tx / 0 pending / 0 (0.0%) gas / (0xb8c53023219b0c75250a9fe6e6947cab94bd6628ddb3f67e5820a90432087342)","throwable":""}
{"timestamp":"2025-09-16T14:43:23,007","container":"e8fbc2c00ac2","level":"INFO","thread":"BftProcessorExecutor-QBFT-0","class":"QbftBesuControllerBuilder","message":"Produced #556 / 0 tx / 0 pending / 0 (0.0%) gas / (0x975c37678c3c1c7b1e9e7cfb472043ddebe3114769f2ff577c6d30f515eba969)","throwable":""}
{"timestamp":"2025-09-16T14:43:31,007","container":"e8fbc2c00ac2","level":"INFO","thread":"BftProcessorExecutor-QBFT-0","class":"QbftBesuControllerBuilder","message":"Imported #557 / 0 tx / 0 pending / 0 (0.0%) gas / (0x20e887270b6b47bdde0392fdf89cf993970ad4378ea299e62765843bae21b4c9)","throwable":""}
{"timestamp":"2025-09-16T14:43:39,005","container":"e8fbc2c00ac2","level":"INFO","thread":"BftProcessorExecutor-QBFT-0","class":"QbftBesuControllerBuilder","message":"Imported #558 / 0 tx / 0 pending / 0 (0.0%) gas / (0x2a2473549c131e3a5a1458bcb572a0d0c3d3a37ef6af148a8bea5d7a2aa29afa)","throwable":""}
{"timestamp":"2025-09-16T14:43:47,006","container":"e8fbc2c00ac2","level":"INFO","thread":"BftProcessorExecutor-QBFT-0","class":"QbftBesuControllerBuilder","message":"Imported #559 / 0 tx / 0 pending / 0 (0.0%) gas / (0xbca32bc49fbb3082a43a67be567b88996f8cd6bc7412e2d4e00ce3ade49d1826)","throwable":""}
{"timestamp":"2025-09-16T14:43:55,006","container":"e8fbc2c00ac2","level":"INFO","thread":"BftProcessorExecutor-QBFT-0","class":"QbftBesuControllerBuilder","message":"Produced #560 / 0 tx / 0 pending / 0 (0.0%) gas / (0x1add2f395f53865d5fec591b9e8b60bcf81a523f37d2afa13eaef92891515f89)","throwable":""}
{"timestamp":"2025-09-16T14:44:03,005","container":"e8fbc2c00ac2","level":"INFO","thread":"BftProcessorExecutor-QBFT-0","class":"QbftBesuControllerBuilder","message":"Imported #561 / 0 tx / 0 pending / 0 (0.0%) gas / (0x1a4fa7f8343f3644fd3fde532134f8917fd67023e4692e989bf2b67074721ede)","throwable":""}
{"timestamp":"2025-09-16T14:44:11,006","container":"e8fbc2c00ac2","level":"INFO","thread":"BftProcessorExecutor-QBFT-0","class":"QbftBesuControllerBuilder","message":"Imported #562 / 0 tx / 0 pending / 0 (0.0%) gas / (0x71d1f6bb8721be73bccab0014049beb93aa5b98301bb2fa2a29a7a8a2726d761)","throwable":""}
{"timestamp":"2025-09-16T14:44:19,006","container":"e8fbc2c00ac2","level":"INFO","thread":"BftProcessorExecutor-QBFT-0","class":"QbftBesuControllerBuilder","message":"Imported #563 / 0 tx / 0 pending / 0 (0.0%) gas / (0x32d8afb2b91817f941c785220d163f2cd4a788a238392d2f0d61a3b5b41dda91)","throwable":""}
{"timestamp":"2025-09-16T14:44:19,006","container":"e8fbc2c00ac2","level":"INFO","thread":"EthScheduler-Workers-0","class":"PersistBlockTask","message":"Block 563 (0x32d8afb2b91817f941c785220d163f2cd4a788a238392d2f0d61a3b5b41dda91) is already imported","throwable":""}
{"timestamp":"2025-09-16T14:44:27,006","container":"e8fbc2c00ac2","level":"INFO","thread":"BftProcessorExecutor-QBFT-0","class":"QbftBesuControllerBuilder","message":"Produced #564 / 0 tx / 0 pending / 0 (0.0%) gas / (0x422744a490b75314ddaa2f5a561c64a56728a74f5f5755f19b26ee73daa08aba)","throwable":""}
{"timestamp":"2025-09-16T14:44:35,008","container":"e8fbc2c00ac2","level":"INFO","thread":"EthScheduler-Workers-0","class":"PersistBlockTask","message":"Block 565 (0x135ef8078f0420941797dfcc7332c74c12abce36b8b3870de57037743f999f9f) is already imported","throwable":""}
{"timestamp":"2025-09-16T14:44:35,008","container":"e8fbc2c00ac2","level":"INFO","thread":"BftProcessorExecutor-QBFT-0","class":"QbftBesuControllerBuilder","message":"Imported #565 / 0 tx / 0 pending / 0 (0.0%) gas / (0x135ef8078f0420941797dfcc7332c74c12abce36b8b3870de57037743f999f9f)","throwable":""}
{"timestamp":"2025-09-16T14:44:43,005","container":"e8fbc2c00ac2","level":"INFO","thread":"BftProcessorExecutor-QBFT-0","class":"QbftBesuControllerBuilder","message":"Imported #566 / 0 tx / 0 pending / 0 (0.0%) gas / (0x15c7817b1d4f8be5728ef9f70e266380781f644264b94b14ffd928622fd3093d)","throwable":""}
{"timestamp":"2025-09-16T14:44:51,008","container":"e8fbc2c00ac2","level":"INFO","thread":"BftProcessorExecutor-QBFT-0","class":"QbftBesuControllerBuilder","message":"Imported #567 / 0 tx / 0 pending / 0 (0.0%) gas / (0x8259fa7dc4eae3613358b5f2d30fe455ae89d3ee0f284b7234ceded378a28241)","throwable":""}
{"timestamp":"2025-09-16T14:44:59,005","container":"e8fbc2c00ac2","level":"INFO","thread":"BftProcessorExecutor-QBFT-0","class":"QbftBesuControllerBuilder","message":"Produced #568 / 0 tx / 0 pending / 0 (0.0%) gas / (0x1c831173701964c25482add450384d21e05344234f0de8fd95c26270f88e9299)","throwable":""}
{"timestamp":"2025-09-16T14:45:07,006","container":"e8fbc2c00ac2","level":"INFO","thread":"BftProcessorExecutor-QBFT-0","class":"QbftBesuControllerBuilder","message":"Imported #569 / 0 tx / 0 pending / 0 (0.0%) gas / (0xe5a30e11a14cdf1c2f7f714e57f3147ab3eb039933e9e1c07731bd6c87667e3c)","throwable":""}
{"timestamp":"2025-09-16T14:45:15,006","container":"e8fbc2c00ac2","level":"INFO","thread":"BftProcessorExecutor-QBFT-0","class":"QbftBesuControllerBuilder","message":"Imported #570 / 0 tx / 0 pending / 0 (0.0%) gas / (0xeaa053a990885db28cda686e8608b1b334909aa8df2c0af92b3a2d5a60635adc)","throwable":""}
{"timestamp":"2025-09-16T14:45:23,007","container":"e8fbc2c00ac2","level":"INFO","thread":"BftProcessorExecutor-QBFT-0","class":"QbftBesuControllerBuilder","message":"Imported #571 / 0 tx / 0 pending / 0 (0.0%) gas / (0x31378521ea07b15c56e2b6ec6451cd0b8cbff3894e50d0f34def19df4db9d9b1)","throwable":""}
{"timestamp":"2025-09-16T14:45:31,006","container":"e8fbc2c00ac2","level":"INFO","thread":"BftProcessorExecutor-QBFT-0","class":"QbftBesuControllerBuilder","message":"Produced #572 / 0 tx / 0 pending / 0 (0.0%) gas / (0x66709ae5c8b395569e87f779386aeab0dcaab957856227f5e36a0b61caba4af4)","throwable":""}
{"timestamp":"2025-09-16T14:45:39,005","container":"e8fbc2c00ac2","level":"INFO","thread":"BftProcessorExecutor-QBFT-0","class":"QbftBesuControllerBuilder","message":"Imported #573 / 0 tx / 0 pending / 0 (0.0%) gas / (0x5b2eac178bdb1f5de66be27f32ed5ccfdc33ffba4bd0f8e3dae578ebca2bc821)","throwable":""}
{"timestamp":"2025-09-16T14:45:47,009","container":"e8fbc2c00ac2","level":"INFO","thread":"BftProcessorExecutor-QBFT-0","class":"QbftBesuControllerBuilder","message":"Imported #574 / 0 tx / 0 pending / 0 (0.0%) gas / (0x51b8cf0a3ce9febd68796c555d4a9c6cf11f744276dcaf066b433f917660c879)","throwable":""}
{"timestamp":"2025-09-16T14:45:55,008","container":"e8fbc2c00ac2","level":"INFO","thread":"BftProcessorExecutor-QBFT-0","class":"QbftBesuControllerBuilder","message":"Imported #575 / 0 tx / 0 pending / 0 (0.0%) gas / (0x9f4d6f60358b3ea66f7bb8a75d84a4e49d32a7b8a8407f26c4a32d9dfebcc596)","throwable":""}
{"timestamp":"2025-09-16T14:46:03,006","container":"e8fbc2c00ac2","level":"INFO","thread":"BftProcessorExecutor-QBFT-0","class":"QbftBesuControllerBuilder","message":"Produced #576 / 0 tx / 0 pending / 0 (0.0%) gas / (0xd2d6cdd65c93cc0da2b4caa22bad37a1bb093a6bff1af52e1e50a28e4bc71572)","throwable":""}
{"timestamp":"2025-09-16T14:46:11,007","container":"e8fbc2c00ac2","level":"INFO","thread":"BftProcessorExecutor-QBFT-0","class":"QbftBesuControllerBuilder","message":"Imported #577 / 0 tx / 0 pending / 0 (0.0%) gas / (0xf6737c4ee73dbb2db3e07680dcbb3be6123a947431333be266ea23ee8436fe31)","throwable":""}
{"timestamp":"2025-09-16T14:46:19,006","container":"e8fbc2c00ac2","level":"INFO","thread":"EthScheduler-Workers-0","class":"PersistBlockTask","message":"Block 578 (0x851844228e5661062b996a929056154e39ba80f29690a1578418b7f8efc79b8f) is already imported","throwable":""}
{"timestamp":"2025-09-16T14:46:19,006","container":"e8fbc2c00ac2","level":"INFO","thread":"BftProcessorExecutor-QBFT-0","class":"QbftBesuControllerBuilder","message":"Imported #578 / 0 tx / 0 pending / 0 (0.0%) gas / (0x851844228e5661062b996a929056154e39ba80f29690a1578418b7f8efc79b8f)","throwable":""}
{"timestamp":"2025-09-16T14:46:27,007","container":"e8fbc2c00ac2","level":"INFO","thread":"BftProcessorExecutor-QBFT-0","class":"QbftBesuControllerBuilder","message":"Imported #579 / 0 tx / 0 pending / 0 (0.0%) gas / (0x8d7af59dbb531a2550af16b6bc49895ea9c006c318447a3b2abe220f99914f0c)","throwable":""}
{"timestamp":"2025-09-16T14:46:35,006","container":"e8fbc2c00ac2","level":"INFO","thread":"BftProcessorExecutor-QBFT-0","class":"QbftBesuControllerBuilder","message":"Produced #580 / 0 tx / 0 pending / 0 (0.0%) gas / (0x4c741d3ea5f9f1a1a20fb77184f3786c760d3c5039be6f62f06e121d59314ed2)","throwable":""}
{"timestamp":"2025-09-16T14:46:43,006","container":"e8fbc2c00ac2","level":"INFO","thread":"EthScheduler-Workers-0","class":"PersistBlockTask","message":"Block 581 (0xe7344a6d7f89d51e22d00b0dfe443299235a4c99032076ad187af23620afe575) is already imported","throwable":""}
{"timestamp":"2025-09-16T14:46:43,006","container":"e8fbc2c00ac2","level":"INFO","thread":"BftProcessorExecutor-QBFT-0","class":"QbftBesuControllerBuilder","message":"Imported #581 / 0 tx / 0 pending / 0 (0.0%) gas / (0xe7344a6d7f89d51e22d00b0dfe443299235a4c99032076ad187af23620afe575)","throwable":""}
{"timestamp":"2025-09-16T14:46:51,005","container":"e8fbc2c00ac2","level":"INFO","thread":"BftProcessorExecutor-QBFT-0","class":"QbftBesuControllerBuilder","message":"Imported #582 / 0 tx / 0 pending / 0 (0.0%) gas / (0x670f6822dbbfc0344e008d2c2daf7e338459d49bddf6967494ec8214681c2a74)","throwable":""}
{"timestamp":"2025-09-16T14:46:59,004","container":"e8fbc2c00ac2","level":"INFO","thread":"BftProcessorExecutor-QBFT-0","class":"QbftBesuControllerBuilder","message":"Imported #583 / 0 tx / 0 pending / 0 (0.0%) gas / (0x0c2283e189ccdf459992034d67703ad3de6d16b70f9c760436327895a8784d8e)","throwable":""}
{"timestamp":"2025-09-16T14:47:07,005","container":"e8fbc2c00ac2","level":"INFO","thread":"BftProcessorExecutor-QBFT-0","class":"QbftBesuControllerBuilder","message":"Produced #584 / 0 tx / 0 pending / 0 (0.0%) gas / (0xacb4045a24b7a8a405bd552b847808ae8d0dbaadb141051ab9184b62ea828504)","throwable":""}
{"timestamp":"2025-09-16T14:47:15,005","container":"e8fbc2c00ac2","level":"INFO","thread":"BftProcessorExecutor-QBFT-0","class":"QbftBesuControllerBuilder","message":"Imported #585 / 0 tx / 0 pending / 0 (0.0%) gas / (0x1d2234a4c6ca7c49ce693b5a8fcf11e94f6d724e836e244389333c07a0cb88c9)","throwable":""}
{"timestamp":"2025-09-16T14:47:23,008","container":"e8fbc2c00ac2","level":"INFO","thread":"BftProcessorExecutor-QBFT-0","class":"QbftBesuControllerBuilder","message":"Imported #586 / 0 tx / 0 pending / 0 (0.0%) gas / (0x19b102a98ea94824b9b31862aef3c6a2903c70ee8010aec20a0477f5c72da225)","throwable":""}
{"timestamp":"2025-09-16T14:47:31,007","container":"e8fbc2c00ac2","level":"INFO","thread":"BftProcessorExecutor-QBFT-0","class":"QbftBesuControllerBuilder","message":"Imported #587 / 0 tx / 0 pending / 0 (0.0%) gas / (0xc1a9ff21dd7b6025f79084a81d334e6c526120d61935a160524e69fecb097b19)","throwable":""}
{"timestamp":"2025-09-16T14:47:39,005","container":"e8fbc2c00ac2","level":"INFO","thread":"BftProcessorExecutor-QBFT-0","class":"QbftBesuControllerBuilder","message":"Produced #588 / 0 tx / 0 pending / 0 (0.0%) gas / (0x57f643e8db49d643e4f4944b388d455ef15a208609f877515c44fa167c1f4c4c)","throwable":""}
{"timestamp":"2025-09-16T14:47:47,005","container":"e8fbc2c00ac2","level":"INFO","thread":"BftProcessorExecutor-QBFT-0","class":"QbftBesuControllerBuilder","message":"Imported #589 / 0 tx / 0 pending / 0 (0.0%) gas / (0x9dbdf4b3f1aced8899b0ff2a8312f3bdae0e6ed6669056f338252c100b4f24a6)","throwable":""}
{"timestamp":"2025-09-16T14:47:55,005","container":"e8fbc2c00ac2","level":"INFO","thread":"BftProcessorExecutor-QBFT-0","class":"QbftBesuControllerBuilder","message":"Imported #590 / 0 tx / 0 pending / 0 (0.0%) gas / (0xf611ec9df03693f782da24ff33d2c346bcc3da653b6bb881351222df17718ee8)","throwable":""}
{"timestamp":"2025-09-16T14:48:03,005","container":"e8fbc2c00ac2","level":"INFO","thread":"BftProcessorExecutor-QBFT-0","class":"QbftBesuControllerBuilder","message":"Imported #591 / 0 tx / 0 pending / 0 (0.0%) gas / (0x7b1020b9de57c8ed1cb814f05116b33f49e69881dbbda8c19a2425aae4b1b972)","throwable":""}
{"timestamp":"2025-09-16T14:48:11,004","container":"e8fbc2c00ac2","level":"INFO","thread":"BftProcessorExecutor-QBFT-0","class":"QbftBesuControllerBuilder","message":"Produced #592 / 0 tx / 0 pending / 0 (0.0%) gas / (0x9375e45318bc25ec8b1dc221b1bc236d848a2a0f3b9ef36132f3082e39e32efc)","throwable":""}
{"timestamp":"2025-09-16T14:48:19,005","container":"e8fbc2c00ac2","level":"INFO","thread":"BftProcessorExecutor-QBFT-0","class":"QbftBesuControllerBuilder","message":"Imported #593 / 0 tx / 0 pending / 0 (0.0%) gas / (0x0980640c07e40dc24ec6682764691ce63f841545b24317fc184269c7c856f55b)","throwable":""}
{"timestamp":"2025-09-16T14:48:27,006","container":"e8fbc2c00ac2","level":"INFO","thread":"BftProcessorExecutor-QBFT-0","class":"QbftBesuControllerBuilder","message":"Imported #594 / 0 tx / 0 pending / 0 (0.0%) gas / (0x47ad2a1e30a3d73f53b3e340d5c4794cb9b3f1c1bf53441531d73eb58393ffd4)","throwable":""}
{"timestamp":"2025-09-16T14:48:35,006","container":"e8fbc2c00ac2","level":"INFO","thread":"BftProcessorExecutor-QBFT-0","class":"QbftBesuControllerBuilder","message":"Imported #595 / 0 tx / 0 pending / 0 (0.0%) gas / (0x0ea494e1fff8b2ca3884b5e49c463e946d2c7b4d61b8741bee56f3a675eb9b51)","throwable":""}
{"timestamp":"2025-09-16T14:48:43,006","container":"e8fbc2c00ac2","level":"INFO","thread":"BftProcessorExecutor-QBFT-0","class":"QbftBesuControllerBuilder","message":"Produced #596 / 0 tx / 0 pending / 0 (0.0%) gas / (0xf7412b4edb305f85ee29150350191e0741d8a1c79532e4d4b430ab27f339d351)","throwable":""}
{"timestamp":"2025-09-16T14:48:51,006","container":"e8fbc2c00ac2","level":"INFO","thread":"BftProcessorExecutor-QBFT-0","class":"QbftBesuControllerBuilder","message":"Imported #597 / 0 tx / 0 pending / 0 (0.0%) gas / (0x4153d6cd15dac3e0064762323b6b1465adb5976633aa037404820271e23b45fc)","throwable":""}
{"timestamp":"2025-09-16T14:48:59,006","container":"e8fbc2c00ac2","level":"INFO","thread":"EthScheduler-Workers-0","class":"PersistBlockTask","message":"Block 598 (0x8a2bed357d38ffdc5d5117353edce1a4b5babd4cb3b950cc4ed2fe105c9e15da) is already imported","throwable":""}
{"timestamp":"2025-09-16T14:48:59,006","container":"e8fbc2c00ac2","level":"INFO","thread":"BftProcessorExecutor-QBFT-0","class":"QbftBesuControllerBuilder","message":"Imported #598 / 0 tx / 0 pending / 0 (0.0%) gas / (0x8a2bed357d38ffdc5d5117353edce1a4b5babd4cb3b950cc4ed2fe105c9e15da)","throwable":""}
{"timestamp":"2025-09-16T14:49:07,008","container":"e8fbc2c00ac2","level":"INFO","thread":"BftProcessorExecutor-QBFT-0","class":"QbftBesuControllerBuilder","message":"Imported #599 / 0 tx / 0 pending / 0 (0.0%) gas / (0xce2c365bab3082991172f57522bd071285fdf8645383ecd4d26379bfd9c3c59d)","throwable":""}
{"timestamp":"2025-09-16T14:49:15,006","container":"e8fbc2c00ac2","level":"INFO","thread":"BftProcessorExecutor-QBFT-0","class":"QbftBesuControllerBuilder","message":"Produced #600 / 0 tx / 0 pending / 0 (0.0%) gas / (0x96fe9b1249fbfd8d62e3d9f855f4dbe5419b300d4598308bfab779f9b3925f75)","throwable":""}
{"timestamp":"2025-09-16T14:49:23,008","container":"e8fbc2c00ac2","level":"INFO","thread":"BftProcessorExecutor-QBFT-0","class":"QbftBesuControllerBuilder","message":"Imported #601 / 0 tx / 0 pending / 0 (0.0%) gas / (0xa6e0be911c10fdafa489006258c6d8b285094f4cc153f8862e355c66fe467239)","throwable":""}
{"timestamp":"2025-09-16T14:49:23,008","container":"e8fbc2c00ac2","level":"INFO","thread":"EthScheduler-Workers-0","class":"PersistBlockTask","message":"Block 601 (0xa6e0be911c10fdafa489006258c6d8b285094f4cc153f8862e355c66fe467239) is already imported","throwable":""}
{"timestamp":"2025-09-16T14:49:31,005","container":"e8fbc2c00ac2","level":"INFO","thread":"BftProcessorExecutor-QBFT-0","class":"QbftBesuControllerBuilder","message":"Imported #602 / 0 tx / 0 pending / 0 (0.0%) gas / (0xfe1735f8272fc13c7325a57e296dfd5fbf0fbc9eca640647925999a4458bab97)","throwable":""}
{"timestamp":"2025-09-16T14:49:39,007","container":"e8fbc2c00ac2","level":"INFO","thread":"BftProcessorExecutor-QBFT-0","class":"QbftBesuControllerBuilder","message":"Imported #603 / 0 tx / 0 pending / 0 (0.0%) gas / (0x9519c1e3d4fd1a38a9214f3a637fa11a5a212cf78c2c325456cabca9357c64cb)","throwable":""}
{"timestamp":"2025-09-16T14:49:47,007","container":"e8fbc2c00ac2","level":"INFO","thread":"BftProcessorExecutor-QBFT-0","class":"QbftBesuControllerBuilder","message":"Produced #604 / 0 tx / 0 pending / 0 (0.0%) gas / (0x2126c53d85b8c574a898c0d1e82e8098620b39e6e33703bbab082d1c3be7797a)","throwable":""}
{"timestamp":"2025-09-16T14:49:55,005","container":"e8fbc2c00ac2","level":"INFO","thread":"BftProcessorExecutor-QBFT-0","class":"QbftBesuControllerBuilder","message":"Imported #605 / 0 tx / 0 pending / 0 (0.0%) gas / (0xbdd74e229cec9b34167283a3cfc7eb4e72cf136214b0197ad8500f3ad1ec006b)","throwable":""}
{"timestamp":"2025-09-16T14:50:03,006","container":"e8fbc2c00ac2","level":"INFO","thread":"BftProcessorExecutor-QBFT-0","class":"QbftBesuControllerBuilder","message":"Imported #606 / 0 tx / 0 pending / 0 (0.0%) gas / (0xdad5d5d7c069ff77d2468f8ac3620744e2614bde6ce8fc85af288b3fb3d80dbc)","throwable":""}
{"timestamp":"2025-09-16T14:50:11,007","container":"e8fbc2c00ac2","level":"INFO","thread":"BftProcessorExecutor-QBFT-0","class":"QbftBesuControllerBuilder","message":"Imported #607 / 0 tx / 0 pending / 0 (0.0%) gas / (0xe7148fcaf44f0fe9c7110b393fe8241e73d5190e79f19b37a69a38ab39b36f92)","throwable":""}
{"timestamp":"2025-09-16T14:50:19,005","container":"e8fbc2c00ac2","level":"INFO","thread":"BftProcessorExecutor-QBFT-0","class":"QbftBesuControllerBuilder","message":"Produced #608 / 0 tx / 0 pending / 0 (0.0%) gas / (0xfb9d662f167f8eb2f678abfe25deb9a3253315fe0107e55d0653ff5fafd8fcfe)","throwable":""}
{"timestamp":"2025-09-16T14:50:27,007","container":"e8fbc2c00ac2","level":"INFO","thread":"BftProcessorExecutor-QBFT-0","class":"QbftBesuControllerBuilder","message":"Imported #609 / 0 tx / 0 pending / 0 (0.0%) gas / (0xd0718241c6ae8eadcce8f2819316e9f6bf97be9686d55b8d15354a7d931b4ff4)","throwable":""}
{"timestamp":"2025-09-16T14:50:27,007","container":"e8fbc2c00ac2","level":"INFO","thread":"EthScheduler-Workers-0","class":"PersistBlockTask","message":"Block 609 (0xd0718241c6ae8eadcce8f2819316e9f6bf97be9686d55b8d15354a7d931b4ff4) is already imported","throwable":""}
{"timestamp":"2025-09-16T14:50:35,006","container":"e8fbc2c00ac2","level":"INFO","thread":"EthScheduler-Workers-0","class":"PersistBlockTask","message":"Block 610 (0x6c32d270a1c46184383a7e5f83945d31e128719c378017f0e39acbc158de87ec) is already imported","throwable":""}
{"timestamp":"2025-09-16T14:50:35,007","container":"e8fbc2c00ac2","level":"INFO","thread":"BftProcessorExecutor-QBFT-0","class":"QbftBesuControllerBuilder","message":"Imported #610 / 0 tx / 0 pending / 0 (0.0%) gas / (0x6c32d270a1c46184383a7e5f83945d31e128719c378017f0e39acbc158de87ec)","throwable":""}
{"timestamp":"2025-09-16T14:50:43,007","container":"e8fbc2c00ac2","level":"INFO","thread":"BftProcessorExecutor-QBFT-0","class":"QbftBesuControllerBuilder","message":"Imported #611 / 0 tx / 0 pending / 0 (0.0%) gas / (0xacdefbaf03f915c19d36607ebadbdcae90da9e0f89cdf11e58caf385649188bd)","throwable":""}
{"timestamp":"2025-09-16T14:50:51,006","container":"e8fbc2c00ac2","level":"INFO","thread":"BftProcessorExecutor-QBFT-0","class":"QbftBesuControllerBuilder","message":"Produced #612 / 0 tx / 0 pending / 0 (0.0%) gas / (0x9736ab6152c2cd3fa143b37e21c6cb2fc5cc1e396f6b89330369c86c3fdd1180)","throwable":""}
{"timestamp":"2025-09-16T14:50:59,007","container":"e8fbc2c00ac2","level":"INFO","thread":"BftProcessorExecutor-QBFT-0","class":"QbftBesuControllerBuilder","message":"Imported #613 / 0 tx / 0 pending / 0 (0.0%) gas / (0x4890ef31643bb851483bc15df467e65d75a46b993c3fd3d9a94b84704dcef79a)","throwable":""}
{"timestamp":"2025-09-16T14:51:07,008","container":"e8fbc2c00ac2","level":"INFO","thread":"EthScheduler-Workers-0","class":"PersistBlockTask","message":"Block 614 (0x769fe1963d61fb29b62c105109d4d7854915d04a0e8934abb3666ab9de6cad01) is already imported","throwable":""}
{"timestamp":"2025-09-16T14:51:07,008","container":"e8fbc2c00ac2","level":"INFO","thread":"BftProcessorExecutor-QBFT-0","class":"QbftBesuControllerBuilder","message":"Imported #614 / 0 tx / 0 pending / 0 (0.0%) gas / (0x769fe1963d61fb29b62c105109d4d7854915d04a0e8934abb3666ab9de6cad01)","throwable":""}
{"timestamp":"2025-09-16T14:51:15,006","container":"e8fbc2c00ac2","level":"INFO","thread":"BftProcessorExecutor-QBFT-0","class":"QbftBesuControllerBuilder","message":"Imported #615 / 0 tx / 0 pending / 0 (0.0%) gas / (0xfd637a38c4ba8befc957d270e0f81d76f7e2097c68710313a5a1a88e41c1590f)","throwable":""}
{"timestamp":"2025-09-16T14:51:23,006","container":"e8fbc2c00ac2","level":"INFO","thread":"EthScheduler-Workers-0","class":"PersistBlockTask","message":"Block 616 (0xec3f3930a8c16474d645d27eb5af44f8d9a4ac3b213f0dddd869210e0b2c49c8) is already imported","throwable":""}
{"timestamp":"2025-09-16T14:51:23,006","container":"e8fbc2c00ac2","level":"INFO","thread":"BftProcessorExecutor-QBFT-0","class":"QbftBesuControllerBuilder","message":"Produced #616 / 0 tx / 0 pending / 0 (0.0%) gas / (0xec3f3930a8c16474d645d27eb5af44f8d9a4ac3b213f0dddd869210e0b2c49c8)","throwable":""}
{"timestamp":"2025-09-16T14:51:31,009","container":"e8fbc2c00ac2","level":"INFO","thread":"BftProcessorExecutor-QBFT-0","class":"QbftBesuControllerBuilder","message":"Imported #617 / 0 tx / 0 pending / 0 (0.0%) gas / (0xee379f194687789be1ba801820a5fa34de481e200477838d76d785ed01175cb2)","throwable":""}
{"timestamp":"2025-09-16T14:51:39,007","container":"e8fbc2c00ac2","level":"INFO","thread":"BftProcessorExecutor-QBFT-0","class":"QbftBesuControllerBuilder","message":"Imported #618 / 0 tx / 0 pending / 0 (0.0%) gas / (0xc8113dea4589621e5ad1277b5e8eabb2beb47233eb3e9866bf9c67a7f1620240)","throwable":""}
{"timestamp":"2025-09-16T14:51:47,005","container":"e8fbc2c00ac2","level":"INFO","thread":"BftProcessorExecutor-QBFT-0","class":"QbftBesuControllerBuilder","message":"Imported #619 / 0 tx / 0 pending / 0 (0.0%) gas / (0x30a94a1e4e55071cd6757d894b582b57e4d0990cc671d27ce552b18092cfde9c)","throwable":""}
{"timestamp":"2025-09-16T14:51:55,006","container":"e8fbc2c00ac2","level":"INFO","thread":"EthScheduler-Workers-0","class":"PersistBlockTask","message":"Block 620 (0x19b1e63f2bda3f6d92d072820c8c7ae468d3a1ce4c2ecd03a6c3e19cb701d4d8) is already imported","throwable":""}
{"timestamp":"2025-09-16T14:51:55,006","container":"e8fbc2c00ac2","level":"INFO","thread":"BftProcessorExecutor-QBFT-0","class":"QbftBesuControllerBuilder","message":"Produced #620 / 0 tx / 0 pending / 0 (0.0%) gas / (0x19b1e63f2bda3f6d92d072820c8c7ae468d3a1ce4c2ecd03a6c3e19cb701d4d8)","throwable":""}
{"timestamp":"2025-09-16T14:52:03,007","container":"e8fbc2c00ac2","level":"INFO","thread":"BftProcessorExecutor-QBFT-0","class":"QbftBesuControllerBuilder","message":"Imported #621 / 0 tx / 0 pending / 0 (0.0%) gas / (0x27a9b4f75ff343ea7dccda22e4e6fd0520dcd81399ac43f2b06d407161b99b59)","throwable":""}
{"timestamp":"2025-09-16T14:52:11,006","container":"e8fbc2c00ac2","level":"INFO","thread":"BftProcessorExecutor-QBFT-0","class":"QbftBesuControllerBuilder","message":"Imported #622 / 0 tx / 0 pending / 0 (0.0%) gas / (0x54aa7b3bad205347173a162ed1642a154c7286ed5e651f39c40c79d34b344ef6)","throwable":""}
{"timestamp":"2025-09-16T14:52:19,005","container":"e8fbc2c00ac2","level":"INFO","thread":"BftProcessorExecutor-QBFT-0","class":"QbftBesuControllerBuilder","message":"Imported #623 / 0 tx / 0 pending / 0 (0.0%) gas / (0x8cf7026f7456d3810e9b5e6e3c6af07e196ccb4068fd5b6094be31fee0a56c03)","throwable":""}
{"timestamp":"2025-09-16T14:52:27,005","container":"e8fbc2c00ac2","level":"INFO","thread":"BftProcessorExecutor-QBFT-0","class":"QbftBesuControllerBuilder","message":"Produced #624 / 0 tx / 0 pending / 0 (0.0%) gas / (0x5d8c7029f01ca85e0c252499d44a12e961019e137b2856d3135df63634d99347)","throwable":""}
{"timestamp":"2025-09-16T14:52:35,008","container":"e8fbc2c00ac2","level":"INFO","thread":"EthScheduler-Workers-0","class":"PersistBlockTask","message":"Block 625 (0x368025425142639aa0b8e17e5a7ba4cfcb094919891ebb68d01412fd3e1d322d) is already imported","throwable":""}
{"timestamp":"2025-09-16T14:52:35,009","container":"e8fbc2c00ac2","level":"INFO","thread":"BftProcessorExecutor-QBFT-0","class":"QbftBesuControllerBuilder","message":"Imported #625 / 0 tx / 0 pending / 0 (0.0%) gas / (0x368025425142639aa0b8e17e5a7ba4cfcb094919891ebb68d01412fd3e1d322d)","throwable":""}
{"timestamp":"2025-09-16T14:52:43,008","container":"e8fbc2c00ac2","level":"INFO","thread":"BftProcessorExecutor-QBFT-0","class":"QbftBesuControllerBuilder","message":"Imported #626 / 0 tx / 0 pending / 0 (0.0%) gas / (0xb184bc0a125c5fa1cf36d296250821be1026e3fb902b4fec634204c98c61f385)","throwable":""}
{"timestamp":"2025-09-16T14:52:43,008","container":"e8fbc2c00ac2","level":"INFO","thread":"EthScheduler-Workers-0","class":"PersistBlockTask","message":"Imported #626 / 0 tx / 0 om / 0 (0.0%) gas / (0xb184bc0a125c5fa1cf36d296250821be1026e3fb902b4fec634204c98c61f385) in 0.001s. Peers: 5","throwable":""}
{"timestamp":"2025-09-16T14:52:51,007","container":"e8fbc2c00ac2","level":"INFO","thread":"BftProcessorExecutor-QBFT-0","class":"QbftBesuControllerBuilder","message":"Imported #627 / 0 tx / 0 pending / 0 (0.0%) gas / (0x1affd843fa77c02351f718e0a749f6699576c83796a09d02c4a9b1d90f7a66a2)","throwable":""}
{"timestamp":"2025-09-16T14:52:59,005","container":"e8fbc2c00ac2","level":"INFO","thread":"BftProcessorExecutor-QBFT-0","class":"QbftBesuControllerBuilder","message":"Produced #628 / 0 tx / 0 pending / 0 (0.0%) gas / (0xd0d58d130e07140a1e1c8e90407745e519fd7646f38a6fa54e96c0b5f06dbffd)","throwable":""}
{"timestamp":"2025-09-16T14:53:07,008","container":"e8fbc2c00ac2","level":"INFO","thread":"BftProcessorExecutor-QBFT-0","class":"QbftBesuControllerBuilder","message":"Imported #629 / 0 tx / 0 pending / 0 (0.0%) gas / (0x4f7b21bc7357f70fdb5fa34dba54707cc72bc88b9794e811a4a1dd00e9203a2d)","throwable":""}
{"timestamp":"2025-09-16T14:53:15,004","container":"e8fbc2c00ac2","level":"INFO","thread":"BftProcessorExecutor-QBFT-0","class":"QbftBesuControllerBuilder","message":"Imported #630 / 0 tx / 0 pending / 0 (0.0%) gas / (0x50c16f4bdfcadead616f4db9b04af83610808294d94fa0c5ac0f85b2564bbe34)","throwable":""}
{"timestamp":"2025-09-16T14:53:23,008","container":"e8fbc2c00ac2","level":"INFO","thread":"BftProcessorExecutor-QBFT-0","class":"QbftBesuControllerBuilder","message":"Imported #631 / 0 tx / 0 pending / 0 (0.0%) gas / (0xb42b8921e9a04fb89ad0ab6a09f2f6a4902f8d89ef5ebe12592037b7328ffb61)","throwable":""}
{"timestamp":"2025-09-16T14:53:31,007","container":"e8fbc2c00ac2","level":"INFO","thread":"BftProcessorExecutor-QBFT-0","class":"QbftBesuControllerBuilder","message":"Produced #632 / 0 tx / 0 pending / 0 (0.0%) gas / (0xc0aba79252cb8a10767ca52854ec8359d5ae0e92d921ff5f764ab77489d33599)","throwable":""}
{"timestamp":"2025-09-16T14:53:39,008","container":"e8fbc2c00ac2","level":"INFO","thread":"EthScheduler-Workers-0","class":"PersistBlockTask","message":"Block 633 (0xb4010234e07961370fd0f0d3aa15923c60e958fd6eccef7ac00a1fd7db5d1e87) is already imported","throwable":""}
{"timestamp":"2025-09-16T14:53:39,008","container":"e8fbc2c00ac2","level":"INFO","thread":"BftProcessorExecutor-QBFT-0","class":"QbftBesuControllerBuilder","message":"Imported #633 / 0 tx / 0 pending / 0 (0.0%) gas / (0xb4010234e07961370fd0f0d3aa15923c60e958fd6eccef7ac00a1fd7db5d1e87)","throwable":""}
{"timestamp":"2025-09-16T14:53:47,007","container":"e8fbc2c00ac2","level":"INFO","thread":"BftProcessorExecutor-QBFT-0","class":"QbftBesuControllerBuilder","message":"Imported #634 / 0 tx / 0 pending / 0 (0.0%) gas / (0x9a2655327752476cba6760cd9416c7a94c99bb58d297fd8d9cc03ef19a3d17c7)","throwable":""}
{"timestamp":"2025-09-16T14:53:55,006","container":"e8fbc2c00ac2","level":"INFO","thread":"BftProcessorExecutor-QBFT-0","class":"QbftBesuControllerBuilder","message":"Imported #635 / 0 tx / 0 pending / 0 (0.0%) gas / (0xf7b4e470f51ea6445800006066635efeb32772ca5463626ae8636c4b43b58e40)","throwable":""}
{"timestamp":"2025-09-16T14:54:03,006","container":"e8fbc2c00ac2","level":"INFO","thread":"BftProcessorExecutor-QBFT-0","class":"QbftBesuControllerBuilder","message":"Produced #636 / 0 tx / 0 pending / 0 (0.0%) gas / (0x29d05353275848cb2f997492e6a443a1333e22c6430964c782a89a7b33dc5487)","throwable":""}
{"timestamp":"2025-09-16T14:54:03,006","container":"e8fbc2c00ac2","level":"INFO","thread":"EthScheduler-Workers-0","class":"PersistBlockTask","message":"Block 636 (0x29d05353275848cb2f997492e6a443a1333e22c6430964c782a89a7b33dc5487) is already imported","throwable":""}
{"timestamp":"2025-09-16T14:54:11,005","container":"e8fbc2c00ac2","level":"INFO","thread":"BftProcessorExecutor-QBFT-0","class":"QbftBesuControllerBuilder","message":"Imported #637 / 0 tx / 0 pending / 0 (0.0%) gas / (0xf60aa1fdf9b9e26f53d5919e0163c58acf633c15022e56ee97a74f063b7b6c61)","throwable":""}
{"timestamp":"2025-09-16T14:54:19,007","container":"e8fbc2c00ac2","level":"INFO","thread":"BftProcessorExecutor-QBFT-0","class":"QbftBesuControllerBuilder","message":"Imported #638 / 0 tx / 0 pending / 0 (0.0%) gas / (0xad68729130f5b2e495f1baaff98dad8413e7c380d8d06bc5bec8e5b02b046b1a)","throwable":""}
{"timestamp":"2025-09-16T14:54:27,006","container":"e8fbc2c00ac2","level":"INFO","thread":"BftProcessorExecutor-QBFT-0","class":"QbftBesuControllerBuilder","message":"Imported #639 / 0 tx / 0 pending / 0 (0.0%) gas / (0x3504e7848048b750237b80370453de282114d5abbc32e72f3675949027ede7a2)","throwable":""}
{"timestamp":"2025-09-16T14:54:35,010","container":"e8fbc2c00ac2","level":"INFO","thread":"BftProcessorExecutor-QBFT-0","class":"QbftBesuControllerBuilder","message":"Produced #640 / 0 tx / 0 pending / 0 (0.0%) gas / (0x8d1f1b7626801819243b41fbdd6ca74b49e5047e67b4952698d2658b40f1565a)","throwable":""}
{"timestamp":"2025-09-16T14:54:43,009","container":"e8fbc2c00ac2","level":"INFO","thread":"EthScheduler-Workers-0","class":"PersistBlockTask","message":"Block 641 (0xbaa4ab5f050f9b64f65454a8b68a99499bb4fa4e0aeeb6c4e99514e549181215) is already imported","throwable":""}
{"timestamp":"2025-09-16T14:54:43,010","container":"e8fbc2c00ac2","level":"INFO","thread":"BftProcessorExecutor-QBFT-0","class":"QbftBesuControllerBuilder","message":"Imported #641 / 0 tx / 0 pending / 0 (0.0%) gas / (0xbaa4ab5f050f9b64f65454a8b68a99499bb4fa4e0aeeb6c4e99514e549181215)","throwable":""}
{"timestamp":"2025-09-16T14:54:51,007","container":"e8fbc2c00ac2","level":"INFO","thread":"EthScheduler-Workers-0","class":"PersistBlockTask","message":"Block 642 (0xc4cc2c3d6600a79d8c98908fdf4c2731d012fe753b89f87ae17168241499e95c) is already imported","throwable":""}
{"timestamp":"2025-09-16T14:54:51,007","container":"e8fbc2c00ac2","level":"INFO","thread":"BftProcessorExecutor-QBFT-0","class":"QbftBesuControllerBuilder","message":"Imported #642 / 0 tx / 0 pending / 0 (0.0%) gas / (0xc4cc2c3d6600a79d8c98908fdf4c2731d012fe753b89f87ae17168241499e95c)","throwable":""}
{"timestamp":"2025-09-16T14:54:59,006","container":"e8fbc2c00ac2","level":"INFO","thread":"BftProcessorExecutor-QBFT-0","class":"QbftBesuControllerBuilder","message":"Imported #643 / 0 tx / 0 pending / 0 (0.0%) gas / (0x466a60d19283462204189590bd5a5cf5de6814eee8fc72fcdf946ff9c45a3851)","throwable":""}
{"timestamp":"2025-09-16T14:55:07,011","container":"e8fbc2c00ac2","level":"INFO","thread":"BftProcessorExecutor-QBFT-0","class":"QbftBesuControllerBuilder","message":"Produced #644 / 0 tx / 0 pending / 0 (0.0%) gas / (0xe23c552a448aa125c4eb0852f9958c856118bc9821b5cb214f3b78499ee4c646)","throwable":""}
{"timestamp":"2025-09-16T14:55:07,011","container":"e8fbc2c00ac2","level":"INFO","thread":"EthScheduler-Workers-0","class":"PersistBlockTask","message":"Block 644 (0xe23c552a448aa125c4eb0852f9958c856118bc9821b5cb214f3b78499ee4c646) is already imported","throwable":""}
{"timestamp":"2025-09-16T14:55:15,008","container":"e8fbc2c00ac2","level":"INFO","thread":"EthScheduler-Workers-0","class":"PersistBlockTask","message":"Block 645 (0xad0037ac5c02cf9806fe9cea9b8cdb485eecf4bb645bf5f2e57679bb70441a52) is already imported","throwable":""}
{"timestamp":"2025-09-16T14:55:15,008","container":"e8fbc2c00ac2","level":"INFO","thread":"BftProcessorExecutor-QBFT-0","class":"QbftBesuControllerBuilder","message":"Imported #645 / 0 tx / 0 pending / 0 (0.0%) gas / (0xad0037ac5c02cf9806fe9cea9b8cdb485eecf4bb645bf5f2e57679bb70441a52)","throwable":""}
{"timestamp":"2025-09-16T14:55:23,005","container":"e8fbc2c00ac2","level":"INFO","thread":"BftProcessorExecutor-QBFT-0","class":"QbftBesuControllerBuilder","message":"Imported #646 / 0 tx / 0 pending / 0 (0.0%) gas / (0x1a021ae4dd3705cc5625f4705cf7a645de15c83614850e2fa07d798d6b972385)","throwable":""}
{"timestamp":"2025-09-16T14:55:31,008","container":"e8fbc2c00ac2","level":"INFO","thread":"BftProcessorExecutor-QBFT-0","class":"QbftBesuControllerBuilder","message":"Imported #647 / 0 tx / 0 pending / 0 (0.0%) gas / (0x744d5094d96cb7885fb54fb0adcdafec67dd1371cbf4390cd1c5aa554e446ee3)","throwable":""}
{"timestamp":"2025-09-16T14:55:39,009","container":"e8fbc2c00ac2","level":"INFO","thread":"BftProcessorExecutor-QBFT-0","class":"QbftBesuControllerBuilder","message":"Produced #648 / 0 tx / 0 pending / 0 (0.0%) gas / (0xf849e6c30160954df4965eb2768d71ced36d786757f6901b4162bffd652b1a30)","throwable":""}
{"timestamp":"2025-09-16T14:55:47,007","container":"e8fbc2c00ac2","level":"INFO","thread":"BftProcessorExecutor-QBFT-0","class":"QbftBesuControllerBuilder","message":"Imported #649 / 0 tx / 0 pending / 0 (0.0%) gas / (0xc0adf19e4cb442d4aeb88058eb5b85795477d0d43fa4ddf2510e801ff1a9f45e)","throwable":""}
{"timestamp":"2025-09-16T14:55:55,005","container":"e8fbc2c00ac2","level":"INFO","thread":"BftProcessorExecutor-QBFT-0","class":"QbftBesuControllerBuilder","message":"Imported #650 / 0 tx / 0 pending / 0 (0.0%) gas / (0x902e2c0459e3a802c354b2c0a06c525c08abf9412896a9e6b773294c66355f14)","throwable":""}
{"timestamp":"2025-09-16T14:56:03,008","container":"e8fbc2c00ac2","level":"INFO","thread":"BftProcessorExecutor-QBFT-0","class":"QbftBesuControllerBuilder","message":"Imported #651 / 0 tx / 0 pending / 0 (0.0%) gas / (0x7400096ff59eef39bdb9b09bbd7eb28d94a303660c379d9dfe2c1857128dd668)","throwable":""}
{"timestamp":"2025-09-16T14:56:11,006","container":"e8fbc2c00ac2","level":"INFO","thread":"BftProcessorExecutor-QBFT-0","class":"QbftBesuControllerBuilder","message":"Produced #652 / 0 tx / 0 pending / 0 (0.0%) gas / (0x683b2f269a327c02dde7b85714e58b8ccfe174df10b2ee56ae27be2eb2e8e079)","throwable":""}
{"timestamp":"2025-09-16T14:56:19,007","container":"e8fbc2c00ac2","level":"INFO","thread":"EthScheduler-Workers-0","class":"PersistBlockTask","message":"Block 653 (0x426abc66564bc4b955d87beb6b0f2d36c065ddc0855c0953d2cc3072699b9e46) is already imported","throwable":""}
{"timestamp":"2025-09-16T14:56:19,007","container":"e8fbc2c00ac2","level":"INFO","thread":"BftProcessorExecutor-QBFT-0","class":"QbftBesuControllerBuilder","message":"Imported #653 / 0 tx / 0 pending / 0 (0.0%) gas / (0x426abc66564bc4b955d87beb6b0f2d36c065ddc0855c0953d2cc3072699b9e46)","throwable":""}
{"timestamp":"2025-09-16T14:56:27,012","container":"e8fbc2c00ac2","level":"INFO","thread":"BftProcessorExecutor-QBFT-0","class":"QbftBesuControllerBuilder","message":"Imported #654 / 0 tx / 0 pending / 0 (0.0%) gas / (0xcf30c54fd0bfaa75438406909b3cfc2647ff3c90dd9a89466788637dca394e73)","throwable":""}
{"timestamp":"2025-09-16T14:56:35,009","container":"e8fbc2c00ac2","level":"INFO","thread":"EthScheduler-Workers-0","class":"PersistBlockTask","message":"Block 655 (0xb8156d5452c034ca44c3bfa6a5ce60d5a493a4d1fbd8686096d748be1d9f6201) is already imported","throwable":""}
{"timestamp":"2025-09-16T14:56:35,009","container":"e8fbc2c00ac2","level":"INFO","thread":"BftProcessorExecutor-QBFT-0","class":"QbftBesuControllerBuilder","message":"Imported #655 / 0 tx / 0 pending / 0 (0.0%) gas / (0xb8156d5452c034ca44c3bfa6a5ce60d5a493a4d1fbd8686096d748be1d9f6201)","throwable":""}
{"timestamp":"2025-09-16T14:56:43,007","container":"e8fbc2c00ac2","level":"INFO","thread":"BftProcessorExecutor-QBFT-0","class":"QbftBesuControllerBuilder","message":"Produced #656 / 0 tx / 0 pending / 0 (0.0%) gas / (0xa3d426af40fc126f26118b4402640a50e79c661208b39386e2662dd2a469f15e)","throwable":""}
{"timestamp":"2025-09-16T14:56:51,006","container":"e8fbc2c00ac2","level":"INFO","thread":"EthScheduler-Workers-0","class":"PersistBlockTask","message":"Block 657 (0x52eec3da8a276d9484aa83df9d30388aeeb6d16eefd56ae8f6989a6c7fa916b4) is already imported","throwable":""}
{"timestamp":"2025-09-16T14:56:51,006","container":"e8fbc2c00ac2","level":"INFO","thread":"BftProcessorExecutor-QBFT-0","class":"QbftBesuControllerBuilder","message":"Imported #657 / 0 tx / 0 pending / 0 (0.0%) gas / (0x52eec3da8a276d9484aa83df9d30388aeeb6d16eefd56ae8f6989a6c7fa916b4)","throwable":""}
{"timestamp":"2025-09-16T14:56:59,005","container":"e8fbc2c00ac2","level":"INFO","thread":"BftProcessorExecutor-QBFT-0","class":"QbftBesuControllerBuilder","message":"Imported #658 / 0 tx / 0 pending / 0 (0.0%) gas / (0xb73d5e4925f9152f25179894f69ccf629b24ceb9f92cfc73f53e1aa3202f2f3e)","throwable":""}
{"timestamp":"2025-09-16T14:57:07,006","container":"e8fbc2c00ac2","level":"INFO","thread":"BftProcessorExecutor-QBFT-0","class":"QbftBesuControllerBuilder","message":"Imported #659 / 0 tx / 0 pending / 0 (0.0%) gas / (0x610d6369011db98e79a6f41d5d584397c210317be1a1cb6754d786afcbeaaff4)","throwable":""}
{"timestamp":"2025-09-16T14:57:15,008","container":"e8fbc2c00ac2","level":"INFO","thread":"EthScheduler-Workers-0","class":"PersistBlockTask","message":"Imported #660 / 0 tx / 0 om / 0 (0.0%) gas / (0x2061a11fa439b874bd9988771ae12e344bb2a9d9c98ec32e0d71098e37ab02fd) in 0.001s. Peers: 5","throwable":""}
{"timestamp":"2025-09-16T14:57:15,008","container":"e8fbc2c00ac2","level":"INFO","thread":"BftProcessorExecutor-QBFT-0","class":"QbftBesuControllerBuilder","message":"Produced #660 / 0 tx / 0 pending / 0 (0.0%) gas / (0x2061a11fa439b874bd9988771ae12e344bb2a9d9c98ec32e0d71098e37ab02fd)","throwable":""}
{"timestamp":"2025-09-16T14:57:23,006","container":"e8fbc2c00ac2","level":"INFO","thread":"BftProcessorExecutor-QBFT-0","class":"QbftBesuControllerBuilder","message":"Imported #661 / 0 tx / 0 pending / 0 (0.0%) gas / (0xafc111076fd891ecb739005dd7a25e41323e4b32eca803613b4f50be7ffbd42e)","throwable":""}
{"timestamp":"2025-09-16T14:57:31,005","container":"e8fbc2c00ac2","level":"INFO","thread":"BftProcessorExecutor-QBFT-0","class":"QbftBesuControllerBuilder","message":"Imported #662 / 0 tx / 0 pending / 0 (0.0%) gas / (0x99f581af2efda1f8e0ee3e7bec6bf9a7cc155380cdfc637646199e63b137f94e)","throwable":""}
{"timestamp":"2025-09-16T14:57:39,006","container":"e8fbc2c00ac2","level":"INFO","thread":"EthScheduler-Workers-0","class":"PersistBlockTask","message":"Block 663 (0xbaea5daf0cd50f71adba6b0bfd9436da987d749287e451b1c0e7be790dd98616) is already imported","throwable":""}
{"timestamp":"2025-09-16T14:57:39,007","container":"e8fbc2c00ac2","level":"INFO","thread":"BftProcessorExecutor-QBFT-0","class":"QbftBesuControllerBuilder","message":"Imported #663 / 0 tx / 0 pending / 0 (0.0%) gas / (0xbaea5daf0cd50f71adba6b0bfd9436da987d749287e451b1c0e7be790dd98616)","throwable":""}
{"timestamp":"2025-09-16T14:57:47,009","container":"e8fbc2c00ac2","level":"INFO","thread":"BftProcessorExecutor-QBFT-0","class":"QbftBesuControllerBuilder","message":"Produced #664 / 0 tx / 0 pending / 0 (0.0%) gas / (0x82d1b669446c0d5e05c8a341fb3bff06273cbb73a3647ccd907d8696cdadba79)","throwable":""}
{"timestamp":"2025-09-16T14:57:55,007","container":"e8fbc2c00ac2","level":"INFO","thread":"EthScheduler-Workers-0","class":"PersistBlockTask","message":"Block 665 (0xa53dee0eb281ccab0d104187fe426d9e6141d4a2f7c7423f4083fdcdac786071) is already imported","throwable":""}
{"timestamp":"2025-09-16T14:57:55,007","container":"e8fbc2c00ac2","level":"INFO","thread":"BftProcessorExecutor-QBFT-0","class":"QbftBesuControllerBuilder","message":"Imported #665 / 0 tx / 0 pending / 0 (0.0%) gas / (0xa53dee0eb281ccab0d104187fe426d9e6141d4a2f7c7423f4083fdcdac786071)","throwable":""}
{"timestamp":"2025-09-16T14:58:03,005","container":"e8fbc2c00ac2","level":"INFO","thread":"BftProcessorExecutor-QBFT-0","class":"QbftBesuControllerBuilder","message":"Imported #666 / 0 tx / 0 pending / 0 (0.0%) gas / (0x520fb4345c45fd3ab027c034fe6d000165a45ec4a911af0913605eb4acdc5f62)","throwable":""}
{"timestamp":"2025-09-16T14:58:11,006","container":"e8fbc2c00ac2","level":"INFO","thread":"BftProcessorExecutor-QBFT-0","class":"QbftBesuControllerBuilder","message":"Imported #667 / 0 tx / 0 pending / 0 (0.0%) gas / (0x2dc2f03c8d0b2860d4b897e6b5a4cb0dad7f9213f08ca4748b67199a28707583)","throwable":""}
{"timestamp":"2025-09-16T14:58:19,005","container":"e8fbc2c00ac2","level":"INFO","thread":"BftProcessorExecutor-QBFT-0","class":"QbftBesuControllerBuilder","message":"Produced #668 / 0 tx / 0 pending / 0 (0.0%) gas / (0xb760c5c8415833d43281461f6f3d6061e6c671303d889c974fa6c7398893694c)","throwable":""}
{"timestamp":"2025-09-16T14:58:27,008","container":"e8fbc2c00ac2","level":"INFO","thread":"BftProcessorExecutor-QBFT-0","class":"QbftBesuControllerBuilder","message":"Imported #669 / 0 tx / 0 pending / 0 (0.0%) gas / (0x4d9f297db88f773ce1870f73cfaaf91cdb270f1718dc51e1429016b0e885d466)","throwable":""}
{"timestamp":"2025-09-16T14:58:35,005","container":"e8fbc2c00ac2","level":"INFO","thread":"BftProcessorExecutor-QBFT-0","class":"QbftBesuControllerBuilder","message":"Imported #670 / 0 tx / 0 pending / 0 (0.0%) gas / (0x920b4642bfc37219933c55987b5d03ed0c9dc5360f2e1f5bd8e55592d0651fb3)","throwable":""}
{"timestamp":"2025-09-16T14:58:43,007","container":"e8fbc2c00ac2","level":"INFO","thread":"BftProcessorExecutor-QBFT-0","class":"QbftBesuControllerBuilder","message":"Imported #671 / 0 tx / 0 pending / 0 (0.0%) gas / (0x915e89e978ae524f4204eef3d567157fdaf8764a8ea718278cc1073253396986)","throwable":""}
{"timestamp":"2025-09-16T14:58:51,006","container":"e8fbc2c00ac2","level":"INFO","thread":"BftProcessorExecutor-QBFT-0","class":"QbftBesuControllerBuilder","message":"Produced #672 / 0 tx / 0 pending / 0 (0.0%) gas / (0xa0d6aae69869b48d37e06c446a6261347749a99406fac4573a5996efdace8d09)","throwable":""}
{"timestamp":"2025-09-16T14:58:59,006","container":"e8fbc2c00ac2","level":"INFO","thread":"BftProcessorExecutor-QBFT-0","class":"QbftBesuControllerBuilder","message":"Imported #673 / 0 tx / 0 pending / 0 (0.0%) gas / (0x9f89bf762b7fb8e4def591e7204ace3d281d5e3f18afd0655c5cf158dada628f)","throwable":""}
{"timestamp":"2025-09-16T14:59:07,005","container":"e8fbc2c00ac2","level":"INFO","thread":"BftProcessorExecutor-QBFT-0","class":"QbftBesuControllerBuilder","message":"Imported #674 / 0 tx / 0 pending / 0 (0.0%) gas / (0xf82215b550bef12b664b00a4be4eacaa3b4af0c386c65a9ab4fa3d18f63ca4b2)","throwable":""}
{"timestamp":"2025-09-16T14:59:15,008","container":"e8fbc2c00ac2","level":"INFO","thread":"BftProcessorExecutor-QBFT-0","class":"QbftBesuControllerBuilder","message":"Imported #675 / 0 tx / 0 pending / 0 (0.0%) gas / (0x3561b6b23a3f15bbf24ecafff94cf81bf0f3b3088df281aaebe29907c08be316)","throwable":""}
{"timestamp":"2025-09-16T14:59:15,008","container":"e8fbc2c00ac2","level":"INFO","thread":"EthScheduler-Workers-0","class":"PersistBlockTask","message":"Block 675 (0x3561b6b23a3f15bbf24ecafff94cf81bf0f3b3088df281aaebe29907c08be316) is already imported","throwable":""}
{"timestamp":"2025-09-16T14:59:23,005","container":"e8fbc2c00ac2","level":"INFO","thread":"BftProcessorExecutor-QBFT-0","class":"QbftBesuControllerBuilder","message":"Produced #676 / 0 tx / 0 pending / 0 (0.0%) gas / (0xcce4436edad69fe309b49d83ff94bc6a6970a1cb6edbc5b53159e9f9dd0aefba)","throwable":""}
{"timestamp":"2025-09-16T14:59:31,006","container":"e8fbc2c00ac2","level":"INFO","thread":"BftProcessorExecutor-QBFT-0","class":"QbftBesuControllerBuilder","message":"Imported #677 / 0 tx / 0 pending / 0 (0.0%) gas / (0x1da7e158588f75f35760a9a1c586abc3a0954d8a7b682082f23abe11225ebd59)","throwable":""}
{"timestamp":"2025-09-16T14:59:39,008","container":"e8fbc2c00ac2","level":"INFO","thread":"BftProcessorExecutor-QBFT-0","class":"QbftBesuControllerBuilder","message":"Imported #678 / 0 tx / 0 pending / 0 (0.0%) gas / (0xe526e7e7ade5ece63e17124fde4542a7dbd8e611bf7f4855d6e85a3bde94b033)","throwable":""}
{"timestamp":"2025-09-16T14:59:47,005","container":"e8fbc2c00ac2","level":"INFO","thread":"BftProcessorExecutor-QBFT-0","class":"QbftBesuControllerBuilder","message":"Imported #679 / 0 tx / 0 pending / 0 (0.0%) gas / (0x66022036243a3818064580d2f23310a014f883ed9999c141dc73e05c51e83ac2)","throwable":""}
{"timestamp":"2025-09-16T14:59:55,005","container":"e8fbc2c00ac2","level":"INFO","thread":"BftProcessorExecutor-QBFT-0","class":"QbftBesuControllerBuilder","message":"Produced #680 / 0 tx / 0 pending / 0 (0.0%) gas / (0x5c4f779c6938b7d1c237a504e7466393447e73d4661d35327af8340b50da2f52)","throwable":""}
{"timestamp":"2025-09-16T15:00:03,006","container":"e8fbc2c00ac2","level":"INFO","thread":"BftProcessorExecutor-QBFT-0","class":"QbftBesuControllerBuilder","message":"Imported #681 / 0 tx / 0 pending / 0 (0.0%) gas / (0xa7ea95b6bc42d628872b84f488f93779d311d1c8703b3898f3568d881adbc8cd)","throwable":""}
{"timestamp":"2025-09-16T15:00:11,008","container":"e8fbc2c00ac2","level":"INFO","thread":"BftProcessorExecutor-QBFT-0","class":"QbftBesuControllerBuilder","message":"Imported #682 / 0 tx / 0 pending / 0 (0.0%) gas / (0x23304d7664554cde73dbefa93b4faa3291ed8039ad2011b259444d7522868735)","throwable":""}
{"timestamp":"2025-09-16T15:00:19,008","container":"e8fbc2c00ac2","level":"INFO","thread":"BftProcessorExecutor-QBFT-0","class":"QbftBesuControllerBuilder","message":"Imported #683 / 0 tx / 0 pending / 0 (0.0%) gas / (0x5231ca91dea6af5146bf7685ba34091aa3ece6589a649ccf559cac90852620dd)","throwable":""}
{"timestamp":"2025-09-16T15:00:27,005","container":"e8fbc2c00ac2","level":"INFO","thread":"BftProcessorExecutor-QBFT-0","class":"QbftBesuControllerBuilder","message":"Produced #684 / 0 tx / 0 pending / 0 (0.0%) gas / (0x056da87839897a727c71f49a185e08cfd905a6f6e66c6606862ef52f5a7797a1)","throwable":""}
{"timestamp":"2025-09-16T15:00:35,006","container":"e8fbc2c00ac2","level":"INFO","thread":"BftProcessorExecutor-QBFT-0","class":"QbftBesuControllerBuilder","message":"Imported #685 / 0 tx / 0 pending / 0 (0.0%) gas / (0x17352882b05098f4ba1da410a2d27b532835324d03c1cfa4a330ee11f6d974bb)","throwable":""}
{"timestamp":"2025-09-16T15:00:43,010","container":"e8fbc2c00ac2","level":"INFO","thread":"BftProcessorExecutor-QBFT-0","class":"QbftBesuControllerBuilder","message":"Imported #686 / 0 tx / 0 pending / 0 (0.0%) gas / (0xddf82e50c5b5e5c8a648d17a6fa18a58bb54d5f9d3eff0ab48edc65cb6033669)","throwable":""}
{"timestamp":"2025-09-16T15:00:51,005","container":"e8fbc2c00ac2","level":"INFO","thread":"BftProcessorExecutor-QBFT-0","class":"QbftBesuControllerBuilder","message":"Imported #687 / 0 tx / 0 pending / 0 (0.0%) gas / (0x2f7076a92d883209983da5b62637ce444c0d339bb42a697ff21485d18dbf7d15)","throwable":""}
{"timestamp":"2025-09-16T15:00:59,005","container":"e8fbc2c00ac2","level":"INFO","thread":"BftProcessorExecutor-QBFT-0","class":"QbftBesuControllerBuilder","message":"Produced #688 / 0 tx / 0 pending / 0 (0.0%) gas / (0x0d9babf975fcc266512068d4813d5c9d20a6d700583c4f8f739a6e1ba0566c40)","throwable":""}
{"timestamp":"2025-09-16T15:01:07,009","container":"e8fbc2c00ac2","level":"INFO","thread":"EthScheduler-Workers-0","class":"PersistBlockTask","message":"Block 689 (0xbb4f4e1e9855a38b951a9db8714055fcdaaeb6a379804dc2e8f8c6350e4a2bcb) is already imported","throwable":""}
{"timestamp":"2025-09-16T15:01:07,010","container":"e8fbc2c00ac2","level":"INFO","thread":"BftProcessorExecutor-QBFT-0","class":"QbftBesuControllerBuilder","message":"Imported #689 / 0 tx / 0 pending / 0 (0.0%) gas / (0xbb4f4e1e9855a38b951a9db8714055fcdaaeb6a379804dc2e8f8c6350e4a2bcb)","throwable":""}
{"timestamp":"2025-09-16T15:01:15,006","container":"e8fbc2c00ac2","level":"INFO","thread":"BftProcessorExecutor-QBFT-0","class":"QbftBesuControllerBuilder","message":"Imported #690 / 0 tx / 0 pending / 0 (0.0%) gas / (0xca6ad121f4e092ea105e8aab4b0def562c28a6ee110ffa8cf651bfea85cfa57d)","throwable":""}
{"timestamp":"2025-09-16T15:01:23,008","container":"e8fbc2c00ac2","level":"INFO","thread":"BftProcessorExecutor-QBFT-0","class":"QbftBesuControllerBuilder","message":"Imported #691 / 0 tx / 0 pending / 0 (0.0%) gas / (0xfe596b4da7ae0c47c2e732a5dfef60e22bbb47a079dd2c581637ddca4a2a117c)","throwable":""}
{"timestamp":"2025-09-16T15:01:31,008","container":"e8fbc2c00ac2","level":"INFO","thread":"BftProcessorExecutor-QBFT-0","class":"QbftBesuControllerBuilder","message":"Produced #692 / 0 tx / 0 pending / 0 (0.0%) gas / (0x2ed644afc7b751e4a7536be3a25eebd34656394b2eb8a577e645c520f3c5c9b0)","throwable":""}
{"timestamp":"2025-09-16T15:01:39,009","container":"e8fbc2c00ac2","level":"INFO","thread":"BftProcessorExecutor-QBFT-0","class":"QbftBesuControllerBuilder","message":"Imported #693 / 0 tx / 0 pending / 0 (0.0%) gas / (0xcc9f0b9220f10106dffef50589f32b0a94407efa296f4c287b4b3bcde793f3f0)","throwable":""}
{"timestamp":"2025-09-16T15:01:39,009","container":"e8fbc2c00ac2","level":"INFO","thread":"EthScheduler-Workers-0","class":"PersistBlockTask","message":"Block 693 (0xcc9f0b9220f10106dffef50589f32b0a94407efa296f4c287b4b3bcde793f3f0) is already imported","throwable":""}
{"timestamp":"2025-09-16T15:01:47,005","container":"e8fbc2c00ac2","level":"INFO","thread":"BftProcessorExecutor-QBFT-0","class":"QbftBesuControllerBuilder","message":"Imported #694 / 0 tx / 0 pending / 0 (0.0%) gas / (0x87cca9a17d233deeebf979747b95eb757772f5cbb3f1581e6823f9944e27e6b7)","throwable":""}
{"timestamp":"2025-09-16T15:01:55,007","container":"e8fbc2c00ac2","level":"INFO","thread":"BftProcessorExecutor-QBFT-0","class":"QbftBesuControllerBuilder","message":"Imported #695 / 0 tx / 0 pending / 0 (0.0%) gas / (0xc9f83a56a2730734c5e327c574823b30e1a2a43b43995db0d45a7ac7f030e317)","throwable":""}
{"timestamp":"2025-09-16T15:02:03,007","container":"e8fbc2c00ac2","level":"INFO","thread":"BftProcessorExecutor-QBFT-0","class":"QbftBesuControllerBuilder","message":"Produced #696 / 0 tx / 0 pending / 0 (0.0%) gas / (0xb4b8b280f5fa9845e48f8b65007c0b96186bb14d6dfdae4337d070337edbb24e)","throwable":""}
{"timestamp":"2025-09-16T15:02:11,005","container":"e8fbc2c00ac2","level":"INFO","thread":"BftProcessorExecutor-QBFT-0","class":"QbftBesuControllerBuilder","message":"Imported #697 / 0 tx / 0 pending / 0 (0.0%) gas / (0xa441ea496a0f0bb127687cc21b95c907b383de7f1a99e1bae45fc56422760fcc)","throwable":""}
{"timestamp":"2025-09-16T15:02:19,007","container":"e8fbc2c00ac2","level":"INFO","thread":"BftProcessorExecutor-QBFT-0","class":"QbftBesuControllerBuilder","message":"Imported #698 / 0 tx / 0 pending / 0 (0.0%) gas / (0xa410d381673e7bf71b87dd726d865679ee7a515648a7a495d11ef36dbce97627)","throwable":""}
{"timestamp":"2025-09-16T15:02:19,007","container":"e8fbc2c00ac2","level":"INFO","thread":"EthScheduler-Workers-0","class":"PersistBlockTask","message":"Block 698 (0xa410d381673e7bf71b87dd726d865679ee7a515648a7a495d11ef36dbce97627) is already imported","throwable":""}
{"timestamp":"2025-09-16T15:02:27,009","container":"e8fbc2c00ac2","level":"INFO","thread":"EthScheduler-Workers-0","class":"PersistBlockTask","message":"Block 699 (0x5ff6a9c0318a64d44cb3155a6cecf5c71bcc3d0bf20276a9eaa45fea75673f69) is already imported","throwable":""}
{"timestamp":"2025-09-16T15:02:27,009","container":"e8fbc2c00ac2","level":"INFO","thread":"BftProcessorExecutor-QBFT-0","class":"QbftBesuControllerBuilder","message":"Imported #699 / 0 tx / 0 pending / 0 (0.0%) gas / (0x5ff6a9c0318a64d44cb3155a6cecf5c71bcc3d0bf20276a9eaa45fea75673f69)","throwable":""}
{"timestamp":"2025-09-16T15:02:35,006","container":"e8fbc2c00ac2","level":"INFO","thread":"BftProcessorExecutor-QBFT-0","class":"QbftBesuControllerBuilder","message":"Produced #700 / 0 tx / 0 pending / 0 (0.0%) gas / (0x17081ca5cb0bae3f13096229f182aafdabd5473f71f9e65ac31d72684abc83ff)","throwable":""}
{"timestamp":"2025-09-16T15:02:35,007","container":"e8fbc2c00ac2","level":"INFO","thread":"EthScheduler-Workers-0","class":"PersistBlockTask","message":"Block 700 (0x17081ca5cb0bae3f13096229f182aafdabd5473f71f9e65ac31d72684abc83ff) is already imported","throwable":""}
{"timestamp":"2025-09-16T15:02:43,006","container":"e8fbc2c00ac2","level":"INFO","thread":"BftProcessorExecutor-QBFT-0","class":"QbftBesuControllerBuilder","message":"Imported #701 / 0 tx / 0 pending / 0 (0.0%) gas / (0x866664cc690ccac84ddb275fb8dba53635326c56feb363e41e9a6760065029b5)","throwable":""}
{"timestamp":"2025-09-16T15:02:51,006","container":"e8fbc2c00ac2","level":"INFO","thread":"BftProcessorExecutor-QBFT-0","class":"QbftBesuControllerBuilder","message":"Imported #702 / 0 tx / 0 pending / 0 (0.0%) gas / (0xc85e4f4d012064da2c0695db6facd5ced31e961a914384d4412c0be984f53fa4)","throwable":""}
{"timestamp":"2025-09-16T15:02:59,006","container":"e8fbc2c00ac2","level":"INFO","thread":"BftProcessorExecutor-QBFT-0","class":"QbftBesuControllerBuilder","message":"Imported #703 / 0 tx / 0 pending / 0 (0.0%) gas / (0xd8b02ceee59e64feea8d7f7c49f32df778581df6dff1d390ec73ed1dcf90de27)","throwable":""}
{"timestamp":"2025-09-16T15:02:59,007","container":"e8fbc2c00ac2","level":"INFO","thread":"EthScheduler-Workers-0","class":"PersistBlockTask","message":"Block 703 (0xd8b02ceee59e64feea8d7f7c49f32df778581df6dff1d390ec73ed1dcf90de27) is already imported","throwable":""}
{"timestamp":"2025-09-16T15:03:07,005","container":"e8fbc2c00ac2","level":"INFO","thread":"BftProcessorExecutor-QBFT-0","class":"QbftBesuControllerBuilder","message":"Produced #704 / 0 tx / 0 pending / 0 (0.0%) gas / (0x99f334b41d86f912d2214c43552c25d5c0643b11bf781e717fbf3460d0a59c61)","throwable":""}
{"timestamp":"2025-09-16T15:03:15,008","container":"e8fbc2c00ac2","level":"INFO","thread":"BftProcessorExecutor-QBFT-0","class":"QbftBesuControllerBuilder","message":"Imported #705 / 0 tx / 0 pending / 0 (0.0%) gas / (0x33b7fe049c418be86db57e5804ae1ad8d2c7108e14a28a14c109eb8ab01dc010)","throwable":""}
{"timestamp":"2025-09-16T15:03:23,005","container":"e8fbc2c00ac2","level":"INFO","thread":"BftProcessorExecutor-QBFT-0","class":"QbftBesuControllerBuilder","message":"Imported #706 / 0 tx / 0 pending / 0 (0.0%) gas / (0xea14b6db54c37ff9b0c2642abddfb19628771b0570108299ac3e238727a85066)","throwable":""}
{"timestamp":"2025-09-16T15:03:31,025","container":"e8fbc2c00ac2","level":"INFO","thread":"BftProcessorExecutor-QBFT-0","class":"QbftBesuControllerBuilder","message":"Imported #707 / 0 tx / 0 pending / 0 (0.0%) gas / (0x75e7d1fcc3398ec0dafe6fa53ce63671aed05aae2623ddd4e8cd88db50204442)","throwable":""}
{"timestamp":"2025-09-16T15:03:39,008","container":"e8fbc2c00ac2","level":"INFO","thread":"BftProcessorExecutor-QBFT-0","class":"QbftBesuControllerBuilder","message":"Produced #708 / 0 tx / 0 pending / 0 (0.0%) gas / (0x91ad767958f3e10f89228da5ff27d90d1bc343275e2a32f197d36c793e5594a5)","throwable":""}
{"timestamp":"2025-09-16T15:03:47,008","container":"e8fbc2c00ac2","level":"INFO","thread":"BftProcessorExecutor-QBFT-0","class":"QbftBesuControllerBuilder","message":"Imported #709 / 0 tx / 0 pending / 0 (0.0%) gas / (0xb28a9a3fe48d04008ecfb64fe7522188c512a5be7bc47245cfae3f577c78ce3c)","throwable":""}
{"timestamp":"2025-09-16T15:03:47,008","container":"e8fbc2c00ac2","level":"INFO","thread":"EthScheduler-Workers-0","class":"PersistBlockTask","message":"Block 709 (0xb28a9a3fe48d04008ecfb64fe7522188c512a5be7bc47245cfae3f577c78ce3c) is already imported","throwable":""}
{"timestamp":"2025-09-16T15:03:55,008","container":"e8fbc2c00ac2","level":"INFO","thread":"BftProcessorExecutor-QBFT-0","class":"QbftBesuControllerBuilder","message":"Imported #710 / 0 tx / 0 pending / 0 (0.0%) gas / (0x0e5f4e6f3a086dbb1b36aa8c4462a38fdeafd6179370df60807b2a3cf285fcc4)","throwable":""}
{"timestamp":"2025-09-16T15:03:55,008","container":"e8fbc2c00ac2","level":"INFO","thread":"EthScheduler-Workers-0","class":"PersistBlockTask","message":"Block 710 (0x0e5f4e6f3a086dbb1b36aa8c4462a38fdeafd6179370df60807b2a3cf285fcc4) is already imported","throwable":""}
{"timestamp":"2025-09-16T15:04:03,007","container":"e8fbc2c00ac2","level":"INFO","thread":"BftProcessorExecutor-QBFT-0","class":"QbftBesuControllerBuilder","message":"Imported #711 / 0 tx / 0 pending / 0 (0.0%) gas / (0x82a4f7c5321266bd7980e7fae1a474f2ad7e88280e2e6acece695a1623061d93)","throwable":""}
{"timestamp":"2025-09-16T15:04:03,007","container":"e8fbc2c00ac2","level":"INFO","thread":"EthScheduler-Workers-0","class":"PersistBlockTask","message":"Block 711 (0x82a4f7c5321266bd7980e7fae1a474f2ad7e88280e2e6acece695a1623061d93) is already imported","throwable":""}
{"timestamp":"2025-09-16T15:04:11,007","container":"e8fbc2c00ac2","level":"INFO","thread":"BftProcessorExecutor-QBFT-0","class":"QbftBesuControllerBuilder","message":"Produced #712 / 0 tx / 0 pending / 0 (0.0%) gas / (0x7042d3da0f56d63584df269812522ec75a21845e384882a7e1574b4f81ab5ddc)","throwable":""}
{"timestamp":"2025-09-16T15:04:19,007","container":"e8fbc2c00ac2","level":"INFO","thread":"BftProcessorExecutor-QBFT-0","class":"QbftBesuControllerBuilder","message":"Imported #713 / 0 tx / 0 pending / 0 (0.0%) gas / (0xb76288ab472ff9ca78fcd3203fa209a208edc292376f0eb90ef9b7ebefb439d4)","throwable":""}
{"timestamp":"2025-09-16T15:04:27,007","container":"e8fbc2c00ac2","level":"INFO","thread":"BftProcessorExecutor-QBFT-0","class":"QbftBesuControllerBuilder","message":"Imported #714 / 0 tx / 0 pending / 0 (0.0%) gas / (0x2b96fd8b7a483f8070371745f46866f5096e93a7629055a8ce67b6fd9d3025d6)","throwable":""}
{"timestamp":"2025-09-16T15:04:35,009","container":"e8fbc2c00ac2","level":"INFO","thread":"BftProcessorExecutor-QBFT-0","class":"QbftBesuControllerBuilder","message":"Imported #715 / 0 tx / 0 pending / 0 (0.0%) gas / (0x5d1c9f622ff6f5213a7d712dfc1f82898a6f609cffe514db1a2ac476c264d7f0)","throwable":""}
{"timestamp":"2025-09-16T15:04:43,006","container":"e8fbc2c00ac2","level":"INFO","thread":"BftProcessorExecutor-QBFT-0","class":"QbftBesuControllerBuilder","message":"Produced #716 / 0 tx / 0 pending / 0 (0.0%) gas / (0x9be517b9f36c7678213a04088c3f100f7aee8f55992ad228cc4e2eb14a6271c4)","throwable":""}
{"timestamp":"2025-09-16T15:04:51,005","container":"e8fbc2c00ac2","level":"INFO","thread":"BftProcessorExecutor-QBFT-0","class":"QbftBesuControllerBuilder","message":"Imported #717 / 0 tx / 0 pending / 0 (0.0%) gas / (0x03fa7a828aa8d00e905d7e5761bf8fcf7f7b6b7f3b771bc565a023ae16bb8488)","throwable":""}
{"timestamp":"2025-09-16T15:04:51,006","container":"e8fbc2c00ac2","level":"INFO","thread":"EthScheduler-Workers-0","class":"PersistBlockTask","message":"Block 717 (0x03fa7a828aa8d00e905d7e5761bf8fcf7f7b6b7f3b771bc565a023ae16bb8488) is already imported","throwable":""}
{"timestamp":"2025-09-16T15:04:59,004","container":"e8fbc2c00ac2","level":"INFO","thread":"BftProcessorExecutor-QBFT-0","class":"QbftBesuControllerBuilder","message":"Imported #718 / 0 tx / 0 pending / 0 (0.0%) gas / (0xc8999f4cb3ed387dcb7dfc0dcddc430c1a3072c1c08de1bc7350bcec5f500c0e)","throwable":""}
{"timestamp":"2025-09-16T15:05:07,006","container":"e8fbc2c00ac2","level":"INFO","thread":"EthScheduler-Workers-0","class":"PersistBlockTask","message":"Block 719 (0xba32afe8f7264978d9dee76ca153b26d8ee7eab457bda481618f1383a28ddff4) is already imported","throwable":""}
{"timestamp":"2025-09-16T15:05:07,006","container":"e8fbc2c00ac2","level":"INFO","thread":"BftProcessorExecutor-QBFT-0","class":"QbftBesuControllerBuilder","message":"Imported #719 / 0 tx / 0 pending / 0 (0.0%) gas / (0xba32afe8f7264978d9dee76ca153b26d8ee7eab457bda481618f1383a28ddff4)","throwable":""}
{"timestamp":"2025-09-16T15:05:15,006","container":"e8fbc2c00ac2","level":"INFO","thread":"BftProcessorExecutor-QBFT-0","class":"QbftBesuControllerBuilder","message":"Produced #720 / 0 tx / 0 pending / 0 (0.0%) gas / (0x97d793a8f90d89542189d78685cd120c76730459f299458067bad0b0e50cc7d0)","throwable":""}
{"timestamp":"2025-09-16T15:05:23,007","container":"e8fbc2c00ac2","level":"INFO","thread":"BftProcessorExecutor-QBFT-0","class":"QbftBesuControllerBuilder","message":"Imported #721 / 0 tx / 0 pending / 0 (0.0%) gas / (0x945cf6458c76f22f55cd343404a10c22bb95465e39645fb54f44e9a8bb1ed3ae)","throwable":""}
{"timestamp":"2025-09-16T15:05:31,006","container":"e8fbc2c00ac2","level":"INFO","thread":"BftProcessorExecutor-QBFT-0","class":"QbftBesuControllerBuilder","message":"Imported #722 / 0 tx / 0 pending / 0 (0.0%) gas / (0xd593e32147c3773104d80a88b23e541b879b321d4177de4f1775da9ecc045f6a)","throwable":""}
{"timestamp":"2025-09-16T15:05:39,008","container":"e8fbc2c00ac2","level":"INFO","thread":"BftProcessorExecutor-QBFT-0","class":"QbftBesuControllerBuilder","message":"Imported #723 / 0 tx / 0 pending / 0 (0.0%) gas / (0xb15da0dcfe39ffd41f86e4131735bf2be94026f8c2797d329273062690a14f77)","throwable":""}
{"timestamp":"2025-09-16T15:05:47,005","container":"e8fbc2c00ac2","level":"INFO","thread":"BftProcessorExecutor-QBFT-0","class":"QbftBesuControllerBuilder","message":"Produced #724 / 0 tx / 0 pending / 0 (0.0%) gas / (0xb87baaeb9dc0c0209b550af547a35e928f27384195d2b6cd47ce4abcaa89bfe9)","throwable":""}
{"timestamp":"2025-09-16T15:05:55,007","container":"e8fbc2c00ac2","level":"INFO","thread":"EthScheduler-Workers-0","class":"PersistBlockTask","message":"Block 725 (0x7aefbb3917ca80f5482bcc38aa423bbe6008eba8cfbfe8822d8a11f23acee68f) is already imported","throwable":""}
{"timestamp":"2025-09-16T15:05:55,007","container":"e8fbc2c00ac2","level":"INFO","thread":"BftProcessorExecutor-QBFT-0","class":"QbftBesuControllerBuilder","message":"Imported #725 / 0 tx / 0 pending / 0 (0.0%) gas / (0x7aefbb3917ca80f5482bcc38aa423bbe6008eba8cfbfe8822d8a11f23acee68f)","throwable":""}
{"timestamp":"2025-09-16T15:06:03,006","container":"e8fbc2c00ac2","level":"INFO","thread":"BftProcessorExecutor-QBFT-0","class":"QbftBesuControllerBuilder","message":"Imported #726 / 0 tx / 0 pending / 0 (0.0%) gas / (0x3eaf5940572ba535994ca95ff97819fed39bfdaf7cd7b40d4c68a69f13088b4e)","throwable":""}
{"timestamp":"2025-09-16T15:06:11,006","container":"e8fbc2c00ac2","level":"INFO","thread":"BftProcessorExecutor-QBFT-0","class":"QbftBesuControllerBuilder","message":"Imported #727 / 0 tx / 0 pending / 0 (0.0%) gas / (0x00547e660a92a0a266753bacca30e0124e66c6119014ee70dcf8b04014bd572f)","throwable":""}
{"timestamp":"2025-09-16T15:06:19,007","container":"e8fbc2c00ac2","level":"INFO","thread":"EthScheduler-Workers-0","class":"PersistBlockTask","message":"Block 728 (0xe0f897a0dac163cf35b98c2c20fcdeab73c5401a4d2f5ed6fe2a1a655cac910d) is already imported","throwable":""}
{"timestamp":"2025-09-16T15:06:19,008","container":"e8fbc2c00ac2","level":"INFO","thread":"BftProcessorExecutor-QBFT-0","class":"QbftBesuControllerBuilder","message":"Produced #728 / 0 tx / 0 pending / 0 (0.0%) gas / (0xe0f897a0dac163cf35b98c2c20fcdeab73c5401a4d2f5ed6fe2a1a655cac910d)","throwable":""}
{"timestamp":"2025-09-16T15:06:27,007","container":"e8fbc2c00ac2","level":"INFO","thread":"BftProcessorExecutor-QBFT-0","class":"QbftBesuControllerBuilder","message":"Imported #729 / 0 tx / 0 pending / 0 (0.0%) gas / (0x22e541807a464e19f2adf88f7f422bd06d00211518a994853b45ebad26271aa6)","throwable":""}
{"timestamp":"2025-09-16T15:06:35,006","container":"e8fbc2c00ac2","level":"INFO","thread":"BftProcessorExecutor-QBFT-0","class":"QbftBesuControllerBuilder","message":"Imported #730 / 0 tx / 0 pending / 0 (0.0%) gas / (0xb0d95aa005af3767b387ea42c71e124ae63fd2b0ac98e0db730d23b75ebd9c19)","throwable":""}
{"timestamp":"2025-09-16T15:06:43,006","container":"e8fbc2c00ac2","level":"INFO","thread":"BftProcessorExecutor-QBFT-0","class":"QbftBesuControllerBuilder","message":"Imported #731 / 0 tx / 0 pending / 0 (0.0%) gas / (0xdeb3fae2a17cc8aa97be352ac0e00f6197ecdac72869b4b5717fc254650ae646)","throwable":""}
{"timestamp":"2025-09-16T15:06:51,006","container":"e8fbc2c00ac2","level":"INFO","thread":"BftProcessorExecutor-QBFT-0","class":"QbftBesuControllerBuilder","message":"Produced #732 / 0 tx / 0 pending / 0 (0.0%) gas / (0xbe0258e2d5bdcc90f3cae0242e0dfb08a1bc4ad9e6605a3fd8b7582867bdbe8d)","throwable":""}
{"timestamp":"2025-09-16T15:06:59,005","container":"e8fbc2c00ac2","level":"INFO","thread":"BftProcessorExecutor-QBFT-0","class":"QbftBesuControllerBuilder","message":"Imported #733 / 0 tx / 0 pending / 0 (0.0%) gas / (0xbb6e84e30ef3a52d4349357e6ba92c43930cf2cfedcba5d0701d0d13b97d7066)","throwable":""}
{"timestamp":"2025-09-16T15:07:07,005","container":"e8fbc2c00ac2","level":"INFO","thread":"BftProcessorExecutor-QBFT-0","class":"QbftBesuControllerBuilder","message":"Imported #734 / 0 tx / 0 pending / 0 (0.0%) gas / (0xecd8ce9eb3d3fa290ff5b5e028678e09a0b6c6db272c8ff48fa9563ab6d11b57)","throwable":""}
{"timestamp":"2025-09-16T15:07:15,006","container":"e8fbc2c00ac2","level":"INFO","thread":"BftProcessorExecutor-QBFT-0","class":"QbftBesuControllerBuilder","message":"Imported #735 / 0 tx / 0 pending / 0 (0.0%) gas / (0x1080490ede793580a69647c3ac3534afd621240e8edcce4774fc6fbb3abf0430)","throwable":""}
{"timestamp":"2025-09-16T15:07:23,006","container":"e8fbc2c00ac2","level":"INFO","thread":"BftProcessorExecutor-QBFT-0","class":"QbftBesuControllerBuilder","message":"Produced #736 / 0 tx / 0 pending / 0 (0.0%) gas / (0xbb0f499181ed069fe0cf061758b551ad6949b2c4f4aa512ad89d977d268d3726)","throwable":""}
{"timestamp":"2025-09-16T15:07:23,007","container":"e8fbc2c00ac2","level":"INFO","thread":"EthScheduler-Workers-0","class":"PersistBlockTask","message":"Block 736 (0xbb0f499181ed069fe0cf061758b551ad6949b2c4f4aa512ad89d977d268d3726) is already imported","throwable":""}
{"timestamp":"2025-09-16T15:07:31,010","container":"e8fbc2c00ac2","level":"INFO","thread":"BftProcessorExecutor-QBFT-0","class":"QbftBesuControllerBuilder","message":"Imported #737 / 0 tx / 0 pending / 0 (0.0%) gas / (0x89e9789b1e3d3b511e201e77fbed4a8ac8187ce50e3b41825af1ec848ae78a23)","throwable":""}
{"timestamp":"2025-09-16T15:07:39,008","container":"e8fbc2c00ac2","level":"INFO","thread":"BftProcessorExecutor-QBFT-0","class":"QbftBesuControllerBuilder","message":"Imported #738 / 0 tx / 0 pending / 0 (0.0%) gas / (0x542fb4e493f1d7424d4eb80b2c6b92c7ed599e6dd70d11e7297f39aad47a9718)","throwable":""}
{"timestamp":"2025-09-16T15:07:47,006","container":"e8fbc2c00ac2","level":"INFO","thread":"BftProcessorExecutor-QBFT-0","class":"QbftBesuControllerBuilder","message":"Imported #739 / 0 tx / 0 pending / 0 (0.0%) gas / (0x22e4bae75cb08ca65e27509db2bbe8c7791c800a81bc8f2d5b76fa301c53fe52)","throwable":""}
{"timestamp":"2025-09-16T15:07:55,005","container":"e8fbc2c00ac2","level":"INFO","thread":"BftProcessorExecutor-QBFT-0","class":"QbftBesuControllerBuilder","message":"Produced #740 / 0 tx / 0 pending / 0 (0.0%) gas / (0xfe8926a27e39aebcc501d7fbdd08ac5b57eb1d11acaed4fe98ab57835494e5ee)","throwable":""}
{"timestamp":"2025-09-16T15:08:03,005","container":"e8fbc2c00ac2","level":"INFO","thread":"BftProcessorExecutor-QBFT-0","class":"QbftBesuControllerBuilder","message":"Imported #741 / 0 tx / 0 pending / 0 (0.0%) gas / (0x6892beaf2eb940d3e0595bd468b92b822a3fd1d8a244a6aa9eb1e40a0e37a994)","throwable":""}
{"timestamp":"2025-09-16T15:08:11,006","container":"e8fbc2c00ac2","level":"INFO","thread":"EthScheduler-Workers-0","class":"PersistBlockTask","message":"Block 742 (0xa7bd4a375f1a6ae5a9aeca09305b376538348e0648c75c7dc870a86bb97ca700) is already imported","throwable":""}
{"timestamp":"2025-09-16T15:08:11,006","container":"e8fbc2c00ac2","level":"INFO","thread":"BftProcessorExecutor-QBFT-0","class":"QbftBesuControllerBuilder","message":"Imported #742 / 0 tx / 0 pending / 0 (0.0%) gas / (0xa7bd4a375f1a6ae5a9aeca09305b376538348e0648c75c7dc870a86bb97ca700)","throwable":""}
{"timestamp":"2025-09-16T15:08:19,006","container":"e8fbc2c00ac2","level":"INFO","thread":"BftProcessorExecutor-QBFT-0","class":"QbftBesuControllerBuilder","message":"Imported #743 / 0 tx / 0 pending / 0 (0.0%) gas / (0x2a8199a36ce1470ba23ab547a974dfa617730a6422a3ed9829f00b943bbe17aa)","throwable":""}
{"timestamp":"2025-09-16T15:08:27,005","container":"e8fbc2c00ac2","level":"INFO","thread":"BftProcessorExecutor-QBFT-0","class":"QbftBesuControllerBuilder","message":"Produced #744 / 0 tx / 0 pending / 0 (0.0%) gas / (0xf8b22717e50c4034e95a292c4c9ed4aa4aca283a6892613411bb523684d9d5ab)","throwable":""}
{"timestamp":"2025-09-16T15:08:35,006","container":"e8fbc2c00ac2","level":"INFO","thread":"BftProcessorExecutor-QBFT-0","class":"QbftBesuControllerBuilder","message":"Imported #745 / 0 tx / 0 pending / 0 (0.0%) gas / (0xa5ac26b5a05e32862439d0cc0c9a8d880dbf4d2d38a97f0da9a52f754ce6ea80)","throwable":""}
{"timestamp":"2025-09-16T15:08:43,006","container":"e8fbc2c00ac2","level":"INFO","thread":"EthScheduler-Workers-0","class":"PersistBlockTask","message":"Block 746 (0x5dfa235777b1f453de07093de68bf4b419387de9e8f53a0735beb5e113dea23e) is already imported","throwable":""}
{"timestamp":"2025-09-16T15:08:43,006","container":"e8fbc2c00ac2","level":"INFO","thread":"BftProcessorExecutor-QBFT-0","class":"QbftBesuControllerBuilder","message":"Imported #746 / 0 tx / 0 pending / 0 (0.0%) gas / (0x5dfa235777b1f453de07093de68bf4b419387de9e8f53a0735beb5e113dea23e)","throwable":""}
{"timestamp":"2025-09-16T15:08:51,005","container":"e8fbc2c00ac2","level":"INFO","thread":"BftProcessorExecutor-QBFT-0","class":"QbftBesuControllerBuilder","message":"Imported #747 / 0 tx / 0 pending / 0 (0.0%) gas / (0x41e6a4f7b6ca117fd6358b7ceb12cc3a6e5ba6662811ccc18db2cad1e9d3c2df)","throwable":""}
{"timestamp":"2025-09-16T15:08:59,004","container":"e8fbc2c00ac2","level":"INFO","thread":"BftProcessorExecutor-QBFT-0","class":"QbftBesuControllerBuilder","message":"Produced #748 / 0 tx / 0 pending / 0 (0.0%) gas / (0xc0e724ed52dfbdd33788e8c71aee65d7891ac88656f5cd17c4265c05b19826ea)","throwable":""}
{"timestamp":"2025-09-16T15:09:07,005","container":"e8fbc2c00ac2","level":"INFO","thread":"BftProcessorExecutor-QBFT-0","class":"QbftBesuControllerBuilder","message":"Imported #749 / 0 tx / 0 pending / 0 (0.0%) gas / (0xbfd4f61cecb4856c1ccb2de7fe1646f41485acfe5c59bc62d6698bc4c81c0968)","throwable":""}
{"timestamp":"2025-09-16T15:09:15,006","container":"e8fbc2c00ac2","level":"INFO","thread":"BftProcessorExecutor-QBFT-0","class":"QbftBesuControllerBuilder","message":"Imported #750 / 0 tx / 0 pending / 0 (0.0%) gas / (0x7d7a123a51317e48f6ad71b817e8b53e25e487800c09f30b01bb20ce0ed2c9fc)","throwable":""}
{"timestamp":"2025-09-16T15:09:23,006","container":"e8fbc2c00ac2","level":"INFO","thread":"EthScheduler-Workers-0","class":"PersistBlockTask","message":"Block 751 (0x4f7ddaee979172abceafa7fd9deea60e1d172f7bf582af0ba3fceffe05367743) is already imported","throwable":""}
{"timestamp":"2025-09-16T15:09:23,006","container":"e8fbc2c00ac2","level":"INFO","thread":"BftProcessorExecutor-QBFT-0","class":"QbftBesuControllerBuilder","message":"Imported #751 / 0 tx / 0 pending / 0 (0.0%) gas / (0x4f7ddaee979172abceafa7fd9deea60e1d172f7bf582af0ba3fceffe05367743)","throwable":""}
{"timestamp":"2025-09-16T15:09:31,006","container":"e8fbc2c00ac2","level":"INFO","thread":"BftProcessorExecutor-QBFT-0","class":"QbftBesuControllerBuilder","message":"Produced #752 / 0 tx / 0 pending / 0 (0.0%) gas / (0x9add8390528af34283b9e264b65b968e925b8f803f5ca456c2b0195b9abf2892)","throwable":""}
{"timestamp":"2025-09-16T15:09:39,007","container":"e8fbc2c00ac2","level":"INFO","thread":"BftProcessorExecutor-QBFT-0","class":"QbftBesuControllerBuilder","message":"Imported #753 / 0 tx / 0 pending / 0 (0.0%) gas / (0x5c2f109a3e26f7bff6e88728b1b7a6d2dedfd218f6b81dd4d832cd36b2e6ea44)","throwable":""}
{"timestamp":"2025-09-16T15:09:47,006","container":"e8fbc2c00ac2","level":"INFO","thread":"BftProcessorExecutor-QBFT-0","class":"QbftBesuControllerBuilder","message":"Imported #754 / 0 tx / 0 pending / 0 (0.0%) gas / (0x9279867e990b9ad1f152e8bb5b216b949cbe3c894796ac608d88d2e74c08786b)","throwable":""}
{"timestamp":"2025-09-16T15:09:55,005","container":"e8fbc2c00ac2","level":"INFO","thread":"BftProcessorExecutor-QBFT-0","class":"QbftBesuControllerBuilder","message":"Imported #755 / 0 tx / 0 pending / 0 (0.0%) gas / (0xe0a53138c9436062347ebc3152f89923e0f13d67ae7e6e93612296c3acb10d31)","throwable":""}
{"timestamp":"2025-09-16T15:10:03,006","container":"e8fbc2c00ac2","level":"INFO","thread":"EthScheduler-Workers-0","class":"PersistBlockTask","message":"Block 756 (0x952b53c2b603c961f2580efb999d6c8fa25dac9427bcb51f2ec90330626a2bb1) is already imported","throwable":""}
{"timestamp":"2025-09-16T15:10:03,007","container":"e8fbc2c00ac2","level":"INFO","thread":"BftProcessorExecutor-QBFT-0","class":"QbftBesuControllerBuilder","message":"Produced #756 / 0 tx / 0 pending / 0 (0.0%) gas / (0x952b53c2b603c961f2580efb999d6c8fa25dac9427bcb51f2ec90330626a2bb1)","throwable":""}
{"timestamp":"2025-09-16T15:10:11,007","container":"e8fbc2c00ac2","level":"INFO","thread":"BftProcessorExecutor-QBFT-0","class":"QbftBesuControllerBuilder","message":"Imported #757 / 0 tx / 0 pending / 0 (0.0%) gas / (0xa8858cab94997954fcfcf8ecbc342ed49f9a82bd5f4b74b23afe7de434822fa1)","throwable":""}
{"timestamp":"2025-09-16T15:10:19,006","container":"e8fbc2c00ac2","level":"INFO","thread":"BftProcessorExecutor-QBFT-0","class":"QbftBesuControllerBuilder","message":"Imported #758 / 0 tx / 0 pending / 0 (0.0%) gas / (0x5b3f70f96f0201dfa52123d4147027c6352999aecb3c461467bdeac322391add)","throwable":""}
{"timestamp":"2025-09-16T15:10:27,005","container":"e8fbc2c00ac2","level":"INFO","thread":"BftProcessorExecutor-QBFT-0","class":"QbftBesuControllerBuilder","message":"Imported #759 / 0 tx / 0 pending / 0 (0.0%) gas / (0xbabd1be0847443d8d8198c32616ba6397ef0bd5c39fb82ddbbd720fdb8357662)","throwable":""}
{"timestamp":"2025-09-16T15:10:35,006","container":"e8fbc2c00ac2","level":"INFO","thread":"BftProcessorExecutor-QBFT-0","class":"QbftBesuControllerBuilder","message":"Produced #760 / 0 tx / 0 pending / 0 (0.0%) gas / (0x6c5656b9423ed3f0403e7ba59a59f66f9d495ce0e21fa4bf57bb0d59546b209d)","throwable":""}
{"timestamp":"2025-09-16T15:10:43,004","container":"e8fbc2c00ac2","level":"INFO","thread":"BftProcessorExecutor-QBFT-0","class":"QbftBesuControllerBuilder","message":"Imported #761 / 0 tx / 0 pending / 0 (0.0%) gas / (0x611a63e52d834b4978e83d18b275a0a17eac360d098116970e616b853b52eac7)","throwable":""}
{"timestamp":"2025-09-16T15:10:51,005","container":"e8fbc2c00ac2","level":"INFO","thread":"BftProcessorExecutor-QBFT-0","class":"QbftBesuControllerBuilder","message":"Imported #762 / 0 tx / 0 pending / 0 (0.0%) gas / (0x774928be7fa07706d7dce9999a08b02445792196309be83dc95a0560302bb155)","throwable":""}
{"timestamp":"2025-09-16T15:10:59,005","container":"e8fbc2c00ac2","level":"INFO","thread":"BftProcessorExecutor-QBFT-0","class":"QbftBesuControllerBuilder","message":"Imported #763 / 0 tx / 0 pending / 0 (0.0%) gas / (0x21d477501d502c8cfb069a7a2922ab515f3b37a008410551d90aa559d998c370)","throwable":""}
{"timestamp":"2025-09-16T15:11:07,005","container":"e8fbc2c00ac2","level":"INFO","thread":"BftProcessorExecutor-QBFT-0","class":"QbftBesuControllerBuilder","message":"Produced #764 / 0 tx / 0 pending / 0 (0.0%) gas / (0xecb8c974d2350946d26558d775d5fe741e2d92709be8ec8db6ef333aee654a03)","throwable":""}
{"timestamp":"2025-09-16T15:11:15,006","container":"e8fbc2c00ac2","level":"INFO","thread":"BftProcessorExecutor-QBFT-0","class":"QbftBesuControllerBuilder","message":"Imported #765 / 0 tx / 0 pending / 0 (0.0%) gas / (0x9c46ed93a665d133a4133feff97e6db7499ab7bb0f5d26f47aaf26e60e2547e2)","throwable":""}
{"timestamp":"2025-09-16T15:11:23,007","container":"e8fbc2c00ac2","level":"INFO","thread":"BftProcessorExecutor-QBFT-0","class":"QbftBesuControllerBuilder","message":"Imported #766 / 0 tx / 0 pending / 0 (0.0%) gas / (0x3b570dbbeb1d355acaa69db140d2a95238c29b48f8c57d3abd0a00a74c769c67)","throwable":""}
{"timestamp":"2025-09-16T15:11:31,007","container":"e8fbc2c00ac2","level":"INFO","thread":"BftProcessorExecutor-QBFT-0","class":"QbftBesuControllerBuilder","message":"Imported #767 / 0 tx / 0 pending / 0 (0.0%) gas / (0x12f292f86d1073429bb651e8f0135b23790f28f7085b6c7be76d92874c7e6bed)","throwable":""}
{"timestamp":"2025-09-16T15:11:39,007","container":"e8fbc2c00ac2","level":"INFO","thread":"BftProcessorExecutor-QBFT-0","class":"QbftBesuControllerBuilder","message":"Produced #768 / 0 tx / 0 pending / 0 (0.0%) gas / (0xfd2c69fa5f27d72f4b479849bb7ea7b302e7befbeb5a60936c0cf5b400432975)","throwable":""}
{"timestamp":"2025-09-16T15:11:39,008","container":"e8fbc2c00ac2","level":"INFO","thread":"EthScheduler-Workers-0","class":"PersistBlockTask","message":"Block 768 (0xfd2c69fa5f27d72f4b479849bb7ea7b302e7befbeb5a60936c0cf5b400432975) is already imported","throwable":""}
{"timestamp":"2025-09-16T15:11:47,006","container":"e8fbc2c00ac2","level":"INFO","thread":"BftProcessorExecutor-QBFT-0","class":"QbftBesuControllerBuilder","message":"Imported #769 / 0 tx / 0 pending / 0 (0.0%) gas / (0xf72e9bd72cef299b922b1c3d06df6c322cf2fe846ec36e0a2731d68a906c2f6d)","throwable":""}
{"timestamp":"2025-09-16T15:11:55,006","container":"e8fbc2c00ac2","level":"INFO","thread":"BftProcessorExecutor-QBFT-0","class":"QbftBesuControllerBuilder","message":"Imported #770 / 0 tx / 0 pending / 0 (0.0%) gas / (0x40a8b99989e238904cd5a5a62c229f812bb53ad76c0701047dbabbd671fba7a6)","throwable":""}
{"timestamp":"2025-09-16T15:11:55,006","container":"e8fbc2c00ac2","level":"INFO","thread":"EthScheduler-Workers-0","class":"PersistBlockTask","message":"Block 770 (0x40a8b99989e238904cd5a5a62c229f812bb53ad76c0701047dbabbd671fba7a6) is already imported","throwable":""}
{"timestamp":"2025-09-16T15:12:03,005","container":"e8fbc2c00ac2","level":"INFO","thread":"BftProcessorExecutor-QBFT-0","class":"QbftBesuControllerBuilder","message":"Imported #771 / 0 tx / 0 pending / 0 (0.0%) gas / (0x77ea5b8e10935a3feae7e3cccbb82745af6e93327df4dd1b035a62f184883507)","throwable":""}
{"timestamp":"2025-09-16T15:12:11,006","container":"e8fbc2c00ac2","level":"INFO","thread":"BftProcessorExecutor-QBFT-0","class":"QbftBesuControllerBuilder","message":"Produced #772 / 0 tx / 0 pending / 0 (0.0%) gas / (0xa9d19f50891e5d9ebe77b269c0eb03dbca70aaa14f94fe889559b1760040d68e)","throwable":""}
{"timestamp":"2025-09-16T15:12:19,008","container":"e8fbc2c00ac2","level":"INFO","thread":"BftProcessorExecutor-QBFT-0","class":"QbftBesuControllerBuilder","message":"Imported #773 / 0 tx / 0 pending / 0 (0.0%) gas / (0xfec584fc8f48acd6fa27bb4618ce061a47a26f41b39fbc9edeb338be7420ca6f)","throwable":""}
{"timestamp":"2025-09-16T15:12:27,006","container":"e8fbc2c00ac2","level":"INFO","thread":"BftProcessorExecutor-QBFT-0","class":"QbftBesuControllerBuilder","message":"Imported #774 / 0 tx / 0 pending / 0 (0.0%) gas / (0xf31b007704548ff1a569f0edd9e946cc1096977117163db0129f1258ce6ebca7)","throwable":""}
{"timestamp":"2025-09-16T15:12:35,007","container":"e8fbc2c00ac2","level":"INFO","thread":"BftProcessorExecutor-QBFT-0","class":"QbftBesuControllerBuilder","message":"Imported #775 / 0 tx / 0 pending / 0 (0.0%) gas / (0x9163c96a66dae247de900c247fe61e360c9c8c1c0ac6223291839ccde41694e6)","throwable":""}
{"timestamp":"2025-09-16T15:12:43,006","container":"e8fbc2c00ac2","level":"INFO","thread":"EthScheduler-Workers-0","class":"PersistBlockTask","message":"Block 776 (0x1130daa9cfed0dd25edd51422b5e2792502a8a13f572a87bb7247aa16d050902) is already imported","throwable":""}
{"timestamp":"2025-09-16T15:12:43,006","container":"e8fbc2c00ac2","level":"INFO","thread":"BftProcessorExecutor-QBFT-0","class":"QbftBesuControllerBuilder","message":"Produced #776 / 0 tx / 0 pending / 0 (0.0%) gas / (0x1130daa9cfed0dd25edd51422b5e2792502a8a13f572a87bb7247aa16d050902)","throwable":""}
{"timestamp":"2025-09-16T15:12:51,006","container":"e8fbc2c00ac2","level":"INFO","thread":"BftProcessorExecutor-QBFT-0","class":"QbftBesuControllerBuilder","message":"Imported #777 / 0 tx / 0 pending / 0 (0.0%) gas / (0x58ffd558dc4ef3f008c1d6a4a1e288519cbd356a52715cfa916c9e5a0eba1d02)","throwable":""}
{"timestamp":"2025-09-16T15:12:59,006","container":"e8fbc2c00ac2","level":"INFO","thread":"BftProcessorExecutor-QBFT-0","class":"QbftBesuControllerBuilder","message":"Imported #778 / 0 tx / 0 pending / 0 (0.0%) gas / (0x04b25dce825ac2a77b5a34edfb0748a582515c50e55edd8f1aa1cdbe512c13f6)","throwable":""}
{"timestamp":"2025-09-16T15:12:59,006","container":"e8fbc2c00ac2","level":"INFO","thread":"EthScheduler-Workers-0","class":"PersistBlockTask","message":"Block 778 (0x04b25dce825ac2a77b5a34edfb0748a582515c50e55edd8f1aa1cdbe512c13f6) is already imported","throwable":""}
{"timestamp":"2025-09-16T15:13:07,005","container":"e8fbc2c00ac2","level":"INFO","thread":"BftProcessorExecutor-QBFT-0","class":"QbftBesuControllerBuilder","message":"Imported #779 / 0 tx / 0 pending / 0 (0.0%) gas / (0x1e8eeb7c14b3ab70761c77c14985aa01bbdceb768e9e3016bea2f0c15f612df4)","throwable":""}
{"timestamp":"2025-09-16T15:13:15,005","container":"e8fbc2c00ac2","level":"INFO","thread":"BftProcessorExecutor-QBFT-0","class":"QbftBesuControllerBuilder","message":"Produced #780 / 0 tx / 0 pending / 0 (0.0%) gas / (0x58cd3fa1fa26d39e7ed466f8d9efd8c25d8e71729a236abd23000ffd036fd033)","throwable":""}
{"timestamp":"2025-09-16T15:13:23,007","container":"e8fbc2c00ac2","level":"INFO","thread":"EthScheduler-Workers-0","class":"PersistBlockTask","message":"Block 781 (0x25527d33dca149bee84c5b3cbf9532b91019d6f581fec5863dba8a27335efe38) is already imported","throwable":""}
{"timestamp":"2025-09-16T15:13:23,008","container":"e8fbc2c00ac2","level":"INFO","thread":"BftProcessorExecutor-QBFT-0","class":"QbftBesuControllerBuilder","message":"Imported #781 / 0 tx / 0 pending / 0 (0.0%) gas / (0x25527d33dca149bee84c5b3cbf9532b91019d6f581fec5863dba8a27335efe38)","throwable":""}
{"timestamp":"2025-09-16T15:13:31,006","container":"e8fbc2c00ac2","level":"INFO","thread":"BftProcessorExecutor-QBFT-0","class":"QbftBesuControllerBuilder","message":"Imported #782 / 0 tx / 0 pending / 0 (0.0%) gas / (0xefc5e1920e1a77751bbe3c45c6e99fcb8650defbee5923d5ca90611602ff650a)","throwable":""}
{"timestamp":"2025-09-16T15:13:39,007","container":"e8fbc2c00ac2","level":"INFO","thread":"BftProcessorExecutor-QBFT-0","class":"QbftBesuControllerBuilder","message":"Imported #783 / 0 tx / 0 pending / 0 (0.0%) gas / (0xf0d52f16de074a2c0b30bb9cf0fb6c169543ff77e6bab6407e8810f19ea0327e)","throwable":""}
{"timestamp":"2025-09-16T15:13:47,006","container":"e8fbc2c00ac2","level":"INFO","thread":"BftProcessorExecutor-QBFT-0","class":"QbftBesuControllerBuilder","message":"Produced #784 / 0 tx / 0 pending / 0 (0.0%) gas / (0x97efcd9faa8593f47cb1ac881f23203db76c240f6d67938d46ea50fa799ea700)","throwable":""}
{"timestamp":"2025-09-16T15:13:55,005","container":"e8fbc2c00ac2","level":"INFO","thread":"BftProcessorExecutor-QBFT-0","class":"QbftBesuControllerBuilder","message":"Imported #785 / 0 tx / 0 pending / 0 (0.0%) gas / (0x1063f51ea30987178f05b1e499e17b0c014be88366c057d212979147fb16c474)","throwable":""}
{"timestamp":"2025-09-16T15:14:03,005","container":"e8fbc2c00ac2","level":"INFO","thread":"BftProcessorExecutor-QBFT-0","class":"QbftBesuControllerBuilder","message":"Imported #786 / 0 tx / 0 pending / 0 (0.0%) gas / (0x1a771b1ba8e84a3db563c7aff388403b786201f9b26a6eae8e11741d9a565799)","throwable":""}
{"timestamp":"2025-09-16T15:14:11,004","container":"e8fbc2c00ac2","level":"INFO","thread":"BftProcessorExecutor-QBFT-0","class":"QbftBesuControllerBuilder","message":"Imported #787 / 0 tx / 0 pending / 0 (0.0%) gas / (0xd445b972bfe90118160632da683186db1c113ce693db11cd18707f7695b905f2)","throwable":""}
{"timestamp":"2025-09-16T15:14:19,006","container":"e8fbc2c00ac2","level":"INFO","thread":"BftProcessorExecutor-QBFT-0","class":"QbftBesuControllerBuilder","message":"Produced #788 / 0 tx / 0 pending / 0 (0.0%) gas / (0x4475b93a7d36a042be8354185145cf1b874d74fb1ec58ac49bbb43191354d408)","throwable":""}
{"timestamp":"2025-09-16T15:14:19,007","container":"e8fbc2c00ac2","level":"INFO","thread":"EthScheduler-Workers-0","class":"PersistBlockTask","message":"Block 788 (0x4475b93a7d36a042be8354185145cf1b874d74fb1ec58ac49bbb43191354d408) is already imported","throwable":""}
{"timestamp":"2025-09-16T15:14:27,006","container":"e8fbc2c00ac2","level":"INFO","thread":"BftProcessorExecutor-QBFT-0","class":"QbftBesuControllerBuilder","message":"Imported #789 / 0 tx / 0 pending / 0 (0.0%) gas / (0xa418f4a21f6cc4bc71e79dbfb8ab9fff10b3e6623bd79e131b8ae4fe33b1dbb3)","throwable":""}
{"timestamp":"2025-09-16T15:14:35,006","container":"e8fbc2c00ac2","level":"INFO","thread":"BftProcessorExecutor-QBFT-0","class":"QbftBesuControllerBuilder","message":"Imported #790 / 0 tx / 0 pending / 0 (0.0%) gas / (0xa2e47ba5857e852a5d2f8b9505a3cccaba4e13edd3a9e94468e3aed6e1486722)","throwable":""}
{"timestamp":"2025-09-16T15:14:43,005","container":"e8fbc2c00ac2","level":"INFO","thread":"BftProcessorExecutor-QBFT-0","class":"QbftBesuControllerBuilder","message":"Imported #791 / 0 tx / 0 pending / 0 (0.0%) gas / (0x65a08ee6c59bce78f93e084dffbbdf249bc2ffc94e783bf9b85d91b1d8b5708d)","throwable":""}
{"timestamp":"2025-09-16T15:14:51,006","container":"e8fbc2c00ac2","level":"INFO","thread":"BftProcessorExecutor-QBFT-0","class":"QbftBesuControllerBuilder","message":"Produced #792 / 0 tx / 0 pending / 0 (0.0%) gas / (0x8cc286f177b98fd1a611a66c04e5c8a40999226dbf3c1141f2be353274cad021)","throwable":""}
{"timestamp":"2025-09-16T15:14:51,006","container":"e8fbc2c00ac2","level":"INFO","thread":"EthScheduler-Workers-0","class":"PersistBlockTask","message":"Block 792 (0x8cc286f177b98fd1a611a66c04e5c8a40999226dbf3c1141f2be353274cad021) is already imported","throwable":""}
{"timestamp":"2025-09-16T15:14:59,005","container":"e8fbc2c00ac2","level":"INFO","thread":"BftProcessorExecutor-QBFT-0","class":"QbftBesuControllerBuilder","message":"Imported #793 / 0 tx / 0 pending / 0 (0.0%) gas / (0x404948cc05cd8c33bd0f7e4cf36bf06db94058179b82fcd7afadd383a0a0e5a3)","throwable":""}
{"timestamp":"2025-09-16T15:15:07,007","container":"e8fbc2c00ac2","level":"INFO","thread":"BftProcessorExecutor-QBFT-0","class":"QbftBesuControllerBuilder","message":"Imported #794 / 0 tx / 0 pending / 0 (0.0%) gas / (0x4b6e0a32a792e03d4610f43e3ce8fdd823fcc9a2fcb6130f056302c833b1e94e)","throwable":""}
{"timestamp":"2025-09-16T15:15:15,007","container":"e8fbc2c00ac2","level":"INFO","thread":"EthScheduler-Workers-0","class":"PersistBlockTask","message":"Block 795 (0xb2dabd4f7f66c9f8138b009db981705dcc3420a8f5270976b95c1c356a52f9e4) is already imported","throwable":""}
{"timestamp":"2025-09-16T15:15:15,007","container":"e8fbc2c00ac2","level":"INFO","thread":"BftProcessorExecutor-QBFT-0","class":"QbftBesuControllerBuilder","message":"Imported #795 / 0 tx / 0 pending / 0 (0.0%) gas / (0xb2dabd4f7f66c9f8138b009db981705dcc3420a8f5270976b95c1c356a52f9e4)","throwable":""}
{"timestamp":"2025-09-16T15:15:23,008","container":"e8fbc2c00ac2","level":"INFO","thread":"BftProcessorExecutor-QBFT-0","class":"QbftBesuControllerBuilder","message":"Produced #796 / 0 tx / 0 pending / 0 (0.0%) gas / (0xf2a827b50e21f33eb7ec68da99696f754612c5f1d5b7b11a0a20cbe0df7c528b)","throwable":""}
{"timestamp":"2025-09-16T15:15:31,007","container":"e8fbc2c00ac2","level":"INFO","thread":"BftProcessorExecutor-QBFT-0","class":"QbftBesuControllerBuilder","message":"Imported #797 / 0 tx / 0 pending / 0 (0.0%) gas / (0x6658f3b5987af266887451a21bd21be14743676439808ff3797e81231109539b)","throwable":""}
{"timestamp":"2025-09-16T15:15:39,005","container":"e8fbc2c00ac2","level":"INFO","thread":"BftProcessorExecutor-QBFT-0","class":"QbftBesuControllerBuilder","message":"Imported #798 / 0 tx / 0 pending / 0 (0.0%) gas / (0xede0d392d4781afed5d8ba7f4c64ab0e2b0b1c511754616abca51d33941ee049)","throwable":""}
{"timestamp":"2025-09-16T15:15:47,005","container":"e8fbc2c00ac2","level":"INFO","thread":"BftProcessorExecutor-QBFT-0","class":"QbftBesuControllerBuilder","message":"Imported #799 / 0 tx / 0 pending / 0 (0.0%) gas / (0x52d18ac5524fbe5a14a09ac72950eea385fe498b5f09a523f5bf8bcf09c7601c)","throwable":""}
{"timestamp":"2025-09-16T15:15:55,005","container":"e8fbc2c00ac2","level":"INFO","thread":"BftProcessorExecutor-QBFT-0","class":"QbftBesuControllerBuilder","message":"Produced #800 / 0 tx / 0 pending / 0 (0.0%) gas / (0xea30cd75ee03aa788b8758792e3e2a0f7eb8004fb5db07f3af1dd6b0813e0daf)","throwable":""}
{"timestamp":"2025-09-16T15:16:03,004","container":"e8fbc2c00ac2","level":"INFO","thread":"BftProcessorExecutor-QBFT-0","class":"QbftBesuControllerBuilder","message":"Imported #801 / 0 tx / 0 pending / 0 (0.0%) gas / (0xf1c7717fcc8ccc8e1f56ff489b2a438cf9d36416e78bb3e68f0d34c1aff26e91)","throwable":""}
{"timestamp":"2025-09-16T15:16:11,007","container":"e8fbc2c00ac2","level":"INFO","thread":"EthScheduler-Workers-0","class":"PersistBlockTask","message":"Block 802 (0x55fbf6bfeb1d23da4e85c0daddf30190650b6dd76151b1f6b58bd92b7ceed4d0) is already imported","throwable":""}
{"timestamp":"2025-09-16T15:16:11,007","container":"e8fbc2c00ac2","level":"INFO","thread":"BftProcessorExecutor-QBFT-0","class":"QbftBesuControllerBuilder","message":"Imported #802 / 0 tx / 0 pending / 0 (0.0%) gas / (0x55fbf6bfeb1d23da4e85c0daddf30190650b6dd76151b1f6b58bd92b7ceed4d0)","throwable":""}
{"timestamp":"2025-09-16T15:16:19,008","container":"e8fbc2c00ac2","level":"INFO","thread":"EthScheduler-Workers-0","class":"PersistBlockTask","message":"Block 803 (0x536105660a80413bff856b3be6143e0c52fc690d48fb1f929645af27ae49f9c5) is already imported","throwable":""}
{"timestamp":"2025-09-16T15:16:19,008","container":"e8fbc2c00ac2","level":"INFO","thread":"BftProcessorExecutor-QBFT-0","class":"QbftBesuControllerBuilder","message":"Imported #803 / 0 tx / 0 pending / 0 (0.0%) gas / (0x536105660a80413bff856b3be6143e0c52fc690d48fb1f929645af27ae49f9c5)","throwable":""}
{"timestamp":"2025-09-16T15:16:27,006","container":"e8fbc2c00ac2","level":"INFO","thread":"BftProcessorExecutor-QBFT-0","class":"QbftBesuControllerBuilder","message":"Produced #804 / 0 tx / 0 pending / 0 (0.0%) gas / (0xdde395e7b81c61be5c15604d03c90c6bdec5eb238b655f562ab8f35a74f62deb)","throwable":""}
{"timestamp":"2025-09-16T15:16:35,005","container":"e8fbc2c00ac2","level":"INFO","thread":"BftProcessorExecutor-QBFT-0","class":"QbftBesuControllerBuilder","message":"Imported #805 / 0 tx / 0 pending / 0 (0.0%) gas / (0xa719ffc0d297eb9c8e78594db10d30841dd17176075200b96c777aba782b4882)","throwable":""}
{"timestamp":"2025-09-16T15:16:43,006","container":"e8fbc2c00ac2","level":"INFO","thread":"BftProcessorExecutor-QBFT-0","class":"QbftBesuControllerBuilder","message":"Imported #806 / 0 tx / 0 pending / 0 (0.0%) gas / (0xa87a5f9441a890c16b838ba5d64b5229e402c8be8882a4919b318a82917649c0)","throwable":""}
{"timestamp":"2025-09-16T15:16:51,007","container":"e8fbc2c00ac2","level":"INFO","thread":"BftProcessorExecutor-QBFT-0","class":"QbftBesuControllerBuilder","message":"Imported #807 / 0 tx / 0 pending / 0 (0.0%) gas / (0x38f359878ca87fb1e6674ec66ee5d3aa086f88a73893d53b3ad0eae677b1cf44)","throwable":""}
{"timestamp":"2025-09-16T15:16:59,006","container":"e8fbc2c00ac2","level":"INFO","thread":"BftProcessorExecutor-QBFT-0","class":"QbftBesuControllerBuilder","message":"Produced #808 / 0 tx / 0 pending / 0 (0.0%) gas / (0xef047f802f09babc5d4072f732ca261bbce94c47ea59663ccd7778e30e70ceee)","throwable":""}
{"timestamp":"2025-09-16T15:16:59,006","container":"e8fbc2c00ac2","level":"INFO","thread":"EthScheduler-Workers-0","class":"PersistBlockTask","message":"Block 808 (0xef047f802f09babc5d4072f732ca261bbce94c47ea59663ccd7778e30e70ceee) is already imported","throwable":""}
{"timestamp":"2025-09-16T15:17:07,007","container":"e8fbc2c00ac2","level":"INFO","thread":"BftProcessorExecutor-QBFT-0","class":"QbftBesuControllerBuilder","message":"Imported #809 / 0 tx / 0 pending / 0 (0.0%) gas / (0x51c6d43d0f0232e50c810571ef2b926125b0f6c54f6db87ddc9fdac2ba30cdb2)","throwable":""}
{"timestamp":"2025-09-16T15:17:15,005","container":"e8fbc2c00ac2","level":"INFO","thread":"BftProcessorExecutor-QBFT-0","class":"QbftBesuControllerBuilder","message":"Imported #810 / 0 tx / 0 pending / 0 (0.0%) gas / (0xb50be4309a3ad791e22f5c37b7d32d40d84d360866177833d3bef53b7bee2676)","throwable":""}
{"timestamp":"2025-09-16T15:17:23,007","container":"e8fbc2c00ac2","level":"INFO","thread":"EthScheduler-Workers-0","class":"PersistBlockTask","message":"Block 811 (0x6f8b96d4a69789312582604c5425e497339262cf1687b181100db9fc56575970) is already imported","throwable":""}
{"timestamp":"2025-09-16T15:17:23,007","container":"e8fbc2c00ac2","level":"INFO","thread":"BftProcessorExecutor-QBFT-0","class":"QbftBesuControllerBuilder","message":"Imported #811 / 0 tx / 0 pending / 0 (0.0%) gas / (0x6f8b96d4a69789312582604c5425e497339262cf1687b181100db9fc56575970)","throwable":""}
{"timestamp":"2025-09-16T15:17:31,009","container":"e8fbc2c00ac2","level":"INFO","thread":"EthScheduler-Workers-0","class":"PersistBlockTask","message":"Imported #812 / 0 tx / 0 om / 0 (0.0%) gas / (0xf97622b7a50d203cde85ef345e5fb74735a357cd15b244101c0eb3a53f0f3221) in 0.001s. Peers: 5","throwable":""}
{"timestamp":"2025-09-16T15:17:31,009","container":"e8fbc2c00ac2","level":"INFO","thread":"BftProcessorExecutor-QBFT-0","class":"QbftBesuControllerBuilder","message":"Produced #812 / 0 tx / 0 pending / 0 (0.0%) gas / (0xf97622b7a50d203cde85ef345e5fb74735a357cd15b244101c0eb3a53f0f3221)","throwable":""}
{"timestamp":"2025-09-16T15:17:39,009","container":"e8fbc2c00ac2","level":"INFO","thread":"BftProcessorExecutor-QBFT-0","class":"QbftBesuControllerBuilder","message":"Imported #813 / 0 tx / 0 pending / 0 (0.0%) gas / (0x54e4958ac51a3dee1d35c9f1fa02f8a59bdd97020ecc569cb77d707c1434a666)","throwable":""}
{"timestamp":"2025-09-16T15:17:47,008","container":"e8fbc2c00ac2","level":"INFO","thread":"BftProcessorExecutor-QBFT-0","class":"QbftBesuControllerBuilder","message":"Imported #814 / 0 tx / 0 pending / 0 (0.0%) gas / (0xbb38327beb4afd313042fa697a1587a2de637a254be88b04dec48f93d99380a9)","throwable":""}
{"timestamp":"2025-09-16T15:17:55,005","container":"e8fbc2c00ac2","level":"INFO","thread":"BftProcessorExecutor-QBFT-0","class":"QbftBesuControllerBuilder","message":"Imported #815 / 0 tx / 0 pending / 0 (0.0%) gas / (0x5320e7993cdb8a5cc8a9b6ff1025e907b748ccb72d7d98061ce94886d43f99ae)","throwable":""}
{"timestamp":"2025-09-16T15:18:03,008","container":"e8fbc2c00ac2","level":"INFO","thread":"BftProcessorExecutor-QBFT-0","class":"QbftBesuControllerBuilder","message":"Produced #816 / 0 tx / 0 pending / 0 (0.0%) gas / (0x3ef6be82d13cce14916c8814a47dc821525a7290430491b3af35d00f88efe228)","throwable":""}
{"timestamp":"2025-09-16T15:18:11,005","container":"e8fbc2c00ac2","level":"INFO","thread":"BftProcessorExecutor-QBFT-0","class":"QbftBesuControllerBuilder","message":"Imported #817 / 0 tx / 0 pending / 0 (0.0%) gas / (0x7b217917751f6a1f96a480476b669d2a89d93ee3f11ab31ed0dc85f3d7a8846f)","throwable":""}
{"timestamp":"2025-09-16T15:18:19,006","container":"e8fbc2c00ac2","level":"INFO","thread":"EthScheduler-Workers-0","class":"PersistBlockTask","message":"Block 818 (0xb98fb66c29e540663b5e455ed4d952362c25774ab9ce117a35f5ce2b69a3217c) is already imported","throwable":""}
{"timestamp":"2025-09-16T15:18:19,006","container":"e8fbc2c00ac2","level":"INFO","thread":"BftProcessorExecutor-QBFT-0","class":"QbftBesuControllerBuilder","message":"Imported #818 / 0 tx / 0 pending / 0 (0.0%) gas / (0xb98fb66c29e540663b5e455ed4d952362c25774ab9ce117a35f5ce2b69a3217c)","throwable":""}
{"timestamp":"2025-09-16T15:18:27,006","container":"e8fbc2c00ac2","level":"INFO","thread":"BftProcessorExecutor-QBFT-0","class":"QbftBesuControllerBuilder","message":"Imported #819 / 0 tx / 0 pending / 0 (0.0%) gas / (0xdf019b8f9b7dccddce853fc431e649c73ead1db810a4a7b1fae938c8b8aa0202)","throwable":""}
{"timestamp":"2025-09-16T15:18:35,006","container":"e8fbc2c00ac2","level":"INFO","thread":"BftProcessorExecutor-QBFT-0","class":"QbftBesuControllerBuilder","message":"Produced #820 / 0 tx / 0 pending / 0 (0.0%) gas / (0xe27117ffb240020102fa3ed990cc96206576d7fda336c43c5514a0a9023e2f63)","throwable":""}
{"timestamp":"2025-09-16T15:18:35,006","container":"e8fbc2c00ac2","level":"INFO","thread":"EthScheduler-Workers-0","class":"PersistBlockTask","message":"Block 820 (0xe27117ffb240020102fa3ed990cc96206576d7fda336c43c5514a0a9023e2f63) is already imported","throwable":""}
{"timestamp":"2025-09-16T15:18:43,005","container":"e8fbc2c00ac2","level":"INFO","thread":"BftProcessorExecutor-QBFT-0","class":"QbftBesuControllerBuilder","message":"Imported #821 / 0 tx / 0 pending / 0 (0.0%) gas / (0x0e242aa68cec559ba167f4c168009ff53b7745425fde7f42548d678748d61e2b)","throwable":""}
{"timestamp":"2025-09-16T15:18:51,006","container":"e8fbc2c00ac2","level":"INFO","thread":"EthScheduler-Workers-0","class":"PersistBlockTask","message":"Block 822 (0x80a2d1746352ae3b95f590bd6a19875cf85d09d5cc26a085943350d0c1a9727d) is already imported","throwable":""}
{"timestamp":"2025-09-16T15:18:51,006","container":"e8fbc2c00ac2","level":"INFO","thread":"BftProcessorExecutor-QBFT-0","class":"QbftBesuControllerBuilder","message":"Imported #822 / 0 tx / 0 pending / 0 (0.0%) gas / (0x80a2d1746352ae3b95f590bd6a19875cf85d09d5cc26a085943350d0c1a9727d)","throwable":""}
{"timestamp":"2025-09-16T15:18:59,005","container":"e8fbc2c00ac2","level":"INFO","thread":"BftProcessorExecutor-QBFT-0","class":"QbftBesuControllerBuilder","message":"Imported #823 / 0 tx / 0 pending / 0 (0.0%) gas / (0x395e59cadb7bb2d3a8ad1a543ed21998fb38c5ef0913274550d183badb0e9451)","throwable":""}
{"timestamp":"2025-09-16T15:19:07,007","container":"e8fbc2c00ac2","level":"INFO","thread":"BftProcessorExecutor-QBFT-0","class":"QbftBesuControllerBuilder","message":"Produced #824 / 0 tx / 0 pending / 0 (0.0%) gas / (0x061edec5de52a875fea011f804c20f92a06766cff6f5e3eed4a44d7f4ae155b4)","throwable":""}
{"timestamp":"2025-09-16T15:19:15,005","container":"e8fbc2c00ac2","level":"INFO","thread":"BftProcessorExecutor-QBFT-0","class":"QbftBesuControllerBuilder","message":"Imported #825 / 0 tx / 0 pending / 0 (0.0%) gas / (0x3dd31a3b1222a349730732c337fe406a5beb88005b3b011f5eb79373ef47e757)","throwable":""}
{"timestamp":"2025-09-16T15:19:23,005","container":"e8fbc2c00ac2","level":"INFO","thread":"BftProcessorExecutor-QBFT-0","class":"QbftBesuControllerBuilder","message":"Imported #826 / 0 tx / 0 pending / 0 (0.0%) gas / (0x2e5a06d4a66e9611960f2232a892c631613401029c9038cdb3a4878315215fad)","throwable":""}
{"timestamp":"2025-09-16T15:19:31,006","container":"e8fbc2c00ac2","level":"INFO","thread":"BftProcessorExecutor-QBFT-0","class":"QbftBesuControllerBuilder","message":"Imported #827 / 0 tx / 0 pending / 0 (0.0%) gas / (0x154ea0b999b8aa9440532b045ff26d1dc069b7ff764a069f79edfad77f6f8c9d)","throwable":""}
{"timestamp":"2025-09-16T15:19:39,007","container":"e8fbc2c00ac2","level":"INFO","thread":"BftProcessorExecutor-QBFT-0","class":"QbftBesuControllerBuilder","message":"Produced #828 / 0 tx / 0 pending / 0 (0.0%) gas / (0xce70cedd60a47c0df23518bc40b1ad0a0a6ea1f5ee67bb26c036d970119d056f)","throwable":""}
{"timestamp":"2025-09-16T15:19:47,010","container":"e8fbc2c00ac2","level":"INFO","thread":"BftProcessorExecutor-QBFT-0","class":"QbftBesuControllerBuilder","message":"Imported #829 / 0 tx / 0 pending / 0 (0.0%) gas / (0xffd69f04ee24e500a192ea6e626e2d80197a0e9aad13a95b40859a4254de8467)","throwable":""}
{"timestamp":"2025-09-16T15:19:55,006","container":"e8fbc2c00ac2","level":"INFO","thread":"BftProcessorExecutor-QBFT-0","class":"QbftBesuControllerBuilder","message":"Imported #830 / 0 tx / 0 pending / 0 (0.0%) gas / (0xa8400ac935cb597c4280a03b60318eb16c365f303d8ba3396990841e8be6bdca)","throwable":""}
{"timestamp":"2025-09-16T15:20:03,006","container":"e8fbc2c00ac2","level":"INFO","thread":"BftProcessorExecutor-QBFT-0","class":"QbftBesuControllerBuilder","message":"Imported #831 / 0 tx / 0 pending / 0 (0.0%) gas / (0x087692b71c04ce136a19f5e32b1f32011b131a0fd2df796cea1eb7b06b57eb99)","throwable":""}
{"timestamp":"2025-09-16T15:20:11,008","container":"e8fbc2c00ac2","level":"INFO","thread":"EthScheduler-Workers-0","class":"PersistBlockTask","message":"Block 832 (0x1e1ca0413562f5d5d68957c82d4939d0073d81328afe83f253d2b552dc3abd52) is already imported","throwable":""}
{"timestamp":"2025-09-16T15:20:11,008","container":"e8fbc2c00ac2","level":"INFO","thread":"BftProcessorExecutor-QBFT-0","class":"QbftBesuControllerBuilder","message":"Produced #832 / 0 tx / 0 pending / 0 (0.0%) gas / (0x1e1ca0413562f5d5d68957c82d4939d0073d81328afe83f253d2b552dc3abd52)","throwable":""}
{"timestamp":"2025-09-16T15:20:19,004","container":"e8fbc2c00ac2","level":"INFO","thread":"BftProcessorExecutor-QBFT-0","class":"QbftBesuControllerBuilder","message":"Imported #833 / 0 tx / 0 pending / 0 (0.0%) gas / (0x15dbc10a95796abdfa07c7ed43e3cf66fa935862371b429d45a6d86222a472fb)","throwable":""}
{"timestamp":"2025-09-16T15:20:27,006","container":"e8fbc2c00ac2","level":"INFO","thread":"BftProcessorExecutor-QBFT-0","class":"QbftBesuControllerBuilder","message":"Imported #834 / 0 tx / 0 pending / 0 (0.0%) gas / (0xd0780573ff1a6881cf2e7869c3a16e152d750aa43795fb581ea4022ef89fabf4)","throwable":""}
{"timestamp":"2025-09-16T15:20:35,005","container":"e8fbc2c00ac2","level":"INFO","thread":"BftProcessorExecutor-QBFT-0","class":"QbftBesuControllerBuilder","message":"Imported #835 / 0 tx / 0 pending / 0 (0.0%) gas / (0x566eb9a64ae8d45028f1e492f2e2f0b1b5e70f0e362e8df46532e34a8e1927f8)","throwable":""}
{"timestamp":"2025-09-16T15:20:43,006","container":"e8fbc2c00ac2","level":"INFO","thread":"BftProcessorExecutor-QBFT-0","class":"QbftBesuControllerBuilder","message":"Produced #836 / 0 tx / 0 pending / 0 (0.0%) gas / (0x1ad9348fa63cc9bb4549be68258da1f779ca1ea89dc1c2b7e525395c82b12fee)","throwable":""}
{"timestamp":"2025-09-16T15:20:51,007","container":"e8fbc2c00ac2","level":"INFO","thread":"BftProcessorExecutor-QBFT-0","class":"QbftBesuControllerBuilder","message":"Imported #837 / 0 tx / 0 pending / 0 (0.0%) gas / (0xcc2bdd82261d4cd81d137dfe1c7e934ceff5d187e6ae923ab28c7e5fd3fbc946)","throwable":""}
{"timestamp":"2025-09-16T15:20:51,007","container":"e8fbc2c00ac2","level":"INFO","thread":"EthScheduler-Workers-0","class":"PersistBlockTask","message":"Block 837 (0xcc2bdd82261d4cd81d137dfe1c7e934ceff5d187e6ae923ab28c7e5fd3fbc946) is already imported","throwable":""}
{"timestamp":"2025-09-16T15:20:59,006","container":"e8fbc2c00ac2","level":"INFO","thread":"BftProcessorExecutor-QBFT-0","class":"QbftBesuControllerBuilder","message":"Imported #838 / 0 tx / 0 pending / 0 (0.0%) gas / (0x10b399bcca98708da46ff24a383e8b718941220a8d2304840d74ec57266b4595)","throwable":""}
{"timestamp":"2025-09-16T15:21:07,006","container":"e8fbc2c00ac2","level":"INFO","thread":"BftProcessorExecutor-QBFT-0","class":"QbftBesuControllerBuilder","message":"Imported #839 / 0 tx / 0 pending / 0 (0.0%) gas / (0x99245a7aa6ecfd8f0d47016ee583cd0f177d626ed7d2ed897f96a689211769be)","throwable":""}
{"timestamp":"2025-09-16T15:21:15,006","container":"e8fbc2c00ac2","level":"INFO","thread":"EthScheduler-Workers-0","class":"PersistBlockTask","message":"Block 840 (0xb3d2576bb13832a1706892d46b87936d628bce0a143162e8bfe0bb41fa13f39e) is already imported","throwable":""}
{"timestamp":"2025-09-16T15:21:15,006","container":"e8fbc2c00ac2","level":"INFO","thread":"BftProcessorExecutor-QBFT-0","class":"QbftBesuControllerBuilder","message":"Produced #840 / 0 tx / 0 pending / 0 (0.0%) gas / (0xb3d2576bb13832a1706892d46b87936d628bce0a143162e8bfe0bb41fa13f39e)","throwable":""}
{"timestamp":"2025-09-16T15:21:23,005","container":"e8fbc2c00ac2","level":"INFO","thread":"BftProcessorExecutor-QBFT-0","class":"QbftBesuControllerBuilder","message":"Imported #841 / 0 tx / 0 pending / 0 (0.0%) gas / (0x8a9f5b1fe42890d555a7c2c0e85542ff7c8e6486250523ea1e64d35aef30f990)","throwable":""}
{"timestamp":"2025-09-16T15:21:31,008","container":"e8fbc2c00ac2","level":"INFO","thread":"BftProcessorExecutor-QBFT-0","class":"QbftBesuControllerBuilder","message":"Imported #842 / 0 tx / 0 pending / 0 (0.0%) gas / (0xbd283ca047a4f831c8e8e3a8a1764d4589f97232983b9b2a5e250f9049bac2a7)","throwable":""}
{"timestamp":"2025-09-16T15:21:39,007","container":"e8fbc2c00ac2","level":"INFO","thread":"BftProcessorExecutor-QBFT-0","class":"QbftBesuControllerBuilder","message":"Imported #843 / 0 tx / 0 pending / 0 (0.0%) gas / (0x383b1b9f1ac0ab680fac841f71983d71816bfc296cc459f98f78128c35a38fbb)","throwable":""}
{"timestamp":"2025-09-16T15:21:47,006","container":"e8fbc2c00ac2","level":"INFO","thread":"BftProcessorExecutor-QBFT-0","class":"QbftBesuControllerBuilder","message":"Produced #844 / 0 tx / 0 pending / 0 (0.0%) gas / (0xb4fe4fd74243a479c341a70c7f924bb92de92bb4c582e64bd1061addad722a5c)","throwable":""}
{"timestamp":"2025-09-16T15:21:55,006","container":"e8fbc2c00ac2","level":"INFO","thread":"EthScheduler-Workers-0","class":"PersistBlockTask","message":"Block 845 (0x7eeadb05c262c006aadecd2e2eab311ddc616a4f763f29a682f3975bc45ea084) is already imported","throwable":""}
{"timestamp":"2025-09-16T15:21:55,006","container":"e8fbc2c00ac2","level":"INFO","thread":"BftProcessorExecutor-QBFT-0","class":"QbftBesuControllerBuilder","message":"Imported #845 / 0 tx / 0 pending / 0 (0.0%) gas / (0x7eeadb05c262c006aadecd2e2eab311ddc616a4f763f29a682f3975bc45ea084)","throwable":""}
{"timestamp":"2025-09-16T15:22:03,006","container":"e8fbc2c00ac2","level":"INFO","thread":"BftProcessorExecutor-QBFT-0","class":"QbftBesuControllerBuilder","message":"Imported #846 / 0 tx / 0 pending / 0 (0.0%) gas / (0x3b8fc4c3de5af606073e37183abe418562eb68a2c154d99e098d550089adf3bb)","throwable":""}
{"timestamp":"2025-09-16T15:22:11,004","container":"e8fbc2c00ac2","level":"INFO","thread":"BftProcessorExecutor-QBFT-0","class":"QbftBesuControllerBuilder","message":"Imported #847 / 0 tx / 0 pending / 0 (0.0%) gas / (0xe8d004b90e4c03019a75c502755b9f9ecefe5c1bb9b4477d88a66dd32a7022bd)","throwable":""}
{"timestamp":"2025-09-16T15:22:19,004","container":"e8fbc2c00ac2","level":"INFO","thread":"BftProcessorExecutor-QBFT-0","class":"QbftBesuControllerBuilder","message":"Produced #848 / 0 tx / 0 pending / 0 (0.0%) gas / (0x39c65bcd5eb6d507a8472679f73f18b7cea48852afed53ae5a19cdf94bb03c5f)","throwable":""}
{"timestamp":"2025-09-16T15:22:27,007","container":"e8fbc2c00ac2","level":"INFO","thread":"BftProcessorExecutor-QBFT-0","class":"QbftBesuControllerBuilder","message":"Imported #849 / 0 tx / 0 pending / 0 (0.0%) gas / (0x241c92f93a7fc3404ef91ba8170dc66168a1d628c8759e84639bac758d1906a7)","throwable":""}
{"timestamp":"2025-09-16T15:22:35,007","container":"e8fbc2c00ac2","level":"INFO","thread":"BftProcessorExecutor-QBFT-0","class":"QbftBesuControllerBuilder","message":"Imported #850 / 0 tx / 0 pending / 0 (0.0%) gas / (0xb40507fc11b583866cffedb519e4fa40404f2560666a6da3c3447819736c7232)","throwable":""}
{"timestamp":"2025-09-16T15:22:43,006","container":"e8fbc2c00ac2","level":"INFO","thread":"BftProcessorExecutor-QBFT-0","class":"QbftBesuControllerBuilder","message":"Imported #851 / 0 tx / 0 pending / 0 (0.0%) gas / (0x6d70657613edd4ddf5c5f7c95372c650a81c4d8efe66a3c8ab080afb17e4e434)","throwable":""}
{"timestamp":"2025-09-16T15:22:51,006","container":"e8fbc2c00ac2","level":"INFO","thread":"BftProcessorExecutor-QBFT-0","class":"QbftBesuControllerBuilder","message":"Produced #852 / 0 tx / 0 pending / 0 (0.0%) gas / (0x25be423dc5045b532bc17f606a4811f094ba2fa6c48f64b2fafaa866882900a8)","throwable":""}
{"timestamp":"2025-09-16T15:22:59,004","container":"e8fbc2c00ac2","level":"INFO","thread":"BftProcessorExecutor-QBFT-0","class":"QbftBesuControllerBuilder","message":"Imported #853 / 0 tx / 0 pending / 0 (0.0%) gas / (0x87d427473bad3b981c4a884028d7475c9071c99176dd965770090ebc12edb558)","throwable":""}
{"timestamp":"2025-09-16T15:23:07,005","container":"e8fbc2c00ac2","level":"INFO","thread":"BftProcessorExecutor-QBFT-0","class":"QbftBesuControllerBuilder","message":"Imported #854 / 0 tx / 0 pending / 0 (0.0%) gas / (0xfe605a76a6efa7df298dac95c0967748c99e8bf421faa3375b7d199637ca33a0)","throwable":""}
{"timestamp":"2025-09-16T15:23:15,004","container":"e8fbc2c00ac2","level":"INFO","thread":"BftProcessorExecutor-QBFT-0","class":"QbftBesuControllerBuilder","message":"Imported #855 / 0 tx / 0 pending / 0 (0.0%) gas / (0x542a504e9852965e87cdb9b53b59e7af98b27f328b4f6ab513d996d597647d74)","throwable":""}
{"timestamp":"2025-09-16T15:23:23,007","container":"e8fbc2c00ac2","level":"INFO","thread":"BftProcessorExecutor-QBFT-0","class":"QbftBesuControllerBuilder","message":"Produced #856 / 0 tx / 0 pending / 0 (0.0%) gas / (0xa1fb3e17883e428f47e6e1ae173a5522463f57296d9534e5df9076f112a83220)","throwable":""}
{"timestamp":"2025-09-16T15:23:31,007","container":"e8fbc2c00ac2","level":"INFO","thread":"BftProcessorExecutor-QBFT-0","class":"QbftBesuControllerBuilder","message":"Imported #857 / 0 tx / 0 pending / 0 (0.0%) gas / (0x57318c3eeb540b2c3ef48450e0df63ba2577e04b6cd3a8ba5ad2bad2df15092d)","throwable":""}
{"timestamp":"2025-09-16T15:23:31,007","container":"e8fbc2c00ac2","level":"INFO","thread":"EthScheduler-Workers-0","class":"PersistBlockTask","message":"Block 857 (0x57318c3eeb540b2c3ef48450e0df63ba2577e04b6cd3a8ba5ad2bad2df15092d) is already imported","throwable":""}
{"timestamp":"2025-09-16T15:23:39,008","container":"e8fbc2c00ac2","level":"INFO","thread":"BftProcessorExecutor-QBFT-0","class":"QbftBesuControllerBuilder","message":"Imported #858 / 0 tx / 0 pending / 0 (0.0%) gas / (0x28274112df5b0b7097baa1a81398d44ddaba01a98b2380c9deafb22c39ec2bb3)","throwable":""}
{"timestamp":"2025-09-16T15:23:47,005","container":"e8fbc2c00ac2","level":"INFO","thread":"BftProcessorExecutor-QBFT-0","class":"QbftBesuControllerBuilder","message":"Imported #859 / 0 tx / 0 pending / 0 (0.0%) gas / (0xb0f5de3eef1ed405e784264a978448a36fc5ad62dc1d6160b861aafd474883b5)","throwable":""}
{"timestamp":"2025-09-16T15:23:55,005","container":"e8fbc2c00ac2","level":"INFO","thread":"BftProcessorExecutor-QBFT-0","class":"QbftBesuControllerBuilder","message":"Produced #860 / 0 tx / 0 pending / 0 (0.0%) gas / (0xe55407bd4a8d7b63616ca1796e5f3a70a0c3098b91ff7589379738c1edd4ecda)","throwable":""}
{"timestamp":"2025-09-16T15:24:03,005","container":"e8fbc2c00ac2","level":"INFO","thread":"BftProcessorExecutor-QBFT-0","class":"QbftBesuControllerBuilder","message":"Imported #861 / 0 tx / 0 pending / 0 (0.0%) gas / (0x962d513352d2766240c417298fa050d5d0f5df3685b6731173513dece28f9c70)","throwable":""}
{"timestamp":"2025-09-16T15:24:11,005","container":"e8fbc2c00ac2","level":"INFO","thread":"BftProcessorExecutor-QBFT-0","class":"QbftBesuControllerBuilder","message":"Imported #862 / 0 tx / 0 pending / 0 (0.0%) gas / (0x7849a501c8c1fcf0c5d0ef47c0a323b9618874bb8e11cdffc76efc09aa246506)","throwable":""}
{"timestamp":"2025-09-16T15:24:19,006","container":"e8fbc2c00ac2","level":"INFO","thread":"EthScheduler-Workers-0","class":"PersistBlockTask","message":"Block 863 (0x79046242ef568bb5273af7cfa5fde06325bb41bcfe62b00043b58da55635c69c) is already imported","throwable":""}
{"timestamp":"2025-09-16T15:24:19,006","container":"e8fbc2c00ac2","level":"INFO","thread":"BftProcessorExecutor-QBFT-0","class":"QbftBesuControllerBuilder","message":"Imported #863 / 0 tx / 0 pending / 0 (0.0%) gas / (0x79046242ef568bb5273af7cfa5fde06325bb41bcfe62b00043b58da55635c69c)","throwable":""}
{"timestamp":"2025-09-16T15:24:27,006","container":"e8fbc2c00ac2","level":"INFO","thread":"BftProcessorExecutor-QBFT-0","class":"QbftBesuControllerBuilder","message":"Produced #864 / 0 tx / 0 pending / 0 (0.0%) gas / (0x2eb3becbeec30144550a3a608b9688898e958933da25c060008cd58baa17448d)","throwable":""}
{"timestamp":"2025-09-16T15:24:35,005","container":"e8fbc2c00ac2","level":"INFO","thread":"BftProcessorExecutor-QBFT-0","class":"QbftBesuControllerBuilder","message":"Imported #865 / 0 tx / 0 pending / 0 (0.0%) gas / (0x7fb7d25ee24fcda49be8d1fb7ab14bb6c208d1a886cf34e9eddc03511e3d3e3b)","throwable":""}
{"timestamp":"2025-09-16T15:24:43,007","container":"e8fbc2c00ac2","level":"INFO","thread":"BftProcessorExecutor-QBFT-0","class":"QbftBesuControllerBuilder","message":"Imported #866 / 0 tx / 0 pending / 0 (0.0%) gas / (0x65269c4ae9ba9988603c3b065dcae65b403980321ce4473e48307216886fd8a3)","throwable":""}
{"timestamp":"2025-09-16T15:24:51,008","container":"e8fbc2c00ac2","level":"INFO","thread":"BftProcessorExecutor-QBFT-0","class":"QbftBesuControllerBuilder","message":"Imported #867 / 0 tx / 0 pending / 0 (0.0%) gas / (0x6cc0591eda47b2cfbd52142fc2e7fb643a19c076b7f755d2978d54a88af6a9bc)","throwable":""}
{"timestamp":"2025-09-16T15:24:59,007","container":"e8fbc2c00ac2","level":"INFO","thread":"BftProcessorExecutor-QBFT-0","class":"QbftBesuControllerBuilder","message":"Produced #868 / 0 tx / 0 pending / 0 (0.0%) gas / (0x4709127939f8c3073a89eecf01014b786eb1b6911ce18f467de4da900ea4f491)","throwable":""}
{"timestamp":"2025-09-16T15:25:07,007","container":"e8fbc2c00ac2","level":"INFO","thread":"BftProcessorExecutor-QBFT-0","class":"QbftBesuControllerBuilder","message":"Imported #869 / 0 tx / 0 pending / 0 (0.0%) gas / (0x248115e935290442660887e765ee1e03e4e82206f5d88495cbd1d383d43044fa)","throwable":""}
{"timestamp":"2025-09-16T15:25:15,007","container":"e8fbc2c00ac2","level":"INFO","thread":"BftProcessorExecutor-QBFT-0","class":"QbftBesuControllerBuilder","message":"Imported #870 / 0 tx / 0 pending / 0 (0.0%) gas / (0xf90d79c20cd221ec1686d52b966121d3c058f7f56465d651ef230cd944f56430)","throwable":""}
{"timestamp":"2025-09-16T15:25:23,006","container":"e8fbc2c00ac2","level":"INFO","thread":"BftProcessorExecutor-QBFT-0","class":"QbftBesuControllerBuilder","message":"Imported #871 / 0 tx / 0 pending / 0 (0.0%) gas / (0x8506440d269c95a63578f6cd89fbdb88cdf8c9af114b434e6dfa6ae700d25070)","throwable":""}
{"timestamp":"2025-09-16T15:25:31,010","container":"e8fbc2c00ac2","level":"INFO","thread":"EthScheduler-Workers-0","class":"PersistBlockTask","message":"Block 872 (0x177f26c98838e2f2a3ab8da61e66767242185f3aed182e36c42660cbb98aa8af) is already imported","throwable":""}
{"timestamp":"2025-09-16T15:25:31,010","container":"e8fbc2c00ac2","level":"INFO","thread":"BftProcessorExecutor-QBFT-0","class":"QbftBesuControllerBuilder","message":"Produced #872 / 0 tx / 0 pending / 0 (0.0%) gas / (0x177f26c98838e2f2a3ab8da61e66767242185f3aed182e36c42660cbb98aa8af)","throwable":""}
{"timestamp":"2025-09-16T15:25:39,005","container":"e8fbc2c00ac2","level":"INFO","thread":"BftProcessorExecutor-QBFT-0","class":"QbftBesuControllerBuilder","message":"Imported #873 / 0 tx / 0 pending / 0 (0.0%) gas / (0x20aa8c77ba166781cfb3843870487854065a4400585826d509f94e5e759c87e4)","throwable":""}
{"timestamp":"2025-09-16T15:25:47,005","container":"e8fbc2c00ac2","level":"INFO","thread":"BftProcessorExecutor-QBFT-0","class":"QbftBesuControllerBuilder","message":"Imported #874 / 0 tx / 0 pending / 0 (0.0%) gas / (0xa704e0e4db990e62bcec62f592cfdfbc23ed2586312b7ed29d35fb5548dd0146)","throwable":""}
{"timestamp":"2025-09-16T15:25:55,005","container":"e8fbc2c00ac2","level":"INFO","thread":"EthScheduler-Workers-0","class":"PersistBlockTask","message":"Block 875 (0x8a1d0153ec2c1f4927220209532b84b603381a92e86c78558c40ae2ebb29a70b) is already imported","throwable":""}
{"timestamp":"2025-09-16T15:25:55,005","container":"e8fbc2c00ac2","level":"INFO","thread":"BftProcessorExecutor-QBFT-0","class":"QbftBesuControllerBuilder","message":"Imported #875 / 0 tx / 0 pending / 0 (0.0%) gas / (0x8a1d0153ec2c1f4927220209532b84b603381a92e86c78558c40ae2ebb29a70b)","throwable":""}
{"timestamp":"2025-09-16T15:26:03,005","container":"e8fbc2c00ac2","level":"INFO","thread":"BftProcessorExecutor-QBFT-0","class":"QbftBesuControllerBuilder","message":"Produced #876 / 0 tx / 0 pending / 0 (0.0%) gas / (0x7e0b054fcdae3b91317a573722094b4be182de74cb07cda974d5bd068f6ece58)","throwable":""}
{"timestamp":"2025-09-16T15:26:11,004","container":"e8fbc2c00ac2","level":"INFO","thread":"BftProcessorExecutor-QBFT-0","class":"QbftBesuControllerBuilder","message":"Imported #877 / 0 tx / 0 pending / 0 (0.0%) gas / (0x085a6381a6b1bcdb7653ff41e815d970b7070770e004078e0ad345d6e8d4bf40)","throwable":""}
{"timestamp":"2025-09-16T15:26:19,006","container":"e8fbc2c00ac2","level":"INFO","thread":"BftProcessorExecutor-QBFT-0","class":"QbftBesuControllerBuilder","message":"Imported #878 / 0 tx / 0 pending / 0 (0.0%) gas / (0xf9845b487f8a894df7939b108dec4ed87769e61c1efd95182b7dfd6899e0cf61)","throwable":""}
{"timestamp":"2025-09-16T15:26:27,007","container":"e8fbc2c00ac2","level":"INFO","thread":"BftProcessorExecutor-QBFT-0","class":"QbftBesuControllerBuilder","message":"Imported #879 / 0 tx / 0 pending / 0 (0.0%) gas / (0x82e7669355bcce88fea102c342b258044a7d109a2027a9a17beb035e13219551)","throwable":""}
{"timestamp":"2025-09-16T15:26:27,007","container":"e8fbc2c00ac2","level":"INFO","thread":"EthScheduler-Workers-0","class":"PersistBlockTask","message":"Block 879 (0x82e7669355bcce88fea102c342b258044a7d109a2027a9a17beb035e13219551) is already imported","throwable":""}
{"timestamp":"2025-09-16T15:26:35,006","container":"e8fbc2c00ac2","level":"INFO","thread":"BftProcessorExecutor-QBFT-0","class":"QbftBesuControllerBuilder","message":"Produced #880 / 0 tx / 0 pending / 0 (0.0%) gas / (0x690dd47ae0ca5456015d72723800007ebb44c31610c66aa27ab5d2288567175d)","throwable":""}
{"timestamp":"2025-09-16T15:26:43,005","container":"e8fbc2c00ac2","level":"INFO","thread":"BftProcessorExecutor-QBFT-0","class":"QbftBesuControllerBuilder","message":"Imported #881 / 0 tx / 0 pending / 0 (0.0%) gas / (0xbab31da5362161c6b88d7cb784c21d6c772cb6d9941c7e00035cd36e074009fb)","throwable":""}
{"timestamp":"2025-09-16T15:26:43,006","container":"e8fbc2c00ac2","level":"INFO","thread":"EthScheduler-Workers-0","class":"PersistBlockTask","message":"Block 881 (0xbab31da5362161c6b88d7cb784c21d6c772cb6d9941c7e00035cd36e074009fb) is already imported","throwable":""}
{"timestamp":"2025-09-16T15:26:51,007","container":"e8fbc2c00ac2","level":"INFO","thread":"BftProcessorExecutor-QBFT-0","class":"QbftBesuControllerBuilder","message":"Imported #882 / 0 tx / 0 pending / 0 (0.0%) gas / (0x0d187f0874c7efa405e198d2d973dc9dee03bb5d916bef9f97a4b4f766413774)","throwable":""}
{"timestamp":"2025-09-16T15:26:59,006","container":"e8fbc2c00ac2","level":"INFO","thread":"BftProcessorExecutor-QBFT-0","class":"QbftBesuControllerBuilder","message":"Imported #883 / 0 tx / 0 pending / 0 (0.0%) gas / (0xf1c409b691469f8ae70ab4f401758aae3bac5f6c9191c81346bb63de35fb362f)","throwable":""}
{"timestamp":"2025-09-16T15:26:59,006","container":"e8fbc2c00ac2","level":"INFO","thread":"EthScheduler-Workers-0","class":"PersistBlockTask","message":"Block 883 (0xf1c409b691469f8ae70ab4f401758aae3bac5f6c9191c81346bb63de35fb362f) is already imported","throwable":""}
{"timestamp":"2025-09-16T15:27:07,006","container":"e8fbc2c00ac2","level":"INFO","thread":"BftProcessorExecutor-QBFT-0","class":"QbftBesuControllerBuilder","message":"Produced #884 / 0 tx / 0 pending / 0 (0.0%) gas / (0xa5e0a06aaa771441b3074d4cdea45f3633e144a77da52d30a14030694149e06f)","throwable":""}
{"timestamp":"2025-09-16T15:27:15,006","container":"e8fbc2c00ac2","level":"INFO","thread":"EthScheduler-Workers-0","class":"PersistBlockTask","message":"Imported #885 / 0 tx / 0 om / 0 (0.0%) gas / (0xf44aa3430d7dd19b473fd9de7d3a1b6a415aa5dca841ba0c3a94d1a41f260621) in 0.001s. Peers: 5","throwable":""}
{"timestamp":"2025-09-16T15:27:15,006","container":"e8fbc2c00ac2","level":"INFO","thread":"BftProcessorExecutor-QBFT-0","class":"QbftBesuControllerBuilder","message":"Imported #885 / 0 tx / 0 pending / 0 (0.0%) gas / (0xf44aa3430d7dd19b473fd9de7d3a1b6a415aa5dca841ba0c3a94d1a41f260621)","throwable":""}
{"timestamp":"2025-09-16T15:27:23,006","container":"e8fbc2c00ac2","level":"INFO","thread":"BftProcessorExecutor-QBFT-0","class":"QbftBesuControllerBuilder","message":"Imported #886 / 0 tx / 0 pending / 0 (0.0%) gas / (0x7b9506777faa22214ceeb6494790e229f195a89295e6f3601cb76bf06973e75f)","throwable":""}
{"timestamp":"2025-09-16T15:27:31,007","container":"e8fbc2c00ac2","level":"INFO","thread":"BftProcessorExecutor-QBFT-0","class":"QbftBesuControllerBuilder","message":"Imported #887 / 0 tx / 0 pending / 0 (0.0%) gas / (0x0ced90de8adedea6b3fb092cba1b5d9c591ddfaf0e087bce0ef1c8c8a077316a)","throwable":""}
{"timestamp":"2025-09-16T15:27:39,005","container":"e8fbc2c00ac2","level":"INFO","thread":"BftProcessorExecutor-QBFT-0","class":"QbftBesuControllerBuilder","message":"Produced #888 / 0 tx / 0 pending / 0 (0.0%) gas / (0xf6bbc08f25fb998b7beed2a013aba90c1cd97cfcf042b565f6bb658eb5b6a442)","throwable":""}
{"timestamp":"2025-09-16T15:27:47,007","container":"e8fbc2c00ac2","level":"INFO","thread":"BftProcessorExecutor-QBFT-0","class":"QbftBesuControllerBuilder","message":"Imported #889 / 0 tx / 0 pending / 0 (0.0%) gas / (0x2450e414b76eadbbe78f4b65660907cb3c9076619f76a331dec7b98e1a210302)","throwable":""}
{"timestamp":"2025-09-16T15:27:55,005","container":"e8fbc2c00ac2","level":"INFO","thread":"BftProcessorExecutor-QBFT-0","class":"QbftBesuControllerBuilder","message":"Imported #890 / 0 tx / 0 pending / 0 (0.0%) gas / (0x30822fbe66b6dd03aca7bacb46217bb699b4408c806b94ce02980389ffd128f0)","throwable":""}
{"timestamp":"2025-09-16T15:28:03,005","container":"e8fbc2c00ac2","level":"INFO","thread":"BftProcessorExecutor-QBFT-0","class":"QbftBesuControllerBuilder","message":"Imported #891 / 0 tx / 0 pending / 0 (0.0%) gas / (0x2c91466c6eda354f49002bdf6a05fdf2df88d641e6fe4006fbdaf6f688a8860e)","throwable":""}
{"timestamp":"2025-09-16T15:28:11,005","container":"e8fbc2c00ac2","level":"INFO","thread":"BftProcessorExecutor-QBFT-0","class":"QbftBesuControllerBuilder","message":"Produced #892 / 0 tx / 0 pending / 0 (0.0%) gas / (0x03976df191de5cf4414ad14f99d067bc98c7ef6c3fd6f96486d9987fe42361b2)","throwable":""}
{"timestamp":"2025-09-16T15:28:19,006","container":"e8fbc2c00ac2","level":"INFO","thread":"EthScheduler-Workers-0","class":"PersistBlockTask","message":"Block 893 (0x1eb99184cba84a2f58d757903846e74c2cb5ae344c8083adce6ffaf90edeb6a7) is already imported","throwable":""}
{"timestamp":"2025-09-16T15:28:19,006","container":"e8fbc2c00ac2","level":"INFO","thread":"BftProcessorExecutor-QBFT-0","class":"QbftBesuControllerBuilder","message":"Imported #893 / 0 tx / 0 pending / 0 (0.0%) gas / (0x1eb99184cba84a2f58d757903846e74c2cb5ae344c8083adce6ffaf90edeb6a7)","throwable":""}
{"timestamp":"2025-09-16T15:28:27,007","container":"e8fbc2c00ac2","level":"INFO","thread":"EthScheduler-Workers-0","class":"PersistBlockTask","message":"Block 894 (0x9ce1ebfd5ea25de42fd46c6c54d3e9752ba98100a29fdfca039bc4d2d65e29b1) is already imported","throwable":""}
{"timestamp":"2025-09-16T15:28:27,007","container":"e8fbc2c00ac2","level":"INFO","thread":"BftProcessorExecutor-QBFT-0","class":"QbftBesuControllerBuilder","message":"Imported #894 / 0 tx / 0 pending / 0 (0.0%) gas / (0x9ce1ebfd5ea25de42fd46c6c54d3e9752ba98100a29fdfca039bc4d2d65e29b1)","throwable":""}
{"timestamp":"2025-09-16T15:28:35,007","container":"e8fbc2c00ac2","level":"INFO","thread":"EthScheduler-Workers-0","class":"PersistBlockTask","message":"Block 895 (0xef800e67f48728f3112505eeb3c7aa32f34c9c59c7c5d8bb8854b9100df44c2a) is already imported","throwable":""}
{"timestamp":"2025-09-16T15:28:35,007","container":"e8fbc2c00ac2","level":"INFO","thread":"BftProcessorExecutor-QBFT-0","class":"QbftBesuControllerBuilder","message":"Imported #895 / 0 tx / 0 pending / 0 (0.0%) gas / (0xef800e67f48728f3112505eeb3c7aa32f34c9c59c7c5d8bb8854b9100df44c2a)","throwable":""}
{"timestamp":"2025-09-16T15:28:43,005","container":"e8fbc2c00ac2","level":"INFO","thread":"BftProcessorExecutor-QBFT-0","class":"QbftBesuControllerBuilder","message":"Produced #896 / 0 tx / 0 pending / 0 (0.0%) gas / (0xa2c5bbe55a012ddd2b90b9f68a2b5e98a0e7a1fef4fcad45283c5d214fd99ea1)","throwable":""}
{"timestamp":"2025-09-16T15:28:51,006","container":"e8fbc2c00ac2","level":"INFO","thread":"BftProcessorExecutor-QBFT-0","class":"QbftBesuControllerBuilder","message":"Imported #897 / 0 tx / 0 pending / 0 (0.0%) gas / (0xd6b6d11bd0ef53888b5ecbfd41649014ef6d6980a87a7fab71d937392057c650)","throwable":""}
{"timestamp":"2025-09-16T15:28:51,006","container":"e8fbc2c00ac2","level":"INFO","thread":"EthScheduler-Workers-0","class":"PersistBlockTask","message":"Block 897 (0xd6b6d11bd0ef53888b5ecbfd41649014ef6d6980a87a7fab71d937392057c650) is already imported","throwable":""}
{"timestamp":"2025-09-16T15:28:59,006","container":"e8fbc2c00ac2","level":"INFO","thread":"EthScheduler-Workers-0","class":"PersistBlockTask","message":"Imported #898 / 0 tx / 0 om / 0 (0.0%) gas / (0xaef036dd9f52598aa9973233db501d6b782ea24b1b3bee5d3f9872926a0c3ed3) in 0.000s. Peers: 5","throwable":""}
{"timestamp":"2025-09-16T15:29:07,005","container":"e8fbc2c00ac2","level":"INFO","thread":"BftProcessorExecutor-QBFT-0","class":"QbftBesuControllerBuilder","message":"Imported #899 / 0 tx / 0 pending / 0 (0.0%) gas / (0x2d5ee5ca318bbc766b4ab721fa9d5dac572832528dfaeb82942847312ea1c44d)","throwable":""}
{"timestamp":"2025-09-16T15:29:15,005","container":"e8fbc2c00ac2","level":"INFO","thread":"BftProcessorExecutor-QBFT-0","class":"QbftBesuControllerBuilder","message":"Produced #900 / 0 tx / 0 pending / 0 (0.0%) gas / (0x812651a9db8fee33b477f3b91c0b756ce0584df0f92907128fb77e42fc4fc6c0)","throwable":""}
{"timestamp":"2025-09-16T15:29:23,007","container":"e8fbc2c00ac2","level":"INFO","thread":"BftProcessorExecutor-QBFT-0","class":"QbftBesuControllerBuilder","message":"Imported #901 / 0 tx / 0 pending / 0 (0.0%) gas / (0x89899f2a7a8329cd808ef87549b0b52f1c7c4d363001210f61e2c14a07023d88)","throwable":""}
{"timestamp":"2025-09-16T15:29:31,007","container":"e8fbc2c00ac2","level":"INFO","thread":"BftProcessorExecutor-QBFT-0","class":"QbftBesuControllerBuilder","message":"Imported #902 / 0 tx / 0 pending / 0 (0.0%) gas / (0x5c763bfc02713db6751c51cc5c555678fd8410ab7735404ae2e36bdebc43d867)","throwable":""}
{"timestamp":"2025-09-16T15:29:31,007","container":"e8fbc2c00ac2","level":"INFO","thread":"EthScheduler-Workers-0","class":"PersistBlockTask","message":"Block 902 (0x5c763bfc02713db6751c51cc5c555678fd8410ab7735404ae2e36bdebc43d867) is already imported","throwable":""}
{"timestamp":"2025-09-16T15:29:39,007","container":"e8fbc2c00ac2","level":"INFO","thread":"BftProcessorExecutor-QBFT-0","class":"QbftBesuControllerBuilder","message":"Imported #903 / 0 tx / 0 pending / 0 (0.0%) gas / (0xf4b43db8067ce31074e1ba0ad912c9c6fbb217e4ea0b2be3d55f57c31ef83101)","throwable":""}
{"timestamp":"2025-09-16T15:29:47,006","container":"e8fbc2c00ac2","level":"INFO","thread":"EthScheduler-Workers-0","class":"PersistBlockTask","message":"Block 904 (0x72a964a90479097d130f8a0cc60de28e3a13a14dd8b06c9e201d919891fc585d) is already imported","throwable":""}
{"timestamp":"2025-09-16T15:29:47,006","container":"e8fbc2c00ac2","level":"INFO","thread":"BftProcessorExecutor-QBFT-0","class":"QbftBesuControllerBuilder","message":"Produced #904 / 0 tx / 0 pending / 0 (0.0%) gas / (0x72a964a90479097d130f8a0cc60de28e3a13a14dd8b06c9e201d919891fc585d)","throwable":""}
{"timestamp":"2025-09-16T15:29:55,005","container":"e8fbc2c00ac2","level":"INFO","thread":"BftProcessorExecutor-QBFT-0","class":"QbftBesuControllerBuilder","message":"Imported #905 / 0 tx / 0 pending / 0 (0.0%) gas / (0x8e7d0e3a3ef0bd6133501b09bd0091299ff49f20fb1cf5ccba21161bd9e3c94d)","throwable":""}
{"timestamp":"2025-09-16T15:30:03,006","container":"e8fbc2c00ac2","level":"INFO","thread":"BftProcessorExecutor-QBFT-0","class":"QbftBesuControllerBuilder","message":"Imported #906 / 0 tx / 0 pending / 0 (0.0%) gas / (0xd90461727a3515b2d7a932f485369f000a00ddc45715fe66d67f670f1db402c4)","throwable":""}
{"timestamp":"2025-09-16T15:30:03,006","container":"e8fbc2c00ac2","level":"INFO","thread":"EthScheduler-Workers-0","class":"PersistBlockTask","message":"Block 906 (0xd90461727a3515b2d7a932f485369f000a00ddc45715fe66d67f670f1db402c4) is already imported","throwable":""}
{"timestamp":"2025-09-16T15:30:11,005","container":"e8fbc2c00ac2","level":"INFO","thread":"BftProcessorExecutor-QBFT-0","class":"QbftBesuControllerBuilder","message":"Imported #907 / 0 tx / 0 pending / 0 (0.0%) gas / (0x3447dc626840c77237c8d4c709dbd4209631d61c254c75af19b62a812caef801)","throwable":""}
{"timestamp":"2025-09-16T15:30:19,005","container":"e8fbc2c00ac2","level":"INFO","thread":"BftProcessorExecutor-QBFT-0","class":"QbftBesuControllerBuilder","message":"Produced #908 / 0 tx / 0 pending / 0 (0.0%) gas / (0x7f571a4b03cb67aff0355099191c7cc2d5cc85f865ad920e3ab7cf89c100686b)","throwable":""}
{"timestamp":"2025-09-16T15:30:27,005","container":"e8fbc2c00ac2","level":"INFO","thread":"BftProcessorExecutor-QBFT-0","class":"QbftBesuControllerBuilder","message":"Imported #909 / 0 tx / 0 pending / 0 (0.0%) gas / (0x5fb091d152c9ebeb06a858d12358d013e4d16ef0abde6bca870ae4a2567c74be)","throwable":""}
{"timestamp":"2025-09-16T15:30:35,006","container":"e8fbc2c00ac2","level":"INFO","thread":"EthScheduler-Workers-0","class":"PersistBlockTask","message":"Block 910 (0x3f0fad7e9deddcef6ff61a56bfed2ea19d34009a71a394588784eb4fc877578e) is already imported","throwable":""}
{"timestamp":"2025-09-16T15:30:35,006","container":"e8fbc2c00ac2","level":"INFO","thread":"BftProcessorExecutor-QBFT-0","class":"QbftBesuControllerBuilder","message":"Imported #910 / 0 tx / 0 pending / 0 (0.0%) gas / (0x3f0fad7e9deddcef6ff61a56bfed2ea19d34009a71a394588784eb4fc877578e)","throwable":""}
{"timestamp":"2025-09-16T15:30:43,005","container":"e8fbc2c00ac2","level":"INFO","thread":"BftProcessorExecutor-QBFT-0","class":"QbftBesuControllerBuilder","message":"Imported #911 / 0 tx / 0 pending / 0 (0.0%) gas / (0x2c7cdd54dd06e91ff028f7bbf6ab267aa592033bb5509aeff3a76a49bfe78247)","throwable":""}
{"timestamp":"2025-09-16T15:30:51,006","container":"e8fbc2c00ac2","level":"INFO","thread":"EthScheduler-Workers-0","class":"PersistBlockTask","message":"Block 912 (0xcd345331c6ce68329f39d63860383f3dc5e36c627853e296b45dabfdcab2bf4e) is already imported","throwable":""}
{"timestamp":"2025-09-16T15:30:51,006","container":"e8fbc2c00ac2","level":"INFO","thread":"BftProcessorExecutor-QBFT-0","class":"QbftBesuControllerBuilder","message":"Produced #912 / 0 tx / 0 pending / 0 (0.0%) gas / (0xcd345331c6ce68329f39d63860383f3dc5e36c627853e296b45dabfdcab2bf4e)","throwable":""}
{"timestamp":"2025-09-16T15:30:59,006","container":"e8fbc2c00ac2","level":"INFO","thread":"BftProcessorExecutor-QBFT-0","class":"QbftBesuControllerBuilder","message":"Imported #913 / 0 tx / 0 pending / 0 (0.0%) gas / (0x3e061011b7e272920a6294feca4708d544d61f66c1f70e266f690c947811c018)","throwable":""}
{"timestamp":"2025-09-16T15:31:07,005","container":"e8fbc2c00ac2","level":"INFO","thread":"BftProcessorExecutor-QBFT-0","class":"QbftBesuControllerBuilder","message":"Imported #914 / 0 tx / 0 pending / 0 (0.0%) gas / (0x8bbc1b7b940ccc91006f55e455e240d5f842a561c2cc595305b06c26c9d72b1a)","throwable":""}
{"timestamp":"2025-09-16T15:31:15,007","container":"e8fbc2c00ac2","level":"INFO","thread":"BftProcessorExecutor-QBFT-0","class":"QbftBesuControllerBuilder","message":"Imported #915 / 0 tx / 0 pending / 0 (0.0%) gas / (0x3edebf88b98758b511ba77a3d32b715d8d6b10337bfd8a4984a6e4cfb2b74503)","throwable":""}
{"timestamp":"2025-09-16T15:31:15,007","container":"e8fbc2c00ac2","level":"INFO","thread":"EthScheduler-Workers-0","class":"PersistBlockTask","message":"Block 915 (0x3edebf88b98758b511ba77a3d32b715d8d6b10337bfd8a4984a6e4cfb2b74503) is already imported","throwable":""}
{"timestamp":"2025-09-16T15:31:23,005","container":"e8fbc2c00ac2","level":"INFO","thread":"BftProcessorExecutor-QBFT-0","class":"QbftBesuControllerBuilder","message":"Produced #916 / 0 tx / 0 pending / 0 (0.0%) gas / (0x05ab8e5779acd6ade37ab76d586a6fa36aa902941fcf78be5d1595b11e6ef6a4)","throwable":""}
{"timestamp":"2025-09-16T15:31:31,006","container":"e8fbc2c00ac2","level":"INFO","thread":"BftProcessorExecutor-QBFT-0","class":"QbftBesuControllerBuilder","message":"Imported #917 / 0 tx / 0 pending / 0 (0.0%) gas / (0x83c0df1d5625d3e3fdee008644f16be66738a8ff440b009929bd8e529cbb633d)","throwable":""}
{"timestamp":"2025-09-16T15:31:39,005","container":"e8fbc2c00ac2","level":"INFO","thread":"BftProcessorExecutor-QBFT-0","class":"QbftBesuControllerBuilder","message":"Imported #918 / 0 tx / 0 pending / 0 (0.0%) gas / (0x0b82c0767d7055e843ee544978f0e96923e0b3724646539043bbaa48136f49eb)","throwable":""}
{"timestamp":"2025-09-16T15:31:47,005","container":"e8fbc2c00ac2","level":"INFO","thread":"BftProcessorExecutor-QBFT-0","class":"QbftBesuControllerBuilder","message":"Imported #919 / 0 tx / 0 pending / 0 (0.0%) gas / (0xdcc6cedc2375f836d489db0d75b773b41d5f75c44f626beb13e5b524f7fbe13d)","throwable":""}
{"timestamp":"2025-09-16T15:31:55,004","container":"e8fbc2c00ac2","level":"INFO","thread":"BftProcessorExecutor-QBFT-0","class":"QbftBesuControllerBuilder","message":"Produced #920 / 0 tx / 0 pending / 0 (0.0%) gas / (0x079c50680d2c985764afac77d92ea815723c6f6a007314254e4f14d7cb196e2a)","throwable":""}
{"timestamp":"2025-09-16T15:32:03,005","container":"e8fbc2c00ac2","level":"INFO","thread":"BftProcessorExecutor-QBFT-0","class":"QbftBesuControllerBuilder","message":"Imported #921 / 0 tx / 0 pending / 0 (0.0%) gas / (0xb04a9a18de8b6030eff90c130e2e26bd805c020fe89f8ebd425eec8d848ea228)","throwable":""}
{"timestamp":"2025-09-16T15:32:11,005","container":"e8fbc2c00ac2","level":"INFO","thread":"BftProcessorExecutor-QBFT-0","class":"QbftBesuControllerBuilder","message":"Imported #922 / 0 tx / 0 pending / 0 (0.0%) gas / (0x0ef613125c980e4508de32cf8741a52bcc80ae3ba94459b6a3ec4da22a813378)","throwable":""}
{"timestamp":"2025-09-16T15:32:19,005","container":"e8fbc2c00ac2","level":"INFO","thread":"BftProcessorExecutor-QBFT-0","class":"QbftBesuControllerBuilder","message":"Imported #923 / 0 tx / 0 pending / 0 (0.0%) gas / (0xdba55b3f6118beeaee5cd6ac3713e5461af0d762508e587b3f340d07b73d83d4)","throwable":""}
{"timestamp":"2025-09-16T15:32:27,006","container":"e8fbc2c00ac2","level":"INFO","thread":"BftProcessorExecutor-QBFT-0","class":"QbftBesuControllerBuilder","message":"Produced #924 / 0 tx / 0 pending / 0 (0.0%) gas / (0x2fedb1fc1edd9151ba058b03f4311082a62e537aede2b6db02425d7501d4f694)","throwable":""}
{"timestamp":"2025-09-16T15:32:35,006","container":"e8fbc2c00ac2","level":"INFO","thread":"BftProcessorExecutor-QBFT-0","class":"QbftBesuControllerBuilder","message":"Imported #925 / 0 tx / 0 pending / 0 (0.0%) gas / (0x212ce205c330aead408e1d961659b1aa4eca33e3a7e0f1caaf37c476434d62c3)","throwable":""}
{"timestamp":"2025-09-16T15:32:43,006","container":"e8fbc2c00ac2","level":"INFO","thread":"BftProcessorExecutor-QBFT-0","class":"QbftBesuControllerBuilder","message":"Imported #926 / 0 tx / 0 pending / 0 (0.0%) gas / (0x5abdcc6606acc8c45e8f1a2ab636e1dedac31c832376869bace81f7b07278729)","throwable":""}
{"timestamp":"2025-09-16T15:32:43,006","container":"e8fbc2c00ac2","level":"INFO","thread":"EthScheduler-Workers-0","class":"PersistBlockTask","message":"Block 926 (0x5abdcc6606acc8c45e8f1a2ab636e1dedac31c832376869bace81f7b07278729) is already imported","throwable":""}
{"timestamp":"2025-09-16T15:32:51,007","container":"e8fbc2c00ac2","level":"INFO","thread":"BftProcessorExecutor-QBFT-0","class":"QbftBesuControllerBuilder","message":"Imported #927 / 0 tx / 0 pending / 0 (0.0%) gas / (0x943d273598913c2ed13d984433ba19a4a423afa5965252b99062022b34090ec1)","throwable":""}
{"timestamp":"2025-09-16T15:32:59,006","container":"e8fbc2c00ac2","level":"INFO","thread":"BftProcessorExecutor-QBFT-0","class":"QbftBesuControllerBuilder","message":"Produced #928 / 0 tx / 0 pending / 0 (0.0%) gas / (0x60abecf82b31fd458aea0a65748b02e405b8d339f21196d2c56ae3764bad6e9f)","throwable":""}
{"timestamp":"2025-09-16T15:32:59,006","container":"e8fbc2c00ac2","level":"INFO","thread":"EthScheduler-Workers-0","class":"PersistBlockTask","message":"Block 928 (0x60abecf82b31fd458aea0a65748b02e405b8d339f21196d2c56ae3764bad6e9f) is already imported","throwable":""}
{"timestamp":"2025-09-16T15:33:07,005","container":"e8fbc2c00ac2","level":"INFO","thread":"BftProcessorExecutor-QBFT-0","class":"QbftBesuControllerBuilder","message":"Imported #929 / 0 tx / 0 pending / 0 (0.0%) gas / (0xe29e49543264fddab8557767ef2c584dc42d0ae12ac0ad83c44de8249ef57573)","throwable":""}
{"timestamp":"2025-09-16T15:33:15,005","container":"e8fbc2c00ac2","level":"INFO","thread":"BftProcessorExecutor-QBFT-0","class":"QbftBesuControllerBuilder","message":"Imported #930 / 0 tx / 0 pending / 0 (0.0%) gas / (0x8cbb2cf90f82114d69e7c0e3b117b7f7589cc12de10917f3e00fad7073b68225)","throwable":""}
{"timestamp":"2025-09-16T15:33:23,004","container":"e8fbc2c00ac2","level":"INFO","thread":"BftProcessorExecutor-QBFT-0","class":"QbftBesuControllerBuilder","message":"Imported #931 / 0 tx / 0 pending / 0 (0.0%) gas / (0xbfd9cce8ad454cdebdb31aff6e942d0c4f3aa92d99126a8c6e7e419f234db2b1)","throwable":""}
{"timestamp":"2025-09-16T15:33:31,005","container":"e8fbc2c00ac2","level":"INFO","thread":"BftProcessorExecutor-QBFT-0","class":"QbftBesuControllerBuilder","message":"Produced #932 / 0 tx / 0 pending / 0 (0.0%) gas / (0xc1d2b5727a537af4cd6ad170ffeedc897f597899bdc3e737c90769104da6f1c0)","throwable":""}
{"timestamp":"2025-09-16T15:33:39,006","container":"e8fbc2c00ac2","level":"INFO","thread":"BftProcessorExecutor-QBFT-0","class":"QbftBesuControllerBuilder","message":"Imported #933 / 0 tx / 0 pending / 0 (0.0%) gas / (0x9003b72db3f48125f31f06e371ad8f4057e5795907418f4a44a8b6c3a789a017)","throwable":""}
{"timestamp":"2025-09-16T15:33:39,007","container":"e8fbc2c00ac2","level":"INFO","thread":"EthScheduler-Workers-0","class":"PersistBlockTask","message":"Block 933 (0x9003b72db3f48125f31f06e371ad8f4057e5795907418f4a44a8b6c3a789a017) is already imported","throwable":""}
{"timestamp":"2025-09-16T15:33:47,006","container":"e8fbc2c00ac2","level":"INFO","thread":"BftProcessorExecutor-QBFT-0","class":"QbftBesuControllerBuilder","message":"Imported #934 / 0 tx / 0 pending / 0 (0.0%) gas / (0xb15c581676130f3a09ad6c216428c3163029cd65444e9ac8bea864f76efd020e)","throwable":""}
{"timestamp":"2025-09-16T15:33:55,005","container":"e8fbc2c00ac2","level":"INFO","thread":"BftProcessorExecutor-QBFT-0","class":"QbftBesuControllerBuilder","message":"Imported #935 / 0 tx / 0 pending / 0 (0.0%) gas / (0x9b1fb397fdd9180021489e49ff66575e74987b1f618ea462a1e0ca1b30d45bf5)","throwable":""}
{"timestamp":"2025-09-16T15:34:03,007","container":"e8fbc2c00ac2","level":"INFO","thread":"EthScheduler-Workers-0","class":"PersistBlockTask","message":"Block 936 (0xf0b8ad16e599ea24836ca627cc2678f826da460e771995903d10506bad018464) is already imported","throwable":""}
{"timestamp":"2025-09-16T15:34:03,007","container":"e8fbc2c00ac2","level":"INFO","thread":"BftProcessorExecutor-QBFT-0","class":"QbftBesuControllerBuilder","message":"Produced #936 / 0 tx / 0 pending / 0 (0.0%) gas / (0xf0b8ad16e599ea24836ca627cc2678f826da460e771995903d10506bad018464)","throwable":""}
{"timestamp":"2025-09-16T15:34:11,007","container":"e8fbc2c00ac2","level":"INFO","thread":"BftProcessorExecutor-QBFT-0","class":"QbftBesuControllerBuilder","message":"Imported #937 / 0 tx / 0 pending / 0 (0.0%) gas / (0x3939dea56516ad492f767cbe13acc5b48be93bf6f957847c822225ba45e7eb26)","throwable":""}
{"timestamp":"2025-09-16T15:34:11,007","container":"e8fbc2c00ac2","level":"INFO","thread":"EthScheduler-Workers-0","class":"PersistBlockTask","message":"Block 937 (0x3939dea56516ad492f767cbe13acc5b48be93bf6f957847c822225ba45e7eb26) is already imported","throwable":""}
{"timestamp":"2025-09-16T15:34:19,007","container":"e8fbc2c00ac2","level":"INFO","thread":"BftProcessorExecutor-QBFT-0","class":"QbftBesuControllerBuilder","message":"Imported #938 / 0 tx / 0 pending / 0 (0.0%) gas / (0x22e0e6db95bcca73887813d9655066b47608098dd079f3eef357a509a06f1759)","throwable":""}
{"timestamp":"2025-09-16T15:34:19,007","container":"e8fbc2c00ac2","level":"INFO","thread":"EthScheduler-Workers-0","class":"PersistBlockTask","message":"Block 938 (0x22e0e6db95bcca73887813d9655066b47608098dd079f3eef357a509a06f1759) is already imported","throwable":""}
{"timestamp":"2025-09-16T15:34:27,005","container":"e8fbc2c00ac2","level":"INFO","thread":"BftProcessorExecutor-QBFT-0","class":"QbftBesuControllerBuilder","message":"Imported #939 / 0 tx / 0 pending / 0 (0.0%) gas / (0x32d48988db140a2ac7cb8384330183163bef7d33ebab5d6f70c9843e547941c4)","throwable":""}
{"timestamp":"2025-09-16T15:34:35,007","container":"e8fbc2c00ac2","level":"INFO","thread":"EthScheduler-Workers-0","class":"PersistBlockTask","message":"Block 940 (0xd73408c6631bf927c86368c8da02e87208fe79250ef13fab7566a22d3368ea76) is already imported","throwable":""}
{"timestamp":"2025-09-16T15:34:35,007","container":"e8fbc2c00ac2","level":"INFO","thread":"BftProcessorExecutor-QBFT-0","class":"QbftBesuControllerBuilder","message":"Produced #940 / 0 tx / 0 pending / 0 (0.0%) gas / (0xd73408c6631bf927c86368c8da02e87208fe79250ef13fab7566a22d3368ea76)","throwable":""}
{"timestamp":"2025-09-16T15:34:43,005","container":"e8fbc2c00ac2","level":"INFO","thread":"BftProcessorExecutor-QBFT-0","class":"QbftBesuControllerBuilder","message":"Imported #941 / 0 tx / 0 pending / 0 (0.0%) gas / (0xcfbf42f9026f0f1c01723459c4cd09ce0b4d3571a4aa8eb596d7518479781602)","throwable":""}
{"timestamp":"2025-09-16T15:34:51,009","container":"e8fbc2c00ac2","level":"INFO","thread":"EthScheduler-Workers-0","class":"PersistBlockTask","message":"Block 942 (0x4a0d69aae1692caca37ac8e9da7440023294fa53e8bf30a323fc09f301ed7555) is already imported","throwable":""}
{"timestamp":"2025-09-16T15:34:51,009","container":"e8fbc2c00ac2","level":"INFO","thread":"BftProcessorExecutor-QBFT-0","class":"QbftBesuControllerBuilder","message":"Imported #942 / 0 tx / 0 pending / 0 (0.0%) gas / (0x4a0d69aae1692caca37ac8e9da7440023294fa53e8bf30a323fc09f301ed7555)","throwable":""}
{"timestamp":"2025-09-16T15:34:59,005","container":"e8fbc2c00ac2","level":"INFO","thread":"BftProcessorExecutor-QBFT-0","class":"QbftBesuControllerBuilder","message":"Imported #943 / 0 tx / 0 pending / 0 (0.0%) gas / (0xce5532aaaddc8aed4cf5ab5cf2be1e3bff8244b4aad4c3a79208996f31e8d466)","throwable":""}
{"timestamp":"2025-09-16T15:34:59,005","container":"e8fbc2c00ac2","level":"INFO","thread":"EthScheduler-Workers-0","class":"PersistBlockTask","message":"Block 943 (0xce5532aaaddc8aed4cf5ab5cf2be1e3bff8244b4aad4c3a79208996f31e8d466) is already imported","throwable":""}
{"timestamp":"2025-09-16T15:35:07,008","container":"e8fbc2c00ac2","level":"INFO","thread":"BftProcessorExecutor-QBFT-0","class":"QbftBesuControllerBuilder","message":"Produced #944 / 0 tx / 0 pending / 0 (0.0%) gas / (0x3785657d948be062defbb63e408f6e65473ad1a90b27b4bcd5d7973a4aa7ad7b)","throwable":""}
{"timestamp":"2025-09-16T15:35:15,006","container":"e8fbc2c00ac2","level":"INFO","thread":"BftProcessorExecutor-QBFT-0","class":"QbftBesuControllerBuilder","message":"Imported #945 / 0 tx / 0 pending / 0 (0.0%) gas / (0x37c7ca0363191bcc45014ee163ed2f97d46a92f3949c240a1dc65ee357777752)","throwable":""}
{"timestamp":"2025-09-16T15:35:23,005","container":"e8fbc2c00ac2","level":"INFO","thread":"BftProcessorExecutor-QBFT-0","class":"QbftBesuControllerBuilder","message":"Imported #946 / 0 tx / 0 pending / 0 (0.0%) gas / (0x6dde5d0c6165e73969436185371d31aa60dc3a0b73fcc416169702869b51ce16)","throwable":""}
{"timestamp":"2025-09-16T15:35:31,006","container":"e8fbc2c00ac2","level":"INFO","thread":"BftProcessorExecutor-QBFT-0","class":"QbftBesuControllerBuilder","message":"Imported #947 / 0 tx / 0 pending / 0 (0.0%) gas / (0xc4c227a9d351b728e24077d577f9f3d7cef53a288650cb46921faabe3d0f3a62)","throwable":""}
{"timestamp":"2025-09-16T15:35:39,005","container":"e8fbc2c00ac2","level":"INFO","thread":"BftProcessorExecutor-QBFT-0","class":"QbftBesuControllerBuilder","message":"Produced #948 / 0 tx / 0 pending / 0 (0.0%) gas / (0x9c20fe8ad0aef79d9c8994e0dbd0cb611f95aa3b70ef1bf9d5f677804418b5de)","throwable":""}
{"timestamp":"2025-09-16T15:35:47,005","container":"e8fbc2c00ac2","level":"INFO","thread":"BftProcessorExecutor-QBFT-0","class":"QbftBesuControllerBuilder","message":"Imported #949 / 0 tx / 0 pending / 0 (0.0%) gas / (0xb5636dfa9d25937232a6aa55828285b8c15d29a75ee5d1ca531e6efe4598c197)","throwable":""}
{"timestamp":"2025-09-16T15:35:47,005","container":"e8fbc2c00ac2","level":"INFO","thread":"EthScheduler-Workers-0","class":"PersistBlockTask","message":"Block 949 (0xb5636dfa9d25937232a6aa55828285b8c15d29a75ee5d1ca531e6efe4598c197) is already imported","throwable":""}
{"timestamp":"2025-09-16T15:35:55,004","container":"e8fbc2c00ac2","level":"INFO","thread":"BftProcessorExecutor-QBFT-0","class":"QbftBesuControllerBuilder","message":"Imported #950 / 0 tx / 0 pending / 0 (0.0%) gas / (0x46b2e7edcfdfb250c25d66d2ece1755cfa4df6bd2f666110d1e66890c5fa5e63)","throwable":""}
{"timestamp":"2025-09-16T15:36:03,006","container":"e8fbc2c00ac2","level":"INFO","thread":"EthScheduler-Workers-0","class":"PersistBlockTask","message":"Block 951 (0x2d6d53b263931783bef63fff99c0fcb6fbfb7dcef3f7b17b22bdb8aa5dc26d18) is already imported","throwable":""}
{"timestamp":"2025-09-16T15:36:03,006","container":"e8fbc2c00ac2","level":"INFO","thread":"BftProcessorExecutor-QBFT-0","class":"QbftBesuControllerBuilder","message":"Imported #951 / 0 tx / 0 pending / 0 (0.0%) gas / (0x2d6d53b263931783bef63fff99c0fcb6fbfb7dcef3f7b17b22bdb8aa5dc26d18)","throwable":""}
{"timestamp":"2025-09-16T15:36:11,007","container":"e8fbc2c00ac2","level":"INFO","thread":"BftProcessorExecutor-QBFT-0","class":"QbftBesuControllerBuilder","message":"Produced #952 / 0 tx / 0 pending / 0 (0.0%) gas / (0x8e93976d7c423e953085d8b7744be4cb5b5352015dae25c6c5d9b0682176071f)","throwable":""}
{"timestamp":"2025-09-16T15:36:19,005","container":"e8fbc2c00ac2","level":"INFO","thread":"BftProcessorExecutor-QBFT-0","class":"QbftBesuControllerBuilder","message":"Imported #953 / 0 tx / 0 pending / 0 (0.0%) gas / (0x2c1d05dd4ede3743f1b7220f045af3c40e72a73e13b45fca07a0b894f6b60586)","throwable":""}
{"timestamp":"2025-09-16T15:36:19,005","container":"e8fbc2c00ac2","level":"INFO","thread":"EthScheduler-Workers-0","class":"PersistBlockTask","message":"Block 953 (0x2c1d05dd4ede3743f1b7220f045af3c40e72a73e13b45fca07a0b894f6b60586) is already imported","throwable":""}
{"timestamp":"2025-09-16T15:36:27,005","container":"e8fbc2c00ac2","level":"INFO","thread":"BftProcessorExecutor-QBFT-0","class":"QbftBesuControllerBuilder","message":"Imported #954 / 0 tx / 0 pending / 0 (0.0%) gas / (0xb4b0c7579dff32c1254e0da89017731e4f04c920c5d43b62aebf7564a8e110bf)","throwable":""}
{"timestamp":"2025-09-16T15:36:35,006","container":"e8fbc2c00ac2","level":"INFO","thread":"BftProcessorExecutor-QBFT-0","class":"QbftBesuControllerBuilder","message":"Imported #955 / 0 tx / 0 pending / 0 (0.0%) gas / (0x09bc8a51661b56685d01b7859be2f560cbacd0a3a67ee51a17db05692282b98f)","throwable":""}
{"timestamp":"2025-09-16T15:36:43,006","container":"e8fbc2c00ac2","level":"INFO","thread":"BftProcessorExecutor-QBFT-0","class":"QbftBesuControllerBuilder","message":"Produced #956 / 0 tx / 0 pending / 0 (0.0%) gas / (0x64df9b79a7d26162614cc838174f504f1907b03035106bfc271826c377e158d3)","throwable":""}
{"timestamp":"2025-09-16T15:36:51,006","container":"e8fbc2c00ac2","level":"INFO","thread":"BftProcessorExecutor-QBFT-0","class":"QbftBesuControllerBuilder","message":"Imported #957 / 0 tx / 0 pending / 0 (0.0%) gas / (0x3b6205bcea7568aaf75a4a3465c0a3dfd99c8394057b2e68c29233e66838c819)","throwable":""}
{"timestamp":"2025-09-16T15:36:59,005","container":"e8fbc2c00ac2","level":"INFO","thread":"BftProcessorExecutor-QBFT-0","class":"QbftBesuControllerBuilder","message":"Imported #958 / 0 tx / 0 pending / 0 (0.0%) gas / (0xc1172139b1063d1a6e2ec58be46e051805fa2c291879dfd4c894dcacfcbcc4e4)","throwable":""}
{"timestamp":"2025-09-16T15:37:07,006","container":"e8fbc2c00ac2","level":"INFO","thread":"BftProcessorExecutor-QBFT-0","class":"QbftBesuControllerBuilder","message":"Imported #959 / 0 tx / 0 pending / 0 (0.0%) gas / (0x2697f6ab52aa85567072434961f23da9cd5ad1a1eb3566b0e8fb5e81855195e9)","throwable":""}
{"timestamp":"2025-09-16T15:37:07,006","container":"e8fbc2c00ac2","level":"INFO","thread":"EthScheduler-Workers-0","class":"PersistBlockTask","message":"Block 959 (0x2697f6ab52aa85567072434961f23da9cd5ad1a1eb3566b0e8fb5e81855195e9) is already imported","throwable":""}
{"timestamp":"2025-09-16T15:37:15,005","container":"e8fbc2c00ac2","level":"INFO","thread":"BftProcessorExecutor-QBFT-0","class":"QbftBesuControllerBuilder","message":"Produced #960 / 0 tx / 0 pending / 0 (0.0%) gas / (0x10f659cdcaddfc8131e7e96eaaf901f90faf7aba59b6051282268a049da8b83e)","throwable":""}
{"timestamp":"2025-09-16T15:37:23,005","container":"e8fbc2c00ac2","level":"INFO","thread":"BftProcessorExecutor-QBFT-0","class":"QbftBesuControllerBuilder","message":"Imported #961 / 0 tx / 0 pending / 0 (0.0%) gas / (0x4aa3bab377f177595cb511ad9b8c72f8e993b158a3d2e8fdb8e50d5dffbfe92c)","throwable":""}
{"timestamp":"2025-09-16T15:37:31,006","container":"e8fbc2c00ac2","level":"INFO","thread":"BftProcessorExecutor-QBFT-0","class":"QbftBesuControllerBuilder","message":"Imported #962 / 0 tx / 0 pending / 0 (0.0%) gas / (0x475f935377c0e98c7c2ec39373635edcba932e8b2b2586217c7d2d25b3dba928)","throwable":""}
{"timestamp":"2025-09-16T15:37:39,008","container":"e8fbc2c00ac2","level":"INFO","thread":"BftProcessorExecutor-QBFT-0","class":"QbftBesuControllerBuilder","message":"Imported #963 / 0 tx / 0 pending / 0 (0.0%) gas / (0xa6cb66f07cc6ac01ae11a658890f27b02a6ebfe314337235b68c0dc453a9f3b7)","throwable":""}
{"timestamp":"2025-09-16T15:37:47,005","container":"e8fbc2c00ac2","level":"INFO","thread":"BftProcessorExecutor-QBFT-0","class":"QbftBesuControllerBuilder","message":"Produced #964 / 0 tx / 0 pending / 0 (0.0%) gas / (0x14a2074719faaf7490bbdada791a858d6530aca4551ae17a0113cc6b5cc195a9)","throwable":""}
{"timestamp":"2025-09-16T15:37:55,004","container":"e8fbc2c00ac2","level":"INFO","thread":"BftProcessorExecutor-QBFT-0","class":"QbftBesuControllerBuilder","message":"Imported #965 / 0 tx / 0 pending / 0 (0.0%) gas / (0x02546977ec1716751189aa922cdcdaef043277c20a8322396a0524339bbd566a)","throwable":""}
{"timestamp":"2025-09-16T15:38:03,006","container":"e8fbc2c00ac2","level":"INFO","thread":"BftProcessorExecutor-QBFT-0","class":"QbftBesuControllerBuilder","message":"Imported #966 / 0 tx / 0 pending / 0 (0.0%) gas / (0xfbdb549c29f37c8a912f8563b616b4b7915b17916d61ee3697e4b2d76aa29894)","throwable":""}
{"timestamp":"2025-09-16T15:38:11,006","container":"e8fbc2c00ac2","level":"INFO","thread":"EthScheduler-Workers-0","class":"PersistBlockTask","message":"Imported #967 / 0 tx / 0 om / 0 (0.0%) gas / (0x576d0e302a7559337f824e39b08058202d6b7a3e079ea62c10711c7188c7c717) in 0.001s. Peers: 5","throwable":""}
{"timestamp":"2025-09-16T15:38:19,005","container":"e8fbc2c00ac2","level":"INFO","thread":"BftProcessorExecutor-QBFT-0","class":"QbftBesuControllerBuilder","message":"Produced #968 / 0 tx / 0 pending / 0 (0.0%) gas / (0xe1bdb6d13eb9ee1993b5575fe50406269351307a3f2554fb6554dc1d1f3e872a)","throwable":""}
{"timestamp":"2025-09-16T15:38:27,009","container":"e8fbc2c00ac2","level":"INFO","thread":"BftProcessorExecutor-QBFT-0","class":"QbftBesuControllerBuilder","message":"Imported #969 / 0 tx / 0 pending / 0 (0.0%) gas / (0x359816ec6fc604a802151d2f17749318df8f08af61bc9ff7aa16d119bff1b55a)","throwable":""}
{"timestamp":"2025-09-16T15:38:35,005","container":"e8fbc2c00ac2","level":"INFO","thread":"BftProcessorExecutor-QBFT-0","class":"QbftBesuControllerBuilder","message":"Imported #970 / 0 tx / 0 pending / 0 (0.0%) gas / (0x784fd5ee64c40164b403f9580a9daac654152619c821dece65be8f89595b887f)","throwable":""}
{"timestamp":"2025-09-16T15:38:43,005","container":"e8fbc2c00ac2","level":"INFO","thread":"BftProcessorExecutor-QBFT-0","class":"QbftBesuControllerBuilder","message":"Imported #971 / 0 tx / 0 pending / 0 (0.0%) gas / (0x6bd4806914bfbcf8bcd497e2443173a19d9570809c991b5afa682a54382af686)","throwable":""}
{"timestamp":"2025-09-16T15:38:43,005","container":"e8fbc2c00ac2","level":"INFO","thread":"EthScheduler-Workers-0","class":"PersistBlockTask","message":"Block 971 (0x6bd4806914bfbcf8bcd497e2443173a19d9570809c991b5afa682a54382af686) is already imported","throwable":""}
{"timestamp":"2025-09-16T15:38:51,005","container":"e8fbc2c00ac2","level":"INFO","thread":"BftProcessorExecutor-QBFT-0","class":"QbftBesuControllerBuilder","message":"Produced #972 / 0 tx / 0 pending / 0 (0.0%) gas / (0x1c3b02305b5423e9a53249a38b8afff1d3393be380118ae0a1826b1a2ba543a3)","throwable":""}
{"timestamp":"2025-09-16T15:38:59,005","container":"e8fbc2c00ac2","level":"INFO","thread":"BftProcessorExecutor-QBFT-0","class":"QbftBesuControllerBuilder","message":"Imported #973 / 0 tx / 0 pending / 0 (0.0%) gas / (0x755d0500792621c27e937b4a5479ab8caf6e2dbd5f59fb8aa9a67b842089e76a)","throwable":""}
{"timestamp":"2025-09-16T15:39:07,008","container":"e8fbc2c00ac2","level":"INFO","thread":"EthScheduler-Workers-0","class":"PersistBlockTask","message":"Block 974 (0x3f12d4d300e64c37ce686db5e70e9625657e66a828ab4d3dac37b59ca07973b8) is already imported","throwable":""}
{"timestamp":"2025-09-16T15:39:07,008","container":"e8fbc2c00ac2","level":"INFO","thread":"BftProcessorExecutor-QBFT-0","class":"QbftBesuControllerBuilder","message":"Imported #974 / 0 tx / 0 pending / 0 (0.0%) gas / (0x3f12d4d300e64c37ce686db5e70e9625657e66a828ab4d3dac37b59ca07973b8)","throwable":""}
{"timestamp":"2025-09-16T15:39:15,005","container":"e8fbc2c00ac2","level":"INFO","thread":"BftProcessorExecutor-QBFT-0","class":"QbftBesuControllerBuilder","message":"Imported #975 / 0 tx / 0 pending / 0 (0.0%) gas / (0xce5592ffe1dd338b05b8013add26f02c8d571dffc636cb57dc2bfe81cb913887)","throwable":""}
{"timestamp":"2025-09-16T15:39:23,006","container":"e8fbc2c00ac2","level":"INFO","thread":"BftProcessorExecutor-QBFT-0","class":"QbftBesuControllerBuilder","message":"Produced #976 / 0 tx / 0 pending / 0 (0.0%) gas / (0xd106611a94633739a83746ceb5acda89feff74d93b97d076c821a0b7520f30e4)","throwable":""}
{"timestamp":"2025-09-16T15:39:31,010","container":"e8fbc2c00ac2","level":"INFO","thread":"BftProcessorExecutor-QBFT-0","class":"QbftBesuControllerBuilder","message":"Imported #977 / 0 tx / 0 pending / 0 (0.0%) gas / (0x72410c9b92da530e4c29445d1ff577515c65cdfbc2474687e6c38617fcf91c8e)","throwable":""}
{"timestamp":"2025-09-16T15:39:39,006","container":"e8fbc2c00ac2","level":"INFO","thread":"BftProcessorExecutor-QBFT-0","class":"QbftBesuControllerBuilder","message":"Imported #978 / 0 tx / 0 pending / 0 (0.0%) gas / (0xd819fbc8ed2ee0c9bc0f972c3237459f454a54568f382e77e967989cbc64a48b)","throwable":""}
{"timestamp":"2025-09-16T15:39:47,006","container":"e8fbc2c00ac2","level":"INFO","thread":"EthScheduler-Workers-0","class":"PersistBlockTask","message":"Block 979 (0x86a85775840acfbc32407c698dc0da910fc2d31175bbe806e261ad1a5c7ca818) is already imported","throwable":""}
{"timestamp":"2025-09-16T15:39:47,007","container":"e8fbc2c00ac2","level":"INFO","thread":"BftProcessorExecutor-QBFT-0","class":"QbftBesuControllerBuilder","message":"Imported #979 / 0 tx / 0 pending / 0 (0.0%) gas / (0x86a85775840acfbc32407c698dc0da910fc2d31175bbe806e261ad1a5c7ca818)","throwable":""}
{"timestamp":"2025-09-16T15:39:55,005","container":"e8fbc2c00ac2","level":"INFO","thread":"BftProcessorExecutor-QBFT-0","class":"QbftBesuControllerBuilder","message":"Produced #980 / 0 tx / 0 pending / 0 (0.0%) gas / (0xc3b06612e916da908a03a409d507e903dfa3d9f1cf70f505becd5afcbb98db8a)","throwable":""}
{"timestamp":"2025-09-16T15:40:03,006","container":"e8fbc2c00ac2","level":"INFO","thread":"BftProcessorExecutor-QBFT-0","class":"QbftBesuControllerBuilder","message":"Imported #981 / 0 tx / 0 pending / 0 (0.0%) gas / (0x3f897ad865a2d2981a3f7a65e6fd2ef3303886de37fc32f571801887fbdb9115)","throwable":""}
{"timestamp":"2025-09-16T15:40:11,007","container":"e8fbc2c00ac2","level":"INFO","thread":"BftProcessorExecutor-QBFT-0","class":"QbftBesuControllerBuilder","message":"Imported #982 / 0 tx / 0 pending / 0 (0.0%) gas / (0x9e58d2619022a0b60046dc26fead0d2d8e5eaea699adca198d3865f2f817d467)","throwable":""}
{"timestamp":"2025-09-16T15:40:11,007","container":"e8fbc2c00ac2","level":"INFO","thread":"EthScheduler-Workers-0","class":"PersistBlockTask","message":"Block 982 (0x9e58d2619022a0b60046dc26fead0d2d8e5eaea699adca198d3865f2f817d467) is already imported","throwable":""}
{"timestamp":"2025-09-16T15:40:19,004","container":"e8fbc2c00ac2","level":"INFO","thread":"BftProcessorExecutor-QBFT-0","class":"QbftBesuControllerBuilder","message":"Imported #983 / 0 tx / 0 pending / 0 (0.0%) gas / (0x1d27ad75cda792ac9c4be2133a0a22c2644a00dce27055e4db2b9c31aa588c01)","throwable":""}
{"timestamp":"2025-09-16T15:40:27,005","container":"e8fbc2c00ac2","level":"INFO","thread":"BftProcessorExecutor-QBFT-0","class":"QbftBesuControllerBuilder","message":"Produced #984 / 0 tx / 0 pending / 0 (0.0%) gas / (0x1926999e27fa7ec44bc0bfbc061103b1bb73fcd73e5553dc76fc5e9b2cd0925b)","throwable":""}
{"timestamp":"2025-09-16T15:40:35,006","container":"e8fbc2c00ac2","level":"INFO","thread":"BftProcessorExecutor-QBFT-0","class":"QbftBesuControllerBuilder","message":"Imported #985 / 0 tx / 0 pending / 0 (0.0%) gas / (0xfa69c6ca4991e299ec6003a27e97b24e53b87c4ef56ccc794feb33808fc6325b)","throwable":""}
{"timestamp":"2025-09-16T15:40:43,007","container":"e8fbc2c00ac2","level":"INFO","thread":"BftProcessorExecutor-QBFT-0","class":"QbftBesuControllerBuilder","message":"Imported #986 / 0 tx / 0 pending / 0 (0.0%) gas / (0x307e3f84ee5613d355e21f62735a34f47754548b32c1af19c2fd975979db4775)","throwable":""}
{"timestamp":"2025-09-16T15:40:51,006","container":"e8fbc2c00ac2","level":"INFO","thread":"BftProcessorExecutor-QBFT-0","class":"QbftBesuControllerBuilder","message":"Imported #987 / 0 tx / 0 pending / 0 (0.0%) gas / (0xfd8e0fe5a9ed2379efca3d76a37854744fc2f262bb6745d960578ebab3cca58d)","throwable":""}
{"timestamp":"2025-09-16T15:40:59,004","container":"e8fbc2c00ac2","level":"INFO","thread":"BftProcessorExecutor-QBFT-0","class":"QbftBesuControllerBuilder","message":"Produced #988 / 0 tx / 0 pending / 0 (0.0%) gas / (0x430d1f0a2d34d2a9f161a519fbec6b7150110efca662bc916390e84e575b3276)","throwable":""}
{"timestamp":"2025-09-16T15:41:07,004","container":"e8fbc2c00ac2","level":"INFO","thread":"BftProcessorExecutor-QBFT-0","class":"QbftBesuControllerBuilder","message":"Imported #989 / 0 tx / 0 pending / 0 (0.0%) gas / (0x3e45808cfc365c48a7eed11a17033c8f2cedb11f412748207b18b24be85c7522)","throwable":""}
{"timestamp":"2025-09-16T15:41:15,004","container":"e8fbc2c00ac2","level":"INFO","thread":"BftProcessorExecutor-QBFT-0","class":"QbftBesuControllerBuilder","message":"Imported #990 / 0 tx / 0 pending / 0 (0.0%) gas / (0x10d05c8d0439a36297ee43b75381fe344e70ca0acbe8a9280b02a3df0b14f557)","throwable":""}
{"timestamp":"2025-09-16T15:41:23,005","container":"e8fbc2c00ac2","level":"INFO","thread":"BftProcessorExecutor-QBFT-0","class":"QbftBesuControllerBuilder","message":"Imported #991 / 0 tx / 0 pending / 0 (0.0%) gas / (0x40a1998a3fcbad774d52785dc5bbb345e1caa1aa8a52a85738c3bf766560f7b0)","throwable":""}
{"timestamp":"2025-09-16T15:41:31,007","container":"e8fbc2c00ac2","level":"INFO","thread":"BftProcessorExecutor-QBFT-0","class":"QbftBesuControllerBuilder","message":"Produced #992 / 0 tx / 0 pending / 0 (0.0%) gas / (0xa624340f21763d530063319441ebada349e4bd248a2d6855d240da8b0b18f8a1)","throwable":""}
{"timestamp":"2025-09-16T15:41:39,005","container":"e8fbc2c00ac2","level":"INFO","thread":"BftProcessorExecutor-QBFT-0","class":"QbftBesuControllerBuilder","message":"Imported #993 / 0 tx / 0 pending / 0 (0.0%) gas / (0x2df201a9da46a9fb082a23397c809b96887277ab73686acd7b7cbb79f4a75534)","throwable":""}
{"timestamp":"2025-09-16T15:41:47,006","container":"e8fbc2c00ac2","level":"INFO","thread":"BftProcessorExecutor-QBFT-0","class":"QbftBesuControllerBuilder","message":"Imported #994 / 0 tx / 0 pending / 0 (0.0%) gas / (0xb4fbd2294392c017e0206e5d8ff7bcc6bda6024ca522e591a2544097c0e8d4e8)","throwable":""}
{"timestamp":"2025-09-16T15:41:47,006","container":"e8fbc2c00ac2","level":"INFO","thread":"EthScheduler-Workers-0","class":"PersistBlockTask","message":"Block 994 (0xb4fbd2294392c017e0206e5d8ff7bcc6bda6024ca522e591a2544097c0e8d4e8) is already imported","throwable":""}
{"timestamp":"2025-09-16T15:41:55,004","container":"e8fbc2c00ac2","level":"INFO","thread":"BftProcessorExecutor-QBFT-0","class":"QbftBesuControllerBuilder","message":"Imported #995 / 0 tx / 0 pending / 0 (0.0%) gas / (0x9a177bfbefa78d0272f265dc102feef1fa518c27bae707b48e449cadc78bd74a)","throwable":""}
{"timestamp":"2025-09-16T15:42:03,005","container":"e8fbc2c00ac2","level":"INFO","thread":"BftProcessorExecutor-QBFT-0","class":"QbftBesuControllerBuilder","message":"Produced #996 / 0 tx / 0 pending / 0 (0.0%) gas / (0x2b78a3708919fbf08cb15087754755f74fd3bca01820c9b3fd64a35f14d8410a)","throwable":""}
{"timestamp":"2025-09-16T15:42:11,005","container":"e8fbc2c00ac2","level":"INFO","thread":"BftProcessorExecutor-QBFT-0","class":"QbftBesuControllerBuilder","message":"Imported #997 / 0 tx / 0 pending / 0 (0.0%) gas / (0x0bc38a05d5ae9bd4d00825485590e76f15eb314bce9ce6e832bef3d88a87e767)","throwable":""}
{"timestamp":"2025-09-16T15:42:19,004","container":"e8fbc2c00ac2","level":"INFO","thread":"BftProcessorExecutor-QBFT-0","class":"QbftBesuControllerBuilder","message":"Imported #998 / 0 tx / 0 pending / 0 (0.0%) gas / (0x15e72d745da7b9e562c87d0dd8fc027f6588742e13854d9fd72831fbbd0c85e0)","throwable":""}
{"timestamp":"2025-09-16T15:42:27,006","container":"e8fbc2c00ac2","level":"INFO","thread":"BftProcessorExecutor-QBFT-0","class":"QbftBesuControllerBuilder","message":"Imported #999 / 0 tx / 0 pending / 0 (0.0%) gas / (0xba7e9173cf8f753e4917e8a45c9ab2f7618a0a44df91bb354995533c2205f8e7)","throwable":""}
{"timestamp":"2025-09-16T15:42:35,006","container":"e8fbc2c00ac2","level":"INFO","thread":"BftProcessorExecutor-QBFT-0","class":"QbftBesuControllerBuilder","message":"Produced #1,000 / 0 tx / 0 pending / 0 (0.0%) gas / (0x0a4278b58fedc3bddd24d67b191de44d7abad4392e5295b8c93d925f2c73b42b)","throwable":""}
{"timestamp":"2025-09-16T15:42:43,007","container":"e8fbc2c00ac2","level":"INFO","thread":"EthScheduler-Workers-0","class":"PersistBlockTask","message":"Block 1001 (0x12c938ef84bb5e9d3f761419b02976fd28e0b89df2d577bb5318d03a026792ce) is already imported","throwable":""}
{"timestamp":"2025-09-16T15:42:43,007","container":"e8fbc2c00ac2","level":"INFO","thread":"BftProcessorExecutor-QBFT-0","class":"QbftBesuControllerBuilder","message":"Imported #1,001 / 0 tx / 0 pending / 0 (0.0%) gas / (0x12c938ef84bb5e9d3f761419b02976fd28e0b89df2d577bb5318d03a026792ce)","throwable":""}
{"timestamp":"2025-09-16T15:42:51,006","container":"e8fbc2c00ac2","level":"INFO","thread":"BftProcessorExecutor-QBFT-0","class":"QbftBesuControllerBuilder","message":"Imported #1,002 / 0 tx / 0 pending / 0 (0.0%) gas / (0x193e3f55d9288ce12240324f8de5e60e55b527c2a584557cdf788dd592b6f984)","throwable":""}
{"timestamp":"2025-09-16T15:42:59,007","container":"e8fbc2c00ac2","level":"INFO","thread":"BftProcessorExecutor-QBFT-0","class":"QbftBesuControllerBuilder","message":"Imported #1,003 / 0 tx / 0 pending / 0 (0.0%) gas / (0x7c879d440a6626ca49717d3946744ac8f3a96b1ba8f28270ccf2336a1a662341)","throwable":""}
{"timestamp":"2025-09-16T15:43:07,007","container":"e8fbc2c00ac2","level":"INFO","thread":"EthScheduler-Workers-0","class":"PersistBlockTask","message":"Block 1004 (0x341e87a22f1e5c60af7a1567c91ad6bf0f1d7cc99fd79bbf7615c72618c3333c) is already imported","throwable":""}
{"timestamp":"2025-09-16T15:43:07,007","container":"e8fbc2c00ac2","level":"INFO","thread":"BftProcessorExecutor-QBFT-0","class":"QbftBesuControllerBuilder","message":"Produced #1,004 / 0 tx / 0 pending / 0 (0.0%) gas / (0x341e87a22f1e5c60af7a1567c91ad6bf0f1d7cc99fd79bbf7615c72618c3333c)","throwable":""}
{"timestamp":"2025-09-16T15:43:15,008","container":"e8fbc2c00ac2","level":"INFO","thread":"BftProcessorExecutor-QBFT-0","class":"QbftBesuControllerBuilder","message":"Imported #1,005 / 0 tx / 0 pending / 0 (0.0%) gas / (0x40d42b3d0a875e1ed4f41ba6d71d27d24111ae581855e3b49cea406f38bcbfe2)","throwable":""}
{"timestamp":"2025-09-16T15:43:23,005","container":"e8fbc2c00ac2","level":"INFO","thread":"BftProcessorExecutor-QBFT-0","class":"QbftBesuControllerBuilder","message":"Imported #1,006 / 0 tx / 0 pending / 0 (0.0%) gas / (0x2c07f93dda1cd92dded32cbaa856bc7521a9c7f5689dbbaa56ed87d51c5cd80e)","throwable":""}
{"timestamp":"2025-09-16T15:43:31,006","container":"e8fbc2c00ac2","level":"INFO","thread":"BftProcessorExecutor-QBFT-0","class":"QbftBesuControllerBuilder","message":"Imported #1,007 / 0 tx / 0 pending / 0 (0.0%) gas / (0x245b6c5c8d31a0cb0ad4a657e03b7c3836f7ebda5b29db0e56a80d35db660af7)","throwable":""}
{"timestamp":"2025-09-16T15:43:39,006","container":"e8fbc2c00ac2","level":"INFO","thread":"BftProcessorExecutor-QBFT-0","class":"QbftBesuControllerBuilder","message":"Produced #1,008 / 0 tx / 0 pending / 0 (0.0%) gas / (0x1adc78b7d69e0f46501de119f52a4dea8a0e9b4040861ff9e7b46929f6163f1a)","throwable":""}
{"timestamp":"2025-09-16T15:43:47,005","container":"e8fbc2c00ac2","level":"INFO","thread":"BftProcessorExecutor-QBFT-0","class":"QbftBesuControllerBuilder","message":"Imported #1,009 / 0 tx / 0 pending / 0 (0.0%) gas / (0xb6526988d9498a0a0650a4e71f3a79b21479731f58dde551a598665929522a96)","throwable":""}
{"timestamp":"2025-09-16T15:43:55,004","container":"e8fbc2c00ac2","level":"INFO","thread":"BftProcessorExecutor-QBFT-0","class":"QbftBesuControllerBuilder","message":"Imported #1,010 / 0 tx / 0 pending / 0 (0.0%) gas / (0xe173ecf268676607c425afe94cb3fedd6986ccb3e0a421419036754ca9dcf0fb)","throwable":""}
{"timestamp":"2025-09-16T15:44:03,006","container":"e8fbc2c00ac2","level":"INFO","thread":"BftProcessorExecutor-QBFT-0","class":"QbftBesuControllerBuilder","message":"Imported #1,011 / 0 tx / 0 pending / 0 (0.0%) gas / (0x63e40d3e933dfac2691b635950152bd72703dd9d639c5455d3cac7f6a8ac94a7)","throwable":""}
{"timestamp":"2025-09-16T15:44:11,007","container":"e8fbc2c00ac2","level":"INFO","thread":"BftProcessorExecutor-QBFT-0","class":"QbftBesuControllerBuilder","message":"Produced #1,012 / 0 tx / 0 pending / 0 (0.0%) gas / (0xd41dcb2c647e986aec1b6b6a5f309d92ff659ac2428f6e18b8224b7cf0f08508)","throwable":""}
{"timestamp":"2025-09-16T15:44:19,005","container":"e8fbc2c00ac2","level":"INFO","thread":"BftProcessorExecutor-QBFT-0","class":"QbftBesuControllerBuilder","message":"Imported #1,013 / 0 tx / 0 pending / 0 (0.0%) gas / (0xc811a2bc66908398785233f1b24d060e47c768611f09f2b4c570e9bd8d4ed3fc)","throwable":""}
{"timestamp":"2025-09-16T15:44:19,005","container":"e8fbc2c00ac2","level":"INFO","thread":"EthScheduler-Workers-0","class":"PersistBlockTask","message":"Block 1013 (0xc811a2bc66908398785233f1b24d060e47c768611f09f2b4c570e9bd8d4ed3fc) is already imported","throwable":""}
{"timestamp":"2025-09-16T15:44:27,005","container":"e8fbc2c00ac2","level":"INFO","thread":"BftProcessorExecutor-QBFT-0","class":"QbftBesuControllerBuilder","message":"Imported #1,014 / 0 tx / 0 pending / 0 (0.0%) gas / (0xfc79e1f300fddeb4d194c9308c13a14b70d2beec15f678db3d0f79634a51f41d)","throwable":""}
{"timestamp":"2025-09-16T15:44:35,007","container":"e8fbc2c00ac2","level":"INFO","thread":"BftProcessorExecutor-QBFT-0","class":"QbftBesuControllerBuilder","message":"Imported #1,015 / 0 tx / 0 pending / 0 (0.0%) gas / (0xb49437d2020ccbca8f1a6eed4454203d36addecd1aa19eb1447a2aa1f0b68704)","throwable":""}
{"timestamp":"2025-09-16T15:44:43,006","container":"e8fbc2c00ac2","level":"INFO","thread":"BftProcessorExecutor-QBFT-0","class":"QbftBesuControllerBuilder","message":"Produced #1,016 / 0 tx / 0 pending / 0 (0.0%) gas / (0x2b0253e5b0a125b309d4efb1d6e9aa97e16d19ab2c5773329aed10133ba99dd7)","throwable":""}
{"timestamp":"2025-09-16T15:44:51,005","container":"e8fbc2c00ac2","level":"INFO","thread":"BftProcessorExecutor-QBFT-0","class":"QbftBesuControllerBuilder","message":"Imported #1,017 / 0 tx / 0 pending / 0 (0.0%) gas / (0xb265140b8e4bce3fdc439188ccbc8dfd41c4e01ccd4f3e8834e2b6e7a9dca3d9)","throwable":""}
{"timestamp":"2025-09-16T15:44:59,006","container":"e8fbc2c00ac2","level":"INFO","thread":"BftProcessorExecutor-QBFT-0","class":"QbftBesuControllerBuilder","message":"Imported #1,018 / 0 tx / 0 pending / 0 (0.0%) gas / (0xd1ee595582972360d350ba6844e5bca4d5f7ca73ed2300be19c296f2fb460e47)","throwable":""}
{"timestamp":"2025-09-16T15:45:07,007","container":"e8fbc2c00ac2","level":"INFO","thread":"BftProcessorExecutor-QBFT-0","class":"QbftBesuControllerBuilder","message":"Imported #1,019 / 0 tx / 0 pending / 0 (0.0%) gas / (0x3362829581dc7f42518d7434202f892faa19c97c09f816e148ea0bad033d72de)","throwable":""}
{"timestamp":"2025-09-16T15:45:15,006","container":"e8fbc2c00ac2","level":"INFO","thread":"BftProcessorExecutor-QBFT-0","class":"QbftBesuControllerBuilder","message":"Produced #1,020 / 0 tx / 0 pending / 0 (0.0%) gas / (0xc152ddc544c5c721b6554837ab02226008a2cbf241605a12886ca2e53ec8a906)","throwable":""}
{"timestamp":"2025-09-16T15:45:23,006","container":"e8fbc2c00ac2","level":"INFO","thread":"BftProcessorExecutor-QBFT-0","class":"QbftBesuControllerBuilder","message":"Imported #1,021 / 0 tx / 0 pending / 0 (0.0%) gas / (0xb585e040abf7721149b6e6dc35e201f997faf78d8cdbcbc49ae2f98f27cdbbcf)","throwable":""}
{"timestamp":"2025-09-16T15:45:31,008","container":"e8fbc2c00ac2","level":"INFO","thread":"EthScheduler-Workers-0","class":"PersistBlockTask","message":"Imported #1,022 / 0 tx / 0 om / 0 (0.0%) gas / (0x153caa3a36adec82995e04e1b2ca7a5339eb2c87e84b0f3fd3b5c615b952ba4c) in 0.001s. Peers: 5","throwable":""}
{"timestamp":"2025-09-16T15:45:31,008","container":"e8fbc2c00ac2","level":"INFO","thread":"BftProcessorExecutor-QBFT-0","class":"QbftBesuControllerBuilder","message":"Imported #1,022 / 0 tx / 0 pending / 0 (0.0%) gas / (0x153caa3a36adec82995e04e1b2ca7a5339eb2c87e84b0f3fd3b5c615b952ba4c)","throwable":""}
{"timestamp":"2025-09-16T15:45:39,007","container":"e8fbc2c00ac2","level":"INFO","thread":"BftProcessorExecutor-QBFT-0","class":"QbftBesuControllerBuilder","message":"Imported #1,023 / 0 tx / 0 pending / 0 (0.0%) gas / (0x13e9845473f4fa687f1932f3cad9540d6eb27132192f79dfc0785a8e287a8fcf)","throwable":""}
{"timestamp":"2025-09-16T15:45:47,005","container":"e8fbc2c00ac2","level":"INFO","thread":"BftProcessorExecutor-QBFT-0","class":"QbftBesuControllerBuilder","message":"Produced #1,024 / 0 tx / 0 pending / 0 (0.0%) gas / (0x43f888b20ca404d89ad0d8402b3dff4ddec47911a96037c21bb5561f87e72efe)","throwable":""}
{"timestamp":"2025-09-16T15:45:55,005","container":"e8fbc2c00ac2","level":"INFO","thread":"BftProcessorExecutor-QBFT-0","class":"QbftBesuControllerBuilder","message":"Imported #1,025 / 0 tx / 0 pending / 0 (0.0%) gas / (0xe62aaeef6b42f82c052cfe16bf184b63a7a6ce46ce43d3fb797cf6fbe3da8831)","throwable":""}
{"timestamp":"2025-09-16T15:46:03,005","container":"e8fbc2c00ac2","level":"INFO","thread":"BftProcessorExecutor-QBFT-0","class":"QbftBesuControllerBuilder","message":"Imported #1,026 / 0 tx / 0 pending / 0 (0.0%) gas / (0x0a895e9c1f79cdaf87791c4f9894f597ee771cdd9e0a462822d082be79363a9f)","throwable":""}
{"timestamp":"2025-09-16T15:46:11,005","container":"e8fbc2c00ac2","level":"INFO","thread":"BftProcessorExecutor-QBFT-0","class":"QbftBesuControllerBuilder","message":"Imported #1,027 / 0 tx / 0 pending / 0 (0.0%) gas / (0xcd80ff49239ef3941de219456c048e5a5fa4c0013b0697a624d2ee84507bd101)","throwable":""}
{"timestamp":"2025-09-16T15:46:19,006","container":"e8fbc2c00ac2","level":"INFO","thread":"BftProcessorExecutor-QBFT-0","class":"QbftBesuControllerBuilder","message":"Produced #1,028 / 0 tx / 0 pending / 0 (0.0%) gas / (0xec9afebd553e99a2c37d7e3f684e0e8c6b751b5d983852e8978d1760ab0b8133)","throwable":""}
{"timestamp":"2025-09-16T15:46:27,005","container":"e8fbc2c00ac2","level":"INFO","thread":"BftProcessorExecutor-QBFT-0","class":"QbftBesuControllerBuilder","message":"Imported #1,029 / 0 tx / 0 pending / 0 (0.0%) gas / (0xab019170412589dd21fffb401c9c4f95596bc350a5eb29bfa1ac4039698ef249)","throwable":""}
{"timestamp":"2025-09-16T15:46:35,006","container":"e8fbc2c00ac2","level":"INFO","thread":"BftProcessorExecutor-QBFT-0","class":"QbftBesuControllerBuilder","message":"Imported #1,030 / 0 tx / 0 pending / 0 (0.0%) gas / (0x9426abca21b627ecfd1aad4066e831b4ac5cf26ab279166650201847fe05c911)","throwable":""}
{"timestamp":"2025-09-16T15:46:43,004","container":"e8fbc2c00ac2","level":"INFO","thread":"BftProcessorExecutor-QBFT-0","class":"QbftBesuControllerBuilder","message":"Imported #1,031 / 0 tx / 0 pending / 0 (0.0%) gas / (0xa04aaddae97c166d7de74064b9accc10c04b2a13356418943e6395ccf2093a66)","throwable":""}
{"timestamp":"2025-09-16T15:46:51,006","container":"e8fbc2c00ac2","level":"INFO","thread":"BftProcessorExecutor-QBFT-0","class":"QbftBesuControllerBuilder","message":"Produced #1,032 / 0 tx / 0 pending / 0 (0.0%) gas / (0x0342718b254690c3d8495a3c64c11cecff1ad588580bcd7344f6dadca09645c8)","throwable":""}
{"timestamp":"2025-09-16T15:46:59,005","container":"e8fbc2c00ac2","level":"INFO","thread":"BftProcessorExecutor-QBFT-0","class":"QbftBesuControllerBuilder","message":"Imported #1,033 / 0 tx / 0 pending / 0 (0.0%) gas / (0x545415e4f4129d9bb6e442b06fa87eac12ba0b489d63b66b227164a54f52534a)","throwable":""}
{"timestamp":"2025-09-16T15:47:07,006","container":"e8fbc2c00ac2","level":"INFO","thread":"BftProcessorExecutor-QBFT-0","class":"QbftBesuControllerBuilder","message":"Imported #1,034 / 0 tx / 0 pending / 0 (0.0%) gas / (0x0afc26dbf32a490c7f4ddfa1fe00f1d0a00ab0b77d577f7aef9cfbd39e2dedf1)","throwable":""}
{"timestamp":"2025-09-16T15:47:15,006","container":"e8fbc2c00ac2","level":"INFO","thread":"BftProcessorExecutor-QBFT-0","class":"QbftBesuControllerBuilder","message":"Imported #1,035 / 0 tx / 0 pending / 0 (0.0%) gas / (0x99738e150df407de3a4cfef8e6c044531a8f0b125a9996c5dede624fc8c43b6b)","throwable":""}
{"timestamp":"2025-09-16T15:47:23,006","container":"e8fbc2c00ac2","level":"INFO","thread":"BftProcessorExecutor-QBFT-0","class":"QbftBesuControllerBuilder","message":"Produced #1,036 / 0 tx / 0 pending / 0 (0.0%) gas / (0x07faa0c2a1c3ea8cc188a302320a755ace304e426f5f9ec26877a0763aa4c476)","throwable":""}
{"timestamp":"2025-09-16T15:47:31,007","container":"e8fbc2c00ac2","level":"INFO","thread":"EthScheduler-Workers-0","class":"PersistBlockTask","message":"Block 1037 (0xd92ed588b9cbad87ef0534f3cf5546054465faf568d57a91b117cf5dc0a33ae3) is already imported","throwable":""}
{"timestamp":"2025-09-16T15:47:31,007","container":"e8fbc2c00ac2","level":"INFO","thread":"BftProcessorExecutor-QBFT-0","class":"QbftBesuControllerBuilder","message":"Imported #1,037 / 0 tx / 0 pending / 0 (0.0%) gas / (0xd92ed588b9cbad87ef0534f3cf5546054465faf568d57a91b117cf5dc0a33ae3)","throwable":""}
{"timestamp":"2025-09-16T15:47:39,006","container":"e8fbc2c00ac2","level":"INFO","thread":"BftProcessorExecutor-QBFT-0","class":"QbftBesuControllerBuilder","message":"Imported #1,038 / 0 tx / 0 pending / 0 (0.0%) gas / (0xd2fcd46dd96f0207a4783c3096bc85c79aa63b5b3260fd64f9b4f32671c3936f)","throwable":""}
{"timestamp":"2025-09-16T15:47:47,007","container":"e8fbc2c00ac2","level":"INFO","thread":"BftProcessorExecutor-QBFT-0","class":"QbftBesuControllerBuilder","message":"Imported #1,039 / 0 tx / 0 pending / 0 (0.0%) gas / (0x3c4c62a5de54a1352c0e0374959f5a6407b51bd1fbee218c2343d97a451c70c9)","throwable":""}
{"timestamp":"2025-09-16T15:47:55,007","container":"e8fbc2c00ac2","level":"INFO","thread":"EthScheduler-Workers-0","class":"PersistBlockTask","message":"Block 1040 (0x1c4eb68e27a6056c1757452cc6e45004be7efd238e5d45ce123f670cfe062e30) is already imported","throwable":""}
{"timestamp":"2025-09-16T15:47:55,007","container":"e8fbc2c00ac2","level":"INFO","thread":"BftProcessorExecutor-QBFT-0","class":"QbftBesuControllerBuilder","message":"Produced #1,040 / 0 tx / 0 pending / 0 (0.0%) gas / (0x1c4eb68e27a6056c1757452cc6e45004be7efd238e5d45ce123f670cfe062e30)","throwable":""}
{"timestamp":"2025-09-16T15:48:03,006","container":"e8fbc2c00ac2","level":"INFO","thread":"EthScheduler-Workers-0","class":"PersistBlockTask","message":"Block 1041 (0x6e0d29dc6c61451d0d6ed3d85d9de2ae95ae9eb37d59f0eb862cac73742a63d4) is already imported","throwable":""}
{"timestamp":"2025-09-16T15:48:03,006","container":"e8fbc2c00ac2","level":"INFO","thread":"BftProcessorExecutor-QBFT-0","class":"QbftBesuControllerBuilder","message":"Imported #1,041 / 0 tx / 0 pending / 0 (0.0%) gas / (0x6e0d29dc6c61451d0d6ed3d85d9de2ae95ae9eb37d59f0eb862cac73742a63d4)","throwable":""}
{"timestamp":"2025-09-16T15:48:11,007","container":"e8fbc2c00ac2","level":"INFO","thread":"EthScheduler-Workers-0","class":"PersistBlockTask","message":"Block 1042 (0x283877adff5c0588eb8f5ecb11455db290a95b325dbe05046c09b0320ced8f3e) is already imported","throwable":""}
{"timestamp":"2025-09-16T15:48:11,008","container":"e8fbc2c00ac2","level":"INFO","thread":"BftProcessorExecutor-QBFT-0","class":"QbftBesuControllerBuilder","message":"Imported #1,042 / 0 tx / 0 pending / 0 (0.0%) gas / (0x283877adff5c0588eb8f5ecb11455db290a95b325dbe05046c09b0320ced8f3e)","throwable":""}
{"timestamp":"2025-09-16T15:48:19,006","container":"e8fbc2c00ac2","level":"INFO","thread":"BftProcessorExecutor-QBFT-0","class":"QbftBesuControllerBuilder","message":"Imported #1,043 / 0 tx / 0 pending / 0 (0.0%) gas / (0x322fa0a3c523c6e9856abbc30e394b93c7a7565a45a5125441cbf42e56d01813)","throwable":""}
{"timestamp":"2025-09-16T15:48:27,006","container":"e8fbc2c00ac2","level":"INFO","thread":"BftProcessorExecutor-QBFT-0","class":"QbftBesuControllerBuilder","message":"Produced #1,044 / 0 tx / 0 pending / 0 (0.0%) gas / (0xe1f75a18a72e9d429583f7e0cecc9d21f0c9c571443a306f119dbaa3d4a5c755)","throwable":""}
{"timestamp":"2025-09-16T15:48:35,006","container":"e8fbc2c00ac2","level":"INFO","thread":"BftProcessorExecutor-QBFT-0","class":"QbftBesuControllerBuilder","message":"Imported #1,045 / 0 tx / 0 pending / 0 (0.0%) gas / (0xfdf87ec51ed2bf2963a120f2944ca0a2decee27fb9eedf769bc6292e3165a586)","throwable":""}
{"timestamp":"2025-09-16T15:48:43,005","container":"e8fbc2c00ac2","level":"INFO","thread":"BftProcessorExecutor-QBFT-0","class":"QbftBesuControllerBuilder","message":"Imported #1,046 / 0 tx / 0 pending / 0 (0.0%) gas / (0x25af06efcccf0814ad8d07928c6bf61f70a530ce14f95d07563773c7fb9ca164)","throwable":""}
{"timestamp":"2025-09-16T15:48:51,004","container":"e8fbc2c00ac2","level":"INFO","thread":"BftProcessorExecutor-QBFT-0","class":"QbftBesuControllerBuilder","message":"Imported #1,047 / 0 tx / 0 pending / 0 (0.0%) gas / (0x31243adbe00c5bd80e9c12f2b7b1875af4bf7b985ba3692a50dc8381292183a9)","throwable":""}
{"timestamp":"2025-09-16T15:48:59,004","container":"e8fbc2c00ac2","level":"INFO","thread":"BftProcessorExecutor-QBFT-0","class":"QbftBesuControllerBuilder","message":"Produced #1,048 / 0 tx / 0 pending / 0 (0.0%) gas / (0xf9d82bc7b7b942a9def58c90c8298bc505bb55f2f25fd783eac683be8924d3d3)","throwable":""}
{"timestamp":"2025-09-16T15:49:07,006","container":"e8fbc2c00ac2","level":"INFO","thread":"BftProcessorExecutor-QBFT-0","class":"QbftBesuControllerBuilder","message":"Imported #1,049 / 0 tx / 0 pending / 0 (0.0%) gas / (0x0b7d060a88bb66b7e01e98aed1ccd6b5ddbd66876c94603ae369ebd63f4512ff)","throwable":""}
{"timestamp":"2025-09-16T15:49:15,005","container":"e8fbc2c00ac2","level":"INFO","thread":"BftProcessorExecutor-QBFT-0","class":"QbftBesuControllerBuilder","message":"Imported #1,050 / 0 tx / 0 pending / 0 (0.0%) gas / (0xa019685567c8b5701a066c263d43122e728faf44de8947cd1d39fa0803dcf4ab)","throwable":""}
{"timestamp":"2025-09-16T15:49:15,006","container":"e8fbc2c00ac2","level":"INFO","thread":"EthScheduler-Workers-0","class":"PersistBlockTask","message":"Block 1050 (0xa019685567c8b5701a066c263d43122e728faf44de8947cd1d39fa0803dcf4ab) is already imported","throwable":""}
{"timestamp":"2025-09-16T15:49:23,006","container":"e8fbc2c00ac2","level":"INFO","thread":"BftProcessorExecutor-QBFT-0","class":"QbftBesuControllerBuilder","message":"Imported #1,051 / 0 tx / 0 pending / 0 (0.0%) gas / (0xb44a4c73253a695f4a720463b72067fdcd39af461dc0c71d4d73a49968d0f9ae)","throwable":""}
{"timestamp":"2025-09-16T15:49:23,006","container":"e8fbc2c00ac2","level":"INFO","thread":"EthScheduler-Workers-0","class":"PersistBlockTask","message":"Block 1051 (0xb44a4c73253a695f4a720463b72067fdcd39af461dc0c71d4d73a49968d0f9ae) is already imported","throwable":""}
{"timestamp":"2025-09-16T15:49:31,006","container":"e8fbc2c00ac2","level":"INFO","thread":"BftProcessorExecutor-QBFT-0","class":"QbftBesuControllerBuilder","message":"Produced #1,052 / 0 tx / 0 pending / 0 (0.0%) gas / (0x2c8f391439bd225f52956fdbd130b2e6934b984a6e427366ebe955d317312480)","throwable":""}
{"timestamp":"2025-09-16T15:49:39,007","container":"e8fbc2c00ac2","level":"INFO","thread":"BftProcessorExecutor-QBFT-0","class":"QbftBesuControllerBuilder","message":"Imported #1,053 / 0 tx / 0 pending / 0 (0.0%) gas / (0xb852c78c2213bf55d48f30e0ec5db213e4c2f0a9a58aaa820c9a182e6a249fa7)","throwable":""}
{"timestamp":"2025-09-16T15:49:47,009","container":"e8fbc2c00ac2","level":"INFO","thread":"EthScheduler-Workers-0","class":"PersistBlockTask","message":"Block 1054 (0xf2b059ed5ca941b4c159ceb9db022e2cc3d68bc413da13b3188fe488de2e75d8) is already imported","throwable":""}
{"timestamp":"2025-09-16T15:49:47,009","container":"e8fbc2c00ac2","level":"INFO","thread":"BftProcessorExecutor-QBFT-0","class":"QbftBesuControllerBuilder","message":"Imported #1,054 / 0 tx / 0 pending / 0 (0.0%) gas / (0xf2b059ed5ca941b4c159ceb9db022e2cc3d68bc413da13b3188fe488de2e75d8)","throwable":""}
{"timestamp":"2025-09-16T15:49:55,005","container":"e8fbc2c00ac2","level":"INFO","thread":"BftProcessorExecutor-QBFT-0","class":"QbftBesuControllerBuilder","message":"Imported #1,055 / 0 tx / 0 pending / 0 (0.0%) gas / (0x945a168e14a7d632a43ba499996768923f027fa82428236e5d657057215949ad)","throwable":""}
{"timestamp":"2025-09-16T15:50:03,006","container":"e8fbc2c00ac2","level":"INFO","thread":"BftProcessorExecutor-QBFT-0","class":"QbftBesuControllerBuilder","message":"Produced #1,056 / 0 tx / 0 pending / 0 (0.0%) gas / (0x6be1f856e3a4acf391efa25a317112dd209c70ba21fe3d2fea863c1fc5888704)","throwable":""}
{"timestamp":"2025-09-16T15:50:11,005","container":"e8fbc2c00ac2","level":"INFO","thread":"BftProcessorExecutor-QBFT-0","class":"QbftBesuControllerBuilder","message":"Imported #1,057 / 0 tx / 0 pending / 0 (0.0%) gas / (0xe61814e922e58ab2d8f1e0552fefd9d21528be0e996f2706b8d33516879d2329)","throwable":""}
{"timestamp":"2025-09-16T15:50:19,007","container":"e8fbc2c00ac2","level":"INFO","thread":"EthScheduler-Workers-0","class":"PersistBlockTask","message":"Block 1058 (0x4390969dd87936dfba1069ee0691cecd71c6bef92b308ede3ab80975ee5b2966) is already imported","throwable":""}
{"timestamp":"2025-09-16T15:50:19,008","container":"e8fbc2c00ac2","level":"INFO","thread":"BftProcessorExecutor-QBFT-0","class":"QbftBesuControllerBuilder","message":"Imported #1,058 / 0 tx / 0 pending / 0 (0.0%) gas / (0x4390969dd87936dfba1069ee0691cecd71c6bef92b308ede3ab80975ee5b2966)","throwable":""}
{"timestamp":"2025-09-16T15:50:27,006","container":"e8fbc2c00ac2","level":"INFO","thread":"BftProcessorExecutor-QBFT-0","class":"QbftBesuControllerBuilder","message":"Imported #1,059 / 0 tx / 0 pending / 0 (0.0%) gas / (0x8ab169cd51f752f85d9630074cdc49179ff962a16f17136d1aa37a75c999f263)","throwable":""}
{"timestamp":"2025-09-16T15:50:35,005","container":"e8fbc2c00ac2","level":"INFO","thread":"BftProcessorExecutor-QBFT-0","class":"QbftBesuControllerBuilder","message":"Produced #1,060 / 0 tx / 0 pending / 0 (0.0%) gas / (0x0f5177645c6e1eddf0a60c00068ae22b90ca19a6e36b7a8c82a1e782c5668449)","throwable":""}
{"timestamp":"2025-09-16T15:50:43,006","container":"e8fbc2c00ac2","level":"INFO","thread":"BftProcessorExecutor-QBFT-0","class":"QbftBesuControllerBuilder","message":"Imported #1,061 / 0 tx / 0 pending / 0 (0.0%) gas / (0x45cf8f02b533f94f738ac729c7af0714b8a51ab32ae762734d0fb6c0bb8568b7)","throwable":""}
{"timestamp":"2025-09-16T15:50:51,008","container":"e8fbc2c00ac2","level":"INFO","thread":"BftProcessorExecutor-QBFT-0","class":"QbftBesuControllerBuilder","message":"Imported #1,062 / 0 tx / 0 pending / 0 (0.0%) gas / (0xcae5c721b5a879c0b19de6e09ea76bb8cc5e0154365bcbf1e07babf6031feee9)","throwable":""}
{"timestamp":"2025-09-16T15:50:59,008","container":"e8fbc2c00ac2","level":"INFO","thread":"BftProcessorExecutor-QBFT-0","class":"QbftBesuControllerBuilder","message":"Imported #1,063 / 0 tx / 0 pending / 0 (0.0%) gas / (0xa7dde3c9d44398e6f432013e31474290229745db4d6babaf902681b6f0178ced)","throwable":""}
{"timestamp":"2025-09-16T15:51:07,005","container":"e8fbc2c00ac2","level":"INFO","thread":"BftProcessorExecutor-QBFT-0","class":"QbftBesuControllerBuilder","message":"Produced #1,064 / 0 tx / 0 pending / 0 (0.0%) gas / (0xd31b226d4398d13c263569a0484af4c9d08ca2bbb8f91f14f8d29950fb77e633)","throwable":""}
{"timestamp":"2025-09-16T15:51:15,006","container":"e8fbc2c00ac2","level":"INFO","thread":"BftProcessorExecutor-QBFT-0","class":"QbftBesuControllerBuilder","message":"Imported #1,065 / 0 tx / 0 pending / 0 (0.0%) gas / (0x419e3ac23459b793b196c8d12e202bb6c87404a3452aac569095a1c178c08cc3)","throwable":""}
{"timestamp":"2025-09-16T15:51:23,005","container":"e8fbc2c00ac2","level":"INFO","thread":"BftProcessorExecutor-QBFT-0","class":"QbftBesuControllerBuilder","message":"Imported #1,066 / 0 tx / 0 pending / 0 (0.0%) gas / (0x591268bd1bb9d847cd276a4d039209216e4b4cf38f0e81157e2cf1eadb39722c)","throwable":""}
{"timestamp":"2025-09-16T15:51:31,006","container":"e8fbc2c00ac2","level":"INFO","thread":"BftProcessorExecutor-QBFT-0","class":"QbftBesuControllerBuilder","message":"Imported #1,067 / 0 tx / 0 pending / 0 (0.0%) gas / (0xf552e4364fb84620d79cf537d3c06aaf2afc82212b55f22dc069c76bc4f62673)","throwable":""}
{"timestamp":"2025-09-16T15:51:39,008","container":"e8fbc2c00ac2","level":"INFO","thread":"BftProcessorExecutor-QBFT-0","class":"QbftBesuControllerBuilder","message":"Produced #1,068 / 0 tx / 0 pending / 0 (0.0%) gas / (0xd2f8d5e27482984ff038f807f62dcfe8b476f95ec1b0ced312ef68e33b109a89)","throwable":""}
{"timestamp":"2025-09-16T15:51:47,006","container":"e8fbc2c00ac2","level":"INFO","thread":"BftProcessorExecutor-QBFT-0","class":"QbftBesuControllerBuilder","message":"Imported #1,069 / 0 tx / 0 pending / 0 (0.0%) gas / (0x5d94f1570b50d99816715cd5b06f863950ed5b9282db73ef9c38f1c02f769ff8)","throwable":""}
{"timestamp":"2025-09-16T15:51:55,005","container":"e8fbc2c00ac2","level":"INFO","thread":"BftProcessorExecutor-QBFT-0","class":"QbftBesuControllerBuilder","message":"Imported #1,070 / 0 tx / 0 pending / 0 (0.0%) gas / (0xc548ea19fdcadc147823b60f09805b5d821d0ac8a4c1cdc383648a47f5fb2b03)","throwable":""}
{"timestamp":"2025-09-16T15:52:03,006","container":"e8fbc2c00ac2","level":"INFO","thread":"BftProcessorExecutor-QBFT-0","class":"QbftBesuControllerBuilder","message":"Imported #1,071 / 0 tx / 0 pending / 0 (0.0%) gas / (0x61490df5f47c9159324ba462b107a2bde780135ff6da69c055ab55c0ab3076ee)","throwable":""}
{"timestamp":"2025-09-16T15:52:11,006","container":"e8fbc2c00ac2","level":"INFO","thread":"BftProcessorExecutor-QBFT-0","class":"QbftBesuControllerBuilder","message":"Produced #1,072 / 0 tx / 0 pending / 0 (0.0%) gas / (0xb571b6be800389a72c7d2eb41a20504c5fde703c1d77fb7bd50cf6fb1f8382d9)","throwable":""}
{"timestamp":"2025-09-16T15:52:19,005","container":"e8fbc2c00ac2","level":"INFO","thread":"BftProcessorExecutor-QBFT-0","class":"QbftBesuControllerBuilder","message":"Imported #1,073 / 0 tx / 0 pending / 0 (0.0%) gas / (0x7bbb350f97628945a3c027124e1f8bcf848cbaab6a99941b1354cb2523fa2334)","throwable":""}
{"timestamp":"2025-09-16T15:52:27,006","container":"e8fbc2c00ac2","level":"INFO","thread":"BftProcessorExecutor-QBFT-0","class":"QbftBesuControllerBuilder","message":"Imported #1,074 / 0 tx / 0 pending / 0 (0.0%) gas / (0xe281cae698b4ad61313e3016f643e2d4d270b9b4854ad01357aa0268d842a8a9)","throwable":""}
{"timestamp":"2025-09-16T15:52:35,005","container":"e8fbc2c00ac2","level":"INFO","thread":"BftProcessorExecutor-QBFT-0","class":"QbftBesuControllerBuilder","message":"Imported #1,075 / 0 tx / 0 pending / 0 (0.0%) gas / (0x7398b1c21caac28865a0fe0cc70ccc83834baa6d2b0c16be6d600d5f62a314bb)","throwable":""}
{"timestamp":"2025-09-16T15:52:43,009","container":"e8fbc2c00ac2","level":"INFO","thread":"EthScheduler-Workers-0","class":"PersistBlockTask","message":"Block 1076 (0xf43babb9c4099d69e46ee1bcbc0e90ff5e6b36b4316cc489a1c1967cd39bee05) is already imported","throwable":""}
{"timestamp":"2025-09-16T15:52:43,009","container":"e8fbc2c00ac2","level":"INFO","thread":"BftProcessorExecutor-QBFT-0","class":"QbftBesuControllerBuilder","message":"Produced #1,076 / 0 tx / 0 pending / 0 (0.0%) gas / (0xf43babb9c4099d69e46ee1bcbc0e90ff5e6b36b4316cc489a1c1967cd39bee05)","throwable":""}
{"timestamp":"2025-09-16T15:52:51,004","container":"e8fbc2c00ac2","level":"INFO","thread":"BftProcessorExecutor-QBFT-0","class":"QbftBesuControllerBuilder","message":"Imported #1,077 / 0 tx / 0 pending / 0 (0.0%) gas / (0x441b171da1397b2ec179f7cf5dbe616fcccacac32daf05fb705df2d35d738e7b)","throwable":""}
{"timestamp":"2025-09-16T15:52:59,005","container":"e8fbc2c00ac2","level":"INFO","thread":"BftProcessorExecutor-QBFT-0","class":"QbftBesuControllerBuilder","message":"Imported #1,078 / 0 tx / 0 pending / 0 (0.0%) gas / (0xe1155d8653a896d2cd1bd3a179fbf51587d5244c31a4917b1b41b4f9e05a5653)","throwable":""}
{"timestamp":"2025-09-16T15:53:07,005","container":"e8fbc2c00ac2","level":"INFO","thread":"BftProcessorExecutor-QBFT-0","class":"QbftBesuControllerBuilder","message":"Imported #1,079 / 0 tx / 0 pending / 0 (0.0%) gas / (0x40335e3c5043e6a8b56074255d32b8788320fc89aa53ddf84f9761fe626ab210)","throwable":""}
{"timestamp":"2025-09-16T15:53:15,007","container":"e8fbc2c00ac2","level":"INFO","thread":"EthScheduler-Workers-0","class":"PersistBlockTask","message":"Imported #1,080 / 0 tx / 0 om / 0 (0.0%) gas / (0x3abbd1af6e1f4811763f4aabe47c9af3091c8f94719ef92664d1f91afa07feea) in 0.001s. Peers: 5","throwable":""}
{"timestamp":"2025-09-16T15:53:15,007","container":"e8fbc2c00ac2","level":"INFO","thread":"BftProcessorExecutor-QBFT-0","class":"QbftBesuControllerBuilder","message":"Produced #1,080 / 0 tx / 0 pending / 0 (0.0%) gas / (0x3abbd1af6e1f4811763f4aabe47c9af3091c8f94719ef92664d1f91afa07feea)","throwable":""}
{"timestamp":"2025-09-16T15:53:23,005","container":"e8fbc2c00ac2","level":"INFO","thread":"BftProcessorExecutor-QBFT-0","class":"QbftBesuControllerBuilder","message":"Imported #1,081 / 0 tx / 0 pending / 0 (0.0%) gas / (0x26e974466ca71cfc0d09897e4f7a3b2074a08294f41d7d571c7172b466c87914)","throwable":""}
{"timestamp":"2025-09-16T15:53:31,006","container":"e8fbc2c00ac2","level":"INFO","thread":"BftProcessorExecutor-QBFT-0","class":"QbftBesuControllerBuilder","message":"Imported #1,082 / 0 tx / 0 pending / 0 (0.0%) gas / (0x9823793e8422ce85b3a002f207fc07d5154f950d7bb5b53bc24bb51136ddb461)","throwable":""}
{"timestamp":"2025-09-16T15:53:39,008","container":"e8fbc2c00ac2","level":"INFO","thread":"EthScheduler-Workers-0","class":"PersistBlockTask","message":"Imported #1,083 / 0 tx / 0 om / 0 (0.0%) gas / (0x1afd019ef0792a1671fb289616ca097cd9d3afdd02adbf547852592430d54aaa) in 0.001s. Peers: 5","throwable":""}
{"timestamp":"2025-09-16T15:53:47,006","container":"e8fbc2c00ac2","level":"INFO","thread":"BftProcessorExecutor-QBFT-0","class":"QbftBesuControllerBuilder","message":"Produced #1,084 / 0 tx / 0 pending / 0 (0.0%) gas / (0xca19182887750ed7ab3931376e02502d6fe13f6ef9bafddab1fbc5d2e9bb5546)","throwable":""}
{"timestamp":"2025-09-16T15:53:55,005","container":"e8fbc2c00ac2","level":"INFO","thread":"BftProcessorExecutor-QBFT-0","class":"QbftBesuControllerBuilder","message":"Imported #1,085 / 0 tx / 0 pending / 0 (0.0%) gas / (0x471727dd20ce91fe31fe56972e50237ff26ead90da61d65999cb22ccc62c466b)","throwable":""}
{"timestamp":"2025-09-16T15:54:03,005","container":"e8fbc2c00ac2","level":"INFO","thread":"BftProcessorExecutor-QBFT-0","class":"QbftBesuControllerBuilder","message":"Imported #1,086 / 0 tx / 0 pending / 0 (0.0%) gas / (0x994d6139c5f78ddb546d811049911416394b02b811e22a862cfa7003d632b717)","throwable":""}
{"timestamp":"2025-09-16T15:54:11,006","container":"e8fbc2c00ac2","level":"INFO","thread":"BftProcessorExecutor-QBFT-0","class":"QbftBesuControllerBuilder","message":"Imported #1,087 / 0 tx / 0 pending / 0 (0.0%) gas / (0xf905380df75538c7735c846d1342c4f9b33290e7e1813596e291832251172170)","throwable":""}
{"timestamp":"2025-09-16T15:54:19,006","container":"e8fbc2c00ac2","level":"INFO","thread":"EthScheduler-Workers-0","class":"PersistBlockTask","message":"Block 1088 (0xbb2ca64ae0547dfe1e08404ee42388f87b2a8be1e7d5abd40889f6f342bf7268) is already imported","throwable":""}
{"timestamp":"2025-09-16T15:54:19,006","container":"e8fbc2c00ac2","level":"INFO","thread":"BftProcessorExecutor-QBFT-0","class":"QbftBesuControllerBuilder","message":"Produced #1,088 / 0 tx / 0 pending / 0 (0.0%) gas / (0xbb2ca64ae0547dfe1e08404ee42388f87b2a8be1e7d5abd40889f6f342bf7268)","throwable":""}
{"timestamp":"2025-09-16T15:54:27,004","container":"e8fbc2c00ac2","level":"INFO","thread":"BftProcessorExecutor-QBFT-0","class":"QbftBesuControllerBuilder","message":"Imported #1,089 / 0 tx / 0 pending / 0 (0.0%) gas / (0xb765c5636c19b9e2807cdc7f4eee648cb2c808091768f58e021191ce91963a2e)","throwable":""}
{"timestamp":"2025-09-16T15:54:35,006","container":"e8fbc2c00ac2","level":"INFO","thread":"EthScheduler-Workers-0","class":"PersistBlockTask","message":"Block 1090 (0x47bc5a9d803b6c3be879c6714cd777ff27a9d4414832ed7ef7bc7f580bad7b23) is already imported","throwable":""}
{"timestamp":"2025-09-16T15:54:35,006","container":"e8fbc2c00ac2","level":"INFO","thread":"BftProcessorExecutor-QBFT-0","class":"QbftBesuControllerBuilder","message":"Imported #1,090 / 0 tx / 0 pending / 0 (0.0%) gas / (0x47bc5a9d803b6c3be879c6714cd777ff27a9d4414832ed7ef7bc7f580bad7b23)","throwable":""}
{"timestamp":"2025-09-16T15:54:43,006","container":"e8fbc2c00ac2","level":"INFO","thread":"BftProcessorExecutor-QBFT-0","class":"QbftBesuControllerBuilder","message":"Imported #1,091 / 0 tx / 0 pending / 0 (0.0%) gas / (0x499bf7e90c1dc99caf91563436c766b1fccebc5fb4a7fd2d206015a134812186)","throwable":""}
{"timestamp":"2025-09-16T15:54:51,006","container":"e8fbc2c00ac2","level":"INFO","thread":"BftProcessorExecutor-QBFT-0","class":"QbftBesuControllerBuilder","message":"Produced #1,092 / 0 tx / 0 pending / 0 (0.0%) gas / (0x69532211dacf76a4f46d1e8c9b4802276a4607dedf0b65b9b91887141caedd18)","throwable":""}
{"timestamp":"2025-09-16T15:54:59,006","container":"e8fbc2c00ac2","level":"INFO","thread":"BftProcessorExecutor-QBFT-0","class":"QbftBesuControllerBuilder","message":"Imported #1,093 / 0 tx / 0 pending / 0 (0.0%) gas / (0x0c7c6cc44a0749a32f5b8ba0781a0c646476227756cd4a35e7a217b65d1b34e2)","throwable":""}
{"timestamp":"2025-09-16T15:55:07,007","container":"e8fbc2c00ac2","level":"INFO","thread":"BftProcessorExecutor-QBFT-0","class":"QbftBesuControllerBuilder","message":"Imported #1,094 / 0 tx / 0 pending / 0 (0.0%) gas / (0x488d4921c5cec06aa15c8307d866afef20c5b041b8f613e0fdde7e7a02b9a6e7)","throwable":""}
{"timestamp":"2025-09-16T15:55:07,007","container":"e8fbc2c00ac2","level":"INFO","thread":"EthScheduler-Workers-0","class":"PersistBlockTask","message":"Block 1094 (0x488d4921c5cec06aa15c8307d866afef20c5b041b8f613e0fdde7e7a02b9a6e7) is already imported","throwable":""}
{"timestamp":"2025-09-16T15:55:15,006","container":"e8fbc2c00ac2","level":"INFO","thread":"BftProcessorExecutor-QBFT-0","class":"QbftBesuControllerBuilder","message":"Imported #1,095 / 0 tx / 0 pending / 0 (0.0%) gas / (0x4769fc9e4a04daa6515deeec753567dd706ddaea0f335eb5ed25b854060df6c2)","throwable":""}
{"timestamp":"2025-09-16T15:55:23,005","container":"e8fbc2c00ac2","level":"INFO","thread":"BftProcessorExecutor-QBFT-0","class":"QbftBesuControllerBuilder","message":"Produced #1,096 / 0 tx / 0 pending / 0 (0.0%) gas / (0x7683ad627c6f2beb3ab6a76f4d98e1edbef01e4bd575e9437a9e7ee65c8daabf)","throwable":""}
{"timestamp":"2025-09-16T15:55:31,005","container":"e8fbc2c00ac2","level":"INFO","thread":"BftProcessorExecutor-QBFT-0","class":"QbftBesuControllerBuilder","message":"Imported #1,097 / 0 tx / 0 pending / 0 (0.0%) gas / (0x05415eaaeeb05273a2f14dc0f5caba547ac42d41b37d81fe25659f6c00aa4e02)","throwable":""}
{"timestamp":"2025-09-16T15:55:39,008","container":"e8fbc2c00ac2","level":"INFO","thread":"BftProcessorExecutor-QBFT-0","class":"QbftBesuControllerBuilder","message":"Imported #1,098 / 0 tx / 0 pending / 0 (0.0%) gas / (0x2f649fa72ec93890c13c14ff86d5550eb126851685e7e3d0f372274cfe29220d)","throwable":""}
{"timestamp":"2025-09-16T15:55:47,007","container":"e8fbc2c00ac2","level":"INFO","thread":"EthScheduler-Workers-0","class":"PersistBlockTask","message":"Block 1099 (0x0033ecabc6141f541ad4015a2c0a9c38934568c8dee8ca5e3962840cb319a2f1) is already imported","throwable":""}
{"timestamp":"2025-09-16T15:55:47,007","container":"e8fbc2c00ac2","level":"INFO","thread":"BftProcessorExecutor-QBFT-0","class":"QbftBesuControllerBuilder","message":"Imported #1,099 / 0 tx / 0 pending / 0 (0.0%) gas / (0x0033ecabc6141f541ad4015a2c0a9c38934568c8dee8ca5e3962840cb319a2f1)","throwable":""}
{"timestamp":"2025-09-16T15:55:55,007","container":"e8fbc2c00ac2","level":"INFO","thread":"BftProcessorExecutor-QBFT-0","class":"QbftBesuControllerBuilder","message":"Produced #1,100 / 0 tx / 0 pending / 0 (0.0%) gas / (0x5c5f0b8d954815eefc325611cea2ea318231155d1baea572f1a140b67c0c2b42)","throwable":""}
{"timestamp":"2025-09-16T15:56:03,005","container":"e8fbc2c00ac2","level":"INFO","thread":"BftProcessorExecutor-QBFT-0","class":"QbftBesuControllerBuilder","message":"Imported #1,101 / 0 tx / 0 pending / 0 (0.0%) gas / (0x353cc16335600a6f76a2e94f950ff7d33fd9651ce3fce17a83e4c5276ed07118)","throwable":""}
{"timestamp":"2025-09-16T15:56:11,006","container":"e8fbc2c00ac2","level":"INFO","thread":"BftProcessorExecutor-QBFT-0","class":"QbftBesuControllerBuilder","message":"Imported #1,102 / 0 tx / 0 pending / 0 (0.0%) gas / (0x138c68eca64303432ea700a3f3777c431cb7e996fd1f60e65ac44cb9e511df5c)","throwable":""}
{"timestamp":"2025-09-16T15:56:19,005","container":"e8fbc2c00ac2","level":"INFO","thread":"BftProcessorExecutor-QBFT-0","class":"QbftBesuControllerBuilder","message":"Imported #1,103 / 0 tx / 0 pending / 0 (0.0%) gas / (0xf62482835a29a9f50ed2d2c9c9f555eab075b93ce2b014d6cabe690dfa5e1170)","throwable":""}
{"timestamp":"2025-09-16T15:56:27,006","container":"e8fbc2c00ac2","level":"INFO","thread":"BftProcessorExecutor-QBFT-0","class":"QbftBesuControllerBuilder","message":"Produced #1,104 / 0 tx / 0 pending / 0 (0.0%) gas / (0x406e860f1add5c8597fed765f26d71a6317dd3b9abd7a89dbfad8ecf63b3c288)","throwable":""}
{"timestamp":"2025-09-16T15:56:35,006","container":"e8fbc2c00ac2","level":"INFO","thread":"BftProcessorExecutor-QBFT-0","class":"QbftBesuControllerBuilder","message":"Imported #1,105 / 0 tx / 0 pending / 0 (0.0%) gas / (0x80aa1c1dd4c6869046b62cd5a01f6138304d41bf53db1c75b056595aeb40596d)","throwable":""}
{"timestamp":"2025-09-16T15:56:43,007","container":"e8fbc2c00ac2","level":"INFO","thread":"EthScheduler-Workers-0","class":"PersistBlockTask","message":"Block 1106 (0x728b1e61548e8ab8f5147aadb741f7fd573443f4cfb1d241ee7b62d340591ef9) is already imported","throwable":""}
{"timestamp":"2025-09-16T15:56:43,007","container":"e8fbc2c00ac2","level":"INFO","thread":"BftProcessorExecutor-QBFT-0","class":"QbftBesuControllerBuilder","message":"Imported #1,106 / 0 tx / 0 pending / 0 (0.0%) gas / (0x728b1e61548e8ab8f5147aadb741f7fd573443f4cfb1d241ee7b62d340591ef9)","throwable":""}
{"timestamp":"2025-09-16T15:56:51,005","container":"e8fbc2c00ac2","level":"INFO","thread":"BftProcessorExecutor-QBFT-0","class":"QbftBesuControllerBuilder","message":"Imported #1,107 / 0 tx / 0 pending / 0 (0.0%) gas / (0x11b4b09a0f3cae4e20bb97177b9976ef5a1246eab38f90ada08816ceca42f1e7)","throwable":""}
{"timestamp":"2025-09-16T15:56:59,005","container":"e8fbc2c00ac2","level":"INFO","thread":"EthScheduler-Workers-0","class":"PersistBlockTask","message":"Block 1108 (0x0ad82525386612c071a2addde3c9f021f0f3ec7d6f0a2149ab8429cce07b93a1) is already imported","throwable":""}
{"timestamp":"2025-09-16T15:56:59,005","container":"e8fbc2c00ac2","level":"INFO","thread":"BftProcessorExecutor-QBFT-0","class":"QbftBesuControllerBuilder","message":"Produced #1,108 / 0 tx / 0 pending / 0 (0.0%) gas / (0x0ad82525386612c071a2addde3c9f021f0f3ec7d6f0a2149ab8429cce07b93a1)","throwable":""}
{"timestamp":"2025-09-16T15:57:07,004","container":"e8fbc2c00ac2","level":"INFO","thread":"BftProcessorExecutor-QBFT-0","class":"QbftBesuControllerBuilder","message":"Imported #1,109 / 0 tx / 0 pending / 0 (0.0%) gas / (0x0cf81bccb23852393cb946e1350addc4993dd03007968677a0859e9e45a725d4)","throwable":""}
{"timestamp":"2025-09-16T15:57:15,005","container":"e8fbc2c00ac2","level":"INFO","thread":"BftProcessorExecutor-QBFT-0","class":"QbftBesuControllerBuilder","message":"Imported #1,110 / 0 tx / 0 pending / 0 (0.0%) gas / (0xc352787ad7675e75a683a4e8ac3dfa526650235b365b75a16ab352c206a0efd9)","throwable":""}
{"timestamp":"2025-09-16T15:57:23,007","container":"e8fbc2c00ac2","level":"INFO","thread":"BftProcessorExecutor-QBFT-0","class":"QbftBesuControllerBuilder","message":"Imported #1,111 / 0 tx / 0 pending / 0 (0.0%) gas / (0xea53a8a9e9e1e66b7c7d7bbe62e0acac0a093879ee7a2f3b10c968bae0b8a3ad)","throwable":""}
{"timestamp":"2025-09-16T15:57:23,007","container":"e8fbc2c00ac2","level":"INFO","thread":"EthScheduler-Workers-0","class":"PersistBlockTask","message":"Block 1111 (0xea53a8a9e9e1e66b7c7d7bbe62e0acac0a093879ee7a2f3b10c968bae0b8a3ad) is already imported","throwable":""}
{"timestamp":"2025-09-16T15:57:31,006","container":"e8fbc2c00ac2","level":"INFO","thread":"EthScheduler-Workers-0","class":"PersistBlockTask","message":"Block 1112 (0xec6eff8a272dbbf8175291ff7807697d433dd32b6cced828a8833582c8823237) is already imported","throwable":""}
{"timestamp":"2025-09-16T15:57:31,006","container":"e8fbc2c00ac2","level":"INFO","thread":"BftProcessorExecutor-QBFT-0","class":"QbftBesuControllerBuilder","message":"Produced #1,112 / 0 tx / 0 pending / 0 (0.0%) gas / (0xec6eff8a272dbbf8175291ff7807697d433dd32b6cced828a8833582c8823237)","throwable":""}
{"timestamp":"2025-09-16T15:57:39,007","container":"e8fbc2c00ac2","level":"INFO","thread":"BftProcessorExecutor-QBFT-0","class":"QbftBesuControllerBuilder","message":"Imported #1,113 / 0 tx / 0 pending / 0 (0.0%) gas / (0x26e419a2c3b10c47fba145e39d02776af011959a68522e419a7d07615c771a77)","throwable":""}
{"timestamp":"2025-09-16T15:57:39,007","container":"e8fbc2c00ac2","level":"INFO","thread":"EthScheduler-Workers-0","class":"PersistBlockTask","message":"Block 1113 (0x26e419a2c3b10c47fba145e39d02776af011959a68522e419a7d07615c771a77) is already imported","throwable":""}
{"timestamp":"2025-09-16T15:57:47,004","container":"e8fbc2c00ac2","level":"INFO","thread":"BftProcessorExecutor-QBFT-0","class":"QbftBesuControllerBuilder","message":"Imported #1,114 / 0 tx / 0 pending / 0 (0.0%) gas / (0x49d1ad54043ce9ab9024cba50da1ea9c84a825d6d54011b96357d492bc0eafff)","throwable":""}
{"timestamp":"2025-09-16T15:57:55,006","container":"e8fbc2c00ac2","level":"INFO","thread":"BftProcessorExecutor-QBFT-0","class":"QbftBesuControllerBuilder","message":"Imported #1,115 / 0 tx / 0 pending / 0 (0.0%) gas / (0x3fc077f5ec281b023c14003528a46aeca9b51041246d914b7dae458958b23b8d)","throwable":""}
{"timestamp":"2025-09-16T15:58:03,008","container":"e8fbc2c00ac2","level":"INFO","thread":"BftProcessorExecutor-QBFT-0","class":"QbftBesuControllerBuilder","message":"Produced #1,116 / 0 tx / 0 pending / 0 (0.0%) gas / (0x93e76a9b25a81e1ed758658d4cead848ad03ae673bbab0ed745b3239106bc9dd)","throwable":""}
{"timestamp":"2025-09-16T15:58:11,008","container":"e8fbc2c00ac2","level":"INFO","thread":"BftProcessorExecutor-QBFT-0","class":"QbftBesuControllerBuilder","message":"Imported #1,117 / 0 tx / 0 pending / 0 (0.0%) gas / (0x36f50c8d07304f2798f446b915bac67c7786f7ee933b072ff674e08eed01d23d)","throwable":""}
{"timestamp":"2025-09-16T15:58:19,006","container":"e8fbc2c00ac2","level":"INFO","thread":"BftProcessorExecutor-QBFT-0","class":"QbftBesuControllerBuilder","message":"Imported #1,118 / 0 tx / 0 pending / 0 (0.0%) gas / (0xdceec12d90364ffebee914afef7c48aa3cd106d9b25271144aeb696a4e78a528)","throwable":""}
{"timestamp":"2025-09-16T15:58:27,007","container":"e8fbc2c00ac2","level":"INFO","thread":"BftProcessorExecutor-QBFT-0","class":"QbftBesuControllerBuilder","message":"Imported #1,119 / 0 tx / 0 pending / 0 (0.0%) gas / (0x10a9ee30fc8cb8fdff93674030d63e755aa4c82c0bc7b2ee48be878b017c4f4b)","throwable":""}
{"timestamp":"2025-09-16T15:58:27,008","container":"e8fbc2c00ac2","level":"INFO","thread":"EthScheduler-Workers-0","class":"PersistBlockTask","message":"Block 1119 (0x10a9ee30fc8cb8fdff93674030d63e755aa4c82c0bc7b2ee48be878b017c4f4b) is already imported","throwable":""}
{"timestamp":"2025-09-16T15:58:35,007","container":"e8fbc2c00ac2","level":"INFO","thread":"BftProcessorExecutor-QBFT-0","class":"QbftBesuControllerBuilder","message":"Produced #1,120 / 0 tx / 0 pending / 0 (0.0%) gas / (0x38384241b049576d742391b898bf462d5fff618176dfb2c14d3f08ba2b88f929)","throwable":""}
{"timestamp":"2025-09-16T15:58:35,007","container":"e8fbc2c00ac2","level":"INFO","thread":"EthScheduler-Workers-0","class":"PersistBlockTask","message":"Imported #1,120 / 0 tx / 0 om / 0 (0.0%) gas / (0x38384241b049576d742391b898bf462d5fff618176dfb2c14d3f08ba2b88f929) in 0.001s. Peers: 5","throwable":""}
{"timestamp":"2025-09-16T15:58:43,005","container":"e8fbc2c00ac2","level":"INFO","thread":"BftProcessorExecutor-QBFT-0","class":"QbftBesuControllerBuilder","message":"Imported #1,121 / 0 tx / 0 pending / 0 (0.0%) gas / (0xf52650a79f3c8fa4975cf50e70bddc7f04f7de999cdd840e95f212966fcf04dc)","throwable":""}
{"timestamp":"2025-09-16T15:58:51,006","container":"e8fbc2c00ac2","level":"INFO","thread":"BftProcessorExecutor-QBFT-0","class":"QbftBesuControllerBuilder","message":"Imported #1,122 / 0 tx / 0 pending / 0 (0.0%) gas / (0xd1dde953471bf2b11353e4392cae88b660309c65a42aa6bbb5ee56cebd8877fa)","throwable":""}
{"timestamp":"2025-09-16T15:58:59,005","container":"e8fbc2c00ac2","level":"INFO","thread":"BftProcessorExecutor-QBFT-0","class":"QbftBesuControllerBuilder","message":"Imported #1,123 / 0 tx / 0 pending / 0 (0.0%) gas / (0xc23da32da8f2f41743d7fdf802794af6514145a2875e91778ebd59af6b25d718)","throwable":""}
{"timestamp":"2025-09-16T15:59:07,006","container":"e8fbc2c00ac2","level":"INFO","thread":"BftProcessorExecutor-QBFT-0","class":"QbftBesuControllerBuilder","message":"Produced #1,124 / 0 tx / 0 pending / 0 (0.0%) gas / (0x0697e8561b8d8f8a7dd723c57c476a3d4784831cf6b0b24c54185a48e01c67e6)","throwable":""}
{"timestamp":"2025-09-16T15:59:15,005","container":"e8fbc2c00ac2","level":"INFO","thread":"EthScheduler-Workers-0","class":"PersistBlockTask","message":"Block 1125 (0x4f7761e91f1b2155405049a2a1abe2d5796a77d011d0da8fdcc5eeee1574e789) is already imported","throwable":""}
{"timestamp":"2025-09-16T15:59:15,005","container":"e8fbc2c00ac2","level":"INFO","thread":"BftProcessorExecutor-QBFT-0","class":"QbftBesuControllerBuilder","message":"Imported #1,125 / 0 tx / 0 pending / 0 (0.0%) gas / (0x4f7761e91f1b2155405049a2a1abe2d5796a77d011d0da8fdcc5eeee1574e789)","throwable":""}
{"timestamp":"2025-09-16T15:59:23,009","container":"e8fbc2c00ac2","level":"INFO","thread":"EthScheduler-Workers-0","class":"PersistBlockTask","message":"Block 1126 (0x446aa5bca71cbad9265c445db86c54ec3e701642d118e8c7b5fa2a5def4054d2) is already imported","throwable":""}
{"timestamp":"2025-09-16T15:59:23,009","container":"e8fbc2c00ac2","level":"INFO","thread":"BftProcessorExecutor-QBFT-0","class":"QbftBesuControllerBuilder","message":"Imported #1,126 / 0 tx / 0 pending / 0 (0.0%) gas / (0x446aa5bca71cbad9265c445db86c54ec3e701642d118e8c7b5fa2a5def4054d2)","throwable":""}
{"timestamp":"2025-09-16T15:59:31,005","container":"e8fbc2c00ac2","level":"INFO","thread":"BftProcessorExecutor-QBFT-0","class":"QbftBesuControllerBuilder","message":"Imported #1,127 / 0 tx / 0 pending / 0 (0.0%) gas / (0xc7c640f6b3832aa38f69b49cd9bd44e96d5152d364018156ad4488df7919aff3)","throwable":""}
{"timestamp":"2025-09-16T15:59:39,005","container":"e8fbc2c00ac2","level":"INFO","thread":"BftProcessorExecutor-QBFT-0","class":"QbftBesuControllerBuilder","message":"Produced #1,128 / 0 tx / 0 pending / 0 (0.0%) gas / (0x5c8b24222b010bc654eef4c17b6e5b6ebd394bbb001f5f39db392bae935f4a6c)","throwable":""}
{"timestamp":"2025-09-16T15:59:47,006","container":"e8fbc2c00ac2","level":"INFO","thread":"BftProcessorExecutor-QBFT-0","class":"QbftBesuControllerBuilder","message":"Imported #1,129 / 0 tx / 0 pending / 0 (0.0%) gas / (0x61e106c9f056f734aacf2c2d146a87e4e42ba3d9182501e6c343e937b99a804f)","throwable":""}
{"timestamp":"2025-09-16T15:59:55,005","container":"e8fbc2c00ac2","level":"INFO","thread":"BftProcessorExecutor-QBFT-0","class":"QbftBesuControllerBuilder","message":"Imported #1,130 / 0 tx / 0 pending / 0 (0.0%) gas / (0xd0dcb82b4b4f47fe7c48fe303841d6c069a87a91875769cab55e1dd2071d4410)","throwable":""}
{"timestamp":"2025-09-16T16:00:03,016","container":"e8fbc2c00ac2","level":"INFO","thread":"BftProcessorExecutor-QBFT-0","class":"QbftBesuControllerBuilder","message":"Imported #1,131 / 0 tx / 0 pending / 0 (0.0%) gas / (0x092e383d8a2005b70f1619467bef4d824a8df228f394432a3120bb22e08e2fb8)","throwable":""}
{"timestamp":"2025-09-16T16:00:11,006","container":"e8fbc2c00ac2","level":"INFO","thread":"BftProcessorExecutor-QBFT-0","class":"QbftBesuControllerBuilder","message":"Produced #1,132 / 0 tx / 0 pending / 0 (0.0%) gas / (0x87ff850df8aef2a2525646dc9f4a9dba189c98d1422adc1f130fd11809f48154)","throwable":""}
{"timestamp":"2025-09-16T16:00:19,005","container":"e8fbc2c00ac2","level":"INFO","thread":"BftProcessorExecutor-QBFT-0","class":"QbftBesuControllerBuilder","message":"Imported #1,133 / 0 tx / 0 pending / 0 (0.0%) gas / (0x668173aa01eb6e501a3bddc7c1fbc194d85c82f4cb3be0931895e4ccfeb4374b)","throwable":""}
{"timestamp":"2025-09-16T16:00:27,007","container":"e8fbc2c00ac2","level":"INFO","thread":"BftProcessorExecutor-QBFT-0","class":"QbftBesuControllerBuilder","message":"Imported #1,134 / 0 tx / 0 pending / 0 (0.0%) gas / (0xd3029e62c065f6f651c6f6c709f0df0c28f3be1d1450708282f3dd9929001173)","throwable":""}
{"timestamp":"2025-09-16T16:00:27,007","container":"e8fbc2c00ac2","level":"INFO","thread":"EthScheduler-Workers-0","class":"PersistBlockTask","message":"Block 1134 (0xd3029e62c065f6f651c6f6c709f0df0c28f3be1d1450708282f3dd9929001173) is already imported","throwable":""}
{"timestamp":"2025-09-16T16:00:35,005","container":"e8fbc2c00ac2","level":"INFO","thread":"BftProcessorExecutor-QBFT-0","class":"QbftBesuControllerBuilder","message":"Imported #1,135 / 0 tx / 0 pending / 0 (0.0%) gas / (0x1894e54f8a4d11c707beab2ed95de999887151f871dff06f2ce52fc235bf5f99)","throwable":""}
{"timestamp":"2025-09-16T16:00:43,006","container":"e8fbc2c00ac2","level":"INFO","thread":"EthScheduler-Workers-0","class":"PersistBlockTask","message":"Imported #1,136 / 0 tx / 0 om / 0 (0.0%) gas / (0xe63fbbfaf6ddd3804c7dd4b7cbabe5f9e18cb3ec0bd767444f0920c98135d1c9) in 0.001s. Peers: 5","throwable":""}
{"timestamp":"2025-09-16T16:00:43,007","container":"e8fbc2c00ac2","level":"INFO","thread":"BftProcessorExecutor-QBFT-0","class":"QbftBesuControllerBuilder","message":"Produced #1,136 / 0 tx / 0 pending / 0 (0.0%) gas / (0xe63fbbfaf6ddd3804c7dd4b7cbabe5f9e18cb3ec0bd767444f0920c98135d1c9)","throwable":""}
{"timestamp":"2025-09-16T16:00:51,006","container":"e8fbc2c00ac2","level":"INFO","thread":"BftProcessorExecutor-QBFT-0","class":"QbftBesuControllerBuilder","message":"Imported #1,137 / 0 tx / 0 pending / 0 (0.0%) gas / (0x6343552a08b26a5155e53f32605fdd64936a11738c6a65a97e76539740403702)","throwable":""}
{"timestamp":"2025-09-16T16:00:59,006","container":"e8fbc2c00ac2","level":"INFO","thread":"BftProcessorExecutor-QBFT-0","class":"QbftBesuControllerBuilder","message":"Imported #1,138 / 0 tx / 0 pending / 0 (0.0%) gas / (0x25149a0885a7f3030fc68a831d63add96848aba7661d794a5b673fde2960cdd9)","throwable":""}
{"timestamp":"2025-09-16T16:01:07,005","container":"e8fbc2c00ac2","level":"INFO","thread":"BftProcessorExecutor-QBFT-0","class":"QbftBesuControllerBuilder","message":"Imported #1,139 / 0 tx / 0 pending / 0 (0.0%) gas / (0x0a3743e96fe2298f05b002a99c3758e500df2d65d47d1a10d6a5e69a63025d10)","throwable":""}
{"timestamp":"2025-09-16T16:01:15,005","container":"e8fbc2c00ac2","level":"INFO","thread":"BftProcessorExecutor-QBFT-0","class":"QbftBesuControllerBuilder","message":"Produced #1,140 / 0 tx / 0 pending / 0 (0.0%) gas / (0x01245a98d56b97a521a72ecfd038c3d563d3fd5cdf249c5b8419c44e1c892519)","throwable":""}
{"timestamp":"2025-09-16T16:01:23,005","container":"e8fbc2c00ac2","level":"INFO","thread":"BftProcessorExecutor-QBFT-0","class":"QbftBesuControllerBuilder","message":"Imported #1,141 / 0 tx / 0 pending / 0 (0.0%) gas / (0xb274b10f5f4c3a05b41fdf283e52844a82662c94f7f0ae30fe44f020396bf613)","throwable":""}
{"timestamp":"2025-09-16T16:01:31,005","container":"e8fbc2c00ac2","level":"INFO","thread":"BftProcessorExecutor-QBFT-0","class":"QbftBesuControllerBuilder","message":"Imported #1,142 / 0 tx / 0 pending / 0 (0.0%) gas / (0x5b0af7fc9578b26d5ee31f13c6fe2f8b6806a40de54c680446fb270bad9f3f9c)","throwable":""}
{"timestamp":"2025-09-16T16:01:39,005","container":"e8fbc2c00ac2","level":"INFO","thread":"BftProcessorExecutor-QBFT-0","class":"QbftBesuControllerBuilder","message":"Imported #1,143 / 0 tx / 0 pending / 0 (0.0%) gas / (0x97e82976f1a2bf848028ea18cb22c4199d970efe8ae897bc2948dd1c50448c7b)","throwable":""}
{"timestamp":"2025-09-16T16:01:47,005","container":"e8fbc2c00ac2","level":"INFO","thread":"BftProcessorExecutor-QBFT-0","class":"QbftBesuControllerBuilder","message":"Produced #1,144 / 0 tx / 0 pending / 0 (0.0%) gas / (0xbb0f4683e541a4c14627f8d4e86aeea39388cb7ced8fe6509017f0c0955a68cf)","throwable":""}
{"timestamp":"2025-09-16T16:01:55,006","container":"e8fbc2c00ac2","level":"INFO","thread":"BftProcessorExecutor-QBFT-0","class":"QbftBesuControllerBuilder","message":"Imported #1,145 / 0 tx / 0 pending / 0 (0.0%) gas / (0x7ee84dc22baeeed8f4ff5ef7a6c9bbc8f54303c568c1a3353850d0991857840c)","throwable":""}
{"timestamp":"2025-09-16T16:02:03,005","container":"e8fbc2c00ac2","level":"INFO","thread":"BftProcessorExecutor-QBFT-0","class":"QbftBesuControllerBuilder","message":"Imported #1,146 / 0 tx / 0 pending / 0 (0.0%) gas / (0x81cb0ca035c335dc14278cae6efb9a2bb41c58d5ae598dedb46345495ad979dd)","throwable":""}
{"timestamp":"2025-09-16T16:02:11,005","container":"e8fbc2c00ac2","level":"INFO","thread":"BftProcessorExecutor-QBFT-0","class":"QbftBesuControllerBuilder","message":"Imported #1,147 / 0 tx / 0 pending / 0 (0.0%) gas / (0x3711836a64a63fa02af768029e4c18e046212161104e564e491da7f42bdbb94d)","throwable":""}
{"timestamp":"2025-09-16T16:02:19,005","container":"e8fbc2c00ac2","level":"INFO","thread":"BftProcessorExecutor-QBFT-0","class":"QbftBesuControllerBuilder","message":"Produced #1,148 / 0 tx / 0 pending / 0 (0.0%) gas / (0x91816da5c0020a235320dd13bb400ec171974db194612c2183012c3c1f3c84f3)","throwable":""}
{"timestamp":"2025-09-16T16:02:27,005","container":"e8fbc2c00ac2","level":"INFO","thread":"BftProcessorExecutor-QBFT-0","class":"QbftBesuControllerBuilder","message":"Imported #1,149 / 0 tx / 0 pending / 0 (0.0%) gas / (0x0183fdf686268ae440bf611fa72a57e63e3dca38fd4b29864fc3a15ef44f9724)","throwable":""}
{"timestamp":"2025-09-17T02:20:04,180","container":"e8fbc2c00ac2","level":"INFO","thread":"main","class":"Besu","message":"Starting Besu","throwable":""}
{"timestamp":"2025-09-17T02:20:04,753","container":"e8fbc2c00ac2","level":"WARN","thread":"main","class":"Besu","message":"--min-gas-price has been ignored because --miner-enabled was not defined on the command line.","throwable":""}
{"timestamp":"2025-09-17T02:20:06,042","container":"e8fbc2c00ac2","level":"INFO","thread":"main","class":"Besu","message":"
####################################################################################################
#                                                                                                  #
# Besu version 23.4.1                                                                              #
#                                                                                                  #
# Configuration:                                                                                   #
# Network: Custom genesis file specified                                                           #
# Network Id: 1337                                                                                 #
# Data storage: Forest                                                                             #
# Sync mode: Full                                                                                  #
# RPC HTTP APIs: EEA,WEB3,ETH,NET,TRACE,DEBUG,ADMIN,TXPOOL,PRIV,PERM,QBFT                          #
# RPC HTTP port: 8545                                                                              #
#                                                                                                  #
# Host:                                                                                            #
# Java: openjdk-java-17                                                                            #
# Maximum heap size: 3.87 GB                                                                       #
# OS: linux-x86_64                                                                                 #
# glibc: 2.35                                                                                      #
# jemalloc: 5.2.1-0-gea6b3e973b477b8061e0076bb257dbd7f3faa756                                      #
# Total memory: 15.48 GB                                                                           #
# CPU cores: 20                                                                                    #
#                                                                                                  #
####################################################################################################","throwable":""}
{"timestamp":"2025-09-17T02:20:06,044","container":"e8fbc2c00ac2","level":"INFO","thread":"main","class":"Besu","message":"Connecting to 8 static nodes.","throwable":""}
{"timestamp":"2025-09-17T02:20:06,045","container":"e8fbc2c00ac2","level":"INFO","thread":"main","class":"Besu","message":"Security Module: localfile","throwable":""}
{"timestamp":"2025-09-17T02:20:06,085","container":"e8fbc2c00ac2","level":"INFO","thread":"main","class":"Besu","message":"Using the native implementation of alt bn128","throwable":""}
{"timestamp":"2025-09-17T02:20:06,116","container":"e8fbc2c00ac2","level":"INFO","thread":"main","class":"Besu","message":"Using the native implementation of modexp","throwable":""}
{"timestamp":"2025-09-17T02:20:06,117","container":"e8fbc2c00ac2","level":"INFO","thread":"main","class":"Besu","message":"Using the native implementation of the signature algorithm","throwable":""}
{"timestamp":"2025-09-17T02:20:06,119","container":"e8fbc2c00ac2","level":"INFO","thread":"main","class":"Besu","message":"Using the native implementation of the blake2bf algorithm","throwable":""}
{"timestamp":"2025-09-17T02:20:06,133","container":"e8fbc2c00ac2","level":"INFO","thread":"main","class":"DatabaseMetadata","message":"Lookup database metadata file in data directory: /opt/besu/data","throwable":""}
{"timestamp":"2025-09-17T02:20:06,173","container":"e8fbc2c00ac2","level":"INFO","thread":"main","class":"RocksDBKeyValueStorageFactory","message":"Existing database detected at /opt/besu/data. Version 1. Compacting database...","throwable":""}
{"timestamp":"2025-09-17T02:20:06,791","container":"e8fbc2c00ac2","level":"INFO","thread":"main","class":"KeyPairUtil","message":"Loaded public key 0xb9050e002aa42464e6b07c811a1f9dfec01249af03f67b753e8415420649b184447bb2a784863ccbf327ad9e31aaba803464979dfe6a7facc669151a5fa6ad1b from /opt/besu/keys/nodekey","throwable":""}
{"timestamp":"2025-09-17T02:20:06,797","container":"e8fbc2c00ac2","level":"WARN","thread":"main","class":"Besu","message":"Privacy is disabled. Cannot use EEA/PRIV API methods when not using Privacy.","throwable":""}
{"timestamp":"2025-09-17T02:20:07,097","container":"e8fbc2c00ac2","level":"INFO","thread":"main","class":"ProtocolScheduleBuilder","message":"Protocol schedule created with milestones: [GrayGlacier: 0]","throwable":""}
{"timestamp":"2025-09-17T02:20:07,298","container":"e8fbc2c00ac2","level":"INFO","thread":"main","class":"TransactionPoolFactory","message":"Enabling transaction pool","throwable":""}
{"timestamp":"2025-09-17T02:20:07,320","container":"e8fbc2c00ac2","level":"INFO","thread":"main","class":"BesuControllerBuilder","message":"TTD difficulty is not present, creating initial sync phase for PoW","throwable":""}
{"timestamp":"2025-09-17T02:20:07,412","container":"e8fbc2c00ac2","level":"INFO","thread":"main","class":"RunnerBuilder","message":"Detecting NAT service.","throwable":""}
{"timestamp":"2025-09-17T02:20:09,022","container":"e8fbc2c00ac2","level":"INFO","thread":"main","class":"Runner","message":"Starting external services ... ","throwable":""}
{"timestamp":"2025-09-17T02:20:09,023","container":"e8fbc2c00ac2","level":"INFO","thread":"main","class":"MetricsHttpService","message":"Starting metrics http service on 0.0.0.0:9545","throwable":""}
{"timestamp":"2025-09-17T02:20:09,232","container":"e8fbc2c00ac2","level":"INFO","thread":"vert.x-eventloop-thread-1","class":"MetricsHttpService","message":"Metrics service started and listening on 0.0.0.0:9545","throwable":""}
{"timestamp":"2025-09-17T02:20:09,238","container":"e8fbc2c00ac2","level":"INFO","thread":"main","class":"JsonRpcHttpService","message":"Starting JSON-RPC service on 0.0.0.0:8545","throwable":""}
{"timestamp":"2025-09-17T02:20:09,262","container":"e8fbc2c00ac2","level":"INFO","thread":"vert.x-eventloop-thread-1","class":"JsonRpcHttpService","message":"JSON-RPC service started and listening on 0.0.0.0:8545","throwable":""}
{"timestamp":"2025-09-17T02:20:09,268","container":"e8fbc2c00ac2","level":"INFO","thread":"main","class":"GraphQLHttpService","message":"Starting GraphQL HTTP service on 0.0.0.0:8547","throwable":""}
{"timestamp":"2025-09-17T02:20:09,271","container":"e8fbc2c00ac2","level":"INFO","thread":"vert.x-eventloop-thread-1","class":"GraphQLHttpService","message":"GraphQL HTTP service started and listening on 0.0.0.0:8547","throwable":""}
{"timestamp":"2025-09-17T02:20:09,272","container":"e8fbc2c00ac2","level":"INFO","thread":"main","class":"WebSocketService","message":"Starting Websocket service on 0.0.0.0:8546","throwable":""}
{"timestamp":"2025-09-17T02:20:09,277","container":"e8fbc2c00ac2","level":"INFO","thread":"vert.x-eventloop-thread-1","class":"WebSocketService","message":"Websocket service started and listening on 0.0.0.0:8546","throwable":""}
{"timestamp":"2025-09-17T02:20:09,281","container":"e8fbc2c00ac2","level":"INFO","thread":"main","class":"AutoTransactionLogBloomCachingService","message":"Starting auto transaction log bloom caching service.","throwable":""}
{"timestamp":"2025-09-17T02:20:09,282","container":"e8fbc2c00ac2","level":"INFO","thread":"main","class":"LogBloomCacheMetadata","message":"Lookup cache metadata file in data directory: /opt/besu/data/caches","throwable":""}
{"timestamp":"2025-09-17T02:20:09,305","container":"e8fbc2c00ac2","level":"INFO","thread":"main","class":"Runner","message":"Starting Ethereum main loop ... ","throwable":""}
{"timestamp":"2025-09-17T02:20:09,307","container":"e8fbc2c00ac2","level":"INFO","thread":"main","class":"DockerNatManager","message":"Starting docker NAT manager.","throwable":""}
{"timestamp":"2025-09-17T02:20:10,749","container":"e8fbc2c00ac2","level":"INFO","thread":"main","class":"NetworkRunner","message":"Starting Network.","throwable":""}
{"timestamp":"2025-09-17T02:20:10,762","container":"e8fbc2c00ac2","level":"INFO","thread":"nioEventLoopGroup-2-1","class":"RlpxAgent","message":"P2P RLPx agent started and listening on /[0:0:0:0:0:0:0:0]:30303.","throwable":""}
{"timestamp":"2025-09-17T02:20:10,763","container":"e8fbc2c00ac2","level":"INFO","thread":"main","class":"PeerDiscoveryAgent","message":"Starting peer discovery agent on host=0.0.0.0, port=30303","throwable":""}
{"timestamp":"2025-09-17T02:20:10,792","container":"e8fbc2c00ac2","level":"INFO","thread":"vert.x-eventloop-thread-1","class":"VertxPeerDiscoveryAgent","message":"Started peer discovery agent successfully, on effective host=0:0:0:0:0:0:0:0%0 and port=30303","throwable":""}
{"timestamp":"2025-09-17T02:20:10,794","container":"e8fbc2c00ac2","level":"INFO","thread":"vert.x-eventloop-thread-1","class":"PeerDiscoveryAgent","message":"P2P peer discovery agent started and listening on /[0:0:0:0:0:0:0:0%0]:30303","throwable":""}
{"timestamp":"2025-09-17T02:20:10,865","container":"e8fbc2c00ac2","level":"INFO","thread":"vert.x-eventloop-thread-1","class":"PeerDiscoveryAgent","message":"Writing node record to disk. NodeRecord{seq=2, publicKey=0x03b9050e002aa42464e6b07c811a1f9dfec01249af03f67b753e8415420649b184, udpAddress=Optional[/172.16.239.12:30303], tcpAddress=Optional[/172.16.239.12:30303], asBase64=-Je4QCN1iy5Dzbo16WU_q4abB42qdhgRKqV1lvRX867KAl9gASQm-ut-JnmGZ2Yn85ibrCD9V8hRvhA6bwMPSaoaZy4Cg2V0aMfGhGpSrW2AgmlkgnY0gmlwhKwQ7wyJc2VjcDI1NmsxoQO5BQ4AKqQkZOawfIEaH53-wBJJrwP2e3U-hBVCBkmxhIN0Y3CCdl-DdWRwgnZf, nodeId=0x27059b2392ab7830b38b2f4d27a97c9aaf04f18f3014c32e036dd0ac76da5f18, customFields={tcp=30303, udp=30303, ip=0xac10ef0c, eth=[[0x6a52ad6d, 0x]], id=V4, secp256k1=0x03b9050e002aa42464e6b07c811a1f9dfec01249af03f67b753e8415420649b184}}","throwable":""}
{"timestamp":"2025-09-17T02:20:10,970","container":"e8fbc2c00ac2","level":"INFO","thread":"main","class":"DefaultP2PNetwork","message":"Enode URL enode://b9050e002aa42464e6b07c811a1f9dfec01249af03f67b753e8415420649b184447bb2a784863ccbf327ad9e31aaba803464979dfe6a7facc669151a5fa6ad1b@172.16.239.12:30303","throwable":""}
{"timestamp":"2025-09-17T02:20:10,970","container":"e8fbc2c00ac2","level":"INFO","thread":"main","class":"DefaultP2PNetwork","message":"Node address 0x27a97c9aaf04f18f3014c32e036dd0ac76da5f18","throwable":""}
{"timestamp":"2025-09-17T02:20:11,316","container":"e8fbc2c00ac2","level":"INFO","thread":"main","class":"NetworkRunner","message":"Supported capabilities: [eth/62, eth/63, eth/64, eth/65, eth/66, eth/67, eth/68], [istanbul/100], [snap/1]","throwable":""}
{"timestamp":"2025-09-17T02:20:11,317","container":"e8fbc2c00ac2","level":"INFO","thread":"main","class":"DefaultSynchronizer","message":"Starting synchronizer.","throwable":""}
{"timestamp":"2025-09-17T02:20:11,322","container":"e8fbc2c00ac2","level":"INFO","thread":"main","class":"TransactionPoolFactory","message":"Enabling transaction handling following initial sync","throwable":""}
{"timestamp":"2025-09-17T02:20:11,446","container":"e8fbc2c00ac2","level":"INFO","thread":"main","class":"FullSyncDownloader","message":"Starting full sync.","throwable":""}
{"timestamp":"2025-09-17T02:20:11,446","container":"e8fbc2c00ac2","level":"INFO","thread":"main","class":"FullSyncTargetManager","message":"Unable to find sync target. Currently checking 0 peers for usefulness","throwable":""}
{"timestamp":"2025-09-17T02:20:12,436","container":"e8fbc2c00ac2","level":"INFO","thread":"nioEventLoopGroup-3-1","class":"FullSyncTargetManager","message":"Unable to find sync target. Currently checking 5 peers for usefulness","throwable":""}
{"timestamp":"2025-09-17T02:20:12,832","container":"e8fbc2c00ac2","level":"INFO","thread":"main","class":"Runner","message":"Ethereum main loop is up.","throwable":""}
{"timestamp":"2025-09-17T02:20:12,860","container":"e8fbc2c00ac2","level":"INFO","thread":"EthScheduler-Workers-0","class":"PersistBlockTask","message":"Imported #1,147 / 0 tx / 0 om / 0 (0.0%) gas / (0xea6d4cba2d11d772b2dc2fee343850b5bcff98cc4e9b6fb4fe2b5f8f5beec385) in 0.022s. Peers: 5","throwable":""}
{"timestamp":"2025-09-17T02:20:21,477","container":"e8fbc2c00ac2","level":"INFO","thread":"BftProcessorExecutor-QBFT-0","class":"QbftBesuControllerBuilder","message":"Produced #1,148 / 0 tx / 0 pending / 0 (0.0%) gas / (0x6599636637a10c5fddb01fc4601f02bb89e3a7dac8b578e3e763e16503b0fe55)","throwable":""}
{"timestamp":"2025-09-17T02:20:29,038","container":"e8fbc2c00ac2","level":"INFO","thread":"BftProcessorExecutor-QBFT-0","class":"QbftBesuControllerBuilder","message":"Imported #1,149 / 0 tx / 0 pending / 0 (0.0%) gas / (0x79d75f9a1c60eed030f044b4f219784fa445cc86ac4782ca070f67355eb99b0a)","throwable":""}
{"timestamp":"2025-09-17T02:20:37,029","container":"e8fbc2c00ac2","level":"INFO","thread":"BftProcessorExecutor-QBFT-0","class":"QbftBesuControllerBuilder","message":"Imported #1,150 / 0 tx / 0 pending / 0 (0.0%) gas / (0xcf171d610a05e10858d4f7aada2a71de99b781223aaf978b90ac2779e76d3ef7)","throwable":""}
{"timestamp":"2025-09-17T02:20:45,018","container":"e8fbc2c00ac2","level":"INFO","thread":"BftProcessorExecutor-QBFT-0","class":"QbftBesuControllerBuilder","message":"Imported #1,151 / 0 tx / 0 pending / 0 (0.0%) gas / (0xc8cb58b65ae3db4e1d41e6300d3859891ad3981a82bc6a381186deacfbb60182)","throwable":""}
{"timestamp":"2025-09-17T02:20:53,657","container":"e8fbc2c00ac2","level":"INFO","thread":"EthScheduler-Workers-0","class":"PersistBlockTask","message":"Block 1152 (0x8b07c278e747a456114e0a2a9c3cf951b4ea637643b76614a5c9e0469f07b4e7) is already imported","throwable":""}
{"timestamp":"2025-09-17T02:20:53,657","container":"e8fbc2c00ac2","level":"INFO","thread":"BftProcessorExecutor-QBFT-0","class":"QbftBesuControllerBuilder","message":"Produced #1,152 / 0 tx / 0 pending / 0 (0.0%) gas / (0x8b07c278e747a456114e0a2a9c3cf951b4ea637643b76614a5c9e0469f07b4e7)","throwable":""}
{"timestamp":"2025-09-17T02:21:02,011","container":"e8fbc2c00ac2","level":"INFO","thread":"BftProcessorExecutor-QBFT-0","class":"QbftBesuControllerBuilder","message":"Imported #1,153 / 0 tx / 0 pending / 0 (0.0%) gas / (0x8c3e8ba621c05e69e3d9a1159504eff4f561690c6955897d11924db3ff083f51)","throwable":""}
{"timestamp":"2025-09-17T02:21:10,018","container":"e8fbc2c00ac2","level":"INFO","thread":"EthScheduler-Workers-0","class":"PersistBlockTask","message":"Block 1154 (0x729085e8a25de65e5fb82145740f09e38adec059b5ce893b4e83b47fe01bd840) is already imported","throwable":""}
{"timestamp":"2025-09-17T02:21:10,019","container":"e8fbc2c00ac2","level":"INFO","thread":"BftProcessorExecutor-QBFT-0","class":"QbftBesuControllerBuilder","message":"Imported #1,154 / 0 tx / 0 pending / 0 (0.0%) gas / (0x729085e8a25de65e5fb82145740f09e38adec059b5ce893b4e83b47fe01bd840)","throwable":""}
{"timestamp":"2025-09-17T02:21:18,014","container":"e8fbc2c00ac2","level":"INFO","thread":"EthScheduler-Workers-0","class":"PersistBlockTask","message":"Imported #1,155 / 0 tx / 0 om / 0 (0.0%) gas / (0x232c20f707c69b78a972331b24ee99e42694475e259f7d6e8a6efb9ab8dd156f) in 0.001s. Peers: 5","throwable":""}
{"timestamp":"2025-09-17T02:21:26,535","container":"e8fbc2c00ac2","level":"INFO","thread":"EthScheduler-Workers-0","class":"PersistBlockTask","message":"Block 1156 (0xee26838b5c83d2d5203266fe3fd42ac0b33dbc4fb3531ebac75c7d79ccff783f) is already imported","throwable":""}
{"timestamp":"2025-09-17T02:21:26,536","container":"e8fbc2c00ac2","level":"INFO","thread":"BftProcessorExecutor-QBFT-0","class":"QbftBesuControllerBuilder","message":"Produced #1,156 / 0 tx / 0 pending / 0 (0.0%) gas / (0xee26838b5c83d2d5203266fe3fd42ac0b33dbc4fb3531ebac75c7d79ccff783f)","throwable":""}
{"timestamp":"2025-09-17T02:21:35,015","container":"e8fbc2c00ac2","level":"INFO","thread":"EthScheduler-Workers-0","class":"PersistBlockTask","message":"Block 1157 (0x17c3a8a30fa8c214ba9e997d4b150b0fa174ef3a900136326851bb78cf0f6527) is already imported","throwable":""}
{"timestamp":"2025-09-17T02:21:35,016","container":"e8fbc2c00ac2","level":"INFO","thread":"BftProcessorExecutor-QBFT-0","class":"QbftBesuControllerBuilder","message":"Imported #1,157 / 0 tx / 0 pending / 0 (0.0%) gas / (0x17c3a8a30fa8c214ba9e997d4b150b0fa174ef3a900136326851bb78cf0f6527)","throwable":""}
{"timestamp":"2025-09-17T02:21:43,019","container":"e8fbc2c00ac2","level":"INFO","thread":"BftProcessorExecutor-QBFT-0","class":"QbftBesuControllerBuilder","message":"Imported #1,158 / 0 tx / 0 pending / 0 (0.0%) gas / (0x9901adc111a4c54e2b7bc928fa50debc702e8c18421aa1cf9b5c14f44804043e)","throwable":""}
{"timestamp":"2025-09-17T02:21:51,011","container":"e8fbc2c00ac2","level":"INFO","thread":"BftProcessorExecutor-QBFT-0","class":"QbftBesuControllerBuilder","message":"Imported #1,159 / 0 tx / 0 pending / 0 (0.0%) gas / (0x921e32fee1472693033f0565346eeff7c4954ca021ab81247b3d947d4d9a560e)","throwable":""}
{"timestamp":"2025-09-17T02:21:59,683","container":"e8fbc2c00ac2","level":"INFO","thread":"BftProcessorExecutor-QBFT-0","class":"QbftBesuControllerBuilder","message":"Produced #1,160 / 0 tx / 0 pending / 0 (0.0%) gas / (0x9916319f3263506df6b18dc640b5eda48a517fe8e890365daba4e5d7792f6303)","throwable":""}
{"timestamp":"2025-09-17T02:22:08,012","container":"e8fbc2c00ac2","level":"INFO","thread":"BftProcessorExecutor-QBFT-0","class":"QbftBesuControllerBuilder","message":"Imported #1,161 / 0 tx / 0 pending / 0 (0.0%) gas / (0x92b8586bbe4accc3e388cdeaa8a3c421b3e325f6caa12d4a33d1b36f54cd0635)","throwable":""}
{"timestamp":"2025-09-17T02:22:16,012","container":"e8fbc2c00ac2","level":"INFO","thread":"BftProcessorExecutor-QBFT-0","class":"QbftBesuControllerBuilder","message":"Imported #1,162 / 0 tx / 0 pending / 0 (0.0%) gas / (0xe8ba8da22bd8f076c601eb1d47c47f4ac50cbce72f019a24f64fa44468463936)","throwable":""}
{"timestamp":"2025-09-17T02:22:24,011","container":"e8fbc2c00ac2","level":"INFO","thread":"BftProcessorExecutor-QBFT-0","class":"QbftBesuControllerBuilder","message":"Imported #1,163 / 0 tx / 0 pending / 0 (0.0%) gas / (0xa7e3f5d15eedc8f15fa571f9b2bc45a6c4686af70604d0ffb30e0e08a8db4964)","throwable":""}
{"timestamp":"2025-09-17T02:22:32,585","container":"e8fbc2c00ac2","level":"INFO","thread":"BftProcessorExecutor-QBFT-0","class":"QbftBesuControllerBuilder","message":"Produced #1,164 / 0 tx / 0 pending / 0 (0.0%) gas / (0x17184701e62e9d57c2fa3e0805eed7103b04447dc4080309ba9246452586a182)","throwable":""}
{"timestamp":"2025-09-17T02:22:41,011","container":"e8fbc2c00ac2","level":"INFO","thread":"BftProcessorExecutor-QBFT-0","class":"QbftBesuControllerBuilder","message":"Imported #1,165 / 0 tx / 0 pending / 0 (0.0%) gas / (0xf30f34471a6a20beb92dad22e5d17b1b7490b43574371b5469d151ec65d8d943)","throwable":""}
{"timestamp":"2025-09-17T02:22:49,014","container":"e8fbc2c00ac2","level":"INFO","thread":"BftProcessorExecutor-QBFT-0","class":"QbftBesuControllerBuilder","message":"Imported #1,166 / 0 tx / 0 pending / 0 (0.0%) gas / (0x3fad3ac12f303767113373aaead7854ad7a49c3d8bb6d940d7116754a586bf1c)","throwable":""}
{"timestamp":"2025-09-17T02:22:57,012","container":"e8fbc2c00ac2","level":"INFO","thread":"BftProcessorExecutor-QBFT-0","class":"QbftBesuControllerBuilder","message":"Imported #1,167 / 0 tx / 0 pending / 0 (0.0%) gas / (0xc623b56e2978822a31be07bb9fc9e94890cf1bb31c534909941277dbd53cb337)","throwable":""}
{"timestamp":"2025-09-17T02:23:05,614","container":"e8fbc2c00ac2","level":"INFO","thread":"BftProcessorExecutor-QBFT-0","class":"QbftBesuControllerBuilder","message":"Produced #1,168 / 0 tx / 0 pending / 0 (0.0%) gas / (0x32f8f9bbee00cb98fd141b7be6526adcacbdfdd8090db90d9cbe03a277d77e65)","throwable":""}
{"timestamp":"2025-09-17T02:23:14,010","container":"e8fbc2c00ac2","level":"INFO","thread":"EthScheduler-Workers-0","class":"PersistBlockTask","message":"Block 1169 (0xa2ed69ac1605737ff5eea29dbbc593dc8db47da7cb97121068ef9e7594e135dc) is already imported","throwable":""}
{"timestamp":"2025-09-17T02:23:14,010","container":"e8fbc2c00ac2","level":"INFO","thread":"BftProcessorExecutor-QBFT-0","class":"QbftBesuControllerBuilder","message":"Imported #1,169 / 0 tx / 0 pending / 0 (0.0%) gas / (0xa2ed69ac1605737ff5eea29dbbc593dc8db47da7cb97121068ef9e7594e135dc)","throwable":""}
{"timestamp":"2025-09-17T02:23:22,010","container":"e8fbc2c00ac2","level":"INFO","thread":"BftProcessorExecutor-QBFT-0","class":"QbftBesuControllerBuilder","message":"Imported #1,170 / 0 tx / 0 pending / 0 (0.0%) gas / (0x56438dca7cadf68b65e5633259cf50e86ac080584177ad3ed796b2bb770874e8)","throwable":""}
{"timestamp":"2025-09-17T02:23:30,012","container":"e8fbc2c00ac2","level":"INFO","thread":"EthScheduler-Workers-0","class":"PersistBlockTask","message":"Block 1171 (0x0b5d5f4674060f52e36c2def25ff3661a232b7ea737ee96897df5f86bebddb41) is already imported","throwable":""}
{"timestamp":"2025-09-17T02:23:30,012","container":"e8fbc2c00ac2","level":"INFO","thread":"BftProcessorExecutor-QBFT-0","class":"QbftBesuControllerBuilder","message":"Imported #1,171 / 0 tx / 0 pending / 0 (0.0%) gas / (0x0b5d5f4674060f52e36c2def25ff3661a232b7ea737ee96897df5f86bebddb41)","throwable":""}
{"timestamp":"2025-09-17T02:23:38,641","container":"e8fbc2c00ac2","level":"INFO","thread":"BftProcessorExecutor-QBFT-0","class":"QbftBesuControllerBuilder","message":"Produced #1,172 / 0 tx / 0 pending / 0 (0.0%) gas / (0x7a19c7e89a8e9fd1c63dc75f7a4ad210a15d0362fff326f8393e36042f4e79dc)","throwable":""}
{"timestamp":"2025-09-17T02:23:47,009","container":"e8fbc2c00ac2","level":"INFO","thread":"BftProcessorExecutor-QBFT-0","class":"QbftBesuControllerBuilder","message":"Imported #1,173 / 0 tx / 0 pending / 0 (0.0%) gas / (0xc244744041db619c6bb1709acfe5c9d544a6ebfb1f2242fdbb15598633b1d4f0)","throwable":""}
{"timestamp":"2025-09-17T02:23:55,010","container":"e8fbc2c00ac2","level":"INFO","thread":"BftProcessorExecutor-QBFT-0","class":"QbftBesuControllerBuilder","message":"Imported #1,174 / 0 tx / 0 pending / 0 (0.0%) gas / (0xaacdddfb5967d899dcf79666271b30925c3245d7a51d8c1f9a472041368f87fb)","throwable":""}
{"timestamp":"2025-09-17T02:24:03,010","container":"e8fbc2c00ac2","level":"INFO","thread":"BftProcessorExecutor-QBFT-0","class":"QbftBesuControllerBuilder","message":"Imported #1,175 / 0 tx / 0 pending / 0 (0.0%) gas / (0x44871ec7a70ca75737e81e430cca6c6a58d193b4f542fc048fe0b38373375cdc)","throwable":""}
{"timestamp":"2025-09-17T02:24:11,713","container":"e8fbc2c00ac2","level":"INFO","thread":"BftProcessorExecutor-QBFT-0","class":"QbftBesuControllerBuilder","message":"Produced #1,176 / 0 tx / 0 pending / 0 (0.0%) gas / (0xdb1e0daade087a3b209af213798711c0ed367acb5c6e48f8ca2e1d45bd3ee9a9)","throwable":""}
{"timestamp":"2025-09-17T02:24:20,011","container":"e8fbc2c00ac2","level":"INFO","thread":"BftProcessorExecutor-QBFT-0","class":"QbftBesuControllerBuilder","message":"Imported #1,177 / 0 tx / 0 pending / 0 (0.0%) gas / (0xf952d3c65c0f91640d19be13692aee7f221cfe7cddf14591869b9943a6e8aab6)","throwable":""}
{"timestamp":"2025-09-17T02:24:28,015","container":"e8fbc2c00ac2","level":"INFO","thread":"EthScheduler-Workers-0","class":"PersistBlockTask","message":"Block 1178 (0xd2d3d5b4401d13ddf969827f169a3af7d6513c3fdca08ff1d4675a84e8be227e) is already imported","throwable":""}
{"timestamp":"2025-09-17T02:24:28,015","container":"e8fbc2c00ac2","level":"INFO","thread":"BftProcessorExecutor-QBFT-0","class":"QbftBesuControllerBuilder","message":"Imported #1,178 / 0 tx / 0 pending / 0 (0.0%) gas / (0xd2d3d5b4401d13ddf969827f169a3af7d6513c3fdca08ff1d4675a84e8be227e)","throwable":""}
{"timestamp":"2025-09-17T02:24:36,012","container":"e8fbc2c00ac2","level":"INFO","thread":"EthScheduler-Workers-0","class":"PersistBlockTask","message":"Block 1179 (0xf380e269f7372cff33590d7ede13c5e5b3fae3eaf11c7c1ad4008c222f6a1518) is already imported","throwable":""}
{"timestamp":"2025-09-17T02:24:36,012","container":"e8fbc2c00ac2","level":"INFO","thread":"BftProcessorExecutor-QBFT-0","class":"QbftBesuControllerBuilder","message":"Imported #1,179 / 0 tx / 0 pending / 0 (0.0%) gas / (0xf380e269f7372cff33590d7ede13c5e5b3fae3eaf11c7c1ad4008c222f6a1518)","throwable":""}
{"timestamp":"2025-09-17T02:24:44,798","container":"e8fbc2c00ac2","level":"INFO","thread":"BftProcessorExecutor-QBFT-0","class":"QbftBesuControllerBuilder","message":"Produced #1,180 / 0 tx / 0 pending / 0 (0.0%) gas / (0x4d4166b3977add78f1d22b94c635911dfc5e2d96827f55e9e4ed54e03dcfb94b)","throwable":""}
{"timestamp":"2025-09-17T02:24:53,012","container":"e8fbc2c00ac2","level":"INFO","thread":"BftProcessorExecutor-QBFT-0","class":"QbftBesuControllerBuilder","message":"Imported #1,181 / 0 tx / 0 pending / 0 (0.0%) gas / (0x48e8bccc22273152baba762c309e9a4a05f219a95f1122ef452dbeacf140ca90)","throwable":""}
{"timestamp":"2025-09-17T02:25:01,011","container":"e8fbc2c00ac2","level":"INFO","thread":"BftProcessorExecutor-QBFT-0","class":"QbftBesuControllerBuilder","message":"Imported #1,182 / 0 tx / 0 pending / 0 (0.0%) gas / (0x757d4c82403f12b86876a1d8952a2cdc36b954961797a357817d572719bcd75d)","throwable":""}
{"timestamp":"2025-09-17T02:25:09,009","container":"e8fbc2c00ac2","level":"INFO","thread":"BftProcessorExecutor-QBFT-0","class":"QbftBesuControllerBuilder","message":"Imported #1,183 / 0 tx / 0 pending / 0 (0.0%) gas / (0xecd187f85e48f9b847602bdb309b782ce200968e6de2fd8430873431a6be9981)","throwable":""}
{"timestamp":"2025-09-17T02:25:17,743","container":"e8fbc2c00ac2","level":"INFO","thread":"EthScheduler-Workers-0","class":"PersistBlockTask","message":"Block 1184 (0x015cd9a0abfec3b1453e5bd70cdd02a680475892c7168c9bdb7a335a473f3c61) is already imported","throwable":""}
{"timestamp":"2025-09-17T02:25:17,744","container":"e8fbc2c00ac2","level":"INFO","thread":"BftProcessorExecutor-QBFT-0","class":"QbftBesuControllerBuilder","message":"Produced #1,184 / 0 tx / 0 pending / 0 (0.0%) gas / (0x015cd9a0abfec3b1453e5bd70cdd02a680475892c7168c9bdb7a335a473f3c61)","throwable":""}
{"timestamp":"2025-09-17T02:25:26,009","container":"e8fbc2c00ac2","level":"INFO","thread":"BftProcessorExecutor-QBFT-0","class":"QbftBesuControllerBuilder","message":"Imported #1,185 / 0 tx / 0 pending / 0 (0.0%) gas / (0xece236afbbcf8f7908ac6e2378fde185cceb9ffd761da799a8a9437e0dc42f2e)","throwable":""}
{"timestamp":"2025-09-17T02:25:34,010","container":"e8fbc2c00ac2","level":"INFO","thread":"BftProcessorExecutor-QBFT-0","class":"QbftBesuControllerBuilder","message":"Imported #1,186 / 0 tx / 0 pending / 0 (0.0%) gas / (0x8db1591a44a9368e5a81b86f903494ee66c34ece1fad5e9ba39645827a6e06af)","throwable":""}
{"timestamp":"2025-09-17T02:25:34,010","container":"e8fbc2c00ac2","level":"INFO","thread":"EthScheduler-Workers-0","class":"PersistBlockTask","message":"Block 1186 (0x8db1591a44a9368e5a81b86f903494ee66c34ece1fad5e9ba39645827a6e06af) is already imported","throwable":""}
{"timestamp":"2025-09-17T02:25:42,009","container":"e8fbc2c00ac2","level":"INFO","thread":"BftProcessorExecutor-QBFT-0","class":"QbftBesuControllerBuilder","message":"Imported #1,187 / 0 tx / 0 pending / 0 (0.0%) gas / (0x1faf3beeb0ab51aa44e12c9afd6f5ea1eb57df29638036a5f0567f4fe2fa2b9d)","throwable":""}
{"timestamp":"2025-09-17T02:25:50,776","container":"e8fbc2c00ac2","level":"INFO","thread":"BftProcessorExecutor-QBFT-0","class":"QbftBesuControllerBuilder","message":"Produced #1,188 / 0 tx / 0 pending / 0 (0.0%) gas / (0xfdf2e18410c5f1c19aab56ad2c6a2d1bc0b9f287b8f141ff0c9aeaa861b23db2)","throwable":""}
{"timestamp":"2025-09-17T02:25:59,010","container":"e8fbc2c00ac2","level":"INFO","thread":"BftProcessorExecutor-QBFT-0","class":"QbftBesuControllerBuilder","message":"Imported #1,189 / 0 tx / 0 pending / 0 (0.0%) gas / (0xea4d83e70bf64e7d2b7894a3646e17c0f374da27cf359d693c4366f2d94a02c2)","throwable":""}
{"timestamp":"2025-09-17T02:26:07,008","container":"e8fbc2c00ac2","level":"INFO","thread":"BftProcessorExecutor-QBFT-0","class":"QbftBesuControllerBuilder","message":"Imported #1,190 / 0 tx / 0 pending / 0 (0.0%) gas / (0x9618e63adeaefc704b8e121fff7260a6814435230a946a89e6c6fee4d64953f0)","throwable":""}
{"timestamp":"2025-09-17T02:26:15,009","container":"e8fbc2c00ac2","level":"INFO","thread":"BftProcessorExecutor-QBFT-0","class":"QbftBesuControllerBuilder","message":"Imported #1,191 / 0 tx / 0 pending / 0 (0.0%) gas / (0xa63c11b26d8943169d3b36f38dc6f92c1c8febb58752f78b88971073091a2563)","throwable":""}
{"timestamp":"2025-09-17T02:26:23,788","container":"e8fbc2c00ac2","level":"INFO","thread":"BftProcessorExecutor-QBFT-0","class":"QbftBesuControllerBuilder","message":"Produced #1,192 / 0 tx / 0 pending / 0 (0.0%) gas / (0x996f3f47064e68f1d532a478cd9557e08f1e670a33d68ea966ad15399ba1439f)","throwable":""}
{"timestamp":"2025-09-17T02:26:32,009","container":"e8fbc2c00ac2","level":"INFO","thread":"BftProcessorExecutor-QBFT-0","class":"QbftBesuControllerBuilder","message":"Imported #1,193 / 0 tx / 0 pending / 0 (0.0%) gas / (0x465ca82c2117e3139ee4dec2b34de78bdb9b31f936dd8b73188174743c028298)","throwable":""}
{"timestamp":"2025-09-17T02:26:40,008","container":"e8fbc2c00ac2","level":"INFO","thread":"BftProcessorExecutor-QBFT-0","class":"QbftBesuControllerBuilder","message":"Imported #1,194 / 0 tx / 0 pending / 0 (0.0%) gas / (0x506a634c571ebaa55a7b71b954ea5e0254e236b9a161d76639509907a5c4dc79)","throwable":""}
{"timestamp":"2025-09-17T02:26:48,011","container":"e8fbc2c00ac2","level":"INFO","thread":"BftProcessorExecutor-QBFT-0","class":"QbftBesuControllerBuilder","message":"Imported #1,195 / 0 tx / 0 pending / 0 (0.0%) gas / (0x236862ff624cd3f4922e9cafd956cbe0d18158378149bedf24026a8c610880b5)","throwable":""}
{"timestamp":"2025-09-17T02:26:56,800","container":"e8fbc2c00ac2","level":"INFO","thread":"BftProcessorExecutor-QBFT-0","class":"QbftBesuControllerBuilder","message":"Produced #1,196 / 0 tx / 0 pending / 0 (0.0%) gas / (0x4ba2982c06c4ed2e4f67b439231685bdaded0268f0b73de720802f7a6bf6b706)","throwable":""}
{"timestamp":"2025-09-17T02:27:05,007","container":"e8fbc2c00ac2","level":"INFO","thread":"BftProcessorExecutor-QBFT-0","class":"QbftBesuControllerBuilder","message":"Imported #1,197 / 0 tx / 0 pending / 0 (0.0%) gas / (0x04a5301feeca5548594f391193bfd9dadecd07986f898e0f6dd3970e0556a234)","throwable":""}
{"timestamp":"2025-09-17T02:27:13,007","container":"e8fbc2c00ac2","level":"INFO","thread":"BftProcessorExecutor-QBFT-0","class":"QbftBesuControllerBuilder","message":"Imported #1,198 / 0 tx / 0 pending / 0 (0.0%) gas / (0x9c3824cb84eb2bca64476cdd17f2c3b96d67e8690bf228a9d882c5a759f790f9)","throwable":""}
{"timestamp":"2025-09-17T02:27:21,012","container":"e8fbc2c00ac2","level":"INFO","thread":"EthScheduler-Workers-0","class":"PersistBlockTask","message":"Block 1199 (0xd69fc42f8179f24ebc2c9a0d3baf193cce61ab1e61bacc1a282eeb8aa107cae2) is already imported","throwable":""}
{"timestamp":"2025-09-17T02:27:21,012","container":"e8fbc2c00ac2","level":"INFO","thread":"BftProcessorExecutor-QBFT-0","class":"QbftBesuControllerBuilder","message":"Imported #1,199 / 0 tx / 0 pending / 0 (0.0%) gas / (0xd69fc42f8179f24ebc2c9a0d3baf193cce61ab1e61bacc1a282eeb8aa107cae2)","throwable":""}
{"timestamp":"2025-09-17T02:27:29,939","container":"e8fbc2c00ac2","level":"INFO","thread":"BftProcessorExecutor-QBFT-0","class":"QbftBesuControllerBuilder","message":"Produced #1,200 / 0 tx / 0 pending / 0 (0.0%) gas / (0x6ad46384971719ced49c07d197741c09d061e8e245ab7156d6397187be89c9f0)","throwable":""}
{"timestamp":"2025-09-17T02:27:38,008","container":"e8fbc2c00ac2","level":"INFO","thread":"BftProcessorExecutor-QBFT-0","class":"QbftBesuControllerBuilder","message":"Imported #1,201 / 0 tx / 0 pending / 0 (0.0%) gas / (0x543fcaf2ee40a6f6ec4a44c27eca65c9084b4ac91d9e4c53f1130db95f0f2696)","throwable":""}
{"timestamp":"2025-09-17T02:27:46,010","container":"e8fbc2c00ac2","level":"INFO","thread":"BftProcessorExecutor-QBFT-0","class":"QbftBesuControllerBuilder","message":"Imported #1,202 / 0 tx / 0 pending / 0 (0.0%) gas / (0x63cb5d8384fe4e2459d37104d6a9ea7a4fbb37264512a93fb04ab89cc1485252)","throwable":""}
{"timestamp":"2025-09-17T02:27:54,011","container":"e8fbc2c00ac2","level":"INFO","thread":"BftProcessorExecutor-QBFT-0","class":"QbftBesuControllerBuilder","message":"Imported #1,203 / 0 tx / 0 pending / 0 (0.0%) gas / (0xec755918622d90382b5369b0ba6e56d28a48173a5b26ace6ac4a062658439511)","throwable":""}
{"timestamp":"2025-09-17T02:27:54,011","container":"e8fbc2c00ac2","level":"INFO","thread":"EthScheduler-Workers-0","class":"PersistBlockTask","message":"Imported #1,203 / 0 tx / 0 om / 0 (0.0%) gas / (0xec755918622d90382b5369b0ba6e56d28a48173a5b26ace6ac4a062658439511) in 0.001s. Peers: 5","throwable":""}
{"timestamp":"2025-09-17T02:28:02,890","container":"e8fbc2c00ac2","level":"INFO","thread":"BftProcessorExecutor-QBFT-0","class":"QbftBesuControllerBuilder","message":"Produced #1,204 / 0 tx / 0 pending / 0 (0.0%) gas / (0xca9850a844084abf36af55acf7485b9c96a57fd5d995ef1c60a2ab7fde8ca421)","throwable":""}
{"timestamp":"2025-09-17T02:28:02,890","container":"e8fbc2c00ac2","level":"INFO","thread":"EthScheduler-Workers-0","class":"PersistBlockTask","message":"Block 1204 (0xca9850a844084abf36af55acf7485b9c96a57fd5d995ef1c60a2ab7fde8ca421) is already imported","throwable":""}
{"timestamp":"2025-09-17T02:28:11,009","container":"e8fbc2c00ac2","level":"INFO","thread":"BftProcessorExecutor-QBFT-0","class":"QbftBesuControllerBuilder","message":"Imported #1,205 / 0 tx / 0 pending / 0 (0.0%) gas / (0x02c4c7caa49086d5ff9f848deebfbf9cb45261674ffb81e959cd7f48702e14b7)","throwable":""}
{"timestamp":"2025-09-17T02:28:19,007","container":"e8fbc2c00ac2","level":"INFO","thread":"BftProcessorExecutor-QBFT-0","class":"QbftBesuControllerBuilder","message":"Imported #1,206 / 0 tx / 0 pending / 0 (0.0%) gas / (0x54b6937a71a731cc9819cbfae3ff93dfba72c3652819bcd06c6941a85008a47e)","throwable":""}
{"timestamp":"2025-09-17T02:28:27,012","container":"e8fbc2c00ac2","level":"INFO","thread":"BftProcessorExecutor-QBFT-0","class":"QbftBesuControllerBuilder","message":"Imported #1,207 / 0 tx / 0 pending / 0 (0.0%) gas / (0x6f8b86ec60cd31782d97a5bd3bc36a5c700c583a9570eeeace82f627fccc16a5)","throwable":""}
{"timestamp":"2025-09-17T02:28:27,012","container":"e8fbc2c00ac2","level":"INFO","thread":"EthScheduler-Workers-0","class":"PersistBlockTask","message":"Block 1207 (0x6f8b86ec60cd31782d97a5bd3bc36a5c700c583a9570eeeace82f627fccc16a5) is already imported","throwable":""}
{"timestamp":"2025-09-17T02:28:35,937","container":"e8fbc2c00ac2","level":"INFO","thread":"BftProcessorExecutor-QBFT-0","class":"QbftBesuControllerBuilder","message":"Produced #1,208 / 0 tx / 0 pending / 0 (0.0%) gas / (0x983ed2bfd3c134a7284ce6fe1de2577acfe114f0da0941e55d2af9d2f9d3fb86)","throwable":""}
{"timestamp":"2025-09-17T02:28:44,010","container":"e8fbc2c00ac2","level":"INFO","thread":"EthScheduler-Workers-0","class":"PersistBlockTask","message":"Block 1209 (0x2689fb4b00ca26c91966dbccb3def2f86221bdb5e9b00f6ddf42a81c86f9a058) is already imported","throwable":""}
{"timestamp":"2025-09-17T02:28:44,010","container":"e8fbc2c00ac2","level":"INFO","thread":"BftProcessorExecutor-QBFT-0","class":"QbftBesuControllerBuilder","message":"Imported #1,209 / 0 tx / 0 pending / 0 (0.0%) gas / (0x2689fb4b00ca26c91966dbccb3def2f86221bdb5e9b00f6ddf42a81c86f9a058)","throwable":""}
{"timestamp":"2025-09-17T02:28:52,007","container":"e8fbc2c00ac2","level":"INFO","thread":"BftProcessorExecutor-QBFT-0","class":"QbftBesuControllerBuilder","message":"Imported #1,210 / 0 tx / 0 pending / 0 (0.0%) gas / (0x3c145fa33b5822ae37d83cf93499f7978af3c9f49a094bb538a313828dcba91b)","throwable":""}
{"timestamp":"2025-09-17T02:29:00,009","container":"e8fbc2c00ac2","level":"INFO","thread":"BftProcessorExecutor-QBFT-0","class":"QbftBesuControllerBuilder","message":"Imported #1,211 / 0 tx / 0 pending / 0 (0.0%) gas / (0x271b98e4cffc93ab0a46493ab1386249378347264c018ca75ded10de8f96323e)","throwable":""}
{"timestamp":"2025-09-17T02:29:08,915","container":"e8fbc2c00ac2","level":"INFO","thread":"BftProcessorExecutor-QBFT-0","class":"QbftBesuControllerBuilder","message":"Produced #1,212 / 0 tx / 0 pending / 0 (0.0%) gas / (0xcde6fd2a96f5281befc5877c93383f4e9c30a77a010fcd00ca1a66003dfd6e89)","throwable":""}
{"timestamp":"2025-09-17T02:29:17,007","container":"e8fbc2c00ac2","level":"INFO","thread":"BftProcessorExecutor-QBFT-0","class":"QbftBesuControllerBuilder","message":"Imported #1,213 / 0 tx / 0 pending / 0 (0.0%) gas / (0x154e35edf8863e3beb5f9da409007c5d86b038383293f315f2ff89be406b6b0d)","throwable":""}
{"timestamp":"2025-09-17T02:29:25,008","container":"e8fbc2c00ac2","level":"INFO","thread":"BftProcessorExecutor-QBFT-0","class":"QbftBesuControllerBuilder","message":"Imported #1,214 / 0 tx / 0 pending / 0 (0.0%) gas / (0x5cd96bde22049473c3a046f17352b000de721d279698bbca7c1ba4dd36849fb1)","throwable":""}
{"timestamp":"2025-09-17T02:29:33,007","container":"e8fbc2c00ac2","level":"INFO","thread":"BftProcessorExecutor-QBFT-0","class":"QbftBesuControllerBuilder","message":"Imported #1,215 / 0 tx / 0 pending / 0 (0.0%) gas / (0x310c4f93e9fa3d56215635d33614a4e6e08ae1e16873d697210de80311a4f9c1)","throwable":""}
{"timestamp":"2025-09-17T02:29:41,931","container":"e8fbc2c00ac2","level":"INFO","thread":"BftProcessorExecutor-QBFT-0","class":"QbftBesuControllerBuilder","message":"Produced #1,216 / 0 tx / 0 pending / 0 (0.0%) gas / (0x029516d1df80ed761e834bfd9917c7bfdc26812e6c252eb7a8d11bb0c65a4231)","throwable":""}
{"timestamp":"2025-09-17T02:29:50,008","container":"e8fbc2c00ac2","level":"INFO","thread":"BftProcessorExecutor-QBFT-0","class":"QbftBesuControllerBuilder","message":"Imported #1,217 / 0 tx / 0 pending / 0 (0.0%) gas / (0x15427ccd05960f3c9874030a93cdfcd33dd93d80060f17a291101355495cac9d)","throwable":""}
{"timestamp":"2025-09-17T02:29:58,009","container":"e8fbc2c00ac2","level":"INFO","thread":"EthScheduler-Workers-0","class":"PersistBlockTask","message":"Block 1218 (0x4c398ae297b5bd10236067938586f227623c27077e62ae24f31e1e3607a36cbb) is already imported","throwable":""}
{"timestamp":"2025-09-17T02:29:58,009","container":"e8fbc2c00ac2","level":"INFO","thread":"BftProcessorExecutor-QBFT-0","class":"QbftBesuControllerBuilder","message":"Imported #1,218 / 0 tx / 0 pending / 0 (0.0%) gas / (0x4c398ae297b5bd10236067938586f227623c27077e62ae24f31e1e3607a36cbb)","throwable":""}
{"timestamp":"2025-09-17T02:30:06,009","container":"e8fbc2c00ac2","level":"INFO","thread":"BftProcessorExecutor-QBFT-0","class":"QbftBesuControllerBuilder","message":"Imported #1,219 / 0 tx / 0 pending / 0 (0.0%) gas / (0xcf065a972e12550a42361c9c0609c96fbd96a91e26470955abdf652c2dc7b3b2)","throwable":""}
{"timestamp":"2025-09-17T02:30:14,938","container":"e8fbc2c00ac2","level":"INFO","thread":"EthScheduler-Workers-0","class":"PersistBlockTask","message":"Block 1220 (0x1df572d03c3620cbc9bb28609521bb95b498d8540288057da119ad185e653097) is already imported","throwable":""}
{"timestamp":"2025-09-17T02:30:14,938","container":"e8fbc2c00ac2","level":"INFO","thread":"BftProcessorExecutor-QBFT-0","class":"QbftBesuControllerBuilder","message":"Produced #1,220 / 0 tx / 0 pending / 0 (0.0%) gas / (0x1df572d03c3620cbc9bb28609521bb95b498d8540288057da119ad185e653097)","throwable":""}
{"timestamp":"2025-09-17T02:30:23,009","container":"e8fbc2c00ac2","level":"INFO","thread":"EthScheduler-Workers-0","class":"PersistBlockTask","message":"Imported #1,221 / 0 tx / 0 om / 0 (0.0%) gas / (0xdb0e45ce7b0f9af73a07e6234457534e49fed9cbc2aef8bc9044857e69cd570e) in 0.001s. Peers: 5","throwable":""}
{"timestamp":"2025-09-17T02:30:23,009","container":"e8fbc2c00ac2","level":"INFO","thread":"BftProcessorExecutor-QBFT-0","class":"QbftBesuControllerBuilder","message":"Imported #1,221 / 0 tx / 0 pending / 0 (0.0%) gas / (0xdb0e45ce7b0f9af73a07e6234457534e49fed9cbc2aef8bc9044857e69cd570e)","throwable":""}
{"timestamp":"2025-09-17T02:30:31,008","container":"e8fbc2c00ac2","level":"INFO","thread":"BftProcessorExecutor-QBFT-0","class":"QbftBesuControllerBuilder","message":"Imported #1,222 / 0 tx / 0 pending / 0 (0.0%) gas / (0xef632150dd228c938ff2fe4ed03e462e4d39d3eeb9bcceeafb1c167a6ed02cdd)","throwable":""}
{"timestamp":"2025-09-17T02:30:39,007","container":"e8fbc2c00ac2","level":"INFO","thread":"BftProcessorExecutor-QBFT-0","class":"QbftBesuControllerBuilder","message":"Imported #1,223 / 0 tx / 0 pending / 0 (0.0%) gas / (0xbbc7d9334c45eb8fe681f25321f70c13412b2f04f653fd29c95c0afa235ff803)","throwable":""}
{"timestamp":"2025-09-17T02:30:47,926","container":"e8fbc2c00ac2","level":"INFO","thread":"BftProcessorExecutor-QBFT-0","class":"QbftBesuControllerBuilder","message":"Produced #1,224 / 0 tx / 0 pending / 0 (0.0%) gas / (0x80f524060a94ca796af3b888b7b011df3d267f55fe832f4f8c1efb0a45dfe712)","throwable":""}
{"timestamp":"2025-09-17T02:30:56,009","container":"e8fbc2c00ac2","level":"INFO","thread":"EthScheduler-Workers-0","class":"PersistBlockTask","message":"Block 1225 (0x006da45b775af9c1b72b8a6c8c7a4ad834270a6b72e04f457ef977858579ff1d) is already imported","throwable":""}
{"timestamp":"2025-09-17T02:30:56,010","container":"e8fbc2c00ac2","level":"INFO","thread":"BftProcessorExecutor-QBFT-0","class":"QbftBesuControllerBuilder","message":"Imported #1,225 / 0 tx / 0 pending / 0 (0.0%) gas / (0x006da45b775af9c1b72b8a6c8c7a4ad834270a6b72e04f457ef977858579ff1d)","throwable":""}
{"timestamp":"2025-09-17T02:31:04,008","container":"e8fbc2c00ac2","level":"INFO","thread":"BftProcessorExecutor-QBFT-0","class":"QbftBesuControllerBuilder","message":"Imported #1,226 / 0 tx / 0 pending / 0 (0.0%) gas / (0xaea710e37979de1bd67f4935919a3759d5306807a842f1c7da98ee677e576913)","throwable":""}
{"timestamp":"2025-09-17T02:31:12,006","container":"e8fbc2c00ac2","level":"INFO","thread":"BftProcessorExecutor-QBFT-0","class":"QbftBesuControllerBuilder","message":"Imported #1,227 / 0 tx / 0 pending / 0 (0.0%) gas / (0x45ccad8cf27ac70bf388c7d55a35612a7b017a8c0905c91b7403c604f40f4ea7)","throwable":""}
{"timestamp":"2025-09-17T02:31:20,959","container":"e8fbc2c00ac2","level":"INFO","thread":"BftProcessorExecutor-QBFT-0","class":"QbftBesuControllerBuilder","message":"Produced #1,228 / 0 tx / 0 pending / 0 (0.0%) gas / (0x5cc41481ad479b65e5a97b9b67f9797dc241251e90ab3eff391cda525ec4becd)","throwable":""}
{"timestamp":"2025-09-17T02:31:29,012","container":"e8fbc2c00ac2","level":"INFO","thread":"EthScheduler-Workers-0","class":"PersistBlockTask","message":"Block 1229 (0x3d0577ab862cb2817096ebb35f3f03f9075221912bfa16e341d8e7c051f166d6) is already imported","throwable":""}
{"timestamp":"2025-09-17T02:31:29,012","container":"e8fbc2c00ac2","level":"INFO","thread":"BftProcessorExecutor-QBFT-0","class":"QbftBesuControllerBuilder","message":"Imported #1,229 / 0 tx / 0 pending / 0 (0.0%) gas / (0x3d0577ab862cb2817096ebb35f3f03f9075221912bfa16e341d8e7c051f166d6)","throwable":""}
{"timestamp":"2025-09-17T02:31:37,011","container":"e8fbc2c00ac2","level":"INFO","thread":"EthScheduler-Workers-0","class":"PersistBlockTask","message":"Block 1230 (0x886ac9abab8417ff85244995bd3bcff318f8360fbe5488f0ecc0576012aa69f8) is already imported","throwable":""}
{"timestamp":"2025-09-17T02:31:37,011","container":"e8fbc2c00ac2","level":"INFO","thread":"BftProcessorExecutor-QBFT-0","class":"QbftBesuControllerBuilder","message":"Imported #1,230 / 0 tx / 0 pending / 0 (0.0%) gas / (0x886ac9abab8417ff85244995bd3bcff318f8360fbe5488f0ecc0576012aa69f8)","throwable":""}
{"timestamp":"2025-09-17T02:31:45,011","container":"e8fbc2c00ac2","level":"INFO","thread":"EthScheduler-Workers-0","class":"PersistBlockTask","message":"Imported #1,231 / 0 tx / 0 om / 0 (0.0%) gas / (0x61c811cf71d0c38abd1e3b69ff777364bcfd0ed48dad1d434dd4e6706ff04f10) in 0.002s. Peers: 5","throwable":""}
{"timestamp":"2025-09-17T02:31:45,012","container":"e8fbc2c00ac2","level":"INFO","thread":"BftProcessorExecutor-QBFT-0","class":"QbftBesuControllerBuilder","message":"Imported #1,231 / 0 tx / 0 pending / 0 (0.0%) gas / (0x61c811cf71d0c38abd1e3b69ff777364bcfd0ed48dad1d434dd4e6706ff04f10)","throwable":""}
{"timestamp":"2025-09-17T02:31:53,943","container":"e8fbc2c00ac2","level":"INFO","thread":"BftProcessorExecutor-QBFT-0","class":"QbftBesuControllerBuilder","message":"Produced #1,232 / 0 tx / 0 pending / 0 (0.0%) gas / (0x17f8e3eaf9d0c8f38f4f27313f910d99ed301bcbb24ae63d39e3d6a92fefc10a)","throwable":""}
{"timestamp":"2025-09-17T02:31:53,944","container":"e8fbc2c00ac2","level":"INFO","thread":"EthScheduler-Workers-0","class":"PersistBlockTask","message":"Block 1232 (0x17f8e3eaf9d0c8f38f4f27313f910d99ed301bcbb24ae63d39e3d6a92fefc10a) is already imported","throwable":""}
{"timestamp":"2025-09-17T02:32:02,006","container":"e8fbc2c00ac2","level":"INFO","thread":"BftProcessorExecutor-QBFT-0","class":"QbftBesuControllerBuilder","message":"Imported #1,233 / 0 tx / 0 pending / 0 (0.0%) gas / (0xed1a8f07294aded95e15b0b99d0b983d6dca9ee5efa0bfe4321653f38abfdcbd)","throwable":""}
{"timestamp":"2025-09-17T02:32:10,008","container":"e8fbc2c00ac2","level":"INFO","thread":"BftProcessorExecutor-QBFT-0","class":"QbftBesuControllerBuilder","message":"Imported #1,234 / 0 tx / 0 pending / 0 (0.0%) gas / (0x43e4f3d3b54ab72d0671d2b948fd6a7bf7a109878e22c1891030fe398c995f4c)","throwable":""}
{"timestamp":"2025-09-17T02:32:18,010","container":"e8fbc2c00ac2","level":"INFO","thread":"EthScheduler-Workers-0","class":"PersistBlockTask","message":"Block 1235 (0x90d9ec36c595e16b953c495320c27d9804cfb186aeb7fc0d6d6a49b7efef6afb) is already imported","throwable":""}
{"timestamp":"2025-09-17T02:32:18,011","container":"e8fbc2c00ac2","level":"INFO","thread":"BftProcessorExecutor-QBFT-0","class":"QbftBesuControllerBuilder","message":"Imported #1,235 / 0 tx / 0 pending / 0 (0.0%) gas / (0x90d9ec36c595e16b953c495320c27d9804cfb186aeb7fc0d6d6a49b7efef6afb)","throwable":""}
{"timestamp":"2025-09-17T02:32:26,955","container":"e8fbc2c00ac2","level":"INFO","thread":"BftProcessorExecutor-QBFT-0","class":"QbftBesuControllerBuilder","message":"Produced #1,236 / 0 tx / 0 pending / 0 (0.0%) gas / (0x0252e5711cc63f8da88f65813b86ceedb5ff03de0970c559848e4bd3ead46e11)","throwable":""}
{"timestamp":"2025-09-17T02:32:35,006","container":"e8fbc2c00ac2","level":"INFO","thread":"BftProcessorExecutor-QBFT-0","class":"QbftBesuControllerBuilder","message":"Imported #1,237 / 0 tx / 0 pending / 0 (0.0%) gas / (0x56ce1040a72c2e07f8d2307f769080e8e4fa39680c4dbaed7fab4c21f0038ef9)","throwable":""}
{"timestamp":"2025-09-17T02:32:43,008","container":"e8fbc2c00ac2","level":"INFO","thread":"BftProcessorExecutor-QBFT-0","class":"QbftBesuControllerBuilder","message":"Imported #1,238 / 0 tx / 0 pending / 0 (0.0%) gas / (0x0efbf9d4b1addf23dbf294aecc7f928a0419cef73b9ce3ae0330509a0bbfd280)","throwable":""}
{"timestamp":"2025-09-17T02:32:51,007","container":"e8fbc2c00ac2","level":"INFO","thread":"BftProcessorExecutor-QBFT-0","class":"QbftBesuControllerBuilder","message":"Imported #1,239 / 0 tx / 0 pending / 0 (0.0%) gas / (0xa409cc8b4460f2581562a46e84aca0c63f4d2339db07fda31f048f1dd7ecf967)","throwable":""}
{"timestamp":"2025-09-17T02:32:59,665","container":"e8fbc2c00ac2","level":"INFO","thread":"BftProcessorExecutor-QBFT-0","class":"QbftBesuControllerBuilder","message":"Produced #1,240 / 0 tx / 0 pending / 0 (0.0%) gas / (0xe4dcfbc05b194c761f63d625b295c6888dbd60b7df40df92466fb6b459296378)","throwable":""}
{"timestamp":"2025-09-17T02:33:08,009","container":"e8fbc2c00ac2","level":"INFO","thread":"BftProcessorExecutor-QBFT-0","class":"QbftBesuControllerBuilder","message":"Imported #1,241 / 0 tx / 0 pending / 0 (0.0%) gas / (0xb4266be7eefa4d73ca59d24fbfd3b5dded38ce3908c0bd62ca548851b0d1730e)","throwable":""}
{"timestamp":"2025-09-17T02:33:16,009","container":"e8fbc2c00ac2","level":"INFO","thread":"BftProcessorExecutor-QBFT-0","class":"QbftBesuControllerBuilder","message":"Imported #1,242 / 0 tx / 0 pending / 0 (0.0%) gas / (0x5ec55efec912acef1078937ad4c19dfbde6cdabb7b9b11b6e7ab2cb24c629f04)","throwable":""}
{"timestamp":"2025-09-17T02:33:24,009","container":"e8fbc2c00ac2","level":"INFO","thread":"EthScheduler-Workers-0","class":"PersistBlockTask","message":"Block 1243 (0x148dcd32dba5cf39cfb5ff1a31f7c2184103885801006c78e555a9ba8b272661) is already imported","throwable":""}
{"timestamp":"2025-09-17T02:33:24,010","container":"e8fbc2c00ac2","level":"INFO","thread":"BftProcessorExecutor-QBFT-0","class":"QbftBesuControllerBuilder","message":"Imported #1,243 / 0 tx / 0 pending / 0 (0.0%) gas / (0x148dcd32dba5cf39cfb5ff1a31f7c2184103885801006c78e555a9ba8b272661)","throwable":""}
{"timestamp":"2025-09-17T02:33:32,830","container":"e8fbc2c00ac2","level":"INFO","thread":"EthScheduler-Workers-0","class":"PersistBlockTask","message":"Imported #1,244 / 0 tx / 0 om / 0 (0.0%) gas / (0x928a3c3ca1714a187e4b87f5a7896eac1068199c8d27b9aa718b30354790d83b) in 0.001s. Peers: 5","throwable":""}
{"timestamp":"2025-09-17T02:33:41,009","container":"e8fbc2c00ac2","level":"INFO","thread":"EthScheduler-Workers-0","class":"PersistBlockTask","message":"Block 1245 (0x1e5dc877eb88edeaafa87baa8604c964bf49842dea0ce741f19deb987351f922) is already imported","throwable":""}
{"timestamp":"2025-09-17T02:33:41,009","container":"e8fbc2c00ac2","level":"INFO","thread":"BftProcessorExecutor-QBFT-0","class":"QbftBesuControllerBuilder","message":"Imported #1,245 / 0 tx / 0 pending / 0 (0.0%) gas / (0x1e5dc877eb88edeaafa87baa8604c964bf49842dea0ce741f19deb987351f922)","throwable":""}
{"timestamp":"2025-09-17T02:33:49,008","container":"e8fbc2c00ac2","level":"INFO","thread":"BftProcessorExecutor-QBFT-0","class":"QbftBesuControllerBuilder","message":"Imported #1,246 / 0 tx / 0 pending / 0 (0.0%) gas / (0x99d8666d6262c147571da5b1421fcf594c5dfb692aeda02b12dadbcfcdc8cd96)","throwable":""}
{"timestamp":"2025-09-17T02:33:57,006","container":"e8fbc2c00ac2","level":"INFO","thread":"BftProcessorExecutor-QBFT-0","class":"QbftBesuControllerBuilder","message":"Imported #1,247 / 0 tx / 0 pending / 0 (0.0%) gas / (0xd2b08b3a4cdb9efba08dfdfab442f31360ce4019f4f742e34c3f786ae201d7f6)","throwable":""}
{"timestamp":"2025-09-17T02:34:05,828","container":"e8fbc2c00ac2","level":"INFO","thread":"BftProcessorExecutor-QBFT-0","class":"QbftBesuControllerBuilder","message":"Produced #1,248 / 0 tx / 0 pending / 0 (0.0%) gas / (0xf9697435e331174dfc0fa8a72e7957c53b7aac2f62f106221fe0f84e285aacf5)","throwable":""}
{"timestamp":"2025-09-17T02:34:14,010","container":"e8fbc2c00ac2","level":"INFO","thread":"EthScheduler-Workers-0","class":"PersistBlockTask","message":"Imported #1,249 / 0 tx / 0 om / 0 (0.0%) gas / (0xb808cb6e14091af265af964f258e0018c40fe1308f808d3557487fc1be4488cc) in 0.001s. Peers: 5","throwable":""}
{"timestamp":"2025-09-17T02:34:14,010","container":"e8fbc2c00ac2","level":"INFO","thread":"BftProcessorExecutor-QBFT-0","class":"QbftBesuControllerBuilder","message":"Imported #1,249 / 0 tx / 0 pending / 0 (0.0%) gas / (0xb808cb6e14091af265af964f258e0018c40fe1308f808d3557487fc1be4488cc)","throwable":""}
{"timestamp":"2025-09-17T02:34:22,009","container":"e8fbc2c00ac2","level":"INFO","thread":"EthScheduler-Workers-0","class":"PersistBlockTask","message":"Block 1250 (0xdf1e1fc0b84d4fff34cae7b18b941936f172ae053ee5c5d62ed5e3dbdaad5bde) is already imported","throwable":""}
{"timestamp":"2025-09-17T02:34:22,009","container":"e8fbc2c00ac2","level":"INFO","thread":"BftProcessorExecutor-QBFT-0","class":"QbftBesuControllerBuilder","message":"Imported #1,250 / 0 tx / 0 pending / 0 (0.0%) gas / (0xdf1e1fc0b84d4fff34cae7b18b941936f172ae053ee5c5d62ed5e3dbdaad5bde)","throwable":""}
{"timestamp":"2025-09-17T02:34:30,010","container":"e8fbc2c00ac2","level":"INFO","thread":"EthScheduler-Workers-0","class":"PersistBlockTask","message":"Block 1251 (0x09083448bcc290cb6bd9ce3d1b68135d311f4c4a29412f4d8060a73933b91074) is already imported","throwable":""}
{"timestamp":"2025-09-17T02:34:30,011","container":"e8fbc2c00ac2","level":"INFO","thread":"BftProcessorExecutor-QBFT-0","class":"QbftBesuControllerBuilder","message":"Imported #1,251 / 0 tx / 0 pending / 0 (0.0%) gas / (0x09083448bcc290cb6bd9ce3d1b68135d311f4c4a29412f4d8060a73933b91074)","throwable":""}
{"timestamp":"2025-09-17T02:34:38,835","container":"e8fbc2c00ac2","level":"INFO","thread":"BftProcessorExecutor-QBFT-0","class":"QbftBesuControllerBuilder","message":"Produced #1,252 / 0 tx / 0 pending / 0 (0.0%) gas / (0xff018002091fe351d86472b16ce76311f5376fde3a4934a5ed6c59d39f30ce6d)","throwable":""}
{"timestamp":"2025-09-17T02:34:47,012","container":"e8fbc2c00ac2","level":"INFO","thread":"BftProcessorExecutor-QBFT-0","class":"QbftBesuControllerBuilder","message":"Imported #1,253 / 0 tx / 0 pending / 0 (0.0%) gas / (0x30b6d177bcde9abaec9321a03fef5ec79c2004c5d1fe45724f391887315d7836)","throwable":""}
{"timestamp":"2025-09-17T02:34:55,013","container":"e8fbc2c00ac2","level":"INFO","thread":"EthScheduler-Workers-0","class":"PersistBlockTask","message":"Block 1254 (0xed64f7d6110b4a29e65e34cca149b48be5c872554cced5995208de7ea1faed10) is already imported","throwable":""}
{"timestamp":"2025-09-17T02:34:55,013","container":"e8fbc2c00ac2","level":"INFO","thread":"BftProcessorExecutor-QBFT-0","class":"QbftBesuControllerBuilder","message":"Imported #1,254 / 0 tx / 0 pending / 0 (0.0%) gas / (0xed64f7d6110b4a29e65e34cca149b48be5c872554cced5995208de7ea1faed10)","throwable":""}
{"timestamp":"2025-09-17T02:35:03,009","container":"e8fbc2c00ac2","level":"INFO","thread":"EthScheduler-Workers-0","class":"PersistBlockTask","message":"Block 1255 (0xa59c8849e80749f08f0b823707ae73568a8a21baef3f778e7e2a9001256c4710) is already imported","throwable":""}
{"timestamp":"2025-09-17T02:35:03,010","container":"e8fbc2c00ac2","level":"INFO","thread":"BftProcessorExecutor-QBFT-0","class":"QbftBesuControllerBuilder","message":"Imported #1,255 / 0 tx / 0 pending / 0 (0.0%) gas / (0xa59c8849e80749f08f0b823707ae73568a8a21baef3f778e7e2a9001256c4710)","throwable":""}
{"timestamp":"2025-09-17T02:35:11,823","container":"e8fbc2c00ac2","level":"INFO","thread":"EthScheduler-Workers-0","class":"PersistBlockTask","message":"Block 1256 (0xac4b5622b0118fad1cabde3e5a18d79cf86e6bfda7f539cecbcfbe5e4e5141f7) is already imported","throwable":""}
{"timestamp":"2025-09-17T02:35:11,823","container":"e8fbc2c00ac2","level":"INFO","thread":"BftProcessorExecutor-QBFT-0","class":"QbftBesuControllerBuilder","message":"Produced #1,256 / 0 tx / 0 pending / 0 (0.0%) gas / (0xac4b5622b0118fad1cabde3e5a18d79cf86e6bfda7f539cecbcfbe5e4e5141f7)","throwable":""}
{"timestamp":"2025-09-17T02:35:20,007","container":"e8fbc2c00ac2","level":"INFO","thread":"BftProcessorExecutor-QBFT-0","class":"QbftBesuControllerBuilder","message":"Imported #1,257 / 0 tx / 0 pending / 0 (0.0%) gas / (0x3f0c7e07616457b119047432d9b407b3a256cb101a6922df52b43151eb98a33e)","throwable":""}
{"timestamp":"2025-09-17T02:35:28,012","container":"e8fbc2c00ac2","level":"INFO","thread":"BftProcessorExecutor-QBFT-0","class":"QbftBesuControllerBuilder","message":"Imported #1,258 / 0 tx / 0 pending / 0 (0.0%) gas / (0xc2997adce84a449e28e694311db4ce53dcf145816cb6a9dd7444195c390cc656)","throwable":""}
{"timestamp":"2025-09-17T02:35:36,009","container":"e8fbc2c00ac2","level":"INFO","thread":"EthScheduler-Workers-0","class":"PersistBlockTask","message":"Block 1259 (0x06510968e847c2e9991c3d54789bd554d17ed0b390b70a3985cbd8171a076dd8) is already imported","throwable":""}
{"timestamp":"2025-09-17T02:35:36,009","container":"e8fbc2c00ac2","level":"INFO","thread":"BftProcessorExecutor-QBFT-0","class":"QbftBesuControllerBuilder","message":"Imported #1,259 / 0 tx / 0 pending / 0 (0.0%) gas / (0x06510968e847c2e9991c3d54789bd554d17ed0b390b70a3985cbd8171a076dd8)","throwable":""}
{"timestamp":"2025-09-17T02:35:44,874","container":"e8fbc2c00ac2","level":"INFO","thread":"EthScheduler-Workers-0","class":"PersistBlockTask","message":"Imported #1,260 / 0 tx / 0 om / 0 (0.0%) gas / (0x76b77c0635056e8860cbf0523d1e32dda5acbe7d7ef3cdd81f4187c48ea1760a) in 0.001s. Peers: 5","throwable":""}
{"timestamp":"2025-09-17T02:35:44,875","container":"e8fbc2c00ac2","level":"INFO","thread":"BftProcessorExecutor-QBFT-0","class":"QbftBesuControllerBuilder","message":"Produced #1,260 / 0 tx / 0 pending / 0 (0.0%) gas / (0x76b77c0635056e8860cbf0523d1e32dda5acbe7d7ef3cdd81f4187c48ea1760a)","throwable":""}
{"timestamp":"2025-09-17T02:35:53,007","container":"e8fbc2c00ac2","level":"INFO","thread":"BftProcessorExecutor-QBFT-0","class":"QbftBesuControllerBuilder","message":"Imported #1,261 / 0 tx / 0 pending / 0 (0.0%) gas / (0x60546da40d69302dcaec7419318662fec1ffb2fb314667fc0bc9409247d3a1ae)","throwable":""}
{"timestamp":"2025-09-17T02:36:01,012","container":"e8fbc2c00ac2","level":"INFO","thread":"EthScheduler-Workers-0","class":"PersistBlockTask","message":"Block 1262 (0x4e452de462c06e935143c8222da9f4a9b2837e3fa851a8765f246ebda0e9f65a) is already imported","throwable":""}
{"timestamp":"2025-09-17T02:36:01,013","container":"e8fbc2c00ac2","level":"INFO","thread":"BftProcessorExecutor-QBFT-0","class":"QbftBesuControllerBuilder","message":"Imported #1,262 / 0 tx / 0 pending / 0 (0.0%) gas / (0x4e452de462c06e935143c8222da9f4a9b2837e3fa851a8765f246ebda0e9f65a)","throwable":""}
{"timestamp":"2025-09-17T02:36:09,008","container":"e8fbc2c00ac2","level":"INFO","thread":"EthScheduler-Workers-0","class":"PersistBlockTask","message":"Block 1263 (0x21ccf9134581d5ed2328f79bbc44d88d40a2712ac14b329affe8293f5faaad00) is already imported","throwable":""}
{"timestamp":"2025-09-17T02:36:09,008","container":"e8fbc2c00ac2","level":"INFO","thread":"BftProcessorExecutor-QBFT-0","class":"QbftBesuControllerBuilder","message":"Imported #1,263 / 0 tx / 0 pending / 0 (0.0%) gas / (0x21ccf9134581d5ed2328f79bbc44d88d40a2712ac14b329affe8293f5faaad00)","throwable":""}
{"timestamp":"2025-09-17T02:36:17,837","container":"e8fbc2c00ac2","level":"INFO","thread":"EthScheduler-Workers-0","class":"PersistBlockTask","message":"Imported #1,264 / 0 tx / 0 om / 0 (0.0%) gas / (0xf026bb9f5286138076d25d4a3707327980e79332ae8cbcb076cbbc6b8d7bcdd0) in 0.001s. Peers: 5","throwable":""}
{"timestamp":"2025-09-17T02:36:17,837","container":"e8fbc2c00ac2","level":"INFO","thread":"BftProcessorExecutor-QBFT-0","class":"QbftBesuControllerBuilder","message":"Produced #1,264 / 0 tx / 0 pending / 0 (0.0%) gas / (0xf026bb9f5286138076d25d4a3707327980e79332ae8cbcb076cbbc6b8d7bcdd0)","throwable":""}
{"timestamp":"2025-09-17T02:36:26,006","container":"e8fbc2c00ac2","level":"INFO","thread":"BftProcessorExecutor-QBFT-0","class":"QbftBesuControllerBuilder","message":"Imported #1,265 / 0 tx / 0 pending / 0 (0.0%) gas / (0x99d1cb093014f1d901f5db0331930c7fff0e4501d8bae27f0041ee5252c83b6e)","throwable":""}
{"timestamp":"2025-09-17T02:36:34,008","container":"e8fbc2c00ac2","level":"INFO","thread":"EthScheduler-Workers-0","class":"PersistBlockTask","message":"Block 1266 (0x81616eeb002c4670711f9f4ede15ca3874c1968d30ed8f314deba788601d1a9a) is already imported","throwable":""}
{"timestamp":"2025-09-17T02:36:34,009","container":"e8fbc2c00ac2","level":"INFO","thread":"BftProcessorExecutor-QBFT-0","class":"QbftBesuControllerBuilder","message":"Imported #1,266 / 0 tx / 0 pending / 0 (0.0%) gas / (0x81616eeb002c4670711f9f4ede15ca3874c1968d30ed8f314deba788601d1a9a)","throwable":""}
{"timestamp":"2025-09-17T02:36:42,008","container":"e8fbc2c00ac2","level":"INFO","thread":"BftProcessorExecutor-QBFT-0","class":"QbftBesuControllerBuilder","message":"Imported #1,267 / 0 tx / 0 pending / 0 (0.0%) gas / (0xf42cd1cd2e452f1ba644aa94eedf069dbb73a942045c4c85064087ad3d557f20)","throwable":""}
{"timestamp":"2025-09-17T02:36:50,858","container":"e8fbc2c00ac2","level":"INFO","thread":"EthScheduler-Workers-0","class":"PersistBlockTask","message":"Block 1268 (0xbd2fc134824cc80d8f9877ae02130da863b7aa3db60b09e634c05952a62db778) is already imported","throwable":""}
{"timestamp":"2025-09-17T02:36:50,859","container":"e8fbc2c00ac2","level":"INFO","thread":"BftProcessorExecutor-QBFT-0","class":"QbftBesuControllerBuilder","message":"Produced #1,268 / 0 tx / 0 pending / 0 (0.0%) gas / (0xbd2fc134824cc80d8f9877ae02130da863b7aa3db60b09e634c05952a62db778)","throwable":""}
{"timestamp":"2025-09-17T02:36:59,012","container":"e8fbc2c00ac2","level":"INFO","thread":"EthScheduler-Workers-0","class":"PersistBlockTask","message":"Block 1269 (0xd505e0fc15dcc0ada69749fcd96a5a89f265a992c3239e68aa5cb3da3bd0f3d3) is already imported","throwable":""}
{"timestamp":"2025-09-17T02:36:59,012","container":"e8fbc2c00ac2","level":"INFO","thread":"BftProcessorExecutor-QBFT-0","class":"QbftBesuControllerBuilder","message":"Imported #1,269 / 0 tx / 0 pending / 0 (0.0%) gas / (0xd505e0fc15dcc0ada69749fcd96a5a89f265a992c3239e68aa5cb3da3bd0f3d3)","throwable":""}
{"timestamp":"2025-09-17T02:37:07,008","container":"e8fbc2c00ac2","level":"INFO","thread":"BftProcessorExecutor-QBFT-0","class":"QbftBesuControllerBuilder","message":"Imported #1,270 / 0 tx / 0 pending / 0 (0.0%) gas / (0x0fa34baf61786262077752a6539a3c1f046e2ebf48efb67a97ac0d6b13edf832)","throwable":""}
{"timestamp":"2025-09-17T02:37:15,007","container":"e8fbc2c00ac2","level":"INFO","thread":"EthScheduler-Workers-0","class":"PersistBlockTask","message":"Block 1271 (0xc58091bf9abb5bdb7e1a1c56dee851f92310fa7ad1b8d8dc72123c1f716bd72a) is already imported","throwable":""}
{"timestamp":"2025-09-17T02:37:15,007","container":"e8fbc2c00ac2","level":"INFO","thread":"BftProcessorExecutor-QBFT-0","class":"QbftBesuControllerBuilder","message":"Imported #1,271 / 0 tx / 0 pending / 0 (0.0%) gas / (0xc58091bf9abb5bdb7e1a1c56dee851f92310fa7ad1b8d8dc72123c1f716bd72a)","throwable":""}
{"timestamp":"2025-09-17T02:37:23,847","container":"e8fbc2c00ac2","level":"INFO","thread":"BftProcessorExecutor-QBFT-0","class":"QbftBesuControllerBuilder","message":"Produced #1,272 / 0 tx / 0 pending / 0 (0.0%) gas / (0x4e51754ab34bf4bfe6d78ae11bab1996d3603977b13061163ce401df86b18f50)","throwable":""}
{"timestamp":"2025-09-17T02:37:32,008","container":"e8fbc2c00ac2","level":"INFO","thread":"BftProcessorExecutor-QBFT-0","class":"QbftBesuControllerBuilder","message":"Imported #1,273 / 0 tx / 0 pending / 0 (0.0%) gas / (0x615a9b99d68f57d07db5c9086e3a814b25abeb9b9df40206f251f5e47dd9b440)","throwable":""}
{"timestamp":"2025-09-17T02:37:40,016","container":"e8fbc2c00ac2","level":"INFO","thread":"EthScheduler-Workers-0","class":"PersistBlockTask","message":"Block 1274 (0xd21de08741a96329c005a788231959961df2b7d8b1d6bd65b6eae9a8485d6512) is already imported","throwable":""}
{"timestamp":"2025-09-17T02:37:40,017","container":"e8fbc2c00ac2","level":"INFO","thread":"BftProcessorExecutor-QBFT-0","class":"QbftBesuControllerBuilder","message":"Imported #1,274 / 0 tx / 0 pending / 0 (0.0%) gas / (0xd21de08741a96329c005a788231959961df2b7d8b1d6bd65b6eae9a8485d6512)","throwable":""}
{"timestamp":"2025-09-17T02:37:48,013","container":"e8fbc2c00ac2","level":"INFO","thread":"EthScheduler-Workers-0","class":"PersistBlockTask","message":"Block 1275 (0xec110ae152afcd454598431e30adaa036cbdf7de01ad79adb17d84b47f3e4b9b) is already imported","throwable":""}
{"timestamp":"2025-09-17T02:37:48,013","container":"e8fbc2c00ac2","level":"INFO","thread":"BftProcessorExecutor-QBFT-0","class":"QbftBesuControllerBuilder","message":"Imported #1,275 / 0 tx / 0 pending / 0 (0.0%) gas / (0xec110ae152afcd454598431e30adaa036cbdf7de01ad79adb17d84b47f3e4b9b)","throwable":""}
{"timestamp":"2025-09-17T02:37:56,862","container":"e8fbc2c00ac2","level":"INFO","thread":"BftProcessorExecutor-QBFT-0","class":"QbftBesuControllerBuilder","message":"Produced #1,276 / 0 tx / 0 pending / 0 (0.0%) gas / (0x05aa778dc8f4a643e6cc85e1b8caf435bea87e37d181047d731775a27505dea6)","throwable":""}
{"timestamp":"2025-09-17T02:37:56,865","container":"e8fbc2c00ac2","level":"INFO","thread":"EthScheduler-Workers-0","class":"PersistBlockTask","message":"Block 1276 (0x05aa778dc8f4a643e6cc85e1b8caf435bea87e37d181047d731775a27505dea6) is already imported","throwable":""}
{"timestamp":"2025-09-17T02:38:05,006","container":"e8fbc2c00ac2","level":"INFO","thread":"BftProcessorExecutor-QBFT-0","class":"QbftBesuControllerBuilder","message":"Imported #1,277 / 0 tx / 0 pending / 0 (0.0%) gas / (0x3df0025f8eead108792007890cb6c3c8c5b530afe538b6ccc49800a8f87ed740)","throwable":""}
{"timestamp":"2025-09-17T02:38:13,009","container":"e8fbc2c00ac2","level":"INFO","thread":"EthScheduler-Workers-0","class":"PersistBlockTask","message":"Block 1278 (0x9a6dfe8cc0810daf879b854fa6d0ba056bfb289d9f7304e9d5c6faaf24af07cf) is already imported","throwable":""}
{"timestamp":"2025-09-17T02:38:13,009","container":"e8fbc2c00ac2","level":"INFO","thread":"BftProcessorExecutor-QBFT-0","class":"QbftBesuControllerBuilder","message":"Imported #1,278 / 0 tx / 0 pending / 0 (0.0%) gas / (0x9a6dfe8cc0810daf879b854fa6d0ba056bfb289d9f7304e9d5c6faaf24af07cf)","throwable":""}
{"timestamp":"2025-09-17T02:38:21,009","container":"e8fbc2c00ac2","level":"INFO","thread":"BftProcessorExecutor-QBFT-0","class":"QbftBesuControllerBuilder","message":"Imported #1,279 / 0 tx / 0 pending / 0 (0.0%) gas / (0x79c805eef982f751b9d8e55e4873db89842e9bee363c030e90f8ec7b8f3dbef3)","throwable":""}
{"timestamp":"2025-09-17T02:38:29,867","container":"e8fbc2c00ac2","level":"INFO","thread":"EthScheduler-Workers-0","class":"PersistBlockTask","message":"Imported #1,280 / 0 tx / 0 om / 0 (0.0%) gas / (0x8e86c1d9d0cd0bd809ff9afcace5c992a73c6f06bda8ac02550bfba452bcc78f) in 0.001s. Peers: 5","throwable":""}
{"timestamp":"2025-09-17T02:38:38,013","container":"e8fbc2c00ac2","level":"INFO","thread":"EthScheduler-Workers-0","class":"PersistBlockTask","message":"Imported #1,281 / 0 tx / 0 om / 0 (0.0%) gas / (0x70f61f9d929af4359e6bf81641045a22e21078dda6413ff992df20f257876334) in 0.001s. Peers: 5","throwable":""}
{"timestamp":"2025-09-17T02:38:38,013","container":"e8fbc2c00ac2","level":"INFO","thread":"BftProcessorExecutor-QBFT-0","class":"QbftBesuControllerBuilder","message":"Imported #1,281 / 0 tx / 0 pending / 0 (0.0%) gas / (0x70f61f9d929af4359e6bf81641045a22e21078dda6413ff992df20f257876334)","throwable":""}
{"timestamp":"2025-09-17T02:38:46,008","container":"e8fbc2c00ac2","level":"INFO","thread":"BftProcessorExecutor-QBFT-0","class":"QbftBesuControllerBuilder","message":"Imported #1,282 / 0 tx / 0 pending / 0 (0.0%) gas / (0xc5b1a79d54efd492255cb07857e743a077c5a8e35092fc9381aa0956bc9a652f)","throwable":""}
{"timestamp":"2025-09-17T02:38:54,006","container":"e8fbc2c00ac2","level":"INFO","thread":"BftProcessorExecutor-QBFT-0","class":"QbftBesuControllerBuilder","message":"Imported #1,283 / 0 tx / 0 pending / 0 (0.0%) gas / (0xfd88020189b8ed9e0b5cd6cbc68d1ec2127c387de4c269672c80fd6ce229031c)","throwable":""}
{"timestamp":"2025-09-17T02:39:02,854","container":"e8fbc2c00ac2","level":"INFO","thread":"BftProcessorExecutor-QBFT-0","class":"QbftBesuControllerBuilder","message":"Produced #1,284 / 0 tx / 0 pending / 0 (0.0%) gas / (0xc93af0783a623d1070e345353dc10e16108c0ac5bda1c7c38ff7e28281a87438)","throwable":""}
{"timestamp":"2025-09-17T02:39:11,012","container":"e8fbc2c00ac2","level":"INFO","thread":"BftProcessorExecutor-QBFT-0","class":"QbftBesuControllerBuilder","message":"Imported #1,285 / 0 tx / 0 pending / 0 (0.0%) gas / (0x77fc2e704823d4c53525882c47441bb0425a90356d6a9ff4bca5f6f927ffa705)","throwable":""}
{"timestamp":"2025-09-17T02:39:19,006","container":"e8fbc2c00ac2","level":"INFO","thread":"BftProcessorExecutor-QBFT-0","class":"QbftBesuControllerBuilder","message":"Imported #1,286 / 0 tx / 0 pending / 0 (0.0%) gas / (0x1be0a5b1fe8c13fe63ab6df6fe0f3d4fe6b67dac111a54c30ad6650c72794da4)","throwable":""}
{"timestamp":"2025-09-17T02:39:27,005","container":"e8fbc2c00ac2","level":"INFO","thread":"BftProcessorExecutor-QBFT-0","class":"QbftBesuControllerBuilder","message":"Imported #1,287 / 0 tx / 0 pending / 0 (0.0%) gas / (0x16fdf85c4a1edc24399a9384669b3266af1415e23e897c5f36dab0d7ef8c8f56)","throwable":""}
{"timestamp":"2025-09-17T02:39:35,771","container":"e8fbc2c00ac2","level":"INFO","thread":"BftProcessorExecutor-QBFT-0","class":"QbftBesuControllerBuilder","message":"Produced #1,288 / 0 tx / 0 pending / 0 (0.0%) gas / (0xde46ac9eecfbe393998b1fcf28f6a308ab72d6e819cda43427db36e9a3ae8b41)","throwable":""}
{"timestamp":"2025-09-17T02:39:44,007","container":"e8fbc2c00ac2","level":"INFO","thread":"BftProcessorExecutor-QBFT-0","class":"QbftBesuControllerBuilder","message":"Imported #1,289 / 0 tx / 0 pending / 0 (0.0%) gas / (0x29965151bdce0dc8c808a64769c40f80949a0c65b684282c113f5e34576e56b7)","throwable":""}
{"timestamp":"2025-09-17T02:39:52,006","container":"e8fbc2c00ac2","level":"INFO","thread":"BftProcessorExecutor-QBFT-0","class":"QbftBesuControllerBuilder","message":"Imported #1,290 / 0 tx / 0 pending / 0 (0.0%) gas / (0x9509744ee1b90b69b2ffdd9fe9bb56d857dcea53d9ea7d056e1d328f2a13c436)","throwable":""}
{"timestamp":"2025-09-17T02:40:00,007","container":"e8fbc2c00ac2","level":"INFO","thread":"BftProcessorExecutor-QBFT-0","class":"QbftBesuControllerBuilder","message":"Imported #1,291 / 0 tx / 0 pending / 0 (0.0%) gas / (0xa27243b2e945b3d187075000111a056f502cd5e82c071b583d351c5d960e2c6c)","throwable":""}
{"timestamp":"2025-09-17T02:40:09,043","container":"e8fbc2c00ac2","level":"INFO","thread":"BftProcessorExecutor-QBFT-0","class":"QbftBesuControllerBuilder","message":"Produced #1,292 / 0 tx / 0 pending / 0 (0.0%) gas / (0xc33ca42729eed898512decaf189daa65133f67834d99aaf24026c8c040fe2a81)","throwable":""}
{"timestamp":"2025-09-17T02:40:17,006","container":"e8fbc2c00ac2","level":"INFO","thread":"BftProcessorExecutor-QBFT-0","class":"QbftBesuControllerBuilder","message":"Imported #1,293 / 0 tx / 0 pending / 0 (0.0%) gas / (0x936fb4179186ec3956dd96c13d7924db548d58dc74ff6a288528caecbedb4cd3)","throwable":""}
{"timestamp":"2025-09-17T02:40:25,007","container":"e8fbc2c00ac2","level":"INFO","thread":"BftProcessorExecutor-QBFT-0","class":"QbftBesuControllerBuilder","message":"Imported #1,294 / 0 tx / 0 pending / 0 (0.0%) gas / (0xccd1f573c537a080769f24edd24c8a5c8a3d381dcae175d765ade09485eb6bc5)","throwable":""}
{"timestamp":"2025-09-17T02:40:33,007","container":"e8fbc2c00ac2","level":"INFO","thread":"EthScheduler-Workers-0","class":"PersistBlockTask","message":"Block 1295 (0x819accc4ba2f8655b3eb6dd7f3f90fcef27ae6a9f93841bb9e883f1549e267a1) is already imported","throwable":""}
{"timestamp":"2025-09-17T02:40:33,007","container":"e8fbc2c00ac2","level":"INFO","thread":"BftProcessorExecutor-QBFT-0","class":"QbftBesuControllerBuilder","message":"Imported #1,295 / 0 tx / 0 pending / 0 (0.0%) gas / (0x819accc4ba2f8655b3eb6dd7f3f90fcef27ae6a9f93841bb9e883f1549e267a1)","throwable":""}
{"timestamp":"2025-09-17T02:40:41,855","container":"e8fbc2c00ac2","level":"INFO","thread":"BftProcessorExecutor-QBFT-0","class":"QbftBesuControllerBuilder","message":"Produced #1,296 / 0 tx / 0 pending / 0 (0.0%) gas / (0xf4195219ea890111053f89ddbbba1786d63828afc7aa7c30005c3fb652de33db)","throwable":""}
{"timestamp":"2025-09-17T02:40:50,006","container":"e8fbc2c00ac2","level":"INFO","thread":"BftProcessorExecutor-QBFT-0","class":"QbftBesuControllerBuilder","message":"Imported #1,297 / 0 tx / 0 pending / 0 (0.0%) gas / (0xcf6267c8ac995cc8c30149e0227f303ba72646520e7f1917bfc4c5b7914334c7)","throwable":""}
{"timestamp":"2025-09-17T02:40:58,006","container":"e8fbc2c00ac2","level":"INFO","thread":"BftProcessorExecutor-QBFT-0","class":"QbftBesuControllerBuilder","message":"Imported #1,298 / 0 tx / 0 pending / 0 (0.0%) gas / (0x784976a386a086805c8bd8e84655991e20986fc77bcf10098c98a3d1b64ac1fc)","throwable":""}
{"timestamp":"2025-09-17T02:41:06,008","container":"e8fbc2c00ac2","level":"INFO","thread":"EthScheduler-Workers-0","class":"PersistBlockTask","message":"Block 1299 (0x56b280dfcd40259dc738688336e54bc5fadd9a2c1e51364c4dd230b5f7ffef5b) is already imported","throwable":""}
{"timestamp":"2025-09-17T02:41:06,008","container":"e8fbc2c00ac2","level":"INFO","thread":"BftProcessorExecutor-QBFT-0","class":"QbftBesuControllerBuilder","message":"Imported #1,299 / 0 tx / 0 pending / 0 (0.0%) gas / (0x56b280dfcd40259dc738688336e54bc5fadd9a2c1e51364c4dd230b5f7ffef5b)","throwable":""}
{"timestamp":"2025-09-17T02:41:14,822","container":"e8fbc2c00ac2","level":"INFO","thread":"BftProcessorExecutor-QBFT-0","class":"QbftBesuControllerBuilder","message":"Produced #1,300 / 0 tx / 0 pending / 0 (0.0%) gas / (0xea8f7926f642cbfb38c7860c67e2e09c146730593565e8dd253798b8baaee75d)","throwable":""}
{"timestamp":"2025-09-17T02:41:23,006","container":"e8fbc2c00ac2","level":"INFO","thread":"BftProcessorExecutor-QBFT-0","class":"QbftBesuControllerBuilder","message":"Imported #1,301 / 0 tx / 0 pending / 0 (0.0%) gas / (0xa987f7ad3ebe8fdd95cbf129f01c681542eba9de890c702018114dc2dcf14be2)","throwable":""}
{"timestamp":"2025-09-17T02:41:31,006","container":"e8fbc2c00ac2","level":"INFO","thread":"BftProcessorExecutor-QBFT-0","class":"QbftBesuControllerBuilder","message":"Imported #1,302 / 0 tx / 0 pending / 0 (0.0%) gas / (0xdf5e8011993414aadba21e552adcea6a62ae6a44c436b1326fcf10e3cdc06d66)","throwable":""}
{"timestamp":"2025-09-17T02:41:39,006","container":"e8fbc2c00ac2","level":"INFO","thread":"EthScheduler-Workers-0","class":"PersistBlockTask","message":"Block 1303 (0xfe8e80ac3b16bb912df63af0c7dd89f821c2be2de938782a56b1587ccb7c916b) is already imported","throwable":""}
{"timestamp":"2025-09-17T02:41:39,007","container":"e8fbc2c00ac2","level":"INFO","thread":"BftProcessorExecutor-QBFT-0","class":"QbftBesuControllerBuilder","message":"Imported #1,303 / 0 tx / 0 pending / 0 (0.0%) gas / (0xfe8e80ac3b16bb912df63af0c7dd89f821c2be2de938782a56b1587ccb7c916b)","throwable":""}
{"timestamp":"2025-09-17T02:41:47,856","container":"e8fbc2c00ac2","level":"INFO","thread":"BftProcessorExecutor-QBFT-0","class":"QbftBesuControllerBuilder","message":"Produced #1,304 / 0 tx / 0 pending / 0 (0.0%) gas / (0xdccf37bee050300f65932e1f8bc4dcec2bce56a5def7d22afe391d456d6be33c)","throwable":""}
{"timestamp":"2025-09-17T02:41:56,006","container":"e8fbc2c00ac2","level":"INFO","thread":"BftProcessorExecutor-QBFT-0","class":"QbftBesuControllerBuilder","message":"Imported #1,305 / 0 tx / 0 pending / 0 (0.0%) gas / (0x4dd1f10504276812584bc470f8833f9d1ca839b11521e3d099205f9e94c6b6fc)","throwable":""}
{"timestamp":"2025-09-17T02:42:04,009","container":"e8fbc2c00ac2","level":"INFO","thread":"EthScheduler-Workers-0","class":"PersistBlockTask","message":"Block 1306 (0xd2a93c18ee3144820e8d0372113c6ce2b48579dcb1c2c58399f57c20b8b8dfc6) is already imported","throwable":""}
{"timestamp":"2025-09-17T02:42:04,009","container":"e8fbc2c00ac2","level":"INFO","thread":"BftProcessorExecutor-QBFT-0","class":"QbftBesuControllerBuilder","message":"Imported #1,306 / 0 tx / 0 pending / 0 (0.0%) gas / (0xd2a93c18ee3144820e8d0372113c6ce2b48579dcb1c2c58399f57c20b8b8dfc6)","throwable":""}
{"timestamp":"2025-09-17T02:42:12,007","container":"e8fbc2c00ac2","level":"INFO","thread":"BftProcessorExecutor-QBFT-0","class":"QbftBesuControllerBuilder","message":"Imported #1,307 / 0 tx / 0 pending / 0 (0.0%) gas / (0x5093178307af208315806c5499a3a68814b43d1ec220e688c3fa30ee89133455)","throwable":""}
{"timestamp":"2025-09-17T02:42:20,897","container":"e8fbc2c00ac2","level":"INFO","thread":"EthScheduler-Workers-0","class":"PersistBlockTask","message":"Imported #1,308 / 0 tx / 0 om / 0 (0.0%) gas / (0xc39e31e47331850ff5f3f29501a93211351df6285fdef40b384b750d7b2e4af3) in 0.001s. Peers: 5","throwable":""}
{"timestamp":"2025-09-17T02:42:20,897","container":"e8fbc2c00ac2","level":"INFO","thread":"BftProcessorExecutor-QBFT-0","class":"QbftBesuControllerBuilder","message":"Produced #1,308 / 0 tx / 0 pending / 0 (0.0%) gas / (0xc39e31e47331850ff5f3f29501a93211351df6285fdef40b384b750d7b2e4af3)","throwable":""}
{"timestamp":"2025-09-17T02:42:29,008","container":"e8fbc2c00ac2","level":"INFO","thread":"BftProcessorExecutor-QBFT-0","class":"QbftBesuControllerBuilder","message":"Imported #1,309 / 0 tx / 0 pending / 0 (0.0%) gas / (0x7331719d82c7a4c7f2043c29b8233fb6a6894a1447fe76b93ffff672493b0861)","throwable":""}
{"timestamp":"2025-09-17T02:42:37,006","container":"e8fbc2c00ac2","level":"INFO","thread":"BftProcessorExecutor-QBFT-0","class":"QbftBesuControllerBuilder","message":"Imported #1,310 / 0 tx / 0 pending / 0 (0.0%) gas / (0x13fc6b3c0d3930c86ff33790476562e3be6ec4f6cc3067abb063af375466de49)","throwable":""}
{"timestamp":"2025-09-17T02:42:45,006","container":"e8fbc2c00ac2","level":"INFO","thread":"BftProcessorExecutor-QBFT-0","class":"QbftBesuControllerBuilder","message":"Imported #1,311 / 0 tx / 0 pending / 0 (0.0%) gas / (0xcdac53597b646049bb80e4fbdb5454fa474747e4f648f8e6f16794f2b088c71f)","throwable":""}
{"timestamp":"2025-09-17T02:42:53,006","container":"e8fbc2c00ac2","level":"INFO","thread":"BftProcessorExecutor-QBFT-0","class":"QbftBesuControllerBuilder","message":"Produced #1,312 / 0 tx / 0 pending / 0 (0.0%) gas / (0x0033143d0d0a83604cc56da29c32260dc72a66fed142d8c946effde606d5a7d5)","throwable":""}
{"timestamp":"2025-09-17T02:43:01,880","container":"e8fbc2c00ac2","level":"INFO","thread":"BftProcessorExecutor-QBFT-0","class":"QbftBesuControllerBuilder","message":"Imported #1,313 / 0 tx / 0 pending / 0 (0.0%) gas / (0xc5c7ce08f0aef1a8dfdade18837fc9ef634421933ee5c4a9edbd47043e8b652a)","throwable":""}
{"timestamp":"2025-09-17T02:43:10,006","container":"e8fbc2c00ac2","level":"INFO","thread":"BftProcessorExecutor-QBFT-0","class":"QbftBesuControllerBuilder","message":"Imported #1,314 / 0 tx / 0 pending / 0 (0.0%) gas / (0x97bb66c2973a53f65da3282dabd93839132e37588d94234fd7b4bcbf8f1bcb14)","throwable":""}
{"timestamp":"2025-09-17T02:43:18,006","container":"e8fbc2c00ac2","level":"INFO","thread":"BftProcessorExecutor-QBFT-0","class":"QbftBesuControllerBuilder","message":"Imported #1,315 / 0 tx / 0 pending / 0 (0.0%) gas / (0xf8e43c289e7ddce1617219b83883670e9f4996aa65073f52c6ce8b5cfa724c5a)","throwable":""}
{"timestamp":"2025-09-17T02:43:26,006","container":"e8fbc2c00ac2","level":"INFO","thread":"BftProcessorExecutor-QBFT-0","class":"QbftBesuControllerBuilder","message":"Produced #1,316 / 0 tx / 0 pending / 0 (0.0%) gas / (0xfeaeba3977a8e96fec2f266e716587cb0ee7d0e1779c6fca521940b4c0b61129)","throwable":""}
{"timestamp":"2025-09-17T02:43:34,898","container":"e8fbc2c00ac2","level":"INFO","thread":"EthScheduler-Workers-0","class":"PersistBlockTask","message":"Block 1317 (0x5ace0f34ddc735d53f02e24c7953a720fa2fcd1315dab1af4bdaec3dea99d401) is already imported","throwable":""}
{"timestamp":"2025-09-17T02:43:34,898","container":"e8fbc2c00ac2","level":"INFO","thread":"BftProcessorExecutor-QBFT-0","class":"QbftBesuControllerBuilder","message":"Imported #1,317 / 0 tx / 0 pending / 0 (0.0%) gas / (0x5ace0f34ddc735d53f02e24c7953a720fa2fcd1315dab1af4bdaec3dea99d401)","throwable":""}
{"timestamp":"2025-09-17T02:43:43,007","container":"e8fbc2c00ac2","level":"INFO","thread":"BftProcessorExecutor-QBFT-0","class":"QbftBesuControllerBuilder","message":"Imported #1,318 / 0 tx / 0 pending / 0 (0.0%) gas / (0xb87853bdf59261e6e42d8cd7d730fa59b47fea61667789cc0364f66db650bbb8)","throwable":""}
{"timestamp":"2025-09-17T02:43:51,006","container":"e8fbc2c00ac2","level":"INFO","thread":"BftProcessorExecutor-QBFT-0","class":"QbftBesuControllerBuilder","message":"Imported #1,319 / 0 tx / 0 pending / 0 (0.0%) gas / (0x9ec9ef0b0899905fca1001cbd45cc4bf38a7014470837fa1f1828446e9931fef)","throwable":""}
{"timestamp":"2025-09-17T02:43:59,006","container":"e8fbc2c00ac2","level":"INFO","thread":"BftProcessorExecutor-QBFT-0","class":"QbftBesuControllerBuilder","message":"Produced #1,320 / 0 tx / 0 pending / 0 (0.0%) gas / (0xa53eb7e56eb052c57eae1151bdd8d195bd506d1d2aded6ecf4badf257a00e7d2)","throwable":""}
{"timestamp":"2025-09-17T02:44:07,990","container":"e8fbc2c00ac2","level":"INFO","thread":"BftProcessorExecutor-QBFT-0","class":"QbftBesuControllerBuilder","message":"Imported #1,321 / 0 tx / 0 pending / 0 (0.0%) gas / (0xa400f58ac4e34e632c9ceabdd3c4f02c0eb523a1db5434a52c52282aa597541b)","throwable":""}
{"timestamp":"2025-09-17T02:44:16,007","container":"e8fbc2c00ac2","level":"INFO","thread":"BftProcessorExecutor-QBFT-0","class":"QbftBesuControllerBuilder","message":"Imported #1,322 / 0 tx / 0 pending / 0 (0.0%) gas / (0x42f01765c4fa043715906cadfd9de3f177e66f6987378216486b9a47ef5cd8f2)","throwable":""}
{"timestamp":"2025-09-17T02:44:24,007","container":"e8fbc2c00ac2","level":"INFO","thread":"BftProcessorExecutor-QBFT-0","class":"QbftBesuControllerBuilder","message":"Imported #1,323 / 0 tx / 0 pending / 0 (0.0%) gas / (0x1a12957093bf179af20f3f60a2501a052b8086d05663b50cac7251cefe8633a3)","throwable":""}
{"timestamp":"2025-09-17T02:44:32,009","container":"e8fbc2c00ac2","level":"INFO","thread":"EthScheduler-Workers-0","class":"PersistBlockTask","message":"Block 1324 (0x66a0227a9640a4cdeb40f816cfca4e99fa45f37de65e85264f662dbf6a87d797) is already imported","throwable":""}
{"timestamp":"2025-09-17T02:44:32,009","container":"e8fbc2c00ac2","level":"INFO","thread":"BftProcessorExecutor-QBFT-0","class":"QbftBesuControllerBuilder","message":"Produced #1,324 / 0 tx / 0 pending / 0 (0.0%) gas / (0x66a0227a9640a4cdeb40f816cfca4e99fa45f37de65e85264f662dbf6a87d797)","throwable":""}
{"timestamp":"2025-09-17T02:44:40,881","container":"e8fbc2c00ac2","level":"INFO","thread":"BftProcessorExecutor-QBFT-0","class":"QbftBesuControllerBuilder","message":"Imported #1,325 / 0 tx / 0 pending / 0 (0.0%) gas / (0x24c3d3178260e3c6a85f3a07d908774c91a1987779e63655545b80a185eeccbf)","throwable":""}
{"timestamp":"2025-09-17T02:44:49,005","container":"e8fbc2c00ac2","level":"INFO","thread":"BftProcessorExecutor-QBFT-0","class":"QbftBesuControllerBuilder","message":"Imported #1,326 / 0 tx / 0 pending / 0 (0.0%) gas / (0x59334d9c08ca0c6ce7f76a0fa2231b7c87b102d5dd06b0d8ae4fc8e157f67f2c)","throwable":""}
{"timestamp":"2025-09-17T02:44:57,010","container":"e8fbc2c00ac2","level":"INFO","thread":"EthScheduler-Workers-0","class":"PersistBlockTask","message":"Block 1327 (0xe6c9e48c4103d3230abbb6ea323b49e3f8a19460ffb8d43cdd9c8a0fb8127a0e) is already imported","throwable":""}
{"timestamp":"2025-09-17T02:44:57,010","container":"e8fbc2c00ac2","level":"INFO","thread":"BftProcessorExecutor-QBFT-0","class":"QbftBesuControllerBuilder","message":"Imported #1,327 / 0 tx / 0 pending / 0 (0.0%) gas / (0xe6c9e48c4103d3230abbb6ea323b49e3f8a19460ffb8d43cdd9c8a0fb8127a0e)","throwable":""}
{"timestamp":"2025-09-17T02:45:05,008","container":"e8fbc2c00ac2","level":"INFO","thread":"EthScheduler-Workers-0","class":"PersistBlockTask","message":"Block 1328 (0x39ab2b07199622f1a83f66b053d40c88456a86f0bb2c0ccbf34f797a293878d7) is already imported","throwable":""}
{"timestamp":"2025-09-17T02:45:05,008","container":"e8fbc2c00ac2","level":"INFO","thread":"BftProcessorExecutor-QBFT-0","class":"QbftBesuControllerBuilder","message":"Produced #1,328 / 0 tx / 0 pending / 0 (0.0%) gas / (0x39ab2b07199622f1a83f66b053d40c88456a86f0bb2c0ccbf34f797a293878d7)","throwable":""}
{"timestamp":"2025-09-17T02:45:13,947","container":"e8fbc2c00ac2","level":"INFO","thread":"BftProcessorExecutor-QBFT-0","class":"QbftBesuControllerBuilder","message":"Imported #1,329 / 0 tx / 0 pending / 0 (0.0%) gas / (0x2e3c5be1e932ea759fc4328fa83fd444074994461c77f67ac17dd16ddedd0a8e)","throwable":""}
{"timestamp":"2025-09-17T02:45:22,006","container":"e8fbc2c00ac2","level":"INFO","thread":"BftProcessorExecutor-QBFT-0","class":"QbftBesuControllerBuilder","message":"Imported #1,330 / 0 tx / 0 pending / 0 (0.0%) gas / (0x65ac920ebc4ea4cad854c7ef9ab4e38f7d7dfd63022f759be1a7ab4f648fe76b)","throwable":""}
{"timestamp":"2025-09-17T02:45:30,006","container":"e8fbc2c00ac2","level":"INFO","thread":"BftProcessorExecutor-QBFT-0","class":"QbftBesuControllerBuilder","message":"Imported #1,331 / 0 tx / 0 pending / 0 (0.0%) gas / (0x84dddf94a13a5a5acd4d4975a9c7e1f27f60525e885e0c9708992952427b7baf)","throwable":""}
{"timestamp":"2025-09-17T02:45:38,009","container":"e8fbc2c00ac2","level":"INFO","thread":"EthScheduler-Workers-0","class":"PersistBlockTask","message":"Block 1332 (0x70a7d25fed3d7e703eb0e9b37bbb7896a94dbd94ee0affa7d34325e8ae7ca0de) is already imported","throwable":""}
{"timestamp":"2025-09-17T02:45:38,009","container":"e8fbc2c00ac2","level":"INFO","thread":"BftProcessorExecutor-QBFT-0","class":"QbftBesuControllerBuilder","message":"Produced #1,332 / 0 tx / 0 pending / 0 (0.0%) gas / (0x70a7d25fed3d7e703eb0e9b37bbb7896a94dbd94ee0affa7d34325e8ae7ca0de)","throwable":""}
{"timestamp":"2025-09-17T02:45:46,970","container":"e8fbc2c00ac2","level":"INFO","thread":"BftProcessorExecutor-QBFT-0","class":"QbftBesuControllerBuilder","message":"Imported #1,333 / 0 tx / 0 pending / 0 (0.0%) gas / (0xb4b43f5ecad88339232f212d965a63813e237a6bc1e966e8a3d10893dabe942b)","throwable":""}
{"timestamp":"2025-09-17T02:45:55,006","container":"e8fbc2c00ac2","level":"INFO","thread":"BftProcessorExecutor-QBFT-0","class":"QbftBesuControllerBuilder","message":"Imported #1,334 / 0 tx / 0 pending / 0 (0.0%) gas / (0xf0528e4de82a799d7805ec2f2ea085a1967c449d1660bc76a678a7bce19fb8c7)","throwable":""}
{"timestamp":"2025-09-17T02:46:03,007","container":"e8fbc2c00ac2","level":"INFO","thread":"BftProcessorExecutor-QBFT-0","class":"QbftBesuControllerBuilder","message":"Imported #1,335 / 0 tx / 0 pending / 0 (0.0%) gas / (0x37ff657e85839c03808318038c0f50db59984dc28b0baf5e52abb71bb32f49f6)","throwable":""}
{"timestamp":"2025-09-17T02:46:11,008","container":"e8fbc2c00ac2","level":"INFO","thread":"EthScheduler-Workers-0","class":"PersistBlockTask","message":"Block 1336 (0x570b445d3534eb2d1dd8b34a4ff01a89d1fcb5f30969edc263e93814c2a63ccc) is already imported","throwable":""}
{"timestamp":"2025-09-17T02:46:11,009","container":"e8fbc2c00ac2","level":"INFO","thread":"BftProcessorExecutor-QBFT-0","class":"QbftBesuControllerBuilder","message":"Produced #1,336 / 0 tx / 0 pending / 0 (0.0%) gas / (0x570b445d3534eb2d1dd8b34a4ff01a89d1fcb5f30969edc263e93814c2a63ccc)","throwable":""}
{"timestamp":"2025-09-17T02:46:19,916","container":"e8fbc2c00ac2","level":"INFO","thread":"EthScheduler-Workers-0","class":"PersistBlockTask","message":"Block 1337 (0x4fd151dcf49c707db9d946f3fe90aa75d3b6000faf0fff74948a245200ad0949) is already imported","throwable":""}
{"timestamp":"2025-09-17T02:46:19,916","container":"e8fbc2c00ac2","level":"INFO","thread":"BftProcessorExecutor-QBFT-0","class":"QbftBesuControllerBuilder","message":"Imported #1,337 / 0 tx / 0 pending / 0 (0.0%) gas / (0x4fd151dcf49c707db9d946f3fe90aa75d3b6000faf0fff74948a245200ad0949)","throwable":""}
{"timestamp":"2025-09-17T02:46:28,014","container":"e8fbc2c00ac2","level":"INFO","thread":"BftProcessorExecutor-QBFT-0","class":"QbftBesuControllerBuilder","message":"Imported #1,338 / 0 tx / 0 pending / 0 (0.0%) gas / (0x2526b9e453de94e2ae62eda9d48259c4bcb2c22eb1f3f93c05c12a1600809e62)","throwable":""}
{"timestamp":"2025-09-17T02:46:36,008","container":"e8fbc2c00ac2","level":"INFO","thread":"BftProcessorExecutor-QBFT-0","class":"QbftBesuControllerBuilder","message":"Imported #1,339 / 0 tx / 0 pending / 0 (0.0%) gas / (0x33d786265a77d482c5785a58b4cae2a202e9c37c8430b3d6d3f4ed1ca025771d)","throwable":""}
{"timestamp":"2025-09-17T02:46:44,007","container":"e8fbc2c00ac2","level":"INFO","thread":"BftProcessorExecutor-QBFT-0","class":"QbftBesuControllerBuilder","message":"Produced #1,340 / 0 tx / 0 pending / 0 (0.0%) gas / (0xee411c7f5ffed786f53153562d29ac31c70a7cff007eb388a2a1ca7faf85b12f)","throwable":""}
{"timestamp":"2025-09-17T02:46:52,964","container":"e8fbc2c00ac2","level":"INFO","thread":"BftProcessorExecutor-QBFT-0","class":"QbftBesuControllerBuilder","message":"Imported #1,341 / 0 tx / 0 pending / 0 (0.0%) gas / (0x472dfb5a15bf647cafb047ac706b718b931ffca6b22e2b9a7a7b019ff20f4e0f)","throwable":""}
{"timestamp":"2025-09-17T02:47:01,007","container":"e8fbc2c00ac2","level":"INFO","thread":"BftProcessorExecutor-QBFT-0","class":"QbftBesuControllerBuilder","message":"Imported #1,342 / 0 tx / 0 pending / 0 (0.0%) gas / (0x14b3759f3ceb416b3f8a4565f89e6741da659c638c17eea38b9c343218343895)","throwable":""}
{"timestamp":"2025-09-17T02:47:09,007","container":"e8fbc2c00ac2","level":"INFO","thread":"BftProcessorExecutor-QBFT-0","class":"QbftBesuControllerBuilder","message":"Imported #1,343 / 0 tx / 0 pending / 0 (0.0%) gas / (0xd92a99f8a8e860aebc046521841d0536a2e58a91a05782d9cbb0685e14944993)","throwable":""}
{"timestamp":"2025-09-17T02:47:17,010","container":"e8fbc2c00ac2","level":"INFO","thread":"EthScheduler-Workers-0","class":"PersistBlockTask","message":"Block 1344 (0x723bc47f8e72adb6c1d2cc571c42dbabce401f1c4c536112c7817e211f02e25f) is already imported","throwable":""}
{"timestamp":"2025-09-17T02:47:17,010","container":"e8fbc2c00ac2","level":"INFO","thread":"BftProcessorExecutor-QBFT-0","class":"QbftBesuControllerBuilder","message":"Produced #1,344 / 0 tx / 0 pending / 0 (0.0%) gas / (0x723bc47f8e72adb6c1d2cc571c42dbabce401f1c4c536112c7817e211f02e25f)","throwable":""}
{"timestamp":"2025-09-17T02:47:25,964","container":"e8fbc2c00ac2","level":"INFO","thread":"EthScheduler-Workers-0","class":"PersistBlockTask","message":"Block 1345 (0x458add3b6b30c976fd4d8578559aa7ec8945c023e39d24650102811d879cb061) is already imported","throwable":""}
{"timestamp":"2025-09-17T02:47:25,964","container":"e8fbc2c00ac2","level":"INFO","thread":"BftProcessorExecutor-QBFT-0","class":"QbftBesuControllerBuilder","message":"Imported #1,345 / 0 tx / 0 pending / 0 (0.0%) gas / (0x458add3b6b30c976fd4d8578559aa7ec8945c023e39d24650102811d879cb061)","throwable":""}
{"timestamp":"2025-09-17T02:47:34,006","container":"e8fbc2c00ac2","level":"INFO","thread":"BftProcessorExecutor-QBFT-0","class":"QbftBesuControllerBuilder","message":"Imported #1,346 / 0 tx / 0 pending / 0 (0.0%) gas / (0x5a24813caf7a0414f68d8e1ffbc7a53dab374f7cd64423d6b69519a6f966f187)","throwable":""}
{"timestamp":"2025-09-17T02:47:42,006","container":"e8fbc2c00ac2","level":"INFO","thread":"BftProcessorExecutor-QBFT-0","class":"QbftBesuControllerBuilder","message":"Imported #1,347 / 0 tx / 0 pending / 0 (0.0%) gas / (0xa64103eeae3539ce52ae7e408cc01c47ca2b17d7a2a4759f635c44cee2f65d0f)","throwable":""}
{"timestamp":"2025-09-17T02:47:50,007","container":"e8fbc2c00ac2","level":"INFO","thread":"BftProcessorExecutor-QBFT-0","class":"QbftBesuControllerBuilder","message":"Produced #1,348 / 0 tx / 0 pending / 0 (0.0%) gas / (0x1e0ce4c4a48fa1496e2fc3e9a8c53d77d63d1fc60070914b888f5b6201256290)","throwable":""}
{"timestamp":"2025-09-17T02:47:58,967","container":"e8fbc2c00ac2","level":"INFO","thread":"BftProcessorExecutor-QBFT-0","class":"QbftBesuControllerBuilder","message":"Imported #1,349 / 0 tx / 0 pending / 0 (0.0%) gas / (0x3d19b63130ab0e7729d741255c1d08e89436e59d6e067d2bf11b9bf20c5920e4)","throwable":""}
{"timestamp":"2025-09-17T02:48:07,007","container":"e8fbc2c00ac2","level":"INFO","thread":"BftProcessorExecutor-QBFT-0","class":"QbftBesuControllerBuilder","message":"Imported #1,350 / 0 tx / 0 pending / 0 (0.0%) gas / (0x34437181de3c3d314783e4ae0b4ac19f090a8f8246167c3014acd1a43540503a)","throwable":""}
{"timestamp":"2025-09-17T02:48:15,006","container":"e8fbc2c00ac2","level":"INFO","thread":"BftProcessorExecutor-QBFT-0","class":"QbftBesuControllerBuilder","message":"Imported #1,351 / 0 tx / 0 pending / 0 (0.0%) gas / (0xffa3b6e55c13f360165b851b054d2f826e2730aa7e108f2f71203f60a914d543)","throwable":""}
{"timestamp":"2025-09-17T02:48:23,005","container":"e8fbc2c00ac2","level":"INFO","thread":"BftProcessorExecutor-QBFT-0","class":"QbftBesuControllerBuilder","message":"Produced #1,352 / 0 tx / 0 pending / 0 (0.0%) gas / (0x7176375b33f090b8f7caf86b3d9492715b6a5f1fc8813dde96bea3af8a34af91)","throwable":""}
{"timestamp":"2025-09-17T02:48:31,965","container":"e8fbc2c00ac2","level":"INFO","thread":"BftProcessorExecutor-QBFT-0","class":"QbftBesuControllerBuilder","message":"Imported #1,353 / 0 tx / 0 pending / 0 (0.0%) gas / (0x7ee016e18c8ef6f37265a35e5e426e5f576c8aadda6ca12316618f222d150add)","throwable":""}
{"timestamp":"2025-09-17T02:48:40,009","container":"e8fbc2c00ac2","level":"INFO","thread":"EthScheduler-Workers-0","class":"PersistBlockTask","message":"Block 1354 (0x10eea9af30ec39354cff83b592c7aa46a4a6511a6c70cb29ceeb6ba99b96daa1) is already imported","throwable":""}
{"timestamp":"2025-09-17T02:48:40,009","container":"e8fbc2c00ac2","level":"INFO","thread":"BftProcessorExecutor-QBFT-0","class":"QbftBesuControllerBuilder","message":"Imported #1,354 / 0 tx / 0 pending / 0 (0.0%) gas / (0x10eea9af30ec39354cff83b592c7aa46a4a6511a6c70cb29ceeb6ba99b96daa1)","throwable":""}
{"timestamp":"2025-09-17T02:48:48,010","container":"e8fbc2c00ac2","level":"INFO","thread":"EthScheduler-Workers-0","class":"PersistBlockTask","message":"Block 1355 (0xc46150cdd49a259f54c2f65e0f9d24f4ad4422d1b40a7ab35ab996ee9a0e3a47) is already imported","throwable":""}
{"timestamp":"2025-09-17T02:48:48,010","container":"e8fbc2c00ac2","level":"INFO","thread":"BftProcessorExecutor-QBFT-0","class":"QbftBesuControllerBuilder","message":"Imported #1,355 / 0 tx / 0 pending / 0 (0.0%) gas / (0xc46150cdd49a259f54c2f65e0f9d24f4ad4422d1b40a7ab35ab996ee9a0e3a47)","throwable":""}
{"timestamp":"2025-09-17T02:48:56,007","container":"e8fbc2c00ac2","level":"INFO","thread":"EthScheduler-Workers-0","class":"PersistBlockTask","message":"Block 1356 (0xf0f4c53f84bf62a36bd4cf204a4a4a0598f969a0700415b2340a3bd5d0bb886d) is already imported","throwable":""}
{"timestamp":"2025-09-17T02:48:56,007","container":"e8fbc2c00ac2","level":"INFO","thread":"BftProcessorExecutor-QBFT-0","class":"QbftBesuControllerBuilder","message":"Produced #1,356 / 0 tx / 0 pending / 0 (0.0%) gas / (0xf0f4c53f84bf62a36bd4cf204a4a4a0598f969a0700415b2340a3bd5d0bb886d)","throwable":""}
{"timestamp":"2025-09-17T02:49:05,020","container":"e8fbc2c00ac2","level":"INFO","thread":"BftProcessorExecutor-QBFT-0","class":"QbftBesuControllerBuilder","message":"Imported #1,357 / 0 tx / 0 pending / 0 (0.0%) gas / (0x9fb03977d070e80c7067ca4735650a655afde08206fc071cbe214cb9006d9a76)","throwable":""}
{"timestamp":"2025-09-17T02:49:13,005","container":"e8fbc2c00ac2","level":"INFO","thread":"BftProcessorExecutor-QBFT-0","class":"QbftBesuControllerBuilder","message":"Imported #1,358 / 0 tx / 0 pending / 0 (0.0%) gas / (0xab585cb374a791f3e564511a413b0b82f0047581ed707a7bf76545a2053f0a78)","throwable":""}
{"timestamp":"2025-09-17T02:49:21,006","container":"e8fbc2c00ac2","level":"INFO","thread":"EthScheduler-Workers-0","class":"PersistBlockTask","message":"Block 1359 (0x0dfd1ea142e313213a0255b82f0a7e81129aa7a8db01b752f73ca4508b88675c) is already imported","throwable":""}
{"timestamp":"2025-09-17T02:49:21,006","container":"e8fbc2c00ac2","level":"INFO","thread":"BftProcessorExecutor-QBFT-0","class":"QbftBesuControllerBuilder","message":"Imported #1,359 / 0 tx / 0 pending / 0 (0.0%) gas / (0x0dfd1ea142e313213a0255b82f0a7e81129aa7a8db01b752f73ca4508b88675c)","throwable":""}
{"timestamp":"2025-09-17T02:49:29,006","container":"e8fbc2c00ac2","level":"INFO","thread":"BftProcessorExecutor-QBFT-0","class":"QbftBesuControllerBuilder","message":"Produced #1,360 / 0 tx / 0 pending / 0 (0.0%) gas / (0xd5931d24c9a4c5606a3ac5172cf08439eb15a9c55c2c264a30ad358584383f84)","throwable":""}
{"timestamp":"2025-09-17T02:49:38,042","container":"e8fbc2c00ac2","level":"INFO","thread":"BftProcessorExecutor-QBFT-0","class":"QbftBesuControllerBuilder","message":"Imported #1,361 / 0 tx / 0 pending / 0 (0.0%) gas / (0x403b4a3718be3e4c61800c9cf130bc96989916fad50521a71e6488079ac11589)","throwable":""}
{"timestamp":"2025-09-17T02:49:46,008","container":"e8fbc2c00ac2","level":"INFO","thread":"EthScheduler-Workers-0","class":"PersistBlockTask","message":"Imported #1,362 / 0 tx / 0 om / 0 (0.0%) gas / (0xf6df12978da01015a7387283d6252fe5a3d58a7c702bf3c4133d803a5e9399eb) in 0.001s. Peers: 5","throwable":""}
{"timestamp":"2025-09-17T02:49:54,007","container":"e8fbc2c00ac2","level":"INFO","thread":"EthScheduler-Workers-0","class":"PersistBlockTask","message":"Block 1363 (0x3e6751fafc33ff5483e843b5f47e1046694fe23355afeb60be409e4e68ba7915) is already imported","throwable":""}
{"timestamp":"2025-09-17T02:49:54,007","container":"e8fbc2c00ac2","level":"INFO","thread":"BftProcessorExecutor-QBFT-0","class":"QbftBesuControllerBuilder","message":"Imported #1,363 / 0 tx / 0 pending / 0 (0.0%) gas / (0x3e6751fafc33ff5483e843b5f47e1046694fe23355afeb60be409e4e68ba7915)","throwable":""}
{"timestamp":"2025-09-17T02:50:02,005","container":"e8fbc2c00ac2","level":"INFO","thread":"BftProcessorExecutor-QBFT-0","class":"QbftBesuControllerBuilder","message":"Produced #1,364 / 0 tx / 0 pending / 0 (0.0%) gas / (0xda03c54681ef062b9fa64c66415285d87d248847532eb1936704b4d8df6b7f4a)","throwable":""}
{"timestamp":"2025-09-17T02:50:11,020","container":"e8fbc2c00ac2","level":"INFO","thread":"EthScheduler-Workers-0","class":"PersistBlockTask","message":"Block 1365 (0x80fdaec57d1b5dc8841a75540571efb9a2b1ec4151807f14d9f1104bc15ca092) is already imported","throwable":""}
{"timestamp":"2025-09-17T02:50:11,021","container":"e8fbc2c00ac2","level":"INFO","thread":"BftProcessorExecutor-QBFT-0","class":"QbftBesuControllerBuilder","message":"Imported #1,365 / 0 tx / 0 pending / 0 (0.0%) gas / (0x80fdaec57d1b5dc8841a75540571efb9a2b1ec4151807f14d9f1104bc15ca092)","throwable":""}
{"timestamp":"2025-09-17T02:50:19,008","container":"e8fbc2c00ac2","level":"INFO","thread":"EthScheduler-Workers-0","class":"PersistBlockTask","message":"Imported #1,366 / 0 tx / 0 om / 0 (0.0%) gas / (0x4d249992e7cceb76926eac8e5ccb80c385db46920ec522b4979cb85ca964fa08) in 0.001s. Peers: 5","throwable":""}
{"timestamp":"2025-09-17T02:50:27,009","container":"e8fbc2c00ac2","level":"INFO","thread":"EthScheduler-Workers-0","class":"PersistBlockTask","message":"Block 1367 (0x9dbaebec0c0c4b3f5c1647f8eaec20beab3454e79e169a8639f8e2db51c1ba39) is already imported","throwable":""}
{"timestamp":"2025-09-17T02:50:27,009","container":"e8fbc2c00ac2","level":"INFO","thread":"BftProcessorExecutor-QBFT-0","class":"QbftBesuControllerBuilder","message":"Imported #1,367 / 0 tx / 0 pending / 0 (0.0%) gas / (0x9dbaebec0c0c4b3f5c1647f8eaec20beab3454e79e169a8639f8e2db51c1ba39)","throwable":""}
{"timestamp":"2025-09-17T02:50:35,006","container":"e8fbc2c00ac2","level":"INFO","thread":"EthScheduler-Workers-0","class":"PersistBlockTask","message":"Block 1368 (0xe90d8ce39790c055461070898c7a8e204da8bfc226d5094461ec0d8673f92f0c) is already imported","throwable":""}
{"timestamp":"2025-09-17T02:50:35,006","container":"e8fbc2c00ac2","level":"INFO","thread":"BftProcessorExecutor-QBFT-0","class":"QbftBesuControllerBuilder","message":"Produced #1,368 / 0 tx / 0 pending / 0 (0.0%) gas / (0xe90d8ce39790c055461070898c7a8e204da8bfc226d5094461ec0d8673f92f0c)","throwable":""}
{"timestamp":"2025-09-17T02:50:43,997","container":"e8fbc2c00ac2","level":"INFO","thread":"BftProcessorExecutor-QBFT-0","class":"QbftBesuControllerBuilder","message":"Imported #1,369 / 0 tx / 0 pending / 0 (0.0%) gas / (0xf567b85b45c128dc4c028e49d6a622591e456b63b984c85fe5244eb293b411a7)","throwable":""}
{"timestamp":"2025-09-17T02:50:52,005","container":"e8fbc2c00ac2","level":"INFO","thread":"BftProcessorExecutor-QBFT-0","class":"QbftBesuControllerBuilder","message":"Imported #1,370 / 0 tx / 0 pending / 0 (0.0%) gas / (0x89190e20d8e1118cefa483077dbef186751d39deee5d9cb085aed99dabb9585d)","throwable":""}
{"timestamp":"2025-09-17T02:51:00,010","container":"e8fbc2c00ac2","level":"INFO","thread":"EthScheduler-Workers-0","class":"PersistBlockTask","message":"Block 1371 (0xdfb01c4c15ae556c1b03fe74a115ff2f3a3c0f38a41b3559cb57d1869bbe91cc) is already imported","throwable":""}
{"timestamp":"2025-09-17T02:51:00,010","container":"e8fbc2c00ac2","level":"INFO","thread":"BftProcessorExecutor-QBFT-0","class":"QbftBesuControllerBuilder","message":"Imported #1,371 / 0 tx / 0 pending / 0 (0.0%) gas / (0xdfb01c4c15ae556c1b03fe74a115ff2f3a3c0f38a41b3559cb57d1869bbe91cc)","throwable":""}
{"timestamp":"2025-09-17T02:51:08,007","container":"e8fbc2c00ac2","level":"INFO","thread":"BftProcessorExecutor-QBFT-0","class":"QbftBesuControllerBuilder","message":"Produced #1,372 / 0 tx / 0 pending / 0 (0.0%) gas / (0x145a78d75e4f451fd0fd784f5dcfbc4f34710622d97a0f7f6240b55835a2a26a)","throwable":""}
{"timestamp":"2025-09-17T02:51:17,029","container":"e8fbc2c00ac2","level":"INFO","thread":"BftProcessorExecutor-QBFT-0","class":"QbftBesuControllerBuilder","message":"Imported #1,373 / 0 tx / 0 pending / 0 (0.0%) gas / (0x3b5b3e8eed811af2a4c3deac6b31861a1ce651bfce1b7f799c6869de3b58c73a)","throwable":""}
{"timestamp":"2025-09-17T02:51:25,005","container":"e8fbc2c00ac2","level":"INFO","thread":"BftProcessorExecutor-QBFT-0","class":"QbftBesuControllerBuilder","message":"Imported #1,374 / 0 tx / 0 pending / 0 (0.0%) gas / (0x6e4ab7ddbd8110c02cf4289db6f4351111500853bce5a0c81b387ceaaa9b8b0e)","throwable":""}
{"timestamp":"2025-09-17T02:51:33,007","container":"e8fbc2c00ac2","level":"INFO","thread":"BftProcessorExecutor-QBFT-0","class":"QbftBesuControllerBuilder","message":"Imported #1,375 / 0 tx / 0 pending / 0 (0.0%) gas / (0x14e641b309ac2d115fc5fdc59c23c35636e85658eb66a16e8c43d173f55c3dda)","throwable":""}
{"timestamp":"2025-09-17T02:51:41,008","container":"e8fbc2c00ac2","level":"INFO","thread":"BftProcessorExecutor-QBFT-0","class":"QbftBesuControllerBuilder","message":"Produced #1,376 / 0 tx / 0 pending / 0 (0.0%) gas / (0x7a44821ce24bd2e62632c2205203b6dc99fd424ca0a380ad7b7eb81207c9d7e2)","throwable":""}
{"timestamp":"2025-09-17T02:51:50,023","container":"e8fbc2c00ac2","level":"INFO","thread":"BftProcessorExecutor-QBFT-0","class":"QbftBesuControllerBuilder","message":"Imported #1,377 / 0 tx / 0 pending / 0 (0.0%) gas / (0xa81cd476e8b9624debd9294d480776494250529d504138c5f1758e11f02d5b1e)","throwable":""}
{"timestamp":"2025-09-17T02:51:58,005","container":"e8fbc2c00ac2","level":"INFO","thread":"BftProcessorExecutor-QBFT-0","class":"QbftBesuControllerBuilder","message":"Imported #1,378 / 0 tx / 0 pending / 0 (0.0%) gas / (0x5f5fc4b20e55fec6df3642291c4f490a5d622f3d86972eae15b89a7129603603)","throwable":""}
{"timestamp":"2025-09-17T02:52:06,007","container":"e8fbc2c00ac2","level":"INFO","thread":"BftProcessorExecutor-QBFT-0","class":"QbftBesuControllerBuilder","message":"Imported #1,379 / 0 tx / 0 pending / 0 (0.0%) gas / (0xf07eeb61a2bb9ceeea96fbdaba3021e4cfbd518f6f518b72e7d4207623460649)","throwable":""}
{"timestamp":"2025-09-17T02:52:06,007","container":"e8fbc2c00ac2","level":"INFO","thread":"EthScheduler-Workers-0","class":"PersistBlockTask","message":"Imported #1,379 / 0 tx / 0 om / 0 (0.0%) gas / (0xf07eeb61a2bb9ceeea96fbdaba3021e4cfbd518f6f518b72e7d4207623460649) in 0.001s. Peers: 5","throwable":""}
{"timestamp":"2025-09-17T02:52:14,007","container":"e8fbc2c00ac2","level":"INFO","thread":"BftProcessorExecutor-QBFT-0","class":"QbftBesuControllerBuilder","message":"Produced #1,380 / 0 tx / 0 pending / 0 (0.0%) gas / (0x1e88301e4cde2a17fddf7f55cd4676f7f7db1510d35fe9d9d68cb86c791e5f3c)","throwable":""}
{"timestamp":"2025-09-17T02:52:23,021","container":"e8fbc2c00ac2","level":"INFO","thread":"BftProcessorExecutor-QBFT-0","class":"QbftBesuControllerBuilder","message":"Imported #1,381 / 0 tx / 0 pending / 0 (0.0%) gas / (0xad81133edc63c400d4240400c4dc9005232489a359e7390856202c0a60811b79)","throwable":""}
{"timestamp":"2025-09-17T02:52:31,006","container":"e8fbc2c00ac2","level":"INFO","thread":"BftProcessorExecutor-QBFT-0","class":"QbftBesuControllerBuilder","message":"Imported #1,382 / 0 tx / 0 pending / 0 (0.0%) gas / (0xcb1148a0c0e3bd52e028116a0a505264b4b3ec23d5953d40668cbdf0bc91c492)","throwable":""}
{"timestamp":"2025-09-17T02:52:39,007","container":"e8fbc2c00ac2","level":"INFO","thread":"BftProcessorExecutor-QBFT-0","class":"QbftBesuControllerBuilder","message":"Imported #1,383 / 0 tx / 0 pending / 0 (0.0%) gas / (0x8d3a854672cd6c12abe329c7012a089165342776e7a045daa1dc70ee95a1ad14)","throwable":""}
{"timestamp":"2025-09-17T02:52:47,005","container":"e8fbc2c00ac2","level":"INFO","thread":"BftProcessorExecutor-QBFT-0","class":"QbftBesuControllerBuilder","message":"Produced #1,384 / 0 tx / 0 pending / 0 (0.0%) gas / (0x2bf50d42cf654cb1d93c8bd4a5e28411525a9d28c9d12288fe693313dd768e4a)","throwable":""}
{"timestamp":"2025-09-17T02:52:56,037","container":"e8fbc2c00ac2","level":"INFO","thread":"BftProcessorExecutor-QBFT-0","class":"QbftBesuControllerBuilder","message":"Imported #1,385 / 0 tx / 0 pending / 0 (0.0%) gas / (0xee0a66d2095e359ca52c87ecd2c21a7348e855769a5ac6af2736c8fb543f8f80)","throwable":""}
{"timestamp":"2025-09-17T02:53:04,007","container":"e8fbc2c00ac2","level":"INFO","thread":"BftProcessorExecutor-QBFT-0","class":"QbftBesuControllerBuilder","message":"Imported #1,386 / 0 tx / 0 pending / 0 (0.0%) gas / (0x089233a519bed9e7e6c2ee03c09dcc562a6f5c0f1405c79f97faf7198e149e06)","throwable":""}
{"timestamp":"2025-09-17T02:53:12,006","container":"e8fbc2c00ac2","level":"INFO","thread":"BftProcessorExecutor-QBFT-0","class":"QbftBesuControllerBuilder","message":"Imported #1,387 / 0 tx / 0 pending / 0 (0.0%) gas / (0x7f361ef81d86ba84818759db637fdce90f86330d9e244eb37af97bacc7bd4ede)","throwable":""}
{"timestamp":"2025-09-17T02:53:20,007","container":"e8fbc2c00ac2","level":"INFO","thread":"BftProcessorExecutor-QBFT-0","class":"QbftBesuControllerBuilder","message":"Produced #1,388 / 0 tx / 0 pending / 0 (0.0%) gas / (0x6c2608e39aa8dae2420ebc3b2274b8af06954cb4853f58163af36dd653b78d31)","throwable":""}
{"timestamp":"2025-09-17T02:53:28,945","container":"e8fbc2c00ac2","level":"INFO","thread":"BftProcessorExecutor-QBFT-0","class":"QbftBesuControllerBuilder","message":"Imported #1,389 / 0 tx / 0 pending / 0 (0.0%) gas / (0x77094580862a1bc9dcf3dc102b522b47b903ba08a60550813c43c6d2409fba39)","throwable":""}
{"timestamp":"2025-09-17T02:53:37,009","container":"e8fbc2c00ac2","level":"INFO","thread":"BftProcessorExecutor-QBFT-0","class":"QbftBesuControllerBuilder","message":"Imported #1,390 / 0 tx / 0 pending / 0 (0.0%) gas / (0x32ab84ad44be0a82b403ca067d459b32641a04b87ccb784f635f43fb4cdfbca6)","throwable":""}
{"timestamp":"2025-09-17T02:53:45,008","container":"e8fbc2c00ac2","level":"INFO","thread":"BftProcessorExecutor-QBFT-0","class":"QbftBesuControllerBuilder","message":"Imported #1,391 / 0 tx / 0 pending / 0 (0.0%) gas / (0x096d994162c4fbe55ddf79e4c08ae1b85340a9df247db90646e80fc95cc9538b)","throwable":""}
{"timestamp":"2025-09-17T02:53:53,011","container":"e8fbc2c00ac2","level":"INFO","thread":"EthScheduler-Workers-0","class":"PersistBlockTask","message":"Block 1392 (0xeb0f334fe79e8cffc6845e51b3b622cbc15422416f8484bdaf43268f3cafdd2e) is already imported","throwable":""}
{"timestamp":"2025-09-17T02:53:53,011","container":"e8fbc2c00ac2","level":"INFO","thread":"BftProcessorExecutor-QBFT-0","class":"QbftBesuControllerBuilder","message":"Produced #1,392 / 0 tx / 0 pending / 0 (0.0%) gas / (0xeb0f334fe79e8cffc6845e51b3b622cbc15422416f8484bdaf43268f3cafdd2e)","throwable":""}
{"timestamp":"2025-09-17T02:54:01,988","container":"e8fbc2c00ac2","level":"INFO","thread":"BftProcessorExecutor-QBFT-0","class":"QbftBesuControllerBuilder","message":"Imported #1,393 / 0 tx / 0 pending / 0 (0.0%) gas / (0x1d76afaaf5f7360279b7f6d698193006deff2ff5f7d8131d607e200c258103ec)","throwable":""}
{"timestamp":"2025-09-17T02:54:10,006","container":"e8fbc2c00ac2","level":"INFO","thread":"BftProcessorExecutor-QBFT-0","class":"QbftBesuControllerBuilder","message":"Imported #1,394 / 0 tx / 0 pending / 0 (0.0%) gas / (0x06cc34e5808e94aba43dbf811a5ec8eb847750d19455a2a4338c0de81e851321)","throwable":""}
{"timestamp":"2025-09-17T02:54:18,006","container":"e8fbc2c00ac2","level":"INFO","thread":"BftProcessorExecutor-QBFT-0","class":"QbftBesuControllerBuilder","message":"Imported #1,395 / 0 tx / 0 pending / 0 (0.0%) gas / (0xdb1eeb2680f054184fcb43d7000c894cd5e9dae7e3dabd8a6d54d8040afa7ca1)","throwable":""}
{"timestamp":"2025-09-17T02:54:26,006","container":"e8fbc2c00ac2","level":"INFO","thread":"BftProcessorExecutor-QBFT-0","class":"QbftBesuControllerBuilder","message":"Produced #1,396 / 0 tx / 0 pending / 0 (0.0%) gas / (0xa9996783e5c5670a567ef25d489fae54000b20bacf567c0df7f0a7f2e40493a4)","throwable":""}
{"timestamp":"2025-09-17T02:54:26,006","container":"e8fbc2c00ac2","level":"INFO","thread":"EthScheduler-Workers-0","class":"PersistBlockTask","message":"Block 1396 (0xa9996783e5c5670a567ef25d489fae54000b20bacf567c0df7f0a7f2e40493a4) is already imported","throwable":""}
{"timestamp":"2025-09-17T02:54:35,008","container":"e8fbc2c00ac2","level":"INFO","thread":"BftProcessorExecutor-QBFT-0","class":"QbftBesuControllerBuilder","message":"Imported #1,397 / 0 tx / 0 pending / 0 (0.0%) gas / (0x77fe484ebc99e9a98150cf6150c77bcaf75be6f91cc6023636ffcb5d05611ade)","throwable":""}
{"timestamp":"2025-09-17T02:54:43,006","container":"e8fbc2c00ac2","level":"INFO","thread":"BftProcessorExecutor-QBFT-0","class":"QbftBesuControllerBuilder","message":"Imported #1,398 / 0 tx / 0 pending / 0 (0.0%) gas / (0x499b21e8531040d1571e3a7dd758d62a5d8648a683db16ba2d6edc08217e57ce)","throwable":""}
{"timestamp":"2025-09-17T02:54:51,005","container":"e8fbc2c00ac2","level":"INFO","thread":"BftProcessorExecutor-QBFT-0","class":"QbftBesuControllerBuilder","message":"Imported #1,399 / 0 tx / 0 pending / 0 (0.0%) gas / (0x58738f4af15514e040bf917ac4200fc33ea3ceb92c1ff95b35753d66855ff58e)","throwable":""}
{"timestamp":"2025-09-17T02:54:59,006","container":"e8fbc2c00ac2","level":"INFO","thread":"BftProcessorExecutor-QBFT-0","class":"QbftBesuControllerBuilder","message":"Produced #1,400 / 0 tx / 0 pending / 0 (0.0%) gas / (0x0864b40a59c7ce37121c041fe2f931b809cfe9fa7be1f02ba31780e129b0bb5d)","throwable":""}
{"timestamp":"2025-09-17T02:55:07,980","container":"e8fbc2c00ac2","level":"INFO","thread":"BftProcessorExecutor-QBFT-0","class":"QbftBesuControllerBuilder","message":"Imported #1,401 / 0 tx / 0 pending / 0 (0.0%) gas / (0x53becb6b88a82a9d621654ca76bcbe33f5eb28d88ab5af82bd2b46096c6ab856)","throwable":""}
{"timestamp":"2025-09-17T02:55:16,010","container":"e8fbc2c00ac2","level":"INFO","thread":"EthScheduler-Workers-0","class":"PersistBlockTask","message":"Block 1402 (0x2e1515baefea5471e623c19b17276ec83a0edbab7293bc926f28507488c654d8) is already imported","throwable":""}
{"timestamp":"2025-09-17T02:55:16,010","container":"e8fbc2c00ac2","level":"INFO","thread":"BftProcessorExecutor-QBFT-0","class":"QbftBesuControllerBuilder","message":"Imported #1,402 / 0 tx / 0 pending / 0 (0.0%) gas / (0x2e1515baefea5471e623c19b17276ec83a0edbab7293bc926f28507488c654d8)","throwable":""}
{"timestamp":"2025-09-17T02:55:24,007","container":"e8fbc2c00ac2","level":"INFO","thread":"BftProcessorExecutor-QBFT-0","class":"QbftBesuControllerBuilder","message":"Imported #1,403 / 0 tx / 0 pending / 0 (0.0%) gas / (0x80475bc1dda5d8b94d8c3af976782d66f804ea9b94f6676b011876c9b7685cdf)","throwable":""}
{"timestamp":"2025-09-17T02:55:24,007","container":"e8fbc2c00ac2","level":"INFO","thread":"EthScheduler-Workers-0","class":"PersistBlockTask","message":"Block 1403 (0x80475bc1dda5d8b94d8c3af976782d66f804ea9b94f6676b011876c9b7685cdf) is already imported","throwable":""}
{"timestamp":"2025-09-17T02:55:32,007","container":"e8fbc2c00ac2","level":"INFO","thread":"BftProcessorExecutor-QBFT-0","class":"QbftBesuControllerBuilder","message":"Produced #1,404 / 0 tx / 0 pending / 0 (0.0%) gas / (0xd78d1305c0b6f62fb436af30ab36c7b369e7b8a46e5e8bb6a8f8a9be3141a5e0)","throwable":""}
{"timestamp":"2025-09-17T02:55:40,996","container":"e8fbc2c00ac2","level":"INFO","thread":"BftProcessorExecutor-QBFT-0","class":"QbftBesuControllerBuilder","message":"Imported #1,405 / 0 tx / 0 pending / 0 (0.0%) gas / (0x7ef74cf93c1e8e3b911e0e01ed9e10fa739a4fa2532cccf17b99c12370d257dc)","throwable":""}
{"timestamp":"2025-09-17T02:55:49,005","container":"e8fbc2c00ac2","level":"INFO","thread":"BftProcessorExecutor-QBFT-0","class":"QbftBesuControllerBuilder","message":"Imported #1,406 / 0 tx / 0 pending / 0 (0.0%) gas / (0xafce888c4986aecbe2d71fa22bfbe397cebd9e1cece364c94834085f345edb25)","throwable":""}
{"timestamp":"2025-09-17T02:55:57,006","container":"e8fbc2c00ac2","level":"INFO","thread":"BftProcessorExecutor-QBFT-0","class":"QbftBesuControllerBuilder","message":"Imported #1,407 / 0 tx / 0 pending / 0 (0.0%) gas / (0x14575eee024f85437cae19d8057858fda02d0215ba4cc03cfe09a4ec42984af4)","throwable":""}
{"timestamp":"2025-09-17T02:56:05,007","container":"e8fbc2c00ac2","level":"INFO","thread":"BftProcessorExecutor-QBFT-0","class":"QbftBesuControllerBuilder","message":"Produced #1,408 / 0 tx / 0 pending / 0 (0.0%) gas / (0x358f95079573ebda84f91a1b34a9ddd83cbfc8ff0b2b2b9cbf33fe39d2af3e26)","throwable":""}
{"timestamp":"2025-09-17T02:56:13,969","container":"e8fbc2c00ac2","level":"INFO","thread":"BftProcessorExecutor-QBFT-0","class":"QbftBesuControllerBuilder","message":"Imported #1,409 / 0 tx / 0 pending / 0 (0.0%) gas / (0xf9103bd38be801dc1a5261aa27e832c4cd996065c6e61b48dde1008c17680dff)","throwable":""}
{"timestamp":"2025-09-17T02:56:22,005","container":"e8fbc2c00ac2","level":"INFO","thread":"BftProcessorExecutor-QBFT-0","class":"QbftBesuControllerBuilder","message":"Imported #1,410 / 0 tx / 0 pending / 0 (0.0%) gas / (0xc0d5cd7ab26545818e1da297f18e92358df42e7d719e989879329b632ab0a781)","throwable":""}
{"timestamp":"2025-09-17T02:56:30,007","container":"e8fbc2c00ac2","level":"INFO","thread":"BftProcessorExecutor-QBFT-0","class":"QbftBesuControllerBuilder","message":"Imported #1,411 / 0 tx / 0 pending / 0 (0.0%) gas / (0xb84f779353702fd5bc08ab696db811d917d6df3e2d4aab6e371dde8674a642eb)","throwable":""}
{"timestamp":"2025-09-17T02:56:38,005","container":"e8fbc2c00ac2","level":"INFO","thread":"BftProcessorExecutor-QBFT-0","class":"QbftBesuControllerBuilder","message":"Produced #1,412 / 0 tx / 0 pending / 0 (0.0%) gas / (0x534409b531758fb414f0f040a43e155cb08615d5df0f9107b16d17237005ab70)","throwable":""}
{"timestamp":"2025-09-17T02:56:46,985","container":"e8fbc2c00ac2","level":"INFO","thread":"BftProcessorExecutor-QBFT-0","class":"QbftBesuControllerBuilder","message":"Imported #1,413 / 0 tx / 0 pending / 0 (0.0%) gas / (0x825170f45de80b36199fcc06fea93afe8665adfad9fba3edb7df3e5042af40f5)","throwable":""}
{"timestamp":"2025-09-17T02:56:55,005","container":"e8fbc2c00ac2","level":"INFO","thread":"BftProcessorExecutor-QBFT-0","class":"QbftBesuControllerBuilder","message":"Imported #1,414 / 0 tx / 0 pending / 0 (0.0%) gas / (0x7a9262ba547cf1075026f79e291227ada32713deda1fcd78de21e87fe691bc1d)","throwable":""}
{"timestamp":"2025-09-17T02:57:03,005","container":"e8fbc2c00ac2","level":"INFO","thread":"BftProcessorExecutor-QBFT-0","class":"QbftBesuControllerBuilder","message":"Imported #1,415 / 0 tx / 0 pending / 0 (0.0%) gas / (0x6100637aaaa76841b5a0e32f360215f0fffb055f8eb2030d86a0f67df6d8d905)","throwable":""}
{"timestamp":"2025-09-17T02:57:11,005","container":"e8fbc2c00ac2","level":"INFO","thread":"BftProcessorExecutor-QBFT-0","class":"QbftBesuControllerBuilder","message":"Produced #1,416 / 0 tx / 0 pending / 0 (0.0%) gas / (0x79598eb1bb9123fc93a48802f487dc35852625c87811af11f07117a7d03a5a40)","throwable":""}
{"timestamp":"2025-09-17T02:57:19,991","container":"e8fbc2c00ac2","level":"INFO","thread":"BftProcessorExecutor-QBFT-0","class":"QbftBesuControllerBuilder","message":"Imported #1,417 / 0 tx / 0 pending / 0 (0.0%) gas / (0x83d23e2f09a930d3bb3b68305d4ff208976bf6400b0b27f730c50e758d5c861e)","throwable":""}
{"timestamp":"2025-09-17T02:57:28,005","container":"e8fbc2c00ac2","level":"INFO","thread":"BftProcessorExecutor-QBFT-0","class":"QbftBesuControllerBuilder","message":"Imported #1,418 / 0 tx / 0 pending / 0 (0.0%) gas / (0xfc764640e8b488870f82c78d53d322ab717eab4975e95ebe9d0a150515d978c1)","throwable":""}
{"timestamp":"2025-09-17T02:57:36,005","container":"e8fbc2c00ac2","level":"INFO","thread":"BftProcessorExecutor-QBFT-0","class":"QbftBesuControllerBuilder","message":"Imported #1,419 / 0 tx / 0 pending / 0 (0.0%) gas / (0xeb0a841af0ab55942d7aa4e0fb03ad0ffec8f1105b8d641ad9090f3d67e11de9)","throwable":""}
{"timestamp":"2025-09-17T02:57:44,008","container":"e8fbc2c00ac2","level":"INFO","thread":"BftProcessorExecutor-QBFT-0","class":"QbftBesuControllerBuilder","message":"Produced #1,420 / 0 tx / 0 pending / 0 (0.0%) gas / (0xde644a443abd3a2b04d546707d211c9c3d30b0215a1ee9b4fa99598851ae3462)","throwable":""}
{"timestamp":"2025-09-17T02:57:52,991","container":"e8fbc2c00ac2","level":"INFO","thread":"BftProcessorExecutor-QBFT-0","class":"QbftBesuControllerBuilder","message":"Imported #1,421 / 0 tx / 0 pending / 0 (0.0%) gas / (0x4e50f1b99944a1a0e3729644cb1e5b302b4e8eb0b1a195aa87a300f4bebea2e3)","throwable":""}
{"timestamp":"2025-09-17T02:58:01,005","container":"e8fbc2c00ac2","level":"INFO","thread":"BftProcessorExecutor-QBFT-0","class":"QbftBesuControllerBuilder","message":"Imported #1,422 / 0 tx / 0 pending / 0 (0.0%) gas / (0x2a5a6a0986576316127bf6221aa43756107e1c5e8e59b5deddfdda3d51e9b4c0)","throwable":""}
{"timestamp":"2025-09-17T02:58:09,006","container":"e8fbc2c00ac2","level":"INFO","thread":"BftProcessorExecutor-QBFT-0","class":"QbftBesuControllerBuilder","message":"Imported #1,423 / 0 tx / 0 pending / 0 (0.0%) gas / (0xc0b1a59ad6721faa17d9e64c0b3e069b7a5702209f6527e999acfacaed68b318)","throwable":""}
{"timestamp":"2025-09-17T02:58:17,006","container":"e8fbc2c00ac2","level":"INFO","thread":"BftProcessorExecutor-QBFT-0","class":"QbftBesuControllerBuilder","message":"Produced #1,424 / 0 tx / 0 pending / 0 (0.0%) gas / (0xfec08b094ad6ddfce40660dd4cf54112fb22b0b76b35d4bb0b3d40613d9e2f61)","throwable":""}
{"timestamp":"2025-09-17T02:58:25,990","container":"e8fbc2c00ac2","level":"INFO","thread":"BftProcessorExecutor-QBFT-0","class":"QbftBesuControllerBuilder","message":"Imported #1,425 / 0 tx / 0 pending / 0 (0.0%) gas / (0x73ae6953cd47832f35033340173e6e4d352c2cbd0ea5fa8d3b5e76f87e14b9d6)","throwable":""}
{"timestamp":"2025-09-17T02:58:34,005","container":"e8fbc2c00ac2","level":"INFO","thread":"BftProcessorExecutor-QBFT-0","class":"QbftBesuControllerBuilder","message":"Imported #1,426 / 0 tx / 0 pending / 0 (0.0%) gas / (0x1126110b7c567f49ceaa62e7d4e6915231abf050ed74933e3d0a0cc782f6ae2e)","throwable":""}
{"timestamp":"2025-09-17T02:58:42,006","container":"e8fbc2c00ac2","level":"INFO","thread":"BftProcessorExecutor-QBFT-0","class":"QbftBesuControllerBuilder","message":"Imported #1,427 / 0 tx / 0 pending / 0 (0.0%) gas / (0xe9d8424ef6e61054e22b6b9a5bc8fd43661495147726624b0cf1ac382541b6a4)","throwable":""}
{"timestamp":"2025-09-17T02:58:50,006","container":"e8fbc2c00ac2","level":"INFO","thread":"BftProcessorExecutor-QBFT-0","class":"QbftBesuControllerBuilder","message":"Produced #1,428 / 0 tx / 0 pending / 0 (0.0%) gas / (0x421d54f259240ad8e7c8e80217ba47f68c8986ae91d7a88b789bf1d12d051fb6)","throwable":""}
{"timestamp":"2025-09-17T02:58:59,000","container":"e8fbc2c00ac2","level":"INFO","thread":"BftProcessorExecutor-QBFT-0","class":"QbftBesuControllerBuilder","message":"Imported #1,429 / 0 tx / 0 pending / 0 (0.0%) gas / (0x3916db12708b190e46da95764736e16cc8019c88e5501063a60618aee9d0be35)","throwable":""}
{"timestamp":"2025-09-17T02:59:07,006","container":"e8fbc2c00ac2","level":"INFO","thread":"BftProcessorExecutor-QBFT-0","class":"QbftBesuControllerBuilder","message":"Imported #1,430 / 0 tx / 0 pending / 0 (0.0%) gas / (0x8e90a938c29736493bdc3c82ee35a6ec44b1feab370710273d52960339bf4e8e)","throwable":""}
{"timestamp":"2025-09-17T02:59:07,006","container":"e8fbc2c00ac2","level":"INFO","thread":"EthScheduler-Workers-0","class":"PersistBlockTask","message":"Block 1430 (0x8e90a938c29736493bdc3c82ee35a6ec44b1feab370710273d52960339bf4e8e) is already imported","throwable":""}
{"timestamp":"2025-09-17T02:59:15,005","container":"e8fbc2c00ac2","level":"INFO","thread":"BftProcessorExecutor-QBFT-0","class":"QbftBesuControllerBuilder","message":"Imported #1,431 / 0 tx / 0 pending / 0 (0.0%) gas / (0x1abe111dd30d0cf24506e2a5b83719799c299f0c1e785c57a44a9b2dac975071)","throwable":""}
{"timestamp":"2025-09-17T02:59:23,006","container":"e8fbc2c00ac2","level":"INFO","thread":"BftProcessorExecutor-QBFT-0","class":"QbftBesuControllerBuilder","message":"Produced #1,432 / 0 tx / 0 pending / 0 (0.0%) gas / (0x81abecd7cec67e53fe813183bcbcded1119ffaf4d636d5a50a77d4eeb4bb9718)","throwable":""}
{"timestamp":"2025-09-17T02:59:31,968","container":"e8fbc2c00ac2","level":"INFO","thread":"BftProcessorExecutor-QBFT-0","class":"QbftBesuControllerBuilder","message":"Imported #1,433 / 0 tx / 0 pending / 0 (0.0%) gas / (0xede19627d21ed5e4054d320646565d7a2c00bac357106438376586aab070c215)","throwable":""}
{"timestamp":"2025-09-17T02:59:40,005","container":"e8fbc2c00ac2","level":"INFO","thread":"BftProcessorExecutor-QBFT-0","class":"QbftBesuControllerBuilder","message":"Imported #1,434 / 0 tx / 0 pending / 0 (0.0%) gas / (0xefcc657558966395c4023654b500283e7b99786f3c841b8ceb7da98c0719d0ec)","throwable":""}
{"timestamp":"2025-09-17T02:59:48,006","container":"e8fbc2c00ac2","level":"INFO","thread":"EthScheduler-Workers-0","class":"PersistBlockTask","message":"Block 1435 (0x1334310021ea839b776996a751378d5a577d6820ad616fe58ce1d84e5d079644) is already imported","throwable":""}
{"timestamp":"2025-09-17T02:59:48,006","container":"e8fbc2c00ac2","level":"INFO","thread":"BftProcessorExecutor-QBFT-0","class":"QbftBesuControllerBuilder","message":"Imported #1,435 / 0 tx / 0 pending / 0 (0.0%) gas / (0x1334310021ea839b776996a751378d5a577d6820ad616fe58ce1d84e5d079644)","throwable":""}
{"timestamp":"2025-09-17T02:59:56,005","container":"e8fbc2c00ac2","level":"INFO","thread":"BftProcessorExecutor-QBFT-0","class":"QbftBesuControllerBuilder","message":"Produced #1,436 / 0 tx / 0 pending / 0 (0.0%) gas / (0xd30dcbf1e644736ee779f0d2ae8db1def75177e2a5c99d0d5ecb61084c6458e6)","throwable":""}
{"timestamp":"2025-09-17T03:00:05,012","container":"e8fbc2c00ac2","level":"INFO","thread":"BftProcessorExecutor-QBFT-0","class":"QbftBesuControllerBuilder","message":"Imported #1,437 / 0 tx / 0 pending / 0 (0.0%) gas / (0x0f3f09edda0d1214ebd94f328a453d7018ed8d53ddbdbb838df7213572d7d56d)","throwable":""}
{"timestamp":"2025-09-17T03:00:13,006","container":"e8fbc2c00ac2","level":"INFO","thread":"BftProcessorExecutor-QBFT-0","class":"QbftBesuControllerBuilder","message":"Imported #1,438 / 0 tx / 0 pending / 0 (0.0%) gas / (0x059b32cd1883528feddf54f2f47d11862b1a064076199bbd90d0adb1e737392c)","throwable":""}
{"timestamp":"2025-09-17T03:00:21,005","container":"e8fbc2c00ac2","level":"INFO","thread":"BftProcessorExecutor-QBFT-0","class":"QbftBesuControllerBuilder","message":"Imported #1,439 / 0 tx / 0 pending / 0 (0.0%) gas / (0x73cc56a2c9e7d091f18a5eeaf23b4ca87bb0fdbd0ce2121933077146d272a552)","throwable":""}
{"timestamp":"2025-09-17T03:00:29,006","container":"e8fbc2c00ac2","level":"INFO","thread":"BftProcessorExecutor-QBFT-0","class":"QbftBesuControllerBuilder","message":"Produced #1,440 / 0 tx / 0 pending / 0 (0.0%) gas / (0x9372ca03fd86223079de42c6355437dfe6a761e26ef126b881dfad47e962b472)","throwable":""}
{"timestamp":"2025-09-17T03:00:37,979","container":"e8fbc2c00ac2","level":"INFO","thread":"BftProcessorExecutor-QBFT-0","class":"QbftBesuControllerBuilder","message":"Imported #1,441 / 0 tx / 0 pending / 0 (0.0%) gas / (0x25dff97b0fa2a6fce6bff8f8bc76de90a549593133182127ec210fc67c3446bc)","throwable":""}
{"timestamp":"2025-09-17T03:00:46,005","container":"e8fbc2c00ac2","level":"INFO","thread":"BftProcessorExecutor-QBFT-0","class":"QbftBesuControllerBuilder","message":"Imported #1,442 / 0 tx / 0 pending / 0 (0.0%) gas / (0xf0da79703059301d45455b42b790476ceef3b6c82e61b4dfcad6185d8f3082bb)","throwable":""}
{"timestamp":"2025-09-17T03:00:54,006","container":"e8fbc2c00ac2","level":"INFO","thread":"BftProcessorExecutor-QBFT-0","class":"QbftBesuControllerBuilder","message":"Imported #1,443 / 0 tx / 0 pending / 0 (0.0%) gas / (0x3eb4fe386d3c65d19207f309c0dafd5b3453be163524b6447f2e009679cca18a)","throwable":""}
{"timestamp":"2025-09-17T03:01:02,008","container":"e8fbc2c00ac2","level":"INFO","thread":"BftProcessorExecutor-QBFT-0","class":"QbftBesuControllerBuilder","message":"Produced #1,444 / 0 tx / 0 pending / 0 (0.0%) gas / (0x73ca5336b2e38f8678ea9f34af298df8c7ffcf6e79c71b80f878335bb8046af0)","throwable":""}
{"timestamp":"2025-09-17T03:01:10,950","container":"e8fbc2c00ac2","level":"INFO","thread":"BftProcessorExecutor-QBFT-0","class":"QbftBesuControllerBuilder","message":"Imported #1,445 / 0 tx / 0 pending / 0 (0.0%) gas / (0x6f82239764d81abe1e5aa5366c83a077934fd070e5c6e3adae5b9b1acb0aff5c)","throwable":""}
{"timestamp":"2025-09-17T03:01:19,005","container":"e8fbc2c00ac2","level":"INFO","thread":"BftProcessorExecutor-QBFT-0","class":"QbftBesuControllerBuilder","message":"Imported #1,446 / 0 tx / 0 pending / 0 (0.0%) gas / (0x9e74fea44b62839fca9e4113675ebe1f6352f4271a25768ec3bce441233b964d)","throwable":""}
{"timestamp":"2025-09-17T03:01:27,004","container":"e8fbc2c00ac2","level":"INFO","thread":"BftProcessorExecutor-QBFT-0","class":"QbftBesuControllerBuilder","message":"Imported #1,447 / 0 tx / 0 pending / 0 (0.0%) gas / (0xd545a9887ad35f6578cb827b7a56a772772e8786c525788622b351a9188a2f12)","throwable":""}
{"timestamp":"2025-09-17T03:01:35,005","container":"e8fbc2c00ac2","level":"INFO","thread":"BftProcessorExecutor-QBFT-0","class":"QbftBesuControllerBuilder","message":"Produced #1,448 / 0 tx / 0 pending / 0 (0.0%) gas / (0x9f481b565bf2daec845531a01a4479a1f60db4397a0ee2cda8598e7bb6dbd043)","throwable":""}
{"timestamp":"2025-09-17T03:01:43,894","container":"e8fbc2c00ac2","level":"INFO","thread":"BftProcessorExecutor-QBFT-0","class":"QbftBesuControllerBuilder","message":"Imported #1,449 / 0 tx / 0 pending / 0 (0.0%) gas / (0x942996c49a358e8e5dcba6084dc6c2be0fbe4736b49c6a72cad946b5cc271af7)","throwable":""}
{"timestamp":"2025-09-17T03:01:52,005","container":"e8fbc2c00ac2","level":"INFO","thread":"BftProcessorExecutor-QBFT-0","class":"QbftBesuControllerBuilder","message":"Imported #1,450 / 0 tx / 0 pending / 0 (0.0%) gas / (0xb90fa44f3139a65273bff4f5059dadcfca6339cf0ab77c4bcaef79873f05c442)","throwable":""}
{"timestamp":"2025-09-17T03:02:00,006","container":"e8fbc2c00ac2","level":"INFO","thread":"BftProcessorExecutor-QBFT-0","class":"QbftBesuControllerBuilder","message":"Imported #1,451 / 0 tx / 0 pending / 0 (0.0%) gas / (0xa107561721968bb4e3e58a16a962e83754771e54985a90318479d5812f2dd4c6)","throwable":""}
{"timestamp":"2025-09-17T03:02:08,005","container":"e8fbc2c00ac2","level":"INFO","thread":"BftProcessorExecutor-QBFT-0","class":"QbftBesuControllerBuilder","message":"Produced #1,452 / 0 tx / 0 pending / 0 (0.0%) gas / (0x09baa124a72e3c87fc2510f6ce09f9b9ecbfd109fc21ce1c3d443c02a4f678bc)","throwable":""}
{"timestamp":"2025-09-17T03:02:16,876","container":"e8fbc2c00ac2","level":"INFO","thread":"BftProcessorExecutor-QBFT-0","class":"QbftBesuControllerBuilder","message":"Imported #1,453 / 0 tx / 0 pending / 0 (0.0%) gas / (0x10da60b1b9ab4ec0742577539d1517fe0ed964f769fd36f1b24a65821b997e78)","throwable":""}
{"timestamp":"2025-09-17T03:02:25,005","container":"e8fbc2c00ac2","level":"INFO","thread":"BftProcessorExecutor-QBFT-0","class":"QbftBesuControllerBuilder","message":"Imported #1,454 / 0 tx / 0 pending / 0 (0.0%) gas / (0xd5e1b22e0c7e35abedfe0a99e8f9b651c0283d43edb91740d5159c42b48f5c36)","throwable":""}
{"timestamp":"2025-09-17T03:02:33,006","container":"e8fbc2c00ac2","level":"INFO","thread":"BftProcessorExecutor-QBFT-0","class":"QbftBesuControllerBuilder","message":"Imported #1,455 / 0 tx / 0 pending / 0 (0.0%) gas / (0x851f1c06b020978408655d077d6053f71478abb416f7afcc7e2a21f404b788e9)","throwable":""}
{"timestamp":"2025-09-17T03:02:41,006","container":"e8fbc2c00ac2","level":"INFO","thread":"BftProcessorExecutor-QBFT-0","class":"QbftBesuControllerBuilder","message":"Produced #1,456 / 0 tx / 0 pending / 0 (0.0%) gas / (0x17b3f2b1fb4628f725351fb778921f58531207003536f7ed40cd5d6bccca98b3)","throwable":""}
{"timestamp":"2025-09-17T03:02:50,182","container":"e8fbc2c00ac2","level":"INFO","thread":"BftProcessorExecutor-QBFT-0","class":"QbftBesuControllerBuilder","message":"Imported #1,457 / 0 tx / 0 pending / 0 (0.0%) gas / (0xa05375f5e70e2db8ce000e704e4806e8c4dec5cd0bc8db547cc612057b51f009)","throwable":""}
{"timestamp":"2025-09-17T03:02:58,007","container":"e8fbc2c00ac2","level":"INFO","thread":"EthScheduler-Workers-0","class":"PersistBlockTask","message":"Block 1458 (0x72b9b44fd69f04c027c4a00d8df7544ed386ac71c823933b0bf01a0e3a520420) is already imported","throwable":""}
{"timestamp":"2025-09-17T03:02:58,007","container":"e8fbc2c00ac2","level":"INFO","thread":"BftProcessorExecutor-QBFT-0","class":"QbftBesuControllerBuilder","message":"Imported #1,458 / 0 tx / 0 pending / 0 (0.0%) gas / (0x72b9b44fd69f04c027c4a00d8df7544ed386ac71c823933b0bf01a0e3a520420)","throwable":""}
{"timestamp":"2025-09-17T03:03:06,005","container":"e8fbc2c00ac2","level":"INFO","thread":"BftProcessorExecutor-QBFT-0","class":"QbftBesuControllerBuilder","message":"Imported #1,459 / 0 tx / 0 pending / 0 (0.0%) gas / (0xa7ff62367342219a4d7a673bdab70342f18697376e44a335bcdd4c22d48176eb)","throwable":""}
{"timestamp":"2025-09-17T03:03:14,007","container":"e8fbc2c00ac2","level":"INFO","thread":"BftProcessorExecutor-QBFT-0","class":"QbftBesuControllerBuilder","message":"Produced #1,460 / 0 tx / 0 pending / 0 (0.0%) gas / (0xc966ea99bf47d201c9ce2f82105c10a2b8b252911706342e6f37140a4d7a914b)","throwable":""}
{"timestamp":"2025-09-17T03:03:22,005","container":"e8fbc2c00ac2","level":"INFO","thread":"BftProcessorExecutor-QBFT-0","class":"QbftBesuControllerBuilder","message":"Imported #1,461 / 0 tx / 0 pending / 0 (0.0%) gas / (0x569e8489d847745c18bd872c94dbe7d8fd577d1df49dc99bc717564c87a4d553)","throwable":""}
{"timestamp":"2025-09-17T03:03:30,983","container":"e8fbc2c00ac2","level":"INFO","thread":"BftProcessorExecutor-QBFT-0","class":"QbftBesuControllerBuilder","message":"Imported #1,462 / 0 tx / 0 pending / 0 (0.0%) gas / (0x08b4d06ba0dbe1b93670d8710445d5bd8b50d74b1463451c83f79b6921195878)","throwable":""}
{"timestamp":"2025-09-17T03:03:39,005","container":"e8fbc2c00ac2","level":"INFO","thread":"BftProcessorExecutor-QBFT-0","class":"QbftBesuControllerBuilder","message":"Imported #1,463 / 0 tx / 0 pending / 0 (0.0%) gas / (0x3ae0150d76546efd0d6cd95e67da795f81fad35aa9ddba4578efca86c346af1a)","throwable":""}
{"timestamp":"2025-09-17T03:03:47,007","container":"e8fbc2c00ac2","level":"INFO","thread":"EthScheduler-Workers-0","class":"PersistBlockTask","message":"Block 1464 (0x42bc65187027fe241d588407c0dcb142368f53e4308c09c33b37f82ded718f55) is already imported","throwable":""}
{"timestamp":"2025-09-17T03:03:47,007","container":"e8fbc2c00ac2","level":"INFO","thread":"BftProcessorExecutor-QBFT-0","class":"QbftBesuControllerBuilder","message":"Produced #1,464 / 0 tx / 0 pending / 0 (0.0%) gas / (0x42bc65187027fe241d588407c0dcb142368f53e4308c09c33b37f82ded718f55)","throwable":""}
{"timestamp":"2025-09-17T03:03:55,006","container":"e8fbc2c00ac2","level":"INFO","thread":"EthScheduler-Workers-0","class":"PersistBlockTask","message":"Block 1465 (0xe282f3c2af60c39d93ae56632d8020e214e2313693216524eae66fd9207d1588) is already imported","throwable":""}
{"timestamp":"2025-09-17T03:03:55,007","container":"e8fbc2c00ac2","level":"INFO","thread":"BftProcessorExecutor-QBFT-0","class":"QbftBesuControllerBuilder","message":"Imported #1,465 / 0 tx / 0 pending / 0 (0.0%) gas / (0xe282f3c2af60c39d93ae56632d8020e214e2313693216524eae66fd9207d1588)","throwable":""}
{"timestamp":"2025-09-17T03:04:03,997","container":"e8fbc2c00ac2","level":"INFO","thread":"BftProcessorExecutor-QBFT-0","class":"QbftBesuControllerBuilder","message":"Imported #1,466 / 0 tx / 0 pending / 0 (0.0%) gas / (0xb6da8e98a8e1693ade425c14e436cbfc18ffe624a35d9919bec0a02e838d54a0)","throwable":""}
{"timestamp":"2025-09-17T03:04:12,009","container":"e8fbc2c00ac2","level":"INFO","thread":"BftProcessorExecutor-QBFT-0","class":"QbftBesuControllerBuilder","message":"Imported #1,467 / 0 tx / 0 pending / 0 (0.0%) gas / (0xea1fb0608f9270929603bf359df8e91639147ef7a4ad5b5b9f17ae079dd15e4b)","throwable":""}
{"timestamp":"2025-09-17T03:04:20,006","container":"e8fbc2c00ac2","level":"INFO","thread":"BftProcessorExecutor-QBFT-0","class":"QbftBesuControllerBuilder","message":"Produced #1,468 / 0 tx / 0 pending / 0 (0.0%) gas / (0x6aa2c07e3dcf1dff43da2f5a07f1c03cfa08f5088371991d9b6d18795d7d5ea5)","throwable":""}
{"timestamp":"2025-09-17T03:04:28,006","container":"e8fbc2c00ac2","level":"INFO","thread":"BftProcessorExecutor-QBFT-0","class":"QbftBesuControllerBuilder","message":"Imported #1,469 / 0 tx / 0 pending / 0 (0.0%) gas / (0x8afcc1d15c72e0269645264036ea2576b1580a80d7c8cbab7ae0d6086c36c121)","throwable":""}
{"timestamp":"2025-09-17T03:04:36,966","container":"e8fbc2c00ac2","level":"INFO","thread":"BftProcessorExecutor-QBFT-0","class":"QbftBesuControllerBuilder","message":"Imported #1,470 / 0 tx / 0 pending / 0 (0.0%) gas / (0x9fb910940bc5aa3531a7a24d21431595cc109df60ac1f301aa14c16765930029)","throwable":""}
{"timestamp":"2025-09-17T03:04:45,005","container":"e8fbc2c00ac2","level":"INFO","thread":"BftProcessorExecutor-QBFT-0","class":"QbftBesuControllerBuilder","message":"Imported #1,471 / 0 tx / 0 pending / 0 (0.0%) gas / (0xb14aea6f3f0cc2135118420b3ba698be86de4a2b0a3cf5d5a269321bc673e521)","throwable":""}
{"timestamp":"2025-09-17T03:04:53,006","container":"e8fbc2c00ac2","level":"INFO","thread":"BftProcessorExecutor-QBFT-0","class":"QbftBesuControllerBuilder","message":"Produced #1,472 / 0 tx / 0 pending / 0 (0.0%) gas / (0x2e0bb6ecb042b1e1b5c52a819992f19d2e22c8a77c680d34a797ac7b0ab263b1)","throwable":""}
{"timestamp":"2025-09-17T03:05:01,006","container":"e8fbc2c00ac2","level":"INFO","thread":"BftProcessorExecutor-QBFT-0","class":"QbftBesuControllerBuilder","message":"Imported #1,473 / 0 tx / 0 pending / 0 (0.0%) gas / (0xd29ef85718e7a2c80a30b816450e2dc471ec6b51d3e770e78d6d3b275e4b9494)","throwable":""}
{"timestamp":"2025-09-17T03:05:10,003","container":"e8fbc2c00ac2","level":"INFO","thread":"BftProcessorExecutor-QBFT-0","class":"QbftBesuControllerBuilder","message":"Imported #1,474 / 0 tx / 0 pending / 0 (0.0%) gas / (0x807758dccdb319ab342579680e66eea2fa8feadcc5f005e62e465679b3d8523e)","throwable":""}
{"timestamp":"2025-09-17T03:05:18,004","container":"e8fbc2c00ac2","level":"INFO","thread":"BftProcessorExecutor-QBFT-0","class":"QbftBesuControllerBuilder","message":"Imported #1,475 / 0 tx / 0 pending / 0 (0.0%) gas / (0x975f26c6a9efcff20a14e12c6129b4fc36a44e74f222ecb6adf0c7e54c68d85a)","throwable":""}
{"timestamp":"2025-09-17T03:05:26,004","container":"e8fbc2c00ac2","level":"INFO","thread":"BftProcessorExecutor-QBFT-0","class":"QbftBesuControllerBuilder","message":"Produced #1,476 / 0 tx / 0 pending / 0 (0.0%) gas / (0x2beb08404a5b9174f203bc5b01fb151c5db528a2505fc900d487328b1d493c70)","throwable":""}
{"timestamp":"2025-09-17T03:05:34,008","container":"e8fbc2c00ac2","level":"INFO","thread":"EthScheduler-Workers-0","class":"PersistBlockTask","message":"Block 1477 (0x54d85c9eb9482cf657443fde4ed0d44e0c8a35b93e545a95a66027bbd988647b) is already imported","throwable":""}
{"timestamp":"2025-09-17T03:05:34,008","container":"e8fbc2c00ac2","level":"INFO","thread":"BftProcessorExecutor-QBFT-0","class":"QbftBesuControllerBuilder","message":"Imported #1,477 / 0 tx / 0 pending / 0 (0.0%) gas / (0x54d85c9eb9482cf657443fde4ed0d44e0c8a35b93e545a95a66027bbd988647b)","throwable":""}
{"timestamp":"2025-09-17T03:05:43,007","container":"e8fbc2c00ac2","level":"INFO","thread":"BftProcessorExecutor-QBFT-0","class":"QbftBesuControllerBuilder","message":"Imported #1,478 / 0 tx / 0 pending / 0 (0.0%) gas / (0x76ba60669b43395099d1e30a4f1d027dd680bd30d2ca6747f9126d6d50f1cd4e)","throwable":""}
{"timestamp":"2025-09-17T03:05:51,005","container":"e8fbc2c00ac2","level":"INFO","thread":"BftProcessorExecutor-QBFT-0","class":"QbftBesuControllerBuilder","message":"Imported #1,479 / 0 tx / 0 pending / 0 (0.0%) gas / (0x0a5ff960d91c624a872db2c36cf56d1dc63707c4184be265f6c07b7afa1ca278)","throwable":""}
{"timestamp":"2025-09-17T03:05:59,006","container":"e8fbc2c00ac2","level":"INFO","thread":"BftProcessorExecutor-QBFT-0","class":"QbftBesuControllerBuilder","message":"Produced #1,480 / 0 tx / 0 pending / 0 (0.0%) gas / (0x74cc2e3c37d10dca7855b8c8ef6a893b896042efb39fe301751d7a3f4996413f)","throwable":""}
{"timestamp":"2025-09-17T03:06:07,005","container":"e8fbc2c00ac2","level":"INFO","thread":"BftProcessorExecutor-QBFT-0","class":"QbftBesuControllerBuilder","message":"Imported #1,481 / 0 tx / 0 pending / 0 (0.0%) gas / (0x5a11adc856b9be9a2d6d200a6da30b2f6e8377cdf0cf5fc4e8cfbe44f8b84bca)","throwable":""}
{"timestamp":"2025-09-17T03:06:16,012","container":"e8fbc2c00ac2","level":"INFO","thread":"EthScheduler-Workers-0","class":"PersistBlockTask","message":"Block 1482 (0xc1e55433a515dbaaa13c11676d2397fd5806c024d20909cc596608feef99e0ee) is already imported","throwable":""}
{"timestamp":"2025-09-17T03:06:16,012","container":"e8fbc2c00ac2","level":"INFO","thread":"BftProcessorExecutor-QBFT-0","class":"QbftBesuControllerBuilder","message":"Imported #1,482 / 0 tx / 0 pending / 0 (0.0%) gas / (0xc1e55433a515dbaaa13c11676d2397fd5806c024d20909cc596608feef99e0ee)","throwable":""}
{"timestamp":"2025-09-17T03:06:24,006","container":"e8fbc2c00ac2","level":"INFO","thread":"BftProcessorExecutor-QBFT-0","class":"QbftBesuControllerBuilder","message":"Imported #1,483 / 0 tx / 0 pending / 0 (0.0%) gas / (0xb560c3da84a8191d4af2fe0b3cd54ef5d44504e1f30c94844e792fb9ae69c4de)","throwable":""}
{"timestamp":"2025-09-17T03:06:32,005","container":"e8fbc2c00ac2","level":"INFO","thread":"BftProcessorExecutor-QBFT-0","class":"QbftBesuControllerBuilder","message":"Produced #1,484 / 0 tx / 0 pending / 0 (0.0%) gas / (0x3ea15a6ff199c29159ad991a2619ba554f76e96b24cfb5cd6ebe04288b15b7b1)","throwable":""}
{"timestamp":"2025-09-17T03:06:40,005","container":"e8fbc2c00ac2","level":"INFO","thread":"BftProcessorExecutor-QBFT-0","class":"QbftBesuControllerBuilder","message":"Imported #1,485 / 0 tx / 0 pending / 0 (0.0%) gas / (0x7d3140a81bc058dc88885b54de60b86119c480be549e871aac52600bf316207a)","throwable":""}
{"timestamp":"2025-09-17T03:06:48,971","container":"e8fbc2c00ac2","level":"INFO","thread":"BftProcessorExecutor-QBFT-0","class":"QbftBesuControllerBuilder","message":"Imported #1,486 / 0 tx / 0 pending / 0 (0.0%) gas / (0x684dbeaacb115fb601f50b8e322abfb4c69c8a23a326ce4645e10c008acbdb9b)","throwable":""}
{"timestamp":"2025-09-17T03:06:57,006","container":"e8fbc2c00ac2","level":"INFO","thread":"BftProcessorExecutor-QBFT-0","class":"QbftBesuControllerBuilder","message":"Imported #1,487 / 0 tx / 0 pending / 0 (0.0%) gas / (0x87c96d32f2a42e63f3b620c26064cb136405e3311a5db8b3d255db0e82fffc91)","throwable":""}
{"timestamp":"2025-09-17T03:07:05,006","container":"e8fbc2c00ac2","level":"INFO","thread":"BftProcessorExecutor-QBFT-0","class":"QbftBesuControllerBuilder","message":"Produced #1,488 / 0 tx / 0 pending / 0 (0.0%) gas / (0x37a7b95818867e60651a495bbd18632bdfcf6d0ab94c238783d1ab25d55accd8)","throwable":""}
{"timestamp":"2025-09-17T03:07:13,006","container":"e8fbc2c00ac2","level":"INFO","thread":"BftProcessorExecutor-QBFT-0","class":"QbftBesuControllerBuilder","message":"Imported #1,489 / 0 tx / 0 pending / 0 (0.0%) gas / (0xb6c286faf31537d5111570ca7af6d1e4622951162a18ae863843595133db0d0d)","throwable":""}
{"timestamp":"2025-09-17T03:07:22,012","container":"e8fbc2c00ac2","level":"INFO","thread":"BftProcessorExecutor-QBFT-0","class":"QbftBesuControllerBuilder","message":"Imported #1,490 / 0 tx / 0 pending / 0 (0.0%) gas / (0x1d765452d8b6ac7446dd4683e12185d64ba55a5da7e5af70c8c5c6a382fe195f)","throwable":""}
{"timestamp":"2025-09-17T03:07:30,006","container":"e8fbc2c00ac2","level":"INFO","thread":"BftProcessorExecutor-QBFT-0","class":"QbftBesuControllerBuilder","message":"Imported #1,491 / 0 tx / 0 pending / 0 (0.0%) gas / (0x422b0e9ce93b57e29697e923e5ea7be7d3da23447e5a93db7a18230a8cfb13c0)","throwable":""}
{"timestamp":"2025-09-17T03:07:38,005","container":"e8fbc2c00ac2","level":"INFO","thread":"BftProcessorExecutor-QBFT-0","class":"QbftBesuControllerBuilder","message":"Produced #1,492 / 0 tx / 0 pending / 0 (0.0%) gas / (0x117578845ca75fdf48ecfa031eb45d3e8c434f9a84f8f00b310e93891f047350)","throwable":""}
{"timestamp":"2025-09-17T03:07:46,008","container":"e8fbc2c00ac2","level":"INFO","thread":"BftProcessorExecutor-QBFT-0","class":"QbftBesuControllerBuilder","message":"Imported #1,493 / 0 tx / 0 pending / 0 (0.0%) gas / (0xc4c807881da73ae69bc2c6f5f971ea7c57399a1fb8f3d77c027c9da6e4e6f6a0)","throwable":""}
{"timestamp":"2025-09-17T03:07:46,008","container":"e8fbc2c00ac2","level":"INFO","thread":"EthScheduler-Workers-0","class":"PersistBlockTask","message":"Imported #1,493 / 0 tx / 0 om / 0 (0.0%) gas / (0xc4c807881da73ae69bc2c6f5f971ea7c57399a1fb8f3d77c027c9da6e4e6f6a0) in 0.001s. Peers: 5","throwable":""}
{"timestamp":"2025-09-17T03:07:54,953","container":"e8fbc2c00ac2","level":"INFO","thread":"BftProcessorExecutor-QBFT-0","class":"QbftBesuControllerBuilder","message":"Imported #1,494 / 0 tx / 0 pending / 0 (0.0%) gas / (0x366a5c8a1f487667380da302a38b223df17d599cd13937282023e6344efb285d)","throwable":""}
{"timestamp":"2025-09-17T03:08:03,006","container":"e8fbc2c00ac2","level":"INFO","thread":"BftProcessorExecutor-QBFT-0","class":"QbftBesuControllerBuilder","message":"Imported #1,495 / 0 tx / 0 pending / 0 (0.0%) gas / (0x3578bbbe827dc4246634502c8aaa122717eb026b66be6db875f08c39add75faf)","throwable":""}
{"timestamp":"2025-09-17T03:08:11,005","container":"e8fbc2c00ac2","level":"INFO","thread":"BftProcessorExecutor-QBFT-0","class":"QbftBesuControllerBuilder","message":"Produced #1,496 / 0 tx / 0 pending / 0 (0.0%) gas / (0x7c15d9c9f97f95ec7b943c0da62211f6a6294dcde8fb85d0766120419b822af1)","throwable":""}
{"timestamp":"2025-09-17T03:08:19,007","container":"e8fbc2c00ac2","level":"INFO","thread":"EthScheduler-Workers-0","class":"PersistBlockTask","message":"Block 1497 (0x83b4f21290c65954cbf30e684a5969a46eb0f0a2262b0da5a33c7e997a0c2d90) is already imported","throwable":""}
{"timestamp":"2025-09-17T03:08:19,007","container":"e8fbc2c00ac2","level":"INFO","thread":"BftProcessorExecutor-QBFT-0","class":"QbftBesuControllerBuilder","message":"Imported #1,497 / 0 tx / 0 pending / 0 (0.0%) gas / (0x83b4f21290c65954cbf30e684a5969a46eb0f0a2262b0da5a33c7e997a0c2d90)","throwable":""}
{"timestamp":"2025-09-17T03:08:27,943","container":"e8fbc2c00ac2","level":"INFO","thread":"BftProcessorExecutor-QBFT-0","class":"QbftBesuControllerBuilder","message":"Imported #1,498 / 0 tx / 0 pending / 0 (0.0%) gas / (0x896099b79b3bee6d074eac4b5c8810acf71af6f2df3823d966732314607fb26c)","throwable":""}
{"timestamp":"2025-09-17T03:08:36,007","container":"e8fbc2c00ac2","level":"INFO","thread":"BftProcessorExecutor-QBFT-0","class":"QbftBesuControllerBuilder","message":"Imported #1,499 / 0 tx / 0 pending / 0 (0.0%) gas / (0xf7b55b62dbb2ead441e2fedcff09ce803c7cf474ff3bd09237458e6eb2afeec8)","throwable":""}
{"timestamp":"2025-09-17T03:08:44,007","container":"e8fbc2c00ac2","level":"INFO","thread":"BftProcessorExecutor-QBFT-0","class":"QbftBesuControllerBuilder","message":"Produced #1,500 / 0 tx / 0 pending / 0 (0.0%) gas / (0x1dc8b22e6734b72f6fe7e3bdbfe5c3ded2caf921ed90eaec0ffda2787f171643)","throwable":""}
{"timestamp":"2025-09-17T03:08:52,007","container":"e8fbc2c00ac2","level":"INFO","thread":"BftProcessorExecutor-QBFT-0","class":"QbftBesuControllerBuilder","message":"Imported #1,501 / 0 tx / 0 pending / 0 (0.0%) gas / (0x32baf045685d3e63fbcba410d477b99a697be6fd81783646371644c1413c964c)","throwable":""}
{"timestamp":"2025-09-17T03:09:01,030","container":"e8fbc2c00ac2","level":"INFO","thread":"BftProcessorExecutor-QBFT-0","class":"QbftBesuControllerBuilder","message":"Imported #1,502 / 0 tx / 0 pending / 0 (0.0%) gas / (0xc281852fcf622c73c5d3f29d5824d8e7134dfaff7b1ed2b14383be043730cd4a)","throwable":""}
{"timestamp":"2025-09-17T03:09:09,006","container":"e8fbc2c00ac2","level":"INFO","thread":"BftProcessorExecutor-QBFT-0","class":"QbftBesuControllerBuilder","message":"Imported #1,503 / 0 tx / 0 pending / 0 (0.0%) gas / (0xb6a3d7c4da7546fa57443dcd91454dd7d05ba9f2d98fe3f2805c70e0f9deada2)","throwable":""}
{"timestamp":"2025-09-17T03:09:17,009","container":"e8fbc2c00ac2","level":"INFO","thread":"EthScheduler-Workers-0","class":"PersistBlockTask","message":"Block 1504 (0x34c49e2e156c8f3fe2d1ea8644c87f31fb789af602aa91691fdbb1b4d38940db) is already imported","throwable":""}
{"timestamp":"2025-09-17T03:09:17,009","container":"e8fbc2c00ac2","level":"INFO","thread":"BftProcessorExecutor-QBFT-0","class":"QbftBesuControllerBuilder","message":"Produced #1,504 / 0 tx / 0 pending / 0 (0.0%) gas / (0x34c49e2e156c8f3fe2d1ea8644c87f31fb789af602aa91691fdbb1b4d38940db)","throwable":""}
{"timestamp":"2025-09-17T03:09:25,006","container":"e8fbc2c00ac2","level":"INFO","thread":"BftProcessorExecutor-QBFT-0","class":"QbftBesuControllerBuilder","message":"Imported #1,505 / 0 tx / 0 pending / 0 (0.0%) gas / (0xac3910b126a2a20dcc054fa782eb667ab8910c7d603ea9173b321348919129dd)","throwable":""}
{"timestamp":"2025-09-17T03:09:33,995","container":"e8fbc2c00ac2","level":"INFO","thread":"BftProcessorExecutor-QBFT-0","class":"QbftBesuControllerBuilder","message":"Imported #1,506 / 0 tx / 0 pending / 0 (0.0%) gas / (0xfe98425b0d090fc9425cf40133630e053d48ed617d9932fc13e60af636bcd68d)","throwable":""}
{"timestamp":"2025-09-17T03:09:42,005","container":"e8fbc2c00ac2","level":"INFO","thread":"BftProcessorExecutor-QBFT-0","class":"QbftBesuControllerBuilder","message":"Imported #1,507 / 0 tx / 0 pending / 0 (0.0%) gas / (0xf56472029d43618acae61f548c94475a830ca48f43e92853063f73e782141a71)","throwable":""}
{"timestamp":"2025-09-17T03:09:50,007","container":"e8fbc2c00ac2","level":"INFO","thread":"BftProcessorExecutor-QBFT-0","class":"QbftBesuControllerBuilder","message":"Produced #1,508 / 0 tx / 0 pending / 0 (0.0%) gas / (0x13a267f1283f7a1e79f648b234c5a336d0fbfcd1056dfca98777132cbb3a7daf)","throwable":""}
{"timestamp":"2025-09-17T03:09:58,006","container":"e8fbc2c00ac2","level":"INFO","thread":"BftProcessorExecutor-QBFT-0","class":"QbftBesuControllerBuilder","message":"Imported #1,509 / 0 tx / 0 pending / 0 (0.0%) gas / (0x4fb02b4779c95a3c9c5b33ff743c89246f0eb2fe4302c71ac17df501f79b76a0)","throwable":""}
{"timestamp":"2025-09-17T03:10:07,000","container":"e8fbc2c00ac2","level":"INFO","thread":"BftProcessorExecutor-QBFT-0","class":"QbftBesuControllerBuilder","message":"Imported #1,510 / 0 tx / 0 pending / 0 (0.0%) gas / (0xa99a0a120b09621b66d3de7b93debf667e79570752e970f2122ec306a943e3d8)","throwable":""}
{"timestamp":"2025-09-17T03:10:15,012","container":"e8fbc2c00ac2","level":"INFO","thread":"BftProcessorExecutor-QBFT-0","class":"QbftBesuControllerBuilder","message":"Imported #1,511 / 0 tx / 0 pending / 0 (0.0%) gas / (0xb10c9e60ab7d868b54dd2f8617de6195fddf6e46871df635d32071cbefc43c73)","throwable":""}
{"timestamp":"2025-09-17T03:10:23,018","container":"e8fbc2c00ac2","level":"INFO","thread":"BftProcessorExecutor-QBFT-0","class":"QbftBesuControllerBuilder","message":"Produced #1,512 / 0 tx / 0 pending / 0 (0.0%) gas / (0x26c01413bccd1227d4d4cd583915a882023cb69dd2c01684dc6e969ffec18ee4)","throwable":""}
{"timestamp":"2025-09-17T03:10:31,006","container":"e8fbc2c00ac2","level":"INFO","thread":"BftProcessorExecutor-QBFT-0","class":"QbftBesuControllerBuilder","message":"Imported #1,513 / 0 tx / 0 pending / 0 (0.0%) gas / (0xce1226df674767bd8ccc1f4380f8c2331e21f681ed4e70f46e7be272a0fff93f)","throwable":""}
{"timestamp":"2025-09-17T03:10:40,055","container":"e8fbc2c00ac2","level":"INFO","thread":"EthScheduler-Workers-0","class":"PersistBlockTask","message":"Imported #1,514 / 0 tx / 0 om / 0 (0.0%) gas / (0x5bf5e99465989ca9982207188965051c3b44a6b28f39ad6edd5d9b3a978313ee) in 0.001s. Peers: 5","throwable":""}
{"timestamp":"2025-09-17T03:10:48,005","container":"e8fbc2c00ac2","level":"INFO","thread":"BftProcessorExecutor-QBFT-0","class":"QbftBesuControllerBuilder","message":"Imported #1,515 / 0 tx / 0 pending / 0 (0.0%) gas / (0xf2fbcd50602bac39d983b3f762b2474bbba222ca14ccf3de1f2c2860cd5edb62)","throwable":""}
{"timestamp":"2025-09-17T03:10:56,006","container":"e8fbc2c00ac2","level":"INFO","thread":"BftProcessorExecutor-QBFT-0","class":"QbftBesuControllerBuilder","message":"Produced #1,516 / 0 tx / 0 pending / 0 (0.0%) gas / (0x5cac3ce7510a26c50dbd0913c40344aea7ba204d18afc9cc389c70ab1d90df88)","throwable":""}
{"timestamp":"2025-09-17T03:11:04,005","container":"e8fbc2c00ac2","level":"INFO","thread":"BftProcessorExecutor-QBFT-0","class":"QbftBesuControllerBuilder","message":"Imported #1,517 / 0 tx / 0 pending / 0 (0.0%) gas / (0xff6131a7a4bab144dca25aa7471faa5f6788194ee40707a2ce12625f956990c9)","throwable":""}
{"timestamp":"2025-09-17T03:11:13,037","container":"e8fbc2c00ac2","level":"INFO","thread":"BftProcessorExecutor-QBFT-0","class":"QbftBesuControllerBuilder","message":"Imported #1,518 / 0 tx / 0 pending / 0 (0.0%) gas / (0x3240066d2f834c5ad0cf3ca777a5508a096c44a0aed377b4e85420816c4a5fa6)","throwable":""}
{"timestamp":"2025-09-17T03:11:21,006","container":"e8fbc2c00ac2","level":"INFO","thread":"EthScheduler-Workers-0","class":"PersistBlockTask","message":"Block 1519 (0xd9d02d0431b45bfb67fa4a5d2fba8076471d2d3ed55222cea0d726b75b10c3e6) is already imported","throwable":""}
{"timestamp":"2025-09-17T03:11:21,006","container":"e8fbc2c00ac2","level":"INFO","thread":"BftProcessorExecutor-QBFT-0","class":"QbftBesuControllerBuilder","message":"Imported #1,519 / 0 tx / 0 pending / 0 (0.0%) gas / (0xd9d02d0431b45bfb67fa4a5d2fba8076471d2d3ed55222cea0d726b75b10c3e6)","throwable":""}
{"timestamp":"2025-09-17T03:11:29,005","container":"e8fbc2c00ac2","level":"INFO","thread":"BftProcessorExecutor-QBFT-0","class":"QbftBesuControllerBuilder","message":"Produced #1,520 / 0 tx / 0 pending / 0 (0.0%) gas / (0xb76bff3192e67089ca3f2d740e2d25144b7ef0ce90ff0aa8f0dd907bd11f1dad)","throwable":""}
{"timestamp":"2025-09-17T03:11:37,007","container":"e8fbc2c00ac2","level":"INFO","thread":"BftProcessorExecutor-QBFT-0","class":"QbftBesuControllerBuilder","message":"Imported #1,521 / 0 tx / 0 pending / 0 (0.0%) gas / (0x2568361f5cbc24727f30e84d0dab5c65a55a3ca480fea2c5b935f27cd9d62016)","throwable":""}
{"timestamp":"2025-09-17T03:11:46,049","container":"e8fbc2c00ac2","level":"INFO","thread":"BftProcessorExecutor-QBFT-0","class":"QbftBesuControllerBuilder","message":"Imported #1,522 / 0 tx / 0 pending / 0 (0.0%) gas / (0x2d0864a667e363d5f3715eb5326271d36fabefc87a648cfe47a512d75e6a5e76)","throwable":""}
{"timestamp":"2025-09-17T03:11:54,006","container":"e8fbc2c00ac2","level":"INFO","thread":"BftProcessorExecutor-QBFT-0","class":"QbftBesuControllerBuilder","message":"Imported #1,523 / 0 tx / 0 pending / 0 (0.0%) gas / (0x38c71919344719157bf13b5f4327e6b57b21846d118f16d16d33efff730e5fe1)","throwable":""}
{"timestamp":"2025-09-17T03:12:02,006","container":"e8fbc2c00ac2","level":"INFO","thread":"BftProcessorExecutor-QBFT-0","class":"QbftBesuControllerBuilder","message":"Produced #1,524 / 0 tx / 0 pending / 0 (0.0%) gas / (0x5212b9bd101765de6cf8037b667ccecd77d0ae9f08e8b5441a5142fb0cd14659)","throwable":""}
{"timestamp":"2025-09-17T03:12:10,005","container":"e8fbc2c00ac2","level":"INFO","thread":"BftProcessorExecutor-QBFT-0","class":"QbftBesuControllerBuilder","message":"Imported #1,525 / 0 tx / 0 pending / 0 (0.0%) gas / (0x3539cfa4f19e6916ed99c8017b371429df02e22e8a4ce4c5e646a58bcb9ff03f)","throwable":""}
{"timestamp":"2025-09-17T03:12:19,053","container":"e8fbc2c00ac2","level":"INFO","thread":"BftProcessorExecutor-QBFT-0","class":"QbftBesuControllerBuilder","message":"Imported #1,526 / 0 tx / 0 pending / 0 (0.0%) gas / (0x1115e9c962f1cefeb6d6661fa53bb9063d609af22a3b98c74d2d5878e5f2684e)","throwable":""}
{"timestamp":"2025-09-17T03:12:27,006","container":"e8fbc2c00ac2","level":"INFO","thread":"BftProcessorExecutor-QBFT-0","class":"QbftBesuControllerBuilder","message":"Imported #1,527 / 0 tx / 0 pending / 0 (0.0%) gas / (0x0d70f5878ebe6af8a721e9edc98da08e78cf304dc6c2cb0555dcc50b09df0bc9)","throwable":""}
{"timestamp":"2025-09-17T03:12:35,005","container":"e8fbc2c00ac2","level":"INFO","thread":"BftProcessorExecutor-QBFT-0","class":"QbftBesuControllerBuilder","message":"Produced #1,528 / 0 tx / 0 pending / 0 (0.0%) gas / (0xb02ad140d9fbc2f95536e17594011c949550014fd53170ca894536a280774a12)","throwable":""}
{"timestamp":"2025-09-17T03:12:43,007","container":"e8fbc2c00ac2","level":"INFO","thread":"BftProcessorExecutor-QBFT-0","class":"QbftBesuControllerBuilder","message":"Imported #1,529 / 0 tx / 0 pending / 0 (0.0%) gas / (0x1b09371d9a11e7488debaa0884fbdda16d5722f54c291bc239a007a767ebc60c)","throwable":""}
{"timestamp":"2025-09-17T03:12:52,033","container":"e8fbc2c00ac2","level":"INFO","thread":"BftProcessorExecutor-QBFT-0","class":"QbftBesuControllerBuilder","message":"Imported #1,530 / 0 tx / 0 pending / 0 (0.0%) gas / (0x048f36b11bedeb0a7d9176f4198ca7c0bdfd3e3650c398dd78d13c6eb43d4318)","throwable":""}
{"timestamp":"2025-09-17T03:13:00,005","container":"e8fbc2c00ac2","level":"INFO","thread":"BftProcessorExecutor-QBFT-0","class":"QbftBesuControllerBuilder","message":"Imported #1,531 / 0 tx / 0 pending / 0 (0.0%) gas / (0x8133abcd70825451673b412d02eccdf8a43f193ea56c8520db00ebf234cddfca)","throwable":""}
{"timestamp":"2025-09-17T03:13:08,005","container":"e8fbc2c00ac2","level":"INFO","thread":"BftProcessorExecutor-QBFT-0","class":"QbftBesuControllerBuilder","message":"Produced #1,532 / 0 tx / 0 pending / 0 (0.0%) gas / (0x2c1c11a7ce0076c8c6f35fe1011b0bc6219d8224ab709ac8b83261bdec8ee465)","throwable":""}
{"timestamp":"2025-09-17T03:13:16,005","container":"e8fbc2c00ac2","level":"INFO","thread":"BftProcessorExecutor-QBFT-0","class":"QbftBesuControllerBuilder","message":"Imported #1,533 / 0 tx / 0 pending / 0 (0.0%) gas / (0x8e3e2024028af98921e1f58406cb920db0a92898fe7d607bf2ec0882f66ad9ca)","throwable":""}
{"timestamp":"2025-09-17T03:13:24,990","container":"e8fbc2c00ac2","level":"INFO","thread":"BftProcessorExecutor-QBFT-0","class":"QbftBesuControllerBuilder","message":"Imported #1,534 / 0 tx / 0 pending / 0 (0.0%) gas / (0x5fb55d511d78636fbceeef9cb417cdf5d179bad53970395d5ebe012e90e7b41e)","throwable":""}
{"timestamp":"2025-09-17T03:13:33,005","container":"e8fbc2c00ac2","level":"INFO","thread":"BftProcessorExecutor-QBFT-0","class":"QbftBesuControllerBuilder","message":"Imported #1,535 / 0 tx / 0 pending / 0 (0.0%) gas / (0x961c9fe5f4cd776b4af2c645501687a8beb8390e4f09d7788cb6946913e30ed2)","throwable":""}
{"timestamp":"2025-09-17T03:13:41,007","container":"e8fbc2c00ac2","level":"INFO","thread":"BftProcessorExecutor-QBFT-0","class":"QbftBesuControllerBuilder","message":"Produced #1,536 / 0 tx / 0 pending / 0 (0.0%) gas / (0x6378ff0db2ec6971353909f10d5c86504887b0b5c61f8ebc4e91d964f86661de)","throwable":""}
{"timestamp":"2025-09-17T03:13:49,005","container":"e8fbc2c00ac2","level":"INFO","thread":"BftProcessorExecutor-QBFT-0","class":"QbftBesuControllerBuilder","message":"Imported #1,537 / 0 tx / 0 pending / 0 (0.0%) gas / (0xbee0ec9d10ae899e01382a8ad907cd7b2d131a4449e639275ea73368b6b8330e)","throwable":""}
{"timestamp":"2025-09-17T03:13:57,996","container":"e8fbc2c00ac2","level":"INFO","thread":"BftProcessorExecutor-QBFT-0","class":"QbftBesuControllerBuilder","message":"Imported #1,538 / 0 tx / 0 pending / 0 (0.0%) gas / (0x75b8d3e34f8967b4d23bfe379b56a72e8f357100ecd84b40680859c5c7ea285d)","throwable":""}
{"timestamp":"2025-09-17T03:14:06,006","container":"e8fbc2c00ac2","level":"INFO","thread":"BftProcessorExecutor-QBFT-0","class":"QbftBesuControllerBuilder","message":"Imported #1,539 / 0 tx / 0 pending / 0 (0.0%) gas / (0x3bc9f5d8b93ae4f25110f4b7845b429ac9e1b46fd57c3c971407583d6d8ce814)","throwable":""}
{"timestamp":"2025-09-17T03:14:14,005","container":"e8fbc2c00ac2","level":"INFO","thread":"BftProcessorExecutor-QBFT-0","class":"QbftBesuControllerBuilder","message":"Produced #1,540 / 0 tx / 0 pending / 0 (0.0%) gas / (0x1797e5a6cad0e0614b0a4f5e741d9c6c9f38f348fc30371b2aa4891f673e86eb)","throwable":""}
{"timestamp":"2025-09-17T03:14:22,005","container":"e8fbc2c00ac2","level":"INFO","thread":"BftProcessorExecutor-QBFT-0","class":"QbftBesuControllerBuilder","message":"Imported #1,541 / 0 tx / 0 pending / 0 (0.0%) gas / (0x03eb0e315c73f05f04ef9a484cba916bd56bf3703aa951bcae50a3e32c38b463)","throwable":""}
{"timestamp":"2025-09-17T03:14:31,007","container":"e8fbc2c00ac2","level":"INFO","thread":"BftProcessorExecutor-QBFT-0","class":"QbftBesuControllerBuilder","message":"Imported #1,542 / 0 tx / 0 pending / 0 (0.0%) gas / (0x07b4cf4935f90cc0199ad163d7d908aba4dfd993265c94ac1703baddab350841)","throwable":""}
{"timestamp":"2025-09-17T03:14:39,005","container":"e8fbc2c00ac2","level":"INFO","thread":"BftProcessorExecutor-QBFT-0","class":"QbftBesuControllerBuilder","message":"Imported #1,543 / 0 tx / 0 pending / 0 (0.0%) gas / (0xfaaaff744452d7d900e80a787c543f5be6c9ef3c61e1eb456b078de688339e69)","throwable":""}
{"timestamp":"2025-09-17T03:14:47,005","container":"e8fbc2c00ac2","level":"INFO","thread":"BftProcessorExecutor-QBFT-0","class":"QbftBesuControllerBuilder","message":"Produced #1,544 / 0 tx / 0 pending / 0 (0.0%) gas / (0x12381060016310b691f56e7c0d7140bc433cf19b0cf55a80012ad95788abb4d5)","throwable":""}
{"timestamp":"2025-09-17T03:14:55,005","container":"e8fbc2c00ac2","level":"INFO","thread":"BftProcessorExecutor-QBFT-0","class":"QbftBesuControllerBuilder","message":"Imported #1,545 / 0 tx / 0 pending / 0 (0.0%) gas / (0x87848d940ce39c206757a2fa0d12047d6492872dd34681f402d1b6e688a5b843)","throwable":""}
{"timestamp":"2025-09-17T03:15:03,975","container":"e8fbc2c00ac2","level":"INFO","thread":"BftProcessorExecutor-QBFT-0","class":"QbftBesuControllerBuilder","message":"Imported #1,546 / 0 tx / 0 pending / 0 (0.0%) gas / (0x1801fee5542785e1469defcb6a28647a2c8b1ea24ed6844bc41c4e22e7aecfcc)","throwable":""}
{"timestamp":"2025-09-17T03:15:12,005","container":"e8fbc2c00ac2","level":"INFO","thread":"BftProcessorExecutor-QBFT-0","class":"QbftBesuControllerBuilder","message":"Imported #1,547 / 0 tx / 0 pending / 0 (0.0%) gas / (0xf1fbdf377cf2c92d1c23294d8e98c8cd58e05c199d1629076a60ac6ba6dfd34f)","throwable":""}
{"timestamp":"2025-09-17T03:15:20,006","container":"e8fbc2c00ac2","level":"INFO","thread":"BftProcessorExecutor-QBFT-0","class":"QbftBesuControllerBuilder","message":"Produced #1,548 / 0 tx / 0 pending / 0 (0.0%) gas / (0x8f42fcfc0f073cc3f7474872d7b3188121b5d9f8468891b61dace14d5b3d08d1)","throwable":""}
{"timestamp":"2025-09-17T03:15:28,008","container":"e8fbc2c00ac2","level":"INFO","thread":"BftProcessorExecutor-QBFT-0","class":"QbftBesuControllerBuilder","message":"Imported #1,549 / 0 tx / 0 pending / 0 (0.0%) gas / (0xbb5e52c3559bc3d42b65eec39335aa7d363bde5c1670e97c2c15d98b48bc37bc)","throwable":""}
{"timestamp":"2025-09-17T03:15:37,001","container":"e8fbc2c00ac2","level":"INFO","thread":"BftProcessorExecutor-QBFT-0","class":"QbftBesuControllerBuilder","message":"Imported #1,550 / 0 tx / 0 pending / 0 (0.0%) gas / (0x7be4caeb00534b1d77d01b2ff510c2a36a0d32894afdd65403253df106e66c86)","throwable":""}
{"timestamp":"2025-09-17T03:15:45,005","container":"e8fbc2c00ac2","level":"INFO","thread":"BftProcessorExecutor-QBFT-0","class":"QbftBesuControllerBuilder","message":"Imported #1,551 / 0 tx / 0 pending / 0 (0.0%) gas / (0x6bd40ace23f1ab71b61f1b3072a93b0693306bede484d51a6f300fa2ddad4691)","throwable":""}
{"timestamp":"2025-09-17T03:15:53,005","container":"e8fbc2c00ac2","level":"INFO","thread":"BftProcessorExecutor-QBFT-0","class":"QbftBesuControllerBuilder","message":"Produced #1,552 / 0 tx / 0 pending / 0 (0.0%) gas / (0x72dcc1f23f2a2ac9d4e378415132e5308ffbfa3354cc1e18d06b882563b459fa)","throwable":""}
{"timestamp":"2025-09-17T03:16:01,005","container":"e8fbc2c00ac2","level":"INFO","thread":"BftProcessorExecutor-QBFT-0","class":"QbftBesuControllerBuilder","message":"Imported #1,553 / 0 tx / 0 pending / 0 (0.0%) gas / (0xd6cefdf600d89618e42da48a39a9f99a5b1d79ec9c4e540ba8a9d71631b71a63)","throwable":""}
{"timestamp":"2025-09-17T03:16:09,995","container":"e8fbc2c00ac2","level":"INFO","thread":"BftProcessorExecutor-QBFT-0","class":"QbftBesuControllerBuilder","message":"Imported #1,554 / 0 tx / 0 pending / 0 (0.0%) gas / (0x09694a75d6320f9c351923acbce5414b5c69fbb531bd7b3d618c9dc3a56f9b15)","throwable":""}
{"timestamp":"2025-09-17T03:16:18,005","container":"e8fbc2c00ac2","level":"INFO","thread":"BftProcessorExecutor-QBFT-0","class":"QbftBesuControllerBuilder","message":"Imported #1,555 / 0 tx / 0 pending / 0 (0.0%) gas / (0x612326dfb7dede7ce694a9d6ec21ae1f1c1c713adf0c0e2def459bb98c160b5c)","throwable":""}
{"timestamp":"2025-09-17T03:16:26,005","container":"e8fbc2c00ac2","level":"INFO","thread":"BftProcessorExecutor-QBFT-0","class":"QbftBesuControllerBuilder","message":"Produced #1,556 / 0 tx / 0 pending / 0 (0.0%) gas / (0x8ee638bb1629fcd3febfd8bd4127ac8a41af652ef8de60fded22940823d5b42f)","throwable":""}
{"timestamp":"2025-09-17T03:16:34,006","container":"e8fbc2c00ac2","level":"INFO","thread":"BftProcessorExecutor-QBFT-0","class":"QbftBesuControllerBuilder","message":"Imported #1,557 / 0 tx / 0 pending / 0 (0.0%) gas / (0xe4b8ba60ab80de4967abc1df55244bbf8c0690e2eba4c53e70b2b225eac6fff8)","throwable":""}
{"timestamp":"2025-09-17T03:16:42,868","container":"e8fbc2c00ac2","level":"INFO","thread":"BftProcessorExecutor-QBFT-0","class":"QbftBesuControllerBuilder","message":"Imported #1,558 / 0 tx / 0 pending / 0 (0.0%) gas / (0x9f0dbb9ec88001ff967ab8e63d70838fedf787acccf5ef7b03ad214d61fdff76)","throwable":""}
{"timestamp":"2025-09-17T03:16:51,005","container":"e8fbc2c00ac2","level":"INFO","thread":"BftProcessorExecutor-QBFT-0","class":"QbftBesuControllerBuilder","message":"Imported #1,559 / 0 tx / 0 pending / 0 (0.0%) gas / (0xca4e399b2d2a05e06fce9617b3262b1a42fbced0b14a4061e465045d3ed3cb37)","throwable":""}
{"timestamp":"2025-09-17T03:16:59,009","container":"e8fbc2c00ac2","level":"INFO","thread":"EthScheduler-Workers-0","class":"PersistBlockTask","message":"Block 1560 (0x03fb6ce00f8a975cdf4f464e97de57d18467459c64455e32911a6d74be033aeb) is already imported","throwable":""}
{"timestamp":"2025-09-17T03:16:59,009","container":"e8fbc2c00ac2","level":"INFO","thread":"BftProcessorExecutor-QBFT-0","class":"QbftBesuControllerBuilder","message":"Produced #1,560 / 0 tx / 0 pending / 0 (0.0%) gas / (0x03fb6ce00f8a975cdf4f464e97de57d18467459c64455e32911a6d74be033aeb)","throwable":""}
{"timestamp":"2025-09-17T03:17:07,009","container":"e8fbc2c00ac2","level":"INFO","thread":"BftProcessorExecutor-QBFT-0","class":"QbftBesuControllerBuilder","message":"Imported #1,561 / 0 tx / 0 pending / 0 (0.0%) gas / (0xf83cb80bbebfbc0ebdd0c337fb25602113ec0184b8f7d6b347b19cf10151e6ec)","throwable":""}
{"timestamp":"2025-09-17T03:17:15,007","container":"e8fbc2c00ac2","level":"INFO","thread":"BftProcessorExecutor-QBFT-0","class":"QbftBesuControllerBuilder","message":"Imported #1,562 / 0 tx / 0 pending / 0 (0.0%) gas / (0xd4e2fb2c3f9179c22d71130a43e35de00dc848b388694e7d46c0022d66d3152e)","throwable":""}
{"timestamp":"2025-09-17T03:17:15,007","container":"e8fbc2c00ac2","level":"INFO","thread":"EthScheduler-Workers-0","class":"PersistBlockTask","message":"Block 1562 (0xd4e2fb2c3f9179c22d71130a43e35de00dc848b388694e7d46c0022d66d3152e) is already imported","throwable":""}
{"timestamp":"2025-09-17T03:17:23,006","container":"e8fbc2c00ac2","level":"INFO","thread":"BftProcessorExecutor-QBFT-0","class":"QbftBesuControllerBuilder","message":"Imported #1,563 / 0 tx / 0 pending / 0 (0.0%) gas / (0x2887893cb4d8000a19effcfb09d3d07dca5ab4b0abb140b8209a1fa3840d9ca4)","throwable":""}
{"timestamp":"2025-09-17T03:17:31,657","container":"e8fbc2c00ac2","level":"INFO","thread":"BftProcessorExecutor-QBFT-0","class":"QbftBesuControllerBuilder","message":"Produced #1,564 / 0 tx / 0 pending / 0 (0.0%) gas / (0xb5a537834039c6a08bf4f3e9838005fce7267fe386ce39ace3c10e5d3209c414)","throwable":""}
{"timestamp":"2025-09-17T03:17:40,006","container":"e8fbc2c00ac2","level":"INFO","thread":"BftProcessorExecutor-QBFT-0","class":"QbftBesuControllerBuilder","message":"Imported #1,565 / 0 tx / 0 pending / 0 (0.0%) gas / (0x62da6b5243b195b4f4da342bca18ffde7bebf2959a80185fca58c704c7906314)","throwable":""}
{"timestamp":"2025-09-17T03:17:48,005","container":"e8fbc2c00ac2","level":"INFO","thread":"BftProcessorExecutor-QBFT-0","class":"QbftBesuControllerBuilder","message":"Imported #1,566 / 0 tx / 0 pending / 0 (0.0%) gas / (0x97d64f6a80fc80536bfaeb9198f1779df3fc3b560940afbb3123d2e7cd8b7eea)","throwable":""}
{"timestamp":"2025-09-17T03:17:56,006","container":"e8fbc2c00ac2","level":"INFO","thread":"BftProcessorExecutor-QBFT-0","class":"QbftBesuControllerBuilder","message":"Imported #1,567 / 0 tx / 0 pending / 0 (0.0%) gas / (0x9d768217a76385c0d2a0c1ee9dc1eb41c503a0323bff671aee0ba8e3b5ee9838)","throwable":""}
{"timestamp":"2025-09-17T03:18:04,603","container":"e8fbc2c00ac2","level":"INFO","thread":"BftProcessorExecutor-QBFT-0","class":"QbftBesuControllerBuilder","message":"Produced #1,568 / 0 tx / 0 pending / 0 (0.0%) gas / (0xe133ae852dd2139cae2b117665a2cff706a532b8f6e944024e2ac61b6c1148e7)","throwable":""}
{"timestamp":"2025-09-17T03:18:13,006","container":"e8fbc2c00ac2","level":"INFO","thread":"BftProcessorExecutor-QBFT-0","class":"QbftBesuControllerBuilder","message":"Imported #1,569 / 0 tx / 0 pending / 0 (0.0%) gas / (0x7d4b77a0c06b4ae4f7facab6de4e87481b57ba54c8531aa0bb6f7f065776f49f)","throwable":""}
{"timestamp":"2025-09-17T03:18:21,007","container":"e8fbc2c00ac2","level":"INFO","thread":"EthScheduler-Workers-0","class":"PersistBlockTask","message":"Block 1570 (0x0b08049a4d9df8bda8d604d16fac816c593bc6a435247deb2e4370f301a2a1d9) is already imported","throwable":""}
{"timestamp":"2025-09-17T03:18:21,007","container":"e8fbc2c00ac2","level":"INFO","thread":"BftProcessorExecutor-QBFT-0","class":"QbftBesuControllerBuilder","message":"Imported #1,570 / 0 tx / 0 pending / 0 (0.0%) gas / (0x0b08049a4d9df8bda8d604d16fac816c593bc6a435247deb2e4370f301a2a1d9)","throwable":""}
{"timestamp":"2025-09-17T03:18:29,006","container":"e8fbc2c00ac2","level":"INFO","thread":"BftProcessorExecutor-QBFT-0","class":"QbftBesuControllerBuilder","message":"Imported #1,571 / 0 tx / 0 pending / 0 (0.0%) gas / (0x049abede1e14a13a8df56eb20fd26854e82e9f2e4d073cf4b89f65011f47ae65)","throwable":""}
{"timestamp":"2025-09-17T03:18:37,005","container":"e8fbc2c00ac2","level":"INFO","thread":"BftProcessorExecutor-QBFT-0","class":"QbftBesuControllerBuilder","message":"Produced #1,572 / 0 tx / 0 pending / 0 (0.0%) gas / (0x96f1d568599d166a2b632a516ed48b0d45421966b1c9718c24af095a6a1480b7)","throwable":""}
{"timestamp":"2025-09-17T03:18:45,005","container":"e8fbc2c00ac2","level":"INFO","thread":"BftProcessorExecutor-QBFT-0","class":"QbftBesuControllerBuilder","message":"Imported #1,573 / 0 tx / 0 pending / 0 (0.0%) gas / (0x1e9554bcc08c51732d78afdae2637580f44897a47fed0308a7e60d7d29ff0dc3)","throwable":""}
{"timestamp":"2025-09-17T03:18:53,006","container":"e8fbc2c00ac2","level":"INFO","thread":"BftProcessorExecutor-QBFT-0","class":"QbftBesuControllerBuilder","message":"Imported #1,574 / 0 tx / 0 pending / 0 (0.0%) gas / (0x230c940799829b916797c88c00dab2eefd32255e2782ed24b8b7cc39152c5540)","throwable":""}
{"timestamp":"2025-09-17T03:19:01,006","container":"e8fbc2c00ac2","level":"INFO","thread":"BftProcessorExecutor-QBFT-0","class":"QbftBesuControllerBuilder","message":"Imported #1,575 / 0 tx / 0 pending / 0 (0.0%) gas / (0xe307192e24fd40195d44cc7d2a3e20ad5566faadab934e44988a134acb0b6952)","throwable":""}
{"timestamp":"2025-09-17T03:19:09,563","container":"e8fbc2c00ac2","level":"INFO","thread":"BftProcessorExecutor-QBFT-0","class":"QbftBesuControllerBuilder","message":"Produced #1,576 / 0 tx / 0 pending / 0 (0.0%) gas / (0xe13b4f104c21bf2bc78d8768c53824cfdc71040dbf6c3465dab1b81e9bbaa57a)","throwable":""}
{"timestamp":"2025-09-17T03:19:18,006","container":"e8fbc2c00ac2","level":"INFO","thread":"BftProcessorExecutor-QBFT-0","class":"QbftBesuControllerBuilder","message":"Imported #1,577 / 0 tx / 0 pending / 0 (0.0%) gas / (0x6229f8444832eda30cdd9b8f2968c9c3107f8b98498ca9095e3805179212c971)","throwable":""}
{"timestamp":"2025-09-17T03:19:26,016","container":"e8fbc2c00ac2","level":"INFO","thread":"EthScheduler-Workers-0","class":"PersistBlockTask","message":"Block 1578 (0x4fe010a9c8c250bc0ed135d5cb8124e33b883cdcf34826e1c09e6835a58073d6) is already imported","throwable":""}
{"timestamp":"2025-09-17T03:19:26,016","container":"e8fbc2c00ac2","level":"INFO","thread":"BftProcessorExecutor-QBFT-0","class":"QbftBesuControllerBuilder","message":"Imported #1,578 / 0 tx / 0 pending / 0 (0.0%) gas / (0x4fe010a9c8c250bc0ed135d5cb8124e33b883cdcf34826e1c09e6835a58073d6)","throwable":""}
{"timestamp":"2025-09-17T03:19:34,005","container":"e8fbc2c00ac2","level":"INFO","thread":"BftProcessorExecutor-QBFT-0","class":"QbftBesuControllerBuilder","message":"Imported #1,579 / 0 tx / 0 pending / 0 (0.0%) gas / (0xfa07ec2b2f6ae7f3afab6100ebc4c074fc021f434fb0d2a66d72a851a7c54299)","throwable":""}
{"timestamp":"2025-09-17T03:19:42,673","container":"e8fbc2c00ac2","level":"INFO","thread":"BftProcessorExecutor-QBFT-0","class":"QbftBesuControllerBuilder","message":"Produced #1,580 / 0 tx / 0 pending / 0 (0.0%) gas / (0xcd9f24528d614a7dd71908397f6b8b869639dc1fb5459cc695e05fe22f639f1d)","throwable":""}
{"timestamp":"2025-09-17T03:19:51,006","container":"e8fbc2c00ac2","level":"INFO","thread":"BftProcessorExecutor-QBFT-0","class":"QbftBesuControllerBuilder","message":"Imported #1,581 / 0 tx / 0 pending / 0 (0.0%) gas / (0x92be3d62d403d405221e46ce1992dbeaecac0c2f10a60206f036887174d77c58)","throwable":""}
{"timestamp":"2025-09-17T03:19:59,006","container":"e8fbc2c00ac2","level":"INFO","thread":"BftProcessorExecutor-QBFT-0","class":"QbftBesuControllerBuilder","message":"Imported #1,582 / 0 tx / 0 pending / 0 (0.0%) gas / (0x7cc4ef4c06304c26b4f8bcb4ccb6698ada5e7da78e75d2bbcf5e499837eda018)","throwable":""}
{"timestamp":"2025-09-17T03:20:07,005","container":"e8fbc2c00ac2","level":"INFO","thread":"BftProcessorExecutor-QBFT-0","class":"QbftBesuControllerBuilder","message":"Imported #1,583 / 0 tx / 0 pending / 0 (0.0%) gas / (0xc57c9bce7e9b96192f7f47a2b7d3dd6da74cbbc69b8c01ec6f3706d0711c0ce2)","throwable":""}
{"timestamp":"2025-09-17T03:20:15,588","container":"e8fbc2c00ac2","level":"INFO","thread":"BftProcessorExecutor-QBFT-0","class":"QbftBesuControllerBuilder","message":"Produced #1,584 / 0 tx / 0 pending / 0 (0.0%) gas / (0x68277ad528d163001362f4740ecb041fa4ad624e5ae20bb9a8c0f67a0253fce0)","throwable":""}
{"timestamp":"2025-09-17T03:20:24,007","container":"e8fbc2c00ac2","level":"INFO","thread":"EthScheduler-Workers-0","class":"PersistBlockTask","message":"Block 1585 (0xf27bb1b34f0879ea4664b3c93ac24774a045bfd7fb3dadd57321bc2bfcff4a5c) is already imported","throwable":""}
{"timestamp":"2025-09-17T03:20:24,007","container":"e8fbc2c00ac2","level":"INFO","thread":"BftProcessorExecutor-QBFT-0","class":"QbftBesuControllerBuilder","message":"Imported #1,585 / 0 tx / 0 pending / 0 (0.0%) gas / (0xf27bb1b34f0879ea4664b3c93ac24774a045bfd7fb3dadd57321bc2bfcff4a5c)","throwable":""}
{"timestamp":"2025-09-17T03:20:32,004","container":"e8fbc2c00ac2","level":"INFO","thread":"BftProcessorExecutor-QBFT-0","class":"QbftBesuControllerBuilder","message":"Imported #1,586 / 0 tx / 0 pending / 0 (0.0%) gas / (0x3b0e002eab0813c0229ebf8a4dfb1f307e2fed5b4a5ba280e2c0b6c84def38f1)","throwable":""}
{"timestamp":"2025-09-17T03:20:40,005","container":"e8fbc2c00ac2","level":"INFO","thread":"BftProcessorExecutor-QBFT-0","class":"QbftBesuControllerBuilder","message":"Imported #1,587 / 0 tx / 0 pending / 0 (0.0%) gas / (0x21d6f444236a957725219480539a4c0736a1b3427e0370a1a31098c1ee54baff)","throwable":""}
{"timestamp":"2025-09-17T03:20:48,798","container":"e8fbc2c00ac2","level":"INFO","thread":"BftProcessorExecutor-QBFT-0","class":"QbftBesuControllerBuilder","message":"Produced #1,588 / 0 tx / 0 pending / 0 (0.0%) gas / (0xc35143382a41a1e003b83b839920771f79b5e6434097ef3abd98b3c2bcdb0b83)","throwable":""}
{"timestamp":"2025-09-17T03:20:57,007","container":"e8fbc2c00ac2","level":"INFO","thread":"BftProcessorExecutor-QBFT-0","class":"QbftBesuControllerBuilder","message":"Imported #1,589 / 0 tx / 0 pending / 0 (0.0%) gas / (0xe208d981794edd55a0101383506c4bdae23dbc288bac35fa07ff862b80225904)","throwable":""}
{"timestamp":"2025-09-17T03:21:05,006","container":"e8fbc2c00ac2","level":"INFO","thread":"EthScheduler-Workers-0","class":"PersistBlockTask","message":"Block 1590 (0xe390b05ae2fa3b3a1c92817d2fb400c9e2a754c92f767be131c9b374568f7974) is already imported","throwable":""}
{"timestamp":"2025-09-17T03:21:05,006","container":"e8fbc2c00ac2","level":"INFO","thread":"BftProcessorExecutor-QBFT-0","class":"QbftBesuControllerBuilder","message":"Imported #1,590 / 0 tx / 0 pending / 0 (0.0%) gas / (0xe390b05ae2fa3b3a1c92817d2fb400c9e2a754c92f767be131c9b374568f7974)","throwable":""}
{"timestamp":"2025-09-17T03:21:13,005","container":"e8fbc2c00ac2","level":"INFO","thread":"BftProcessorExecutor-QBFT-0","class":"QbftBesuControllerBuilder","message":"Imported #1,591 / 0 tx / 0 pending / 0 (0.0%) gas / (0x6ae382213843f380de72a9f35eb6c75e94308fe9aad0c37e81f94ceaf3c98e24)","throwable":""}
{"timestamp":"2025-09-17T03:21:21,669","container":"e8fbc2c00ac2","level":"INFO","thread":"BftProcessorExecutor-QBFT-0","class":"QbftBesuControllerBuilder","message":"Produced #1,592 / 0 tx / 0 pending / 0 (0.0%) gas / (0xe14f17fdacb661f6fced51f76b1fb1a71e7c706ea6dd21af9d49914bb88857a9)","throwable":""}
{"timestamp":"2025-09-17T03:21:30,005","container":"e8fbc2c00ac2","level":"INFO","thread":"BftProcessorExecutor-QBFT-0","class":"QbftBesuControllerBuilder","message":"Imported #1,593 / 0 tx / 0 pending / 0 (0.0%) gas / (0x2f505ec42d5dc948b4b5d52fc211e8d6c2eecd17c375f09e3addc28aa36a993b)","throwable":""}
{"timestamp":"2025-09-17T03:21:38,008","container":"e8fbc2c00ac2","level":"INFO","thread":"EthScheduler-Workers-0","class":"PersistBlockTask","message":"Block 1594 (0xf6541329f9f2e00a2c790987ad4eee90e98b485c88d336ceded988b85dbe409e) is already imported","throwable":""}
{"timestamp":"2025-09-17T03:21:38,009","container":"e8fbc2c00ac2","level":"INFO","thread":"BftProcessorExecutor-QBFT-0","class":"QbftBesuControllerBuilder","message":"Imported #1,594 / 0 tx / 0 pending / 0 (0.0%) gas / (0xf6541329f9f2e00a2c790987ad4eee90e98b485c88d336ceded988b85dbe409e)","throwable":""}
{"timestamp":"2025-09-17T03:21:46,009","container":"e8fbc2c00ac2","level":"INFO","thread":"BftProcessorExecutor-QBFT-0","class":"QbftBesuControllerBuilder","message":"Imported #1,595 / 0 tx / 0 pending / 0 (0.0%) gas / (0x483cbe351fb3f7c97f2e98d86b49cb3d3cb7d267d93001b40c51b8471ccc90e7)","throwable":""}
{"timestamp":"2025-09-17T03:21:54,740","container":"e8fbc2c00ac2","level":"INFO","thread":"BftProcessorExecutor-QBFT-0","class":"QbftBesuControllerBuilder","message":"Produced #1,596 / 0 tx / 0 pending / 0 (0.0%) gas / (0x95cd582be873a0aff62b3a9174334d42fa5e61f781a22357fd1830f016614b6a)","throwable":""}
{"timestamp":"2025-09-17T03:22:03,006","container":"e8fbc2c00ac2","level":"INFO","thread":"EthScheduler-Workers-0","class":"PersistBlockTask","message":"Block 1597 (0x5914a9ff6335f146dd2b44f11bef66d38924514a9c409c9f29c504387efa8b06) is already imported","throwable":""}
{"timestamp":"2025-09-17T03:22:03,007","container":"e8fbc2c00ac2","level":"INFO","thread":"BftProcessorExecutor-QBFT-0","class":"QbftBesuControllerBuilder","message":"Imported #1,597 / 0 tx / 0 pending / 0 (0.0%) gas / (0x5914a9ff6335f146dd2b44f11bef66d38924514a9c409c9f29c504387efa8b06)","throwable":""}
{"timestamp":"2025-09-17T03:22:11,006","container":"e8fbc2c00ac2","level":"INFO","thread":"BftProcessorExecutor-QBFT-0","class":"QbftBesuControllerBuilder","message":"Imported #1,598 / 0 tx / 0 pending / 0 (0.0%) gas / (0x9d896068e5789da5051566dcbd373ab3b87042db58b7e11a397c9e6508abcb0c)","throwable":""}
{"timestamp":"2025-09-17T03:22:19,004","container":"e8fbc2c00ac2","level":"INFO","thread":"BftProcessorExecutor-QBFT-0","class":"QbftBesuControllerBuilder","message":"Imported #1,599 / 0 tx / 0 pending / 0 (0.0%) gas / (0x4ac3ad42b410f0d5eaa4a99688517161307fcbff238001fa79959fd594513470)","throwable":""}
{"timestamp":"2025-09-17T03:22:27,786","container":"e8fbc2c00ac2","level":"INFO","thread":"BftProcessorExecutor-QBFT-0","class":"QbftBesuControllerBuilder","message":"Produced #1,600 / 0 tx / 0 pending / 0 (0.0%) gas / (0xb42f5d3efd181a5c19d87aa88eaa6b816a85b256bb002f4177ecc44fa6a2a222)","throwable":""}
{"timestamp":"2025-09-17T03:22:36,007","container":"e8fbc2c00ac2","level":"INFO","thread":"EthScheduler-Workers-0","class":"PersistBlockTask","message":"Block 1601 (0xb43146ec860d99968262b6aa56774295b697d0572a1afb33f3f6a2f63830fb34) is already imported","throwable":""}
{"timestamp":"2025-09-17T03:22:36,007","container":"e8fbc2c00ac2","level":"INFO","thread":"BftProcessorExecutor-QBFT-0","class":"QbftBesuControllerBuilder","message":"Imported #1,601 / 0 tx / 0 pending / 0 (0.0%) gas / (0xb43146ec860d99968262b6aa56774295b697d0572a1afb33f3f6a2f63830fb34)","throwable":""}
{"timestamp":"2025-09-17T03:22:44,006","container":"e8fbc2c00ac2","level":"INFO","thread":"BftProcessorExecutor-QBFT-0","class":"QbftBesuControllerBuilder","message":"Imported #1,602 / 0 tx / 0 pending / 0 (0.0%) gas / (0xb674b63b2cfc817e8cf9da84e354d57594e7e49f5cf5cac32a1f26f3fd60c5a5)","throwable":""}
{"timestamp":"2025-09-17T03:22:52,005","container":"e8fbc2c00ac2","level":"INFO","thread":"BftProcessorExecutor-QBFT-0","class":"QbftBesuControllerBuilder","message":"Imported #1,603 / 0 tx / 0 pending / 0 (0.0%) gas / (0x6a6b7f19b6e5a8a94801e0f56a56682ae7dc7d9920612237c052081b1e57c56a)","throwable":""}
{"timestamp":"2025-09-17T03:23:00,793","container":"e8fbc2c00ac2","level":"INFO","thread":"BftProcessorExecutor-QBFT-0","class":"QbftBesuControllerBuilder","message":"Produced #1,604 / 0 tx / 0 pending / 0 (0.0%) gas / (0x0932d09c19a1ec08fceb80445ce60b0a823b9bc6479b3b2018847e4a15cecfc5)","throwable":""}
{"timestamp":"2025-09-17T03:23:09,005","container":"e8fbc2c00ac2","level":"INFO","thread":"BftProcessorExecutor-QBFT-0","class":"QbftBesuControllerBuilder","message":"Imported #1,605 / 0 tx / 0 pending / 0 (0.0%) gas / (0xea1a5c39ce6bcd7ad49c4bcb597f8f9bc8ad906ddedde18b1c23eaa00977cd43)","throwable":""}
{"timestamp":"2025-09-17T03:23:17,007","container":"e8fbc2c00ac2","level":"INFO","thread":"BftProcessorExecutor-QBFT-0","class":"QbftBesuControllerBuilder","message":"Imported #1,606 / 0 tx / 0 pending / 0 (0.0%) gas / (0x78f56e9b6d0b93d8afc23ac9aa3f7719124b5c84e99826f3bb6f36696cf63d7f)","throwable":""}
{"timestamp":"2025-09-17T03:23:17,007","container":"e8fbc2c00ac2","level":"INFO","thread":"EthScheduler-Workers-0","class":"PersistBlockTask","message":"Imported #1,606 / 0 tx / 0 om / 0 (0.0%) gas / (0x78f56e9b6d0b93d8afc23ac9aa3f7719124b5c84e99826f3bb6f36696cf63d7f) in 0.001s. Peers: 5","throwable":""}
{"timestamp":"2025-09-17T03:23:25,008","container":"e8fbc2c00ac2","level":"INFO","thread":"BftProcessorExecutor-QBFT-0","class":"QbftBesuControllerBuilder","message":"Imported #1,607 / 0 tx / 0 pending / 0 (0.0%) gas / (0x1a389b84e05d4e387e0714d598d2d21a30ac9c6b147fae1a460132127dbe50b3)","throwable":""}
{"timestamp":"2025-09-17T03:23:33,794","container":"e8fbc2c00ac2","level":"INFO","thread":"EthScheduler-Workers-0","class":"PersistBlockTask","message":"Block 1608 (0x7aceadcb18d875995364d5e81e7f1eb83ac8f91493451c3e1c677a40c72d80c9) is already imported","throwable":""}
{"timestamp":"2025-09-17T03:23:33,794","container":"e8fbc2c00ac2","level":"INFO","thread":"BftProcessorExecutor-QBFT-0","class":"QbftBesuControllerBuilder","message":"Produced #1,608 / 0 tx / 0 pending / 0 (0.0%) gas / (0x7aceadcb18d875995364d5e81e7f1eb83ac8f91493451c3e1c677a40c72d80c9)","throwable":""}
{"timestamp":"2025-09-17T03:23:42,005","container":"e8fbc2c00ac2","level":"INFO","thread":"BftProcessorExecutor-QBFT-0","class":"QbftBesuControllerBuilder","message":"Imported #1,609 / 0 tx / 0 pending / 0 (0.0%) gas / (0xea54b24be8fb1aeea5d3fc1ff31857995c9f51bea4333716cc53e8cfc273c067)","throwable":""}
{"timestamp":"2025-09-17T03:23:50,009","container":"e8fbc2c00ac2","level":"INFO","thread":"BftProcessorExecutor-QBFT-0","class":"QbftBesuControllerBuilder","message":"Imported #1,610 / 0 tx / 0 pending / 0 (0.0%) gas / (0x94daf2d536a995c3e57807c7467b435c8f8e298f999f55177bd29ad88cba78ef)","throwable":""}
{"timestamp":"2025-09-17T03:23:50,009","container":"e8fbc2c00ac2","level":"INFO","thread":"EthScheduler-Workers-0","class":"PersistBlockTask","message":"Block 1610 (0x94daf2d536a995c3e57807c7467b435c8f8e298f999f55177bd29ad88cba78ef) is already imported","throwable":""}
{"timestamp":"2025-09-17T03:23:58,006","container":"e8fbc2c00ac2","level":"INFO","thread":"BftProcessorExecutor-QBFT-0","class":"QbftBesuControllerBuilder","message":"Imported #1,611 / 0 tx / 0 pending / 0 (0.0%) gas / (0x3f99e854193f4612e413f7f7c12d35ea13b6b4f792fd217d6c41079ccc589514)","throwable":""}
{"timestamp":"2025-09-17T03:24:06,878","container":"e8fbc2c00ac2","level":"INFO","thread":"EthScheduler-Workers-0","class":"PersistBlockTask","message":"Imported #1,612 / 0 tx / 0 om / 0 (0.0%) gas / (0xfee737d401ff9931543252730f7d9a1a8d38195ad423125fba536860367827e0) in 0.001s. Peers: 5","throwable":""}
{"timestamp":"2025-09-17T03:24:06,878","container":"e8fbc2c00ac2","level":"INFO","thread":"BftProcessorExecutor-QBFT-0","class":"QbftBesuControllerBuilder","message":"Produced #1,612 / 0 tx / 0 pending / 0 (0.0%) gas / (0xfee737d401ff9931543252730f7d9a1a8d38195ad423125fba536860367827e0)","throwable":""}
{"timestamp":"2025-09-17T03:24:15,007","container":"e8fbc2c00ac2","level":"INFO","thread":"BftProcessorExecutor-QBFT-0","class":"QbftBesuControllerBuilder","message":"Imported #1,613 / 0 tx / 0 pending / 0 (0.0%) gas / (0x53cff9264516ccbe1bc7be724e51c8c7ef4a04a68c92cfe7b9364f97b05e9874)","throwable":""}
{"timestamp":"2025-09-17T03:24:23,006","container":"e8fbc2c00ac2","level":"INFO","thread":"BftProcessorExecutor-QBFT-0","class":"QbftBesuControllerBuilder","message":"Imported #1,614 / 0 tx / 0 pending / 0 (0.0%) gas / (0x350cf0a8fab9953db4bcbff2a6411da41782e44bab7c7d52c0513b5fc1cf26aa)","throwable":""}
{"timestamp":"2025-09-17T03:24:31,005","container":"e8fbc2c00ac2","level":"INFO","thread":"BftProcessorExecutor-QBFT-0","class":"QbftBesuControllerBuilder","message":"Imported #1,615 / 0 tx / 0 pending / 0 (0.0%) gas / (0x064afa3e9ffcb915aa4073b5cc9ff3ae8365281cc160f6981235ff0723805e81)","throwable":""}
{"timestamp":"2025-09-17T03:24:39,822","container":"e8fbc2c00ac2","level":"INFO","thread":"BftProcessorExecutor-QBFT-0","class":"QbftBesuControllerBuilder","message":"Produced #1,616 / 0 tx / 0 pending / 0 (0.0%) gas / (0xb0ffef611d1dff7c2ba3df1e86baf683999225183d1f1f1a2c53854dd733f82d)","throwable":""}
{"timestamp":"2025-09-17T03:24:48,007","container":"e8fbc2c00ac2","level":"INFO","thread":"EthScheduler-Workers-0","class":"PersistBlockTask","message":"Block 1617 (0xdc6349d0303e15137ce2dede9c4e249b9b31d7f84e4be999d2e98b7598f55a0c) is already imported","throwable":""}
{"timestamp":"2025-09-17T03:24:48,007","container":"e8fbc2c00ac2","level":"INFO","thread":"BftProcessorExecutor-QBFT-0","class":"QbftBesuControllerBuilder","message":"Imported #1,617 / 0 tx / 0 pending / 0 (0.0%) gas / (0xdc6349d0303e15137ce2dede9c4e249b9b31d7f84e4be999d2e98b7598f55a0c)","throwable":""}
{"timestamp":"2025-09-17T03:24:56,005","container":"e8fbc2c00ac2","level":"INFO","thread":"BftProcessorExecutor-QBFT-0","class":"QbftBesuControllerBuilder","message":"Imported #1,618 / 0 tx / 0 pending / 0 (0.0%) gas / (0x3b88027404cc4880081dfae5a4e1318b5c6c5b93541188dcbbdafb625231927e)","throwable":""}
{"timestamp":"2025-09-17T03:25:04,006","container":"e8fbc2c00ac2","level":"INFO","thread":"BftProcessorExecutor-QBFT-0","class":"QbftBesuControllerBuilder","message":"Imported #1,619 / 0 tx / 0 pending / 0 (0.0%) gas / (0x30f388be442993bf194d9bf84990cb00afed0331c4044d4295d27904111b9f96)","throwable":""}
{"timestamp":"2025-09-17T03:25:12,786","container":"e8fbc2c00ac2","level":"INFO","thread":"EthScheduler-Workers-0","class":"PersistBlockTask","message":"Block 1620 (0xc9d9a29956475be0eb75335777482e72be215bfd3cb307c31f7496014910e22d) is already imported","throwable":""}
{"timestamp":"2025-09-17T03:25:12,786","container":"e8fbc2c00ac2","level":"INFO","thread":"BftProcessorExecutor-QBFT-0","class":"QbftBesuControllerBuilder","message":"Produced #1,620 / 0 tx / 0 pending / 0 (0.0%) gas / (0xc9d9a29956475be0eb75335777482e72be215bfd3cb307c31f7496014910e22d)","throwable":""}
{"timestamp":"2025-09-17T03:25:21,004","container":"e8fbc2c00ac2","level":"INFO","thread":"BftProcessorExecutor-QBFT-0","class":"QbftBesuControllerBuilder","message":"Imported #1,621 / 0 tx / 0 pending / 0 (0.0%) gas / (0xae623e2d866cbffaf4a70562d10263161f36df719b6d5511ea15cc88b35fae6e)","throwable":""}
{"timestamp":"2025-09-17T03:25:29,005","container":"e8fbc2c00ac2","level":"INFO","thread":"BftProcessorExecutor-QBFT-0","class":"QbftBesuControllerBuilder","message":"Imported #1,622 / 0 tx / 0 pending / 0 (0.0%) gas / (0xe3afaa9521c8131e1f27b93012681e37389ca6cb380984e741718de7dae024b8)","throwable":""}
{"timestamp":"2025-09-17T03:25:37,005","container":"e8fbc2c00ac2","level":"INFO","thread":"BftProcessorExecutor-QBFT-0","class":"QbftBesuControllerBuilder","message":"Imported #1,623 / 0 tx / 0 pending / 0 (0.0%) gas / (0xb44310acb7eed31017e42bdcf1479573d6aab099c4e5a340b34982a112f6c946)","throwable":""}
{"timestamp":"2025-09-17T03:25:45,761","container":"e8fbc2c00ac2","level":"INFO","thread":"BftProcessorExecutor-QBFT-0","class":"QbftBesuControllerBuilder","message":"Produced #1,624 / 0 tx / 0 pending / 0 (0.0%) gas / (0xdafe3625af0534500dff4b2993ce1e90ee3ab0d3500664459546ddde16f9a59b)","throwable":""}
{"timestamp":"2025-09-17T03:25:54,004","container":"e8fbc2c00ac2","level":"INFO","thread":"BftProcessorExecutor-QBFT-0","class":"QbftBesuControllerBuilder","message":"Imported #1,625 / 0 tx / 0 pending / 0 (0.0%) gas / (0xde5ec052450cb5fa4d04ebe87972196d9c7ccf29c0a86bc78f3878569d2fee52)","throwable":""}
{"timestamp":"2025-09-17T03:26:02,005","container":"e8fbc2c00ac2","level":"INFO","thread":"EthScheduler-Workers-0","class":"PersistBlockTask","message":"Block 1626 (0xe23d9cbf07db8ab0a721d841e6797a38c8024ebfc0152419b0b487cc689fbfae) is already imported","throwable":""}
{"timestamp":"2025-09-17T03:26:02,006","container":"e8fbc2c00ac2","level":"INFO","thread":"BftProcessorExecutor-QBFT-0","class":"QbftBesuControllerBuilder","message":"Imported #1,626 / 0 tx / 0 pending / 0 (0.0%) gas / (0xe23d9cbf07db8ab0a721d841e6797a38c8024ebfc0152419b0b487cc689fbfae)","throwable":""}
{"timestamp":"2025-09-17T03:26:10,005","container":"e8fbc2c00ac2","level":"INFO","thread":"BftProcessorExecutor-QBFT-0","class":"QbftBesuControllerBuilder","message":"Imported #1,627 / 0 tx / 0 pending / 0 (0.0%) gas / (0x2ebb8ea0ce55190789cdc155e5f6230ef61389be0b2097f04f9ef8dac3fe5e3a)","throwable":""}
{"timestamp":"2025-09-17T03:26:18,845","container":"e8fbc2c00ac2","level":"INFO","thread":"BftProcessorExecutor-QBFT-0","class":"QbftBesuControllerBuilder","message":"Produced #1,628 / 0 tx / 0 pending / 0 (0.0%) gas / (0x9c84bbc936f4729b2c6a20263c35d9806aaba2a29f923cc58b5da19885fb5716)","throwable":""}
{"timestamp":"2025-09-17T03:26:27,006","container":"e8fbc2c00ac2","level":"INFO","thread":"BftProcessorExecutor-QBFT-0","class":"QbftBesuControllerBuilder","message":"Imported #1,629 / 0 tx / 0 pending / 0 (0.0%) gas / (0x3a3e06d44e81fe7bca063e7f087687597bb6996707a5bf6c498658381a9341e8)","throwable":""}
{"timestamp":"2025-09-17T03:26:35,005","container":"e8fbc2c00ac2","level":"INFO","thread":"BftProcessorExecutor-QBFT-0","class":"QbftBesuControllerBuilder","message":"Imported #1,630 / 0 tx / 0 pending / 0 (0.0%) gas / (0xb7cfb11c6eddbf612e94199839f022e63bb47488d8406e0a3eeeed6db2fe6d38)","throwable":""}
{"timestamp":"2025-09-17T03:26:43,004","container":"e8fbc2c00ac2","level":"INFO","thread":"BftProcessorExecutor-QBFT-0","class":"QbftBesuControllerBuilder","message":"Imported #1,631 / 0 tx / 0 pending / 0 (0.0%) gas / (0xa715f057e1de5716c308f331a85754cf9dd04690cd331b0ac09d405179c1dae8)","throwable":""}
{"timestamp":"2025-09-17T03:26:51,849","container":"e8fbc2c00ac2","level":"INFO","thread":"BftProcessorExecutor-QBFT-0","class":"QbftBesuControllerBuilder","message":"Produced #1,632 / 0 tx / 0 pending / 0 (0.0%) gas / (0x345380c27fed2acfe1ea2797eff5998fddbf9f8dad48d9e7a92f583572e80cec)","throwable":""}
{"timestamp":"2025-09-17T03:27:00,004","container":"e8fbc2c00ac2","level":"INFO","thread":"BftProcessorExecutor-QBFT-0","class":"QbftBesuControllerBuilder","message":"Imported #1,633 / 0 tx / 0 pending / 0 (0.0%) gas / (0x022560fe139403488b13b64f47a6e9d949cdc5fcbc042afcf0fb91f7ce68209d)","throwable":""}
{"timestamp":"2025-09-17T03:27:08,005","container":"e8fbc2c00ac2","level":"INFO","thread":"BftProcessorExecutor-QBFT-0","class":"QbftBesuControllerBuilder","message":"Imported #1,634 / 0 tx / 0 pending / 0 (0.0%) gas / (0xf72cf65dd4380fce2b82cf12220a4a47bd374c21ec51ff44b9f4f845997367b1)","throwable":""}
{"timestamp":"2025-09-17T03:27:16,005","container":"e8fbc2c00ac2","level":"INFO","thread":"BftProcessorExecutor-QBFT-0","class":"QbftBesuControllerBuilder","message":"Imported #1,635 / 0 tx / 0 pending / 0 (0.0%) gas / (0xb94bffa5842f5c5b4abb9963ab81fae2bb49dcf3796b6f7a40bde724f1716a1c)","throwable":""}
{"timestamp":"2025-09-17T03:27:24,860","container":"e8fbc2c00ac2","level":"INFO","thread":"BftProcessorExecutor-QBFT-0","class":"QbftBesuControllerBuilder","message":"Produced #1,636 / 0 tx / 0 pending / 0 (0.0%) gas / (0xf20c3672101ba3bc2a9fcc299cd110e993b4ec9c0540c4e5481c742c14f9b65e)","throwable":""}
{"timestamp":"2025-09-17T03:27:33,005","container":"e8fbc2c00ac2","level":"INFO","thread":"BftProcessorExecutor-QBFT-0","class":"QbftBesuControllerBuilder","message":"Imported #1,637 / 0 tx / 0 pending / 0 (0.0%) gas / (0x5e1be95d4c1468b6d4404129cd46d712bd2b8d5ba71bff7444054e75b71a2878)","throwable":""}
{"timestamp":"2025-09-17T03:27:41,006","container":"e8fbc2c00ac2","level":"INFO","thread":"BftProcessorExecutor-QBFT-0","class":"QbftBesuControllerBuilder","message":"Imported #1,638 / 0 tx / 0 pending / 0 (0.0%) gas / (0x54f132cd389513e81c5d134db67d81aa4412645c0c402eb8f4b43f78ea1a716a)","throwable":""}
{"timestamp":"2025-09-17T03:27:49,005","container":"e8fbc2c00ac2","level":"INFO","thread":"BftProcessorExecutor-QBFT-0","class":"QbftBesuControllerBuilder","message":"Imported #1,639 / 0 tx / 0 pending / 0 (0.0%) gas / (0xeeaa09a8e04b1b763d2f0dc9f55d4c3138c9ac597ab3c16714397cb3da6f19b9)","throwable":""}
{"timestamp":"2025-09-17T03:27:57,921","container":"e8fbc2c00ac2","level":"INFO","thread":"BftProcessorExecutor-QBFT-0","class":"QbftBesuControllerBuilder","message":"Produced #1,640 / 0 tx / 0 pending / 0 (0.0%) gas / (0x86c83a895a513b0b1877a505bca26b8d3eafea08aadf42087d1e065817a64d0d)","throwable":""}
{"timestamp":"2025-09-17T03:28:06,004","container":"e8fbc2c00ac2","level":"INFO","thread":"BftProcessorExecutor-QBFT-0","class":"QbftBesuControllerBuilder","message":"Imported #1,641 / 0 tx / 0 pending / 0 (0.0%) gas / (0x6fbae6c9426011209b2702cee2a66fae706a3aa63fbe4bb5039c7ef4990885de)","throwable":""}
{"timestamp":"2025-09-17T03:28:14,006","container":"e8fbc2c00ac2","level":"INFO","thread":"EthScheduler-Workers-0","class":"PersistBlockTask","message":"Block 1642 (0x7d841dfb669f5ac23c5d8bdad779ad2e717311ca09b37967c574f910b61f1680) is already imported","throwable":""}
{"timestamp":"2025-09-17T03:28:14,006","container":"e8fbc2c00ac2","level":"INFO","thread":"BftProcessorExecutor-QBFT-0","class":"QbftBesuControllerBuilder","message":"Imported #1,642 / 0 tx / 0 pending / 0 (0.0%) gas / (0x7d841dfb669f5ac23c5d8bdad779ad2e717311ca09b37967c574f910b61f1680)","throwable":""}
{"timestamp":"2025-09-17T03:28:22,005","container":"e8fbc2c00ac2","level":"INFO","thread":"BftProcessorExecutor-QBFT-0","class":"QbftBesuControllerBuilder","message":"Imported #1,643 / 0 tx / 0 pending / 0 (0.0%) gas / (0x8d8c9aa7da77e939cb114815abb656b51216da12ce21e3e108091c26ad439f21)","throwable":""}
{"timestamp":"2025-09-17T03:28:30,935","container":"e8fbc2c00ac2","level":"INFO","thread":"BftProcessorExecutor-QBFT-0","class":"QbftBesuControllerBuilder","message":"Produced #1,644 / 0 tx / 0 pending / 0 (0.0%) gas / (0x4d616fcc9df964e949f050f51b2a3b2052dc95c0ccaaad7b7ab82cf0c1c7496d)","throwable":""}
{"timestamp":"2025-09-17T03:28:39,006","container":"e8fbc2c00ac2","level":"INFO","thread":"BftProcessorExecutor-QBFT-0","class":"QbftBesuControllerBuilder","message":"Imported #1,645 / 0 tx / 0 pending / 0 (0.0%) gas / (0x95434c3d8511dcfd6a7b24f951b8efab85df067d3c2f29413bab147799c5a5bc)","throwable":""}
{"timestamp":"2025-09-17T03:28:47,004","container":"e8fbc2c00ac2","level":"INFO","thread":"BftProcessorExecutor-QBFT-0","class":"QbftBesuControllerBuilder","message":"Imported #1,646 / 0 tx / 0 pending / 0 (0.0%) gas / (0xdb2fe9ee73257917ff01aab0e57436ab708b949484f8b0d8cc1f6e59b236896b)","throwable":""}
{"timestamp":"2025-09-17T03:28:55,006","container":"e8fbc2c00ac2","level":"INFO","thread":"EthScheduler-Workers-0","class":"PersistBlockTask","message":"Block 1647 (0xf8431289970cf4fb4e26a7ef256f39f4ebd72fcffff0cd3f03b994093323c98a) is already imported","throwable":""}
{"timestamp":"2025-09-17T03:28:55,006","container":"e8fbc2c00ac2","level":"INFO","thread":"BftProcessorExecutor-QBFT-0","class":"QbftBesuControllerBuilder","message":"Imported #1,647 / 0 tx / 0 pending / 0 (0.0%) gas / (0xf8431289970cf4fb4e26a7ef256f39f4ebd72fcffff0cd3f03b994093323c98a)","throwable":""}
{"timestamp":"2025-09-17T03:29:03,983","container":"e8fbc2c00ac2","level":"INFO","thread":"BftProcessorExecutor-QBFT-0","class":"QbftBesuControllerBuilder","message":"Produced #1,648 / 0 tx / 0 pending / 0 (0.0%) gas / (0x3e52e1e3a822236501006ae49a4729099972c828f23f2c10a0ad379f4565b257)","throwable":""}
{"timestamp":"2025-09-17T03:29:12,005","container":"e8fbc2c00ac2","level":"INFO","thread":"BftProcessorExecutor-QBFT-0","class":"QbftBesuControllerBuilder","message":"Imported #1,649 / 0 tx / 0 pending / 0 (0.0%) gas / (0x9474bd0ec6bd0245f7ca7f64df6a762850e28d11a77f0a8537e44bf37ea7429d)","throwable":""}
{"timestamp":"2025-09-17T03:29:12,005","container":"e8fbc2c00ac2","level":"INFO","thread":"EthScheduler-Workers-0","class":"PersistBlockTask","message":"Block 1649 (0x9474bd0ec6bd0245f7ca7f64df6a762850e28d11a77f0a8537e44bf37ea7429d) is already imported","throwable":""}
{"timestamp":"2025-09-17T03:29:20,006","container":"e8fbc2c00ac2","level":"INFO","thread":"BftProcessorExecutor-QBFT-0","class":"QbftBesuControllerBuilder","message":"Imported #1,650 / 0 tx / 0 pending / 0 (0.0%) gas / (0xa06cfbcc786f7bf87251544aabb7ecb7e5f94bece42bdbc3d9be393815d234ea)","throwable":""}
{"timestamp":"2025-09-17T03:29:28,005","container":"e8fbc2c00ac2","level":"INFO","thread":"BftProcessorExecutor-QBFT-0","class":"QbftBesuControllerBuilder","message":"Imported #1,651 / 0 tx / 0 pending / 0 (0.0%) gas / (0xe2c0ee2ece1968e8ebdeec575c8df5a3124cc11ffb249544db38d9fd4585bd39)","throwable":""}
{"timestamp":"2025-09-17T03:29:36,970","container":"e8fbc2c00ac2","level":"INFO","thread":"BftProcessorExecutor-QBFT-0","class":"QbftBesuControllerBuilder","message":"Produced #1,652 / 0 tx / 0 pending / 0 (0.0%) gas / (0x39027e45b650e02dcb3bf1eeb719d5fbe91d166994f51bc3a88a0a745a1440a9)","throwable":""}
{"timestamp":"2025-09-17T03:29:45,005","container":"e8fbc2c00ac2","level":"INFO","thread":"BftProcessorExecutor-QBFT-0","class":"QbftBesuControllerBuilder","message":"Imported #1,653 / 0 tx / 0 pending / 0 (0.0%) gas / (0x4243501f79f9f2c6874801903c5fd9ca124384f716cedcd9680a071e037c2e76)","throwable":""}
{"timestamp":"2025-09-17T03:29:53,005","container":"e8fbc2c00ac2","level":"INFO","thread":"EthScheduler-Workers-0","class":"PersistBlockTask","message":"Block 1654 (0x09a17f0eb67502fdedb9a948977611ea5d1a6a23f2a00a5434988771a19b7ce1) is already imported","throwable":""}
{"timestamp":"2025-09-17T03:29:53,005","container":"e8fbc2c00ac2","level":"INFO","thread":"BftProcessorExecutor-QBFT-0","class":"QbftBesuControllerBuilder","message":"Imported #1,654 / 0 tx / 0 pending / 0 (0.0%) gas / (0x09a17f0eb67502fdedb9a948977611ea5d1a6a23f2a00a5434988771a19b7ce1)","throwable":""}
{"timestamp":"2025-09-17T03:30:01,005","container":"e8fbc2c00ac2","level":"INFO","thread":"BftProcessorExecutor-QBFT-0","class":"QbftBesuControllerBuilder","message":"Imported #1,655 / 0 tx / 0 pending / 0 (0.0%) gas / (0xe3e3c879a1eaab99f46ba220f5edf6023206c97c95dc73669711c5cbc88ee77b)","throwable":""}
{"timestamp":"2025-09-17T03:30:09,997","container":"e8fbc2c00ac2","level":"INFO","thread":"EthScheduler-Workers-0","class":"PersistBlockTask","message":"Block 1656 (0xc81c7e3b995521c3424ee4a8c59bcf6ae13ecf16287a7f238de35cd9ab17290f) is already imported","throwable":""}
{"timestamp":"2025-09-17T03:30:09,997","container":"e8fbc2c00ac2","level":"INFO","thread":"BftProcessorExecutor-QBFT-0","class":"QbftBesuControllerBuilder","message":"Produced #1,656 / 0 tx / 0 pending / 0 (0.0%) gas / (0xc81c7e3b995521c3424ee4a8c59bcf6ae13ecf16287a7f238de35cd9ab17290f)","throwable":""}
{"timestamp":"2025-09-17T03:30:18,005","container":"e8fbc2c00ac2","level":"INFO","thread":"BftProcessorExecutor-QBFT-0","class":"QbftBesuControllerBuilder","message":"Imported #1,657 / 0 tx / 0 pending / 0 (0.0%) gas / (0xccd87032a0551d9fc2eaa0e2a1569d421e108a1965502270b8676aac547706cf)","throwable":""}
{"timestamp":"2025-09-17T03:30:26,006","container":"e8fbc2c00ac2","level":"INFO","thread":"BftProcessorExecutor-QBFT-0","class":"QbftBesuControllerBuilder","message":"Imported #1,658 / 0 tx / 0 pending / 0 (0.0%) gas / (0xa51985e89fb03ae28a6c39de0b19a377e9a3f06b438aa2fdba087da9621a2720)","throwable":""}
{"timestamp":"2025-09-17T03:30:34,005","container":"e8fbc2c00ac2","level":"INFO","thread":"BftProcessorExecutor-QBFT-0","class":"QbftBesuControllerBuilder","message":"Imported #1,659 / 0 tx / 0 pending / 0 (0.0%) gas / (0xf5135c88fe1ae494a4317a0ee9009daad1d69202b368f27219638192fef0d310)","throwable":""}
{"timestamp":"2025-09-17T03:30:43,005","container":"e8fbc2c00ac2","level":"INFO","thread":"BftProcessorExecutor-QBFT-0","class":"QbftBesuControllerBuilder","message":"Produced #1,660 / 0 tx / 0 pending / 0 (0.0%) gas / (0x09b5008e7999d277ea875c307491900141ce3c818da2e5c214c1ef2533c5cf98)","throwable":""}
{"timestamp":"2025-09-17T03:30:51,005","container":"e8fbc2c00ac2","level":"INFO","thread":"BftProcessorExecutor-QBFT-0","class":"QbftBesuControllerBuilder","message":"Imported #1,661 / 0 tx / 0 pending / 0 (0.0%) gas / (0xc2b96e27e24b8acfd287545f6c51e6bf26a177577eda4b4b1754d6e8049f026a)","throwable":""}
{"timestamp":"2025-09-17T03:30:59,004","container":"e8fbc2c00ac2","level":"INFO","thread":"BftProcessorExecutor-QBFT-0","class":"QbftBesuControllerBuilder","message":"Imported #1,662 / 0 tx / 0 pending / 0 (0.0%) gas / (0xe263ca8530b0bc2099eb4f50921337d0264a694c9d2c57999d025a3633da494d)","throwable":""}
{"timestamp":"2025-09-17T03:31:07,005","container":"e8fbc2c00ac2","level":"INFO","thread":"BftProcessorExecutor-QBFT-0","class":"QbftBesuControllerBuilder","message":"Imported #1,663 / 0 tx / 0 pending / 0 (0.0%) gas / (0xcf6e8dfdf94345076bffadd5d235384dda82b7161a1997e8d8ee5279873cedf3)","throwable":""}
{"timestamp":"2025-09-17T03:31:15,005","container":"e8fbc2c00ac2","level":"INFO","thread":"BftProcessorExecutor-QBFT-0","class":"QbftBesuControllerBuilder","message":"Produced #1,664 / 0 tx / 0 pending / 0 (0.0%) gas / (0xa07d334058b97110ea61d29839b78a316935fce1bc5b2aaf5da75f623f5923a1)","throwable":""}
{"timestamp":"2025-09-17T03:31:23,932","container":"e8fbc2c00ac2","level":"INFO","thread":"BftProcessorExecutor-QBFT-0","class":"QbftBesuControllerBuilder","message":"Imported #1,665 / 0 tx / 0 pending / 0 (0.0%) gas / (0x9f7ee92e1ef3605d93df8fc18f30501c7fd234ee14feee740545e9f8558695ec)","throwable":""}
{"timestamp":"2025-09-17T03:31:32,006","container":"e8fbc2c00ac2","level":"INFO","thread":"BftProcessorExecutor-QBFT-0","class":"QbftBesuControllerBuilder","message":"Imported #1,666 / 0 tx / 0 pending / 0 (0.0%) gas / (0xeb3311a6adb0ad81c2deff95d0ae8a313a485a65a0e50e559e9a67c64b51b712)","throwable":""}
{"timestamp":"2025-09-17T03:31:40,004","container":"e8fbc2c00ac2","level":"INFO","thread":"BftProcessorExecutor-QBFT-0","class":"QbftBesuControllerBuilder","message":"Imported #1,667 / 0 tx / 0 pending / 0 (0.0%) gas / (0x84f96e074f28eabca38c8e81f6e5914bb24af45808e9e15d35d358debd9f6c05)","throwable":""}
{"timestamp":"2025-09-17T03:31:48,005","container":"e8fbc2c00ac2","level":"INFO","thread":"BftProcessorExecutor-QBFT-0","class":"QbftBesuControllerBuilder","message":"Produced #1,668 / 0 tx / 0 pending / 0 (0.0%) gas / (0x96505cac6d3e0903dd01f5eb312906858497fc7eada7a04a9448601de888623a)","throwable":""}
{"timestamp":"2025-09-17T03:31:57,004","container":"e8fbc2c00ac2","level":"INFO","thread":"BftProcessorExecutor-QBFT-0","class":"QbftBesuControllerBuilder","message":"Imported #1,669 / 0 tx / 0 pending / 0 (0.0%) gas / (0xae686c90dead3634c2b5566d9e3d914166571f821c7084aab4629f61e2ddcb17)","throwable":""}
{"timestamp":"2025-09-17T03:32:05,007","container":"e8fbc2c00ac2","level":"INFO","thread":"BftProcessorExecutor-QBFT-0","class":"QbftBesuControllerBuilder","message":"Imported #1,670 / 0 tx / 0 pending / 0 (0.0%) gas / (0xc4150ab51216e7b11b81aae418d76e4b88e7dbb1bb81b65ace0614d0814abef5)","throwable":""}
{"timestamp":"2025-09-17T03:32:13,005","container":"e8fbc2c00ac2","level":"INFO","thread":"BftProcessorExecutor-QBFT-0","class":"QbftBesuControllerBuilder","message":"Imported #1,671 / 0 tx / 0 pending / 0 (0.0%) gas / (0x570bf004aaa9b7f5cbe1ff54ac8900de34093d7fde4b08fdf909e71c763ca60f)","throwable":""}
{"timestamp":"2025-09-17T03:32:21,006","container":"e8fbc2c00ac2","level":"INFO","thread":"BftProcessorExecutor-QBFT-0","class":"QbftBesuControllerBuilder","message":"Produced #1,672 / 0 tx / 0 pending / 0 (0.0%) gas / (0xb8572d2132a918637fe8740a30e6a94f326624e2d59790f541508bfa3f640495)","throwable":""}
{"timestamp":"2025-09-17T03:32:29,971","container":"e8fbc2c00ac2","level":"INFO","thread":"BftProcessorExecutor-QBFT-0","class":"QbftBesuControllerBuilder","message":"Imported #1,673 / 0 tx / 0 pending / 0 (0.0%) gas / (0x8ad0412c5ace6da349087333697ef818516dea3a559ef6210a4883027d3bab87)","throwable":""}
{"timestamp":"2025-09-17T03:32:38,006","container":"e8fbc2c00ac2","level":"INFO","thread":"BftProcessorExecutor-QBFT-0","class":"QbftBesuControllerBuilder","message":"Imported #1,674 / 0 tx / 0 pending / 0 (0.0%) gas / (0x1d4400441667b1bdb91bd73d461e59acc6cb0f3a8213b9faa5a9d8758a3389d7)","throwable":""}
{"timestamp":"2025-09-17T03:32:38,006","container":"e8fbc2c00ac2","level":"INFO","thread":"EthScheduler-Workers-0","class":"PersistBlockTask","message":"Block 1674 (0x1d4400441667b1bdb91bd73d461e59acc6cb0f3a8213b9faa5a9d8758a3389d7) is already imported","throwable":""}
{"timestamp":"2025-09-17T03:32:46,005","container":"e8fbc2c00ac2","level":"INFO","thread":"BftProcessorExecutor-QBFT-0","class":"QbftBesuControllerBuilder","message":"Imported #1,675 / 0 tx / 0 pending / 0 (0.0%) gas / (0x54a62f364beb21b5391a400c1892d053bafd364b7ff392e4b486b8e77b7fd0cb)","throwable":""}
{"timestamp":"2025-09-17T03:32:54,004","container":"e8fbc2c00ac2","level":"INFO","thread":"BftProcessorExecutor-QBFT-0","class":"QbftBesuControllerBuilder","message":"Produced #1,676 / 0 tx / 0 pending / 0 (0.0%) gas / (0x376fced1e7944e0a1bd61c8cf21ab1b2c2e6b2a65215c6cdd6ff54fbf538b5f8)","throwable":""}
{"timestamp":"2025-09-17T03:33:02,953","container":"e8fbc2c00ac2","level":"INFO","thread":"BftProcessorExecutor-QBFT-0","class":"QbftBesuControllerBuilder","message":"Imported #1,677 / 0 tx / 0 pending / 0 (0.0%) gas / (0x87e8f2726130a08766fb617015594f8e2ba2aed58e230f8d4a447e32e93127c1)","throwable":""}
{"timestamp":"2025-09-17T03:33:11,006","container":"e8fbc2c00ac2","level":"INFO","thread":"BftProcessorExecutor-QBFT-0","class":"QbftBesuControllerBuilder","message":"Imported #1,678 / 0 tx / 0 pending / 0 (0.0%) gas / (0xe08921ddfb13a7877f562e8ec3b7f3060f4a67e06ceb6c1139cd34d33e712a43)","throwable":""}
{"timestamp":"2025-09-17T03:33:19,005","container":"e8fbc2c00ac2","level":"INFO","thread":"BftProcessorExecutor-QBFT-0","class":"QbftBesuControllerBuilder","message":"Imported #1,679 / 0 tx / 0 pending / 0 (0.0%) gas / (0x8f13a92ad9d0701d80d6e4b2298dc57c8de3f1a47e22f1873dc4103ab3b8d44e)","throwable":""}
{"timestamp":"2025-09-17T03:33:27,006","container":"e8fbc2c00ac2","level":"INFO","thread":"BftProcessorExecutor-QBFT-0","class":"QbftBesuControllerBuilder","message":"Produced #1,680 / 0 tx / 0 pending / 0 (0.0%) gas / (0x29d5677cbdf1506b14cbdead09f01b660a4c3c4e225ce8b7acdc05888e336fd8)","throwable":""}
{"timestamp":"2025-09-17T03:33:35,903","container":"e8fbc2c00ac2","level":"INFO","thread":"BftProcessorExecutor-QBFT-0","class":"QbftBesuControllerBuilder","message":"Imported #1,681 / 0 tx / 0 pending / 0 (0.0%) gas / (0x918ca47e98f63a503f519bc3e4872279b156337b08e5d7e32b868b5b753a078a)","throwable":""}
{"timestamp":"2025-09-17T03:33:44,006","container":"e8fbc2c00ac2","level":"INFO","thread":"BftProcessorExecutor-QBFT-0","class":"QbftBesuControllerBuilder","message":"Imported #1,682 / 0 tx / 0 pending / 0 (0.0%) gas / (0x70dda6d2fb338cc70ccefbd864e2d3dd9f07f59e8d1cfb32943e05c97fdf784e)","throwable":""}
{"timestamp":"2025-09-17T03:33:52,005","container":"e8fbc2c00ac2","level":"INFO","thread":"BftProcessorExecutor-QBFT-0","class":"QbftBesuControllerBuilder","message":"Imported #1,683 / 0 tx / 0 pending / 0 (0.0%) gas / (0xfb084f1e62081e34d246d068cbd495b23f5bd91cd827f3dc992ac171bc579605)","throwable":""}
{"timestamp":"2025-09-17T03:34:00,007","container":"e8fbc2c00ac2","level":"INFO","thread":"BftProcessorExecutor-QBFT-0","class":"QbftBesuControllerBuilder","message":"Produced #1,684 / 0 tx / 0 pending / 0 (0.0%) gas / (0x15b123821d37397ffd6db90e5b57c37cdb021e6bb80aae0e68370ad286efcd14)","throwable":""}
{"timestamp":"2025-09-17T03:34:08,984","container":"e8fbc2c00ac2","level":"INFO","thread":"EthScheduler-Workers-0","class":"PersistBlockTask","message":"Block 1685 (0xe111db9e64c63fe946329309a6f72e2954a25a473cecb3f2f4506120d70c7477) is already imported","throwable":""}
{"timestamp":"2025-09-17T03:34:08,985","container":"e8fbc2c00ac2","level":"INFO","thread":"BftProcessorExecutor-QBFT-0","class":"QbftBesuControllerBuilder","message":"Imported #1,685 / 0 tx / 0 pending / 0 (0.0%) gas / (0xe111db9e64c63fe946329309a6f72e2954a25a473cecb3f2f4506120d70c7477)","throwable":""}
{"timestamp":"2025-09-17T03:34:17,005","container":"e8fbc2c00ac2","level":"INFO","thread":"BftProcessorExecutor-QBFT-0","class":"QbftBesuControllerBuilder","message":"Imported #1,686 / 0 tx / 0 pending / 0 (0.0%) gas / (0xc8c63e230ebb3c64a4e95fc52d68e980f768268f384cecff2de3688b7439a8f9)","throwable":""}
{"timestamp":"2025-09-17T03:34:25,005","container":"e8fbc2c00ac2","level":"INFO","thread":"BftProcessorExecutor-QBFT-0","class":"QbftBesuControllerBuilder","message":"Imported #1,687 / 0 tx / 0 pending / 0 (0.0%) gas / (0x6c27531ecb7a48e2ebca2006b06a9468229af4cf2c2b3b6208a3ff5817fdf0b4)","throwable":""}
{"timestamp":"2025-09-17T03:34:33,005","container":"e8fbc2c00ac2","level":"INFO","thread":"BftProcessorExecutor-QBFT-0","class":"QbftBesuControllerBuilder","message":"Produced #1,688 / 0 tx / 0 pending / 0 (0.0%) gas / (0x8e5ef5ec4d9d2b92d7fa75fd0e94ed3a3eb47bce09ad56c27857a5b8238307eb)","throwable":""}
{"timestamp":"2025-09-17T03:34:41,907","container":"e8fbc2c00ac2","level":"INFO","thread":"BftProcessorExecutor-QBFT-0","class":"QbftBesuControllerBuilder","message":"Imported #1,689 / 0 tx / 0 pending / 0 (0.0%) gas / (0x59f6a952266860249578ef22cef1403509a37bbc94844e867e247e752074b4fa)","throwable":""}
{"timestamp":"2025-09-17T03:34:50,006","container":"e8fbc2c00ac2","level":"INFO","thread":"BftProcessorExecutor-QBFT-0","class":"QbftBesuControllerBuilder","message":"Imported #1,690 / 0 tx / 0 pending / 0 (0.0%) gas / (0x1fab7ddb01450ea0dbd5b23ae792fedebfa8e2f0106af254f51adbb3ba58fb3b)","throwable":""}
{"timestamp":"2025-09-17T03:34:58,007","container":"e8fbc2c00ac2","level":"INFO","thread":"BftProcessorExecutor-QBFT-0","class":"QbftBesuControllerBuilder","message":"Imported #1,691 / 0 tx / 0 pending / 0 (0.0%) gas / (0x7e549a52e925d99d6632b52a9e5558fdb3b5eb33259e7df6b31afad33ec5d199)","throwable":""}
{"timestamp":"2025-09-17T03:35:06,006","container":"e8fbc2c00ac2","level":"INFO","thread":"BftProcessorExecutor-QBFT-0","class":"QbftBesuControllerBuilder","message":"Produced #1,692 / 0 tx / 0 pending / 0 (0.0%) gas / (0xa54f0021852cce2547ba7748f0337ec774a5cbe10932c1eb8d3ceed331fb1096)","throwable":""}
{"timestamp":"2025-09-17T03:35:14,965","container":"e8fbc2c00ac2","level":"INFO","thread":"EthScheduler-Workers-0","class":"PersistBlockTask","message":"Block 1693 (0x7ef604c77b52535642f689b227aff2b162c027c3298012f43b07f312fb66e7ec) is already imported","throwable":""}
{"timestamp":"2025-09-17T03:35:14,965","container":"e8fbc2c00ac2","level":"INFO","thread":"BftProcessorExecutor-QBFT-0","class":"QbftBesuControllerBuilder","message":"Imported #1,693 / 0 tx / 0 pending / 0 (0.0%) gas / (0x7ef604c77b52535642f689b227aff2b162c027c3298012f43b07f312fb66e7ec)","throwable":""}
{"timestamp":"2025-09-17T03:35:23,005","container":"e8fbc2c00ac2","level":"INFO","thread":"BftProcessorExecutor-QBFT-0","class":"QbftBesuControllerBuilder","message":"Imported #1,694 / 0 tx / 0 pending / 0 (0.0%) gas / (0xc62e9acc359494d4cfdd2956219405ddd22370dc2348eacd2c4a05cc7dc5f869)","throwable":""}
{"timestamp":"2025-09-17T03:35:31,006","container":"e8fbc2c00ac2","level":"INFO","thread":"EthScheduler-Workers-0","class":"PersistBlockTask","message":"Block 1695 (0x073653cb8ecaa03b43acfebaec7ea848340d99a44e5f02489ccd57ad570fb9ee) is already imported","throwable":""}
{"timestamp":"2025-09-17T03:35:31,006","container":"e8fbc2c00ac2","level":"INFO","thread":"BftProcessorExecutor-QBFT-0","class":"QbftBesuControllerBuilder","message":"Imported #1,695 / 0 tx / 0 pending / 0 (0.0%) gas / (0x073653cb8ecaa03b43acfebaec7ea848340d99a44e5f02489ccd57ad570fb9ee)","throwable":""}
{"timestamp":"2025-09-17T03:35:39,007","container":"e8fbc2c00ac2","level":"INFO","thread":"BftProcessorExecutor-QBFT-0","class":"QbftBesuControllerBuilder","message":"Produced #1,696 / 0 tx / 0 pending / 0 (0.0%) gas / (0x347391e394dfb2c01738eb3cf0ad0e166b26fbe23ca50980e2a8ca16cdb5086c)","throwable":""}
{"timestamp":"2025-09-17T03:35:47,938","container":"e8fbc2c00ac2","level":"INFO","thread":"BftProcessorExecutor-QBFT-0","class":"QbftBesuControllerBuilder","message":"Imported #1,697 / 0 tx / 0 pending / 0 (0.0%) gas / (0x4c3e07a9a9446c18072cc11ae0fbe350091923e475373abae4a6947a3f5cf481)","throwable":""}
{"timestamp":"2025-09-17T03:35:56,007","container":"e8fbc2c00ac2","level":"INFO","thread":"EthScheduler-Workers-0","class":"PersistBlockTask","message":"Block 1698 (0xe2252832eea91d8c03d1422c7c94fbe420b4af7368d99a537700acad9d0dd103) is already imported","throwable":""}
{"timestamp":"2025-09-17T03:35:56,007","container":"e8fbc2c00ac2","level":"INFO","thread":"BftProcessorExecutor-QBFT-0","class":"QbftBesuControllerBuilder","message":"Imported #1,698 / 0 tx / 0 pending / 0 (0.0%) gas / (0xe2252832eea91d8c03d1422c7c94fbe420b4af7368d99a537700acad9d0dd103)","throwable":""}
{"timestamp":"2025-09-17T03:36:04,005","container":"e8fbc2c00ac2","level":"INFO","thread":"BftProcessorExecutor-QBFT-0","class":"QbftBesuControllerBuilder","message":"Imported #1,699 / 0 tx / 0 pending / 0 (0.0%) gas / (0xc0ac34d113c9515181471188a31020b1b41aabe107a585036a2f570a5eb227b4)","throwable":""}
{"timestamp":"2025-09-17T03:36:12,004","container":"e8fbc2c00ac2","level":"INFO","thread":"BftProcessorExecutor-QBFT-0","class":"QbftBesuControllerBuilder","message":"Produced #1,700 / 0 tx / 0 pending / 0 (0.0%) gas / (0x32f18af36f4b3ded15a1ffb189f4ebb0b3ebd05ecbb7c5f067a814630e7af33f)","throwable":""}
{"timestamp":"2025-09-17T03:36:20,951","container":"e8fbc2c00ac2","level":"INFO","thread":"BftProcessorExecutor-QBFT-0","class":"QbftBesuControllerBuilder","message":"Imported #1,701 / 0 tx / 0 pending / 0 (0.0%) gas / (0x26d250e698954ef3ae65bd4111f34f92736a6cb44bc7f73fa02ee8fd48a98f62)","throwable":""}
{"timestamp":"2025-09-17T03:36:29,007","container":"e8fbc2c00ac2","level":"INFO","thread":"BftProcessorExecutor-QBFT-0","class":"QbftBesuControllerBuilder","message":"Imported #1,702 / 0 tx / 0 pending / 0 (0.0%) gas / (0x0964b3028f93031d38eb50e2cef446724c218e8fda7d1ab10613d3e8df419144)","throwable":""}
{"timestamp":"2025-09-17T03:36:37,005","container":"e8fbc2c00ac2","level":"INFO","thread":"BftProcessorExecutor-QBFT-0","class":"QbftBesuControllerBuilder","message":"Imported #1,703 / 0 tx / 0 pending / 0 (0.0%) gas / (0xaaf74cfe9e295a9f9394a5951468f58f9c03c76eda53a764d96b979e4b877f09)","throwable":""}
{"timestamp":"2025-09-17T03:36:45,005","container":"e8fbc2c00ac2","level":"INFO","thread":"BftProcessorExecutor-QBFT-0","class":"QbftBesuControllerBuilder","message":"Produced #1,704 / 0 tx / 0 pending / 0 (0.0%) gas / (0x929bea9dc3a00d9eb7f2078e12bf0c8e07ca6977350bb1e5f74e6d04a0e84ea3)","throwable":""}
{"timestamp":"2025-09-17T03:36:53,940","container":"e8fbc2c00ac2","level":"INFO","thread":"BftProcessorExecutor-QBFT-0","class":"QbftBesuControllerBuilder","message":"Imported #1,705 / 0 tx / 0 pending / 0 (0.0%) gas / (0xbc5749e8318745bee3cb178615810f092b21598d6072fb2f93f9852ee65c3256)","throwable":""}
{"timestamp":"2025-09-17T03:37:02,007","container":"e8fbc2c00ac2","level":"INFO","thread":"EthScheduler-Workers-0","class":"PersistBlockTask","message":"Block 1706 (0xe7f64fe721c8c812fb30288d0e754c82f9391539e2f6caa5dab2f4a0b74bd8f4) is already imported","throwable":""}
{"timestamp":"2025-09-17T03:37:02,007","container":"e8fbc2c00ac2","level":"INFO","thread":"BftProcessorExecutor-QBFT-0","class":"QbftBesuControllerBuilder","message":"Imported #1,706 / 0 tx / 0 pending / 0 (0.0%) gas / (0xe7f64fe721c8c812fb30288d0e754c82f9391539e2f6caa5dab2f4a0b74bd8f4)","throwable":""}
{"timestamp":"2025-09-17T03:37:10,007","container":"e8fbc2c00ac2","level":"INFO","thread":"BftProcessorExecutor-QBFT-0","class":"QbftBesuControllerBuilder","message":"Imported #1,707 / 0 tx / 0 pending / 0 (0.0%) gas / (0xba135a57e264662a071fa34708cc933b538ef4a29e74d38eae795c2ed28d46d0)","throwable":""}
{"timestamp":"2025-09-17T03:37:18,006","container":"e8fbc2c00ac2","level":"INFO","thread":"EthScheduler-Workers-0","class":"PersistBlockTask","message":"Block 1708 (0xa58fc6f7f8a89a035a9d22d5936d3527922ad488a846800d60a5486814a82931) is already imported","throwable":""}
{"timestamp":"2025-09-17T03:37:18,006","container":"e8fbc2c00ac2","level":"INFO","thread":"BftProcessorExecutor-QBFT-0","class":"QbftBesuControllerBuilder","message":"Produced #1,708 / 0 tx / 0 pending / 0 (0.0%) gas / (0xa58fc6f7f8a89a035a9d22d5936d3527922ad488a846800d60a5486814a82931)","throwable":""}
{"timestamp":"2025-09-17T03:37:26,895","container":"e8fbc2c00ac2","level":"INFO","thread":"BftProcessorExecutor-QBFT-0","class":"QbftBesuControllerBuilder","message":"Imported #1,709 / 0 tx / 0 pending / 0 (0.0%) gas / (0xe89916c96ac5ee22bc9a360257e5954b3dc92befc158ba5e291492d12db14f25)","throwable":""}
{"timestamp":"2025-09-17T03:37:35,007","container":"e8fbc2c00ac2","level":"INFO","thread":"BftProcessorExecutor-QBFT-0","class":"QbftBesuControllerBuilder","message":"Imported #1,710 / 0 tx / 0 pending / 0 (0.0%) gas / (0xb3bfa70ee07d7213ff8a3c9d320ef04d24d5e337ff9f91b227bafdf0772e0cae)","throwable":""}
{"timestamp":"2025-09-17T03:37:43,004","container":"e8fbc2c00ac2","level":"INFO","thread":"BftProcessorExecutor-QBFT-0","class":"QbftBesuControllerBuilder","message":"Imported #1,711 / 0 tx / 0 pending / 0 (0.0%) gas / (0xa5fb876d50b6b88f902b134dfc073acbffbca9bf1a12a46fcb4fa4a09a7de829)","throwable":""}
{"timestamp":"2025-09-17T03:37:51,006","container":"e8fbc2c00ac2","level":"INFO","thread":"BftProcessorExecutor-QBFT-0","class":"QbftBesuControllerBuilder","message":"Produced #1,712 / 0 tx / 0 pending / 0 (0.0%) gas / (0x2dfc67f07ec39cb8f071b34e3c82a26ed4b942bd7a50901d1f3046859c33d0a5)","throwable":""}
{"timestamp":"2025-09-17T03:37:59,980","container":"e8fbc2c00ac2","level":"INFO","thread":"BftProcessorExecutor-QBFT-0","class":"QbftBesuControllerBuilder","message":"Imported #1,713 / 0 tx / 0 pending / 0 (0.0%) gas / (0x6b02013ddadf7dfd110d0237ab09958228b8be6c769bc8cf35de45c35e83554e)","throwable":""}
{"timestamp":"2025-09-17T03:38:08,005","container":"e8fbc2c00ac2","level":"INFO","thread":"BftProcessorExecutor-QBFT-0","class":"QbftBesuControllerBuilder","message":"Imported #1,714 / 0 tx / 0 pending / 0 (0.0%) gas / (0xbeab6579910fca40a6e28f094a52206baaea268b55e711930a36fd7de2cc8091)","throwable":""}
{"timestamp":"2025-09-17T03:38:16,007","container":"e8fbc2c00ac2","level":"INFO","thread":"BftProcessorExecutor-QBFT-0","class":"QbftBesuControllerBuilder","message":"Imported #1,715 / 0 tx / 0 pending / 0 (0.0%) gas / (0x79a989630db67b37a61d0e276965d8e17a53e10a54a817c012bf12e10e8dddcf)","throwable":""}
{"timestamp":"2025-09-17T03:38:24,005","container":"e8fbc2c00ac2","level":"INFO","thread":"BftProcessorExecutor-QBFT-0","class":"QbftBesuControllerBuilder","message":"Produced #1,716 / 0 tx / 0 pending / 0 (0.0%) gas / (0x24bf5f918034d972b6055914ee96c244969cddfd7407413a8636e3daa3429b63)","throwable":""}
{"timestamp":"2025-09-17T03:38:32,931","container":"e8fbc2c00ac2","level":"INFO","thread":"BftProcessorExecutor-QBFT-0","class":"QbftBesuControllerBuilder","message":"Imported #1,717 / 0 tx / 0 pending / 0 (0.0%) gas / (0x7f29a9334d6beb3e642edf9c89b51fac735700ea885a63218419d666131ffb3c)","throwable":""}
{"timestamp":"2025-09-17T03:38:41,006","container":"e8fbc2c00ac2","level":"INFO","thread":"BftProcessorExecutor-QBFT-0","class":"QbftBesuControllerBuilder","message":"Imported #1,718 / 0 tx / 0 pending / 0 (0.0%) gas / (0xc29a151bbb3434a48469be5ab74291a90dcae22734f79a8eb96320fc9f7cbac5)","throwable":""}
{"timestamp":"2025-09-17T03:38:49,006","container":"e8fbc2c00ac2","level":"INFO","thread":"BftProcessorExecutor-QBFT-0","class":"QbftBesuControllerBuilder","message":"Imported #1,719 / 0 tx / 0 pending / 0 (0.0%) gas / (0xfd06692ef6ad50f8e5f400209e2f64bd9e0c2e8f985824f020af3da98ef4cec0)","throwable":""}
{"timestamp":"2025-09-17T03:38:57,004","container":"e8fbc2c00ac2","level":"INFO","thread":"BftProcessorExecutor-QBFT-0","class":"QbftBesuControllerBuilder","message":"Produced #1,720 / 0 tx / 0 pending / 0 (0.0%) gas / (0xb21e2dfac8459f01418777e03c5946b8f40c9b586081c9fdbf21bef50adc0d19)","throwable":""}
{"timestamp":"2025-09-17T03:39:05,909","container":"e8fbc2c00ac2","level":"INFO","thread":"BftProcessorExecutor-QBFT-0","class":"QbftBesuControllerBuilder","message":"Imported #1,721 / 0 tx / 0 pending / 0 (0.0%) gas / (0x4d50c362bdfc12f8ec1020e8a1209f35b774ca15041dc58d56086f4894bbfe0a)","throwable":""}
{"timestamp":"2025-09-17T03:39:14,006","container":"e8fbc2c00ac2","level":"INFO","thread":"BftProcessorExecutor-QBFT-0","class":"QbftBesuControllerBuilder","message":"Imported #1,722 / 0 tx / 0 pending / 0 (0.0%) gas / (0x162afc1b6d2bab9efbb368dc0b0f60ef4d0490143d0ede04db3166ca8f5ae5e4)","throwable":""}
{"timestamp":"2025-09-17T03:39:22,005","container":"e8fbc2c00ac2","level":"INFO","thread":"BftProcessorExecutor-QBFT-0","class":"QbftBesuControllerBuilder","message":"Imported #1,723 / 0 tx / 0 pending / 0 (0.0%) gas / (0x5a5009152618af7fe348345b3a44f4a69c8ecb60c82c1b9fbdbade2a0849fa04)","throwable":""}
{"timestamp":"2025-09-17T03:39:30,005","container":"e8fbc2c00ac2","level":"INFO","thread":"BftProcessorExecutor-QBFT-0","class":"QbftBesuControllerBuilder","message":"Produced #1,724 / 0 tx / 0 pending / 0 (0.0%) gas / (0x7440ab37c916466edccf1547f21facfbd4f5cf05b7c78c8713a1c70f1e8ff98a)","throwable":""}
