{"timestamp":"2025-10-22T12:00:42,341","container":"8a8e46c31ccc","level":"INFO","thread":"main","class":"Besu","message":"Starting Besu","throwable":""}
{"timestamp":"2025-10-22T12:00:43,190","container":"8a8e46c31ccc","level":"WARN","thread":"main","class":"Besu","message":"--min-gas-price has been ignored because --miner-enabled was not defined on the command line.","throwable":""}
{"timestamp":"2025-10-22T12:00:44,486","container":"8a8e46c31ccc","level":"INFO","thread":"main","class":"Besu","message":"
####################################################################################################
#                                                                                                  #
# Besu version 23.4.1                                                                              #
#                                                                                                  #
# Configuration:                                                                                   #
# Network: Custom genesis file specified                                                           #
# Network Id: 1337                                                                                 #
# Data storage: Forest                                                                             #
# Sync mode: Full                                                                                  #
# RPC HTTP APIs: EEA,WEB3,ETH,NET,TRACE,DEBUG,ADMIN,TXPOOL,PRIV,PERM,QBFT                          #
# RPC HTTP port: 8545                                                                              #
#                                                                                                  #
# Host:                                                                                            #
# Java: openjdk-java-17                                                                            #
# Maximum heap size: 1.91 GB                                                                       #
# OS: linux-x86_64                                                                                 #
# glibc: 2.35                                                                                      #
# jemalloc: 5.2.1-0-gea6b3e973b477b8061e0076bb257dbd7f3faa756                                      #
# Total memory: 7.62 GB                                                                            #
# CPU cores: 12                                                                                    #
#                                                                                                  #
####################################################################################################","throwable":""}
{"timestamp":"2025-10-22T12:00:44,494","container":"8a8e46c31ccc","level":"INFO","thread":"main","class":"Besu","message":"Connecting to 8 static nodes.","throwable":""}
{"timestamp":"2025-10-22T12:00:44,494","container":"8a8e46c31ccc","level":"INFO","thread":"main","class":"Besu","message":"Security Module: localfile","throwable":""}
{"timestamp":"2025-10-22T12:00:44,584","container":"8a8e46c31ccc","level":"INFO","thread":"main","class":"Besu","message":"Using the native implementation of alt bn128","throwable":""}
{"timestamp":"2025-10-22T12:00:44,656","container":"8a8e46c31ccc","level":"INFO","thread":"main","class":"Besu","message":"Using the native implementation of modexp","throwable":""}
{"timestamp":"2025-10-22T12:00:44,659","container":"8a8e46c31ccc","level":"INFO","thread":"main","class":"Besu","message":"Using the native implementation of the signature algorithm","throwable":""}
{"timestamp":"2025-10-22T12:00:44,719","container":"8a8e46c31ccc","level":"INFO","thread":"main","class":"Besu","message":"Using the native implementation of the blake2bf algorithm","throwable":""}
{"timestamp":"2025-10-22T12:00:44,833","container":"8a8e46c31ccc","level":"INFO","thread":"main","class":"RocksDBKeyValueStorageFactory","message":"No existing database detected at /opt/besu/data. Using version 1","throwable":""}
{"timestamp":"2025-10-22T12:00:46,828","container":"8a8e46c31ccc","level":"INFO","thread":"main","class":"KeyPairUtil","message":"Loaded public key 0x2fd5b5b6ad529f55b71602026d1849d0036f06482368b5812fa793014195d3571b0840dbc4175617de2a12db8f1222c012420d471ae5c0d982118625cae58868 from /opt/besu/keys/nodekey","throwable":""}
{"timestamp":"2025-10-22T12:00:46,855","container":"8a8e46c31ccc","level":"WARN","thread":"main","class":"Besu","message":"Privacy is disabled. Cannot use EEA/PRIV API methods when not using Privacy.","throwable":""}
{"timestamp":"2025-10-22T12:00:47,269","container":"8a8e46c31ccc","level":"INFO","thread":"main","class":"ProtocolScheduleBuilder","message":"Protocol schedule created with milestones: [GrayGlacier: 0]","throwable":""}
{"timestamp":"2025-10-22T12:00:47,627","container":"8a8e46c31ccc","level":"INFO","thread":"main","class":"TransactionPoolFactory","message":"Enabling transaction pool","throwable":""}
{"timestamp":"2025-10-22T12:00:47,689","container":"8a8e46c31ccc","level":"INFO","thread":"main","class":"BesuControllerBuilder","message":"TTD difficulty is not present, creating initial sync phase for PoW","throwable":""}
{"timestamp":"2025-10-22T12:00:47,899","container":"8a8e46c31ccc","level":"INFO","thread":"main","class":"RunnerBuilder","message":"Detecting NAT service.","throwable":""}
{"timestamp":"2025-10-22T12:00:49,313","container":"8a8e46c31ccc","level":"INFO","thread":"main","class":"Runner","message":"Starting external services ... ","throwable":""}
{"timestamp":"2025-10-22T12:00:49,319","container":"8a8e46c31ccc","level":"INFO","thread":"main","class":"MetricsHttpService","message":"Starting metrics http service on 0.0.0.0:9545","throwable":""}
{"timestamp":"2025-10-22T12:00:49,685","container":"8a8e46c31ccc","level":"INFO","thread":"main","class":"JsonRpcHttpService","message":"Starting JSON-RPC service on 0.0.0.0:8545","throwable":""}
{"timestamp":"2025-10-22T12:00:49,684","container":"8a8e46c31ccc","level":"INFO","thread":"vert.x-eventloop-thread-1","class":"MetricsHttpService","message":"Metrics service started and listening on 0.0.0.0:9545","throwable":""}
{"timestamp":"2025-10-22T12:00:49,759","container":"8a8e46c31ccc","level":"INFO","thread":"vert.x-eventloop-thread-1","class":"JsonRpcHttpService","message":"JSON-RPC service started and listening on 0.0.0.0:8545","throwable":""}
{"timestamp":"2025-10-22T12:00:49,762","container":"8a8e46c31ccc","level":"INFO","thread":"main","class":"GraphQLHttpService","message":"Starting GraphQL HTTP service on 0.0.0.0:8547","throwable":""}
{"timestamp":"2025-10-22T12:00:49,779","container":"8a8e46c31ccc","level":"INFO","thread":"vert.x-eventloop-thread-1","class":"GraphQLHttpService","message":"GraphQL HTTP service started and listening on 0.0.0.0:8547","throwable":""}
{"timestamp":"2025-10-22T12:00:49,780","container":"8a8e46c31ccc","level":"INFO","thread":"main","class":"WebSocketService","message":"Starting Websocket service on 0.0.0.0:8546","throwable":""}
{"timestamp":"2025-10-22T12:00:49,790","container":"8a8e46c31ccc","level":"INFO","thread":"vert.x-eventloop-thread-1","class":"WebSocketService","message":"Websocket service started and listening on 0.0.0.0:8546","throwable":""}
{"timestamp":"2025-10-22T12:00:49,805","container":"8a8e46c31ccc","level":"INFO","thread":"main","class":"AutoTransactionLogBloomCachingService","message":"Starting auto transaction log bloom caching service.","throwable":""}
{"timestamp":"2025-10-22T12:00:49,808","container":"8a8e46c31ccc","level":"INFO","thread":"main","class":"LogBloomCacheMetadata","message":"Lookup cache metadata file in data directory: /opt/besu/data/caches","throwable":""}
{"timestamp":"2025-10-22T12:00:49,873","container":"8a8e46c31ccc","level":"INFO","thread":"main","class":"Runner","message":"Starting Ethereum main loop ... ","throwable":""}
{"timestamp":"2025-10-22T12:00:49,874","container":"8a8e46c31ccc","level":"INFO","thread":"main","class":"NatService","message":"No NAT environment detected so no service could be started","throwable":""}
{"timestamp":"2025-10-22T12:00:49,874","container":"8a8e46c31ccc","level":"INFO","thread":"main","class":"NetworkRunner","message":"Starting Network.","throwable":""}
{"timestamp":"2025-10-22T12:00:49,909","container":"8a8e46c31ccc","level":"INFO","thread":"nioEventLoopGroup-2-1","class":"RlpxAgent","message":"P2P RLPx agent started and listening on /[0:0:0:0:0:0:0:0]:30303.","throwable":""}
{"timestamp":"2025-10-22T12:00:49,912","container":"8a8e46c31ccc","level":"INFO","thread":"main","class":"PeerDiscoveryAgent","message":"Starting peer discovery agent on host=0.0.0.0, port=30303","throwable":""}
{"timestamp":"2025-10-22T12:00:49,952","container":"8a8e46c31ccc","level":"INFO","thread":"vert.x-eventloop-thread-1","class":"VertxPeerDiscoveryAgent","message":"Started peer discovery agent successfully, on effective host=0:0:0:0:0:0:0:0%0 and port=30303","throwable":""}
{"timestamp":"2025-10-22T12:00:49,962","container":"8a8e46c31ccc","level":"INFO","thread":"vert.x-eventloop-thread-1","class":"PeerDiscoveryAgent","message":"P2P peer discovery agent started and listening on /[0:0:0:0:0:0:0:0%0]:30303","throwable":""}
{"timestamp":"2025-10-22T12:00:50,132","container":"8a8e46c31ccc","level":"INFO","thread":"vert.x-eventloop-thread-1","class":"PeerDiscoveryAgent","message":"Writing node record to disk. NodeRecord{seq=1, publicKey=0x022fd5b5b6ad529f55b71602026d1849d0036f06482368b5812fa793014195d357, udpAddress=Optional[/172.16.239.14:30303], tcpAddress=Optional[/172.16.239.14:30303], asBase64=-Je4QFrecNnZMlG6bddbcDOxI1degTF4-ukXaEu3BjJFsaoGfLxf5bpKxXvf1ZHNHogDWdU_wzPFqKEJfWZ8I9SPJ2gBg2V0aMfGhGpSrW2AgmlkgnY0gmlwhKwQ7w6Jc2VjcDI1NmsxoQIv1bW2rVKfVbcWAgJtGEnQA28GSCNotYEvp5MBQZXTV4N0Y3CCdl-DdWRwgnZf, nodeId=0xc8f776c1d83d4fddd02782c698c1334496614aed49d2e81526d089f7264fed9c, customFields={tcp=30303, udp=30303, ip=0xac10ef0e, eth=[[0x6a52ad6d, 0x]], id=V4, secp256k1=0x022fd5b5b6ad529f55b71602026d1849d0036f06482368b5812fa793014195d357}}","throwable":""}
{"timestamp":"2025-10-22T12:00:50,275","container":"8a8e46c31ccc","level":"INFO","thread":"main","class":"DefaultP2PNetwork","message":"Enode URL enode://2fd5b5b6ad529f55b71602026d1849d0036f06482368b5812fa793014195d3571b0840dbc4175617de2a12db8f1222c012420d471ae5c0d982118625cae58868@172.16.239.14:30303","throwable":""}
{"timestamp":"2025-10-22T12:00:50,276","container":"8a8e46c31ccc","level":"INFO","thread":"main","class":"DefaultP2PNetwork","message":"Node address 0x98c1334496614aed49d2e81526d089f7264fed9c","throwable":""}
{"timestamp":"2025-10-22T12:00:50,648","container":"8a8e46c31ccc","level":"INFO","thread":"main","class":"NetworkRunner","message":"Supported capabilities: [eth/62, eth/63, eth/64, eth/65, eth/66, eth/67, eth/68], [istanbul/100], [snap/1]","throwable":""}
{"timestamp":"2025-10-22T12:00:50,648","container":"8a8e46c31ccc","level":"INFO","thread":"main","class":"DefaultSynchronizer","message":"Starting synchronizer.","throwable":""}
{"timestamp":"2025-10-22T12:00:50,658","container":"8a8e46c31ccc","level":"INFO","thread":"main","class":"TransactionPoolFactory","message":"Enabling transaction handling following initial sync","throwable":""}
{"timestamp":"2025-10-22T12:00:50,660","container":"8a8e46c31ccc","level":"INFO","thread":"main","class":"FullSyncDownloader","message":"Starting full sync.","throwable":""}
{"timestamp":"2025-10-22T12:00:50,660","container":"8a8e46c31ccc","level":"INFO","thread":"main","class":"FullSyncTargetManager","message":"Unable to find sync target. Currently checking 0 peers for usefulness","throwable":""}
{"timestamp":"2025-10-22T12:00:50,940","container":"8a8e46c31ccc","level":"INFO","thread":"main","class":"Runner","message":"Ethereum main loop is up.","throwable":""}
{"timestamp":"2025-10-22T12:00:51,789","container":"8a8e46c31ccc","level":"INFO","thread":"nioEventLoopGroup-3-4","class":"FullSyncTargetManager","message":"Unable to find sync target. Currently checking 4 peers for usefulness","throwable":""}
{"timestamp":"2025-10-22T12:00:51,849","container":"8a8e46c31ccc","level":"INFO","thread":"nioEventLoopGroup-3-5","class":"FullSyncTargetManager","message":"Unable to find sync target. Currently checking 5 peers for usefulness","throwable":""}
{"timestamp":"2025-10-22T12:00:56,854","container":"8a8e46c31ccc","level":"INFO","thread":"EthScheduler-Timer-0","class":"FullSyncTargetManager","message":"Unable to find sync target. Currently checking 5 peers for usefulness","throwable":""}
{"timestamp":"2025-10-22T12:01:01,281","container":"8a8e46c31ccc","level":"INFO","thread":"BftProcessorExecutor-QBFT-0","class":"QbftRound","message":"Importing proposed block to chain. round=ConsensusRoundIdentifier{Sequence=1, Round=1}, hash=0x8da546ee41dba866d32003ee98aa2a5d6cfde34fcd151625afb39e9830eefd0e","throwable":""}
{"timestamp":"2025-10-22T12:01:01,318","container":"8a8e46c31ccc","level":"INFO","thread":"BftProcessorExecutor-QBFT-0","class":"QbftBesuControllerBuilder","message":"Imported #1 / 0 tx / 0 pending / 0 (0.0%) gas / (0x8da546ee41dba866d32003ee98aa2a5d6cfde34fcd151625afb39e9830eefd0e)","throwable":""}
{"timestamp":"2025-10-22T12:01:01,855","container":"8a8e46c31ccc","level":"INFO","thread":"EthScheduler-Timer-0","class":"FullSyncTargetManager","message":"Unable to find sync target. Currently checking 5 peers for usefulness","throwable":""}
{"timestamp":"2025-10-22T12:01:06,856","container":"8a8e46c31ccc","level":"INFO","thread":"EthScheduler-Timer-0","class":"FullSyncTargetManager","message":"Unable to find sync target. Currently checking 5 peers for usefulness","throwable":""}
{"timestamp":"2025-10-22T12:01:09,062","container":"8a8e46c31ccc","level":"INFO","thread":"BftProcessorExecutor-QBFT-0","class":"QbftBesuControllerBuilder","message":"Produced #2 / 0 tx / 0 pending / 0 (0.0%) gas / (0x6b003e9be573cf32e619f43fa6f49509f11bf2519a80b2b4812f59ffb5fd5bde)","throwable":""}
{"timestamp":"2025-10-22T12:01:17,081","container":"8a8e46c31ccc","level":"INFO","thread":"BftProcessorExecutor-QBFT-0","class":"QbftBesuControllerBuilder","message":"Imported #3 / 0 tx / 0 pending / 0 (0.0%) gas / (0x225a0e4e8a9ea6828ffc3098bdf675e39411870938c041265c81f4fc6383c207)","throwable":""}
{"timestamp":"2025-10-22T12:01:17,088","container":"8a8e46c31ccc","level":"INFO","thread":"EthScheduler-Workers-0","class":"PersistBlockTask","message":"Block 3 (0x225a0e4e8a9ea6828ffc3098bdf675e39411870938c041265c81f4fc6383c207) is already imported","throwable":""}
{"timestamp":"2025-10-22T12:01:25,043","container":"8a8e46c31ccc","level":"INFO","thread":"BftProcessorExecutor-QBFT-0","class":"QbftBesuControllerBuilder","message":"Imported #4 / 0 tx / 0 pending / 0 (0.0%) gas / (0xe2f888ebcde9b2cc458d8933a7845eed8bf9ddf12cfdb3179a12954a7188c1d1)","throwable":""}
{"timestamp":"2025-10-22T12:01:33,042","container":"8a8e46c31ccc","level":"INFO","thread":"BftProcessorExecutor-QBFT-0","class":"QbftBesuControllerBuilder","message":"Imported #5 / 0 tx / 0 pending / 0 (0.0%) gas / (0xbc0d86ed1d1fdc4ca0d1d7d5faec477de447dc50d24b400231cc065d9d7d8f62)","throwable":""}
{"timestamp":"2025-10-22T12:01:41,044","container":"8a8e46c31ccc","level":"INFO","thread":"BftProcessorExecutor-QBFT-0","class":"QbftBesuControllerBuilder","message":"Produced #6 / 0 tx / 0 pending / 0 (0.0%) gas / (0x0ce7e5b4fca5290d7d5cc429b6bac067b2836a67c07eb174ea3bb9180a920f84)","throwable":""}
{"timestamp":"2025-10-22T12:01:49,032","container":"8a8e46c31ccc","level":"INFO","thread":"BftProcessorExecutor-QBFT-0","class":"QbftBesuControllerBuilder","message":"Imported #7 / 0 tx / 0 pending / 0 (0.0%) gas / (0x4d6990745ce8648c505c24bcb32ed2f6f446e00f2972065f6b0f3f70f86f0a03)","throwable":""}
{"timestamp":"2025-10-22T12:01:57,047","container":"8a8e46c31ccc","level":"INFO","thread":"EthScheduler-Workers-0","class":"PersistBlockTask","message":"Block 8 (0xcf0d03d7a99e0f0c454d79b3aece7b580fb212da4e9f39cfe1d2f8feb24cc55a) is already imported","throwable":""}
{"timestamp":"2025-10-22T12:01:57,049","container":"8a8e46c31ccc","level":"INFO","thread":"BftProcessorExecutor-QBFT-0","class":"QbftBesuControllerBuilder","message":"Imported #8 / 0 tx / 0 pending / 0 (0.0%) gas / (0xcf0d03d7a99e0f0c454d79b3aece7b580fb212da4e9f39cfe1d2f8feb24cc55a)","throwable":""}
{"timestamp":"2025-10-22T12:02:05,060","container":"8a8e46c31ccc","level":"INFO","thread":"BftProcessorExecutor-QBFT-0","class":"QbftBesuControllerBuilder","message":"Imported #9 / 0 tx / 0 pending / 0 (0.0%) gas / (0xd55d290ad55632eae1cf94c9d8649d94bcf3fa44f9981ff488afeea5e581bb5f)","throwable":""}
{"timestamp":"2025-10-22T12:02:13,033","container":"8a8e46c31ccc","level":"INFO","thread":"BftProcessorExecutor-QBFT-0","class":"QbftBesuControllerBuilder","message":"Produced #10 / 0 tx / 0 pending / 0 (0.0%) gas / (0x25fefdd1405f8e70f525863a88ac1f5bde17e4276928424e76c3ede6bc06e6ab)","throwable":""}
{"timestamp":"2025-10-22T12:02:21,036","container":"8a8e46c31ccc","level":"INFO","thread":"BftProcessorExecutor-QBFT-0","class":"QbftBesuControllerBuilder","message":"Imported #11 / 0 tx / 0 pending / 0 (0.0%) gas / (0x1bb9799e9358cf698b17ed155e014b805e28c5b6e65cf5cab3cab7ff06cc0c54)","throwable":""}
{"timestamp":"2025-10-22T12:02:29,036","container":"8a8e46c31ccc","level":"INFO","thread":"BftProcessorExecutor-QBFT-0","class":"QbftBesuControllerBuilder","message":"Imported #12 / 0 tx / 0 pending / 0 (0.0%) gas / (0xda1d3e5cb37d4bb3b97c78053e0518cde9c8179ce0ccbb4c8c077445c18a025b)","throwable":""}
{"timestamp":"2025-10-22T12:02:37,036","container":"8a8e46c31ccc","level":"INFO","thread":"BftProcessorExecutor-QBFT-0","class":"QbftBesuControllerBuilder","message":"Imported #13 / 0 tx / 0 pending / 0 (0.0%) gas / (0xb74b4873f918a4deb28e276794ce5c7681267871a1350f497cd657ed0cedd2d7)","throwable":""}
{"timestamp":"2025-10-22T12:02:45,061","container":"8a8e46c31ccc","level":"INFO","thread":"BftProcessorExecutor-QBFT-0","class":"QbftBesuControllerBuilder","message":"Produced #14 / 0 tx / 0 pending / 0 (0.0%) gas / (0x5ba6a285a3bac3679bbebafa21a8479dec79cfbfe3a49881c9155ce1e95c0264)","throwable":""}
{"timestamp":"2025-10-22T12:02:53,051","container":"8a8e46c31ccc","level":"INFO","thread":"BftProcessorExecutor-QBFT-0","class":"QbftBesuControllerBuilder","message":"Imported #15 / 0 tx / 0 pending / 0 (0.0%) gas / (0xa6128cfc9a70f712ede38b3eeaa27514a1986fa75b5bb7ee7974cc45f35dfc49)","throwable":""}
{"timestamp":"2025-10-22T12:03:01,036","container":"8a8e46c31ccc","level":"INFO","thread":"BftProcessorExecutor-QBFT-0","class":"QbftBesuControllerBuilder","message":"Imported #16 / 0 tx / 0 pending / 0 (0.0%) gas / (0x03f46c281aac78e96789ac023cda1bc0bc89b293571cffb31ab0f97d109886d0)","throwable":""}
{"timestamp":"2025-10-22T12:03:09,028","container":"8a8e46c31ccc","level":"INFO","thread":"BftProcessorExecutor-QBFT-0","class":"QbftBesuControllerBuilder","message":"Imported #17 / 0 tx / 0 pending / 0 (0.0%) gas / (0x1e393cbdc4b67a3552584e11794d3b82f32a2c9ccbd1a2ebcc7e264e3cebd1cd)","throwable":""}
{"timestamp":"2025-10-22T12:03:17,034","container":"8a8e46c31ccc","level":"INFO","thread":"BftProcessorExecutor-QBFT-0","class":"QbftBesuControllerBuilder","message":"Produced #18 / 0 tx / 0 pending / 0 (0.0%) gas / (0x0aeae9a392cdf65091d80b9ef79a62c0fa06dd7d19486c2dae4cbfeeb478c991)","throwable":""}
{"timestamp":"2025-10-22T12:03:25,039","container":"8a8e46c31ccc","level":"INFO","thread":"EthScheduler-Workers-0","class":"PersistBlockTask","message":"Block 19 (0xff01b8921c5a6d9b3c731e1fbdf771c9405e453278dcc873c5e4bc385801b639) is already imported","throwable":""}
{"timestamp":"2025-10-22T12:03:25,039","container":"8a8e46c31ccc","level":"INFO","thread":"BftProcessorExecutor-QBFT-0","class":"QbftBesuControllerBuilder","message":"Imported #19 / 0 tx / 0 pending / 0 (0.0%) gas / (0xff01b8921c5a6d9b3c731e1fbdf771c9405e453278dcc873c5e4bc385801b639)","throwable":""}
{"timestamp":"2025-10-22T12:03:33,057","container":"8a8e46c31ccc","level":"INFO","thread":"EthScheduler-Workers-0","class":"PersistBlockTask","message":"Imported #20 / 0 tx / 0 om / 0 (0.0%) gas / (0x777bbbbca0026ed49327cc7f4e49ac85487e0231acd18999ab036af0665cd806) in 0.005s. Peers: 5","throwable":""}
{"timestamp":"2025-10-22T12:03:33,058","container":"8a8e46c31ccc","level":"INFO","thread":"BftProcessorExecutor-QBFT-0","class":"QbftBesuControllerBuilder","message":"Imported #20 / 0 tx / 0 pending / 0 (0.0%) gas / (0x777bbbbca0026ed49327cc7f4e49ac85487e0231acd18999ab036af0665cd806)","throwable":""}
{"timestamp":"2025-10-22T12:03:41,028","container":"8a8e46c31ccc","level":"INFO","thread":"BftProcessorExecutor-QBFT-0","class":"QbftBesuControllerBuilder","message":"Imported #21 / 0 tx / 0 pending / 0 (0.0%) gas / (0xeb936ec5ee531ec249ac3457772ed6cbe32a253c93ec4803e9942aabe9b895c7)","throwable":""}
{"timestamp":"2025-10-22T12:03:49,039","container":"8a8e46c31ccc","level":"INFO","thread":"EthScheduler-Workers-0","class":"PersistBlockTask","message":"Block 22 (0x0d11c8e124451b570f03706e773a78afe5c04204feba72634a61f542d4d2cc30) is already imported","throwable":""}
{"timestamp":"2025-10-22T12:03:49,039","container":"8a8e46c31ccc","level":"INFO","thread":"BftProcessorExecutor-QBFT-0","class":"QbftBesuControllerBuilder","message":"Produced #22 / 0 tx / 0 pending / 0 (0.0%) gas / (0x0d11c8e124451b570f03706e773a78afe5c04204feba72634a61f542d4d2cc30)","throwable":""}
{"timestamp":"2025-10-22T12:03:57,045","container":"8a8e46c31ccc","level":"INFO","thread":"EthScheduler-Workers-0","class":"PersistBlockTask","message":"Block 23 (0x2fc90a2c3a0fd072c3644fd4f57a766e177575d4512bab20bbadfc2958befcff) is already imported","throwable":""}
{"timestamp":"2025-10-22T12:03:57,048","container":"8a8e46c31ccc","level":"INFO","thread":"BftProcessorExecutor-QBFT-0","class":"QbftBesuControllerBuilder","message":"Imported #23 / 0 tx / 0 pending / 0 (0.0%) gas / (0x2fc90a2c3a0fd072c3644fd4f57a766e177575d4512bab20bbadfc2958befcff)","throwable":""}
{"timestamp":"2025-10-22T12:04:05,024","container":"8a8e46c31ccc","level":"INFO","thread":"BftProcessorExecutor-QBFT-0","class":"QbftBesuControllerBuilder","message":"Imported #24 / 0 tx / 0 pending / 0 (0.0%) gas / (0xa05aa0a834986386ff1c20834cf63f230ec0378b8647cc0fd650a4ec85cc7805)","throwable":""}
{"timestamp":"2025-10-22T12:04:13,027","container":"8a8e46c31ccc","level":"INFO","thread":"BftProcessorExecutor-QBFT-0","class":"QbftBesuControllerBuilder","message":"Imported #25 / 0 tx / 0 pending / 0 (0.0%) gas / (0x66e87863a521208f9544969a7b1a8244d19b4687edc6fd10885dc7a7ae99a7cd)","throwable":""}
{"timestamp":"2025-10-22T12:04:21,038","container":"8a8e46c31ccc","level":"INFO","thread":"EthScheduler-Workers-0","class":"PersistBlockTask","message":"Imported #26 / 0 tx / 0 om / 0 (0.0%) gas / (0x8648130d0e05422b5187ee0b372c247e65c2f6ba871dfd9f14bb3ceecf70e284) in 0.004s. Peers: 5","throwable":""}
{"timestamp":"2025-10-22T12:04:21,039","container":"8a8e46c31ccc","level":"INFO","thread":"BftProcessorExecutor-QBFT-0","class":"QbftBesuControllerBuilder","message":"Produced #26 / 0 tx / 0 pending / 0 (0.0%) gas / (0x8648130d0e05422b5187ee0b372c247e65c2f6ba871dfd9f14bb3ceecf70e284)","throwable":""}
{"timestamp":"2025-10-22T12:04:29,102","container":"8a8e46c31ccc","level":"INFO","thread":"EthScheduler-Workers-0","class":"PersistBlockTask","message":"Imported #27 / 1 tx / 0 om / 5,000,000 (0.0%) gas / (0x90761a683202d2b8707740bc05006a55051c769852ffbfd92c9c8ec6524d0783) in 0.012s. Peers: 5","throwable":""}
{"timestamp":"2025-10-22T12:04:37,037","container":"8a8e46c31ccc","level":"INFO","thread":"BftProcessorExecutor-QBFT-0","class":"QbftBesuControllerBuilder","message":"Imported #28 / 0 tx / 0 pending / 0 (0.0%) gas / (0xe6354a3ac43e7b29fff5e0fa59339d39398929a7ab69d817c2484a9decf0e2cf)","throwable":""}
{"timestamp":"2025-10-22T12:04:37,037","container":"8a8e46c31ccc","level":"INFO","thread":"EthScheduler-Workers-0","class":"PersistBlockTask","message":"Block 28 (0xe6354a3ac43e7b29fff5e0fa59339d39398929a7ab69d817c2484a9decf0e2cf) is already imported","throwable":""}
{"timestamp":"2025-10-22T12:04:45,023","container":"8a8e46c31ccc","level":"INFO","thread":"BftProcessorExecutor-QBFT-0","class":"QbftBesuControllerBuilder","message":"Imported #29 / 0 tx / 0 pending / 0 (0.0%) gas / (0x3464fd6f94ddafbd2fc840b419575f2129ce21d1bd85367dc822370ad3d6c2f7)","throwable":""}
{"timestamp":"2025-10-22T12:04:53,038","container":"8a8e46c31ccc","level":"INFO","thread":"BftProcessorExecutor-QBFT-0","class":"QbftBesuControllerBuilder","message":"Produced #30 / 0 tx / 0 pending / 0 (0.0%) gas / (0x52b264d8e00473feb58e053847d9503dce154dc9c774521bd5581c6457e5b957)","throwable":""}
{"timestamp":"2025-10-22T12:05:01,024","container":"8a8e46c31ccc","level":"INFO","thread":"BftProcessorExecutor-QBFT-0","class":"QbftBesuControllerBuilder","message":"Imported #31 / 0 tx / 0 pending / 0 (0.0%) gas / (0x1abdb89a8cefd2d27a87ac5be1dc63543de89f4db60fc00e48502ec5edda719d)","throwable":""}
{"timestamp":"2025-10-22T12:05:09,023","container":"8a8e46c31ccc","level":"INFO","thread":"BftProcessorExecutor-QBFT-0","class":"QbftBesuControllerBuilder","message":"Imported #32 / 0 tx / 0 pending / 0 (0.0%) gas / (0xf9f280ee1137022fe1dccd8d3cb580e575f816176c22c4ce5c8bbfe0169cd865)","throwable":""}
{"timestamp":"2025-10-22T12:05:17,036","container":"8a8e46c31ccc","level":"INFO","thread":"EthScheduler-Workers-0","class":"PersistBlockTask","message":"Block 33 (0xd92945793c831d9c25ce829a64245b5369852103c7cdbde2ee28dcf36ad45d31) is already imported","throwable":""}
{"timestamp":"2025-10-22T12:05:17,037","container":"8a8e46c31ccc","level":"INFO","thread":"BftProcessorExecutor-QBFT-0","class":"QbftBesuControllerBuilder","message":"Imported #33 / 0 tx / 0 pending / 0 (0.0%) gas / (0xd92945793c831d9c25ce829a64245b5369852103c7cdbde2ee28dcf36ad45d31)","throwable":""}
{"timestamp":"2025-10-22T12:05:25,025","container":"8a8e46c31ccc","level":"INFO","thread":"BftProcessorExecutor-QBFT-0","class":"QbftBesuControllerBuilder","message":"Produced #34 / 0 tx / 0 pending / 0 (0.0%) gas / (0x9d08630867c94440c07587b6bdc872ff8d6795261616b05240c800248d8d94bf)","throwable":""}
{"timestamp":"2025-10-22T12:05:33,037","container":"8a8e46c31ccc","level":"INFO","thread":"BftProcessorExecutor-QBFT-0","class":"QbftBesuControllerBuilder","message":"Imported #35 / 0 tx / 0 pending / 0 (0.0%) gas / (0x3cbb3d3f3262b85464fd5bc7e0057bdc5f94479f76340eb12a044a8aff8c5b17)","throwable":""}
{"timestamp":"2025-10-22T12:05:41,024","container":"8a8e46c31ccc","level":"INFO","thread":"BftProcessorExecutor-QBFT-0","class":"QbftBesuControllerBuilder","message":"Imported #36 / 0 tx / 0 pending / 0 (0.0%) gas / (0xbc68a1ebbc151d2be4e00cad629bc60a8b4a004da6472dc27b41633017f78586)","throwable":""}
{"timestamp":"2025-10-22T12:05:49,024","container":"8a8e46c31ccc","level":"INFO","thread":"BftProcessorExecutor-QBFT-0","class":"QbftBesuControllerBuilder","message":"Imported #37 / 0 tx / 0 pending / 0 (0.0%) gas / (0x590d86798702b4087445626711ea97970130bea565473a56f357baa6f453c68d)","throwable":""}
{"timestamp":"2025-10-22T12:05:49,028","container":"8a8e46c31ccc","level":"INFO","thread":"EthScheduler-Workers-0","class":"PersistBlockTask","message":"Block 37 (0x590d86798702b4087445626711ea97970130bea565473a56f357baa6f453c68d) is already imported","throwable":""}
{"timestamp":"2025-10-22T12:05:57,029","container":"8a8e46c31ccc","level":"INFO","thread":"EthScheduler-Workers-0","class":"PersistBlockTask","message":"Block 38 (0x847b0715c63b5ed44051a6f712cb7205989db7c751013666e5cadb8c6a653388) is already imported","throwable":""}
{"timestamp":"2025-10-22T12:05:57,029","container":"8a8e46c31ccc","level":"INFO","thread":"BftProcessorExecutor-QBFT-0","class":"QbftBesuControllerBuilder","message":"Produced #38 / 0 tx / 0 pending / 0 (0.0%) gas / (0x847b0715c63b5ed44051a6f712cb7205989db7c751013666e5cadb8c6a653388)","throwable":""}
{"timestamp":"2025-10-22T12:06:05,028","container":"8a8e46c31ccc","level":"INFO","thread":"EthScheduler-Workers-0","class":"PersistBlockTask","message":"Imported #39 / 0 tx / 0 om / 0 (0.0%) gas / (0x170f6d4ecc820739360a6ff329bf1c843651920323936ea7f010b60b09944a55) in 0.003s. Peers: 5","throwable":""}
{"timestamp":"2025-10-22T12:06:13,026","container":"8a8e46c31ccc","level":"INFO","thread":"BftProcessorExecutor-QBFT-0","class":"QbftBesuControllerBuilder","message":"Imported #40 / 0 tx / 0 pending / 0 (0.0%) gas / (0xb60e438348f67960b93e08e66df097080e30ce857d43acf2cfe77d46f0af69aa)","throwable":""}
{"timestamp":"2025-10-22T12:06:21,028","container":"8a8e46c31ccc","level":"INFO","thread":"EthScheduler-Workers-0","class":"PersistBlockTask","message":"Imported #41 / 0 tx / 0 om / 0 (0.0%) gas / (0x4664a88c841c0330963bfc0d233d8b3dc98070122ad96d0d5c943b331d6435b3) in 0.003s. Peers: 5","throwable":""}
{"timestamp":"2025-10-22T12:06:29,032","container":"8a8e46c31ccc","level":"INFO","thread":"BftProcessorExecutor-QBFT-0","class":"QbftBesuControllerBuilder","message":"Produced #42 / 0 tx / 0 pending / 0 (0.0%) gas / (0x58f60b3d057874023454fbb382aaf0a4f47d87d804d6bf46ed433e1f09440b28)","throwable":""}
{"timestamp":"2025-10-22T12:06:37,022","container":"8a8e46c31ccc","level":"INFO","thread":"BftProcessorExecutor-QBFT-0","class":"QbftBesuControllerBuilder","message":"Imported #43 / 0 tx / 0 pending / 0 (0.0%) gas / (0xd385eed99fd4176bc60b494712a40ee6bb36530a8977347afa0456137a469473)","throwable":""}
{"timestamp":"2025-10-22T12:06:45,028","container":"8a8e46c31ccc","level":"INFO","thread":"EthScheduler-Workers-0","class":"PersistBlockTask","message":"Imported #44 / 0 tx / 0 om / 0 (0.0%) gas / (0x7b65184f40574fe66bd9ea37a15f7839ec4ad683e58091eba9f12682822e15a3) in 0.004s. Peers: 5","throwable":""}
{"timestamp":"2025-10-22T12:06:53,021","container":"8a8e46c31ccc","level":"INFO","thread":"BftProcessorExecutor-QBFT-0","class":"QbftBesuControllerBuilder","message":"Imported #45 / 0 tx / 0 pending / 0 (0.0%) gas / (0xb18a1e6ace1beadee03b99658e2f2623c278210048b434851f3157e64ce789b2)","throwable":""}
{"timestamp":"2025-10-22T12:07:01,042","container":"8a8e46c31ccc","level":"INFO","thread":"BftProcessorExecutor-QBFT-0","class":"QbftBesuControllerBuilder","message":"Produced #46 / 0 tx / 0 pending / 0 (0.0%) gas / (0xfd0a95cc3c7d301ee2b1ab316126aabd13b55d848311e7574690b1c8da4982d1)","throwable":""}
{"timestamp":"2025-10-22T12:07:09,023","container":"8a8e46c31ccc","level":"INFO","thread":"EthScheduler-Workers-0","class":"PersistBlockTask","message":"Imported #47 / 0 tx / 0 om / 0 (0.0%) gas / (0x05c83141067db593a988a39cfd4741cd05371dec9258a1cbf2eb838d522c97db) in 0.002s. Peers: 5","throwable":""}
{"timestamp":"2025-10-22T12:07:17,021","container":"8a8e46c31ccc","level":"INFO","thread":"BftProcessorExecutor-QBFT-0","class":"QbftBesuControllerBuilder","message":"Imported #48 / 0 tx / 0 pending / 0 (0.0%) gas / (0x65c663d99b316a758e974a68ab1679e0fce1d2f1be38a8f538328d544a4f3563)","throwable":""}
{"timestamp":"2025-10-22T12:07:25,024","container":"8a8e46c31ccc","level":"INFO","thread":"BftProcessorExecutor-QBFT-0","class":"QbftBesuControllerBuilder","message":"Imported #49 / 0 tx / 0 pending / 0 (0.0%) gas / (0xe5b2410cc9ac67637c004dcb7d429d7b02167318f01ac78f098117f7d6a60465)","throwable":""}
{"timestamp":"2025-10-22T12:07:33,026","container":"8a8e46c31ccc","level":"INFO","thread":"BftProcessorExecutor-QBFT-0","class":"QbftBesuControllerBuilder","message":"Produced #50 / 0 tx / 0 pending / 0 (0.0%) gas / (0x92d1727c407e9a7911c44120efda94b61e7b7691aec3972c530531355fb2d515)","throwable":""}
{"timestamp":"2025-10-22T12:07:41,023","container":"8a8e46c31ccc","level":"INFO","thread":"BftProcessorExecutor-QBFT-0","class":"QbftBesuControllerBuilder","message":"Imported #51 / 0 tx / 0 pending / 0 (0.0%) gas / (0xc914f9be425dab09fc07f49fe70aa925d7531169806d4a30a423fc3bb79fcfc5)","throwable":""}
{"timestamp":"2025-10-22T12:07:49,035","container":"8a8e46c31ccc","level":"INFO","thread":"EthScheduler-Workers-0","class":"PersistBlockTask","message":"Imported #52 / 0 tx / 0 om / 0 (0.0%) gas / (0x7ae6eb8de998203fa19fef931000cd7bdf3ca033034332408083ac89937f1426) in 0.006s. Peers: 5","throwable":""}
{"timestamp":"2025-10-22T12:07:57,025","container":"8a8e46c31ccc","level":"INFO","thread":"EthScheduler-Workers-0","class":"PersistBlockTask","message":"Imported #53 / 0 tx / 0 om / 0 (0.0%) gas / (0x681d10cbd1ab55b363ba7f7d5b32407ebc82e9604a4974ec4df91d2399e6dcb3) in 0.003s. Peers: 5","throwable":""}
{"timestamp":"2025-10-22T12:08:05,021","container":"8a8e46c31ccc","level":"INFO","thread":"BftProcessorExecutor-QBFT-0","class":"QbftBesuControllerBuilder","message":"Produced #54 / 0 tx / 0 pending / 0 (0.0%) gas / (0x5c389d50ae2b3fcc840930e51755cb3e113c6764d50388e2658a16c6c11bcaec)","throwable":""}
{"timestamp":"2025-10-22T12:08:13,036","container":"8a8e46c31ccc","level":"INFO","thread":"BftProcessorExecutor-QBFT-0","class":"QbftBesuControllerBuilder","message":"Imported #55 / 0 tx / 0 pending / 0 (0.0%) gas / (0x38fd6f9b1665538699eb696aa2d55326af50016321959564ba9d4cb90cf519a6)","throwable":""}
{"timestamp":"2025-10-22T12:08:13,038","container":"8a8e46c31ccc","level":"INFO","thread":"EthScheduler-Workers-0","class":"PersistBlockTask","message":"Block 55 (0x38fd6f9b1665538699eb696aa2d55326af50016321959564ba9d4cb90cf519a6) is already imported","throwable":""}
{"timestamp":"2025-10-22T12:08:21,019","container":"8a8e46c31ccc","level":"INFO","thread":"BftProcessorExecutor-QBFT-0","class":"QbftBesuControllerBuilder","message":"Imported #56 / 0 tx / 0 pending / 0 (0.0%) gas / (0xd3941fd75320d0b41ae299c84dfcdc4963fab04c250265ab4e559ab6478dc9f9)","throwable":""}
{"timestamp":"2025-10-22T12:08:29,038","container":"8a8e46c31ccc","level":"INFO","thread":"BftProcessorExecutor-QBFT-0","class":"QbftBesuControllerBuilder","message":"Imported #57 / 0 tx / 0 pending / 0 (0.0%) gas / (0xe3af19cde3be6c0a9735ecb61ebf0f528c04d1c6cee4c7c64b376c7bf734267c)","throwable":""}
{"timestamp":"2025-10-22T12:08:37,016","container":"8a8e46c31ccc","level":"INFO","thread":"BftProcessorExecutor-QBFT-0","class":"QbftBesuControllerBuilder","message":"Produced #58 / 0 tx / 0 pending / 0 (0.0%) gas / (0x87478fc1dc97b5931da6f7c23312c19a6bf0f207ece46d26d1ca2d3e83992f5f)","throwable":""}
{"timestamp":"2025-10-22T12:08:45,020","container":"8a8e46c31ccc","level":"INFO","thread":"BftProcessorExecutor-QBFT-0","class":"QbftBesuControllerBuilder","message":"Imported #59 / 0 tx / 0 pending / 0 (0.0%) gas / (0xeda3e381d5364d6b51179dd3531ac645707340296a83101c0e48195d4b01fd60)","throwable":""}
{"timestamp":"2025-10-22T12:08:53,018","container":"8a8e46c31ccc","level":"INFO","thread":"BftProcessorExecutor-QBFT-0","class":"QbftBesuControllerBuilder","message":"Imported #60 / 0 tx / 0 pending / 0 (0.0%) gas / (0x6ca65d6545d800e306702ebd0507d14645b1aefe613aa3aeb710f7dca17db44a)","throwable":""}
{"timestamp":"2025-10-22T12:09:01,025","container":"8a8e46c31ccc","level":"INFO","thread":"EthScheduler-Workers-0","class":"PersistBlockTask","message":"Block 61 (0x2e36e5c8a2358176fc69bf63afd9a5900f85637594100b6a000e192766b7e799) is already imported","throwable":""}
{"timestamp":"2025-10-22T12:09:01,024","container":"8a8e46c31ccc","level":"INFO","thread":"BftProcessorExecutor-QBFT-0","class":"QbftBesuControllerBuilder","message":"Imported #61 / 0 tx / 0 pending / 0 (0.0%) gas / (0x2e36e5c8a2358176fc69bf63afd9a5900f85637594100b6a000e192766b7e799)","throwable":""}
{"timestamp":"2025-10-22T12:09:09,018","container":"8a8e46c31ccc","level":"INFO","thread":"BftProcessorExecutor-QBFT-0","class":"QbftBesuControllerBuilder","message":"Produced #62 / 0 tx / 0 pending / 0 (0.0%) gas / (0x509b475ed695498d964d02b421dcd69ce1331b7a39ce4ff6262bb39e40dde964)","throwable":""}
{"timestamp":"2025-10-22T12:09:17,019","container":"8a8e46c31ccc","level":"INFO","thread":"EthScheduler-Workers-0","class":"PersistBlockTask","message":"Block 63 (0x39060db48cdb2ef9d6c3168ab795a55a3d2c496f0c4dce65345f1b5b72ee9e31) is already imported","throwable":""}
{"timestamp":"2025-10-22T12:09:17,020","container":"8a8e46c31ccc","level":"INFO","thread":"BftProcessorExecutor-QBFT-0","class":"QbftBesuControllerBuilder","message":"Imported #63 / 0 tx / 0 pending / 0 (0.0%) gas / (0x39060db48cdb2ef9d6c3168ab795a55a3d2c496f0c4dce65345f1b5b72ee9e31)","throwable":""}
{"timestamp":"2025-10-22T12:09:25,025","container":"8a8e46c31ccc","level":"INFO","thread":"BftProcessorExecutor-QBFT-0","class":"QbftBesuControllerBuilder","message":"Imported #64 / 0 tx / 0 pending / 0 (0.0%) gas / (0x4557c958c204133c9b578fd99dfead28ace08391093fa19b50e390ecab6bfd30)","throwable":""}
{"timestamp":"2025-10-22T12:09:33,023","container":"8a8e46c31ccc","level":"INFO","thread":"BftProcessorExecutor-QBFT-0","class":"QbftBesuControllerBuilder","message":"Imported #65 / 0 tx / 0 pending / 0 (0.0%) gas / (0x71ce82abcfd2355857b27981d4b9eaf8c7b303c9b92b161446d5c356474fe0e0)","throwable":""}
{"timestamp":"2025-10-22T12:09:33,024","container":"8a8e46c31ccc","level":"INFO","thread":"EthScheduler-Workers-0","class":"PersistBlockTask","message":"Block 65 (0x71ce82abcfd2355857b27981d4b9eaf8c7b303c9b92b161446d5c356474fe0e0) is already imported","throwable":""}
{"timestamp":"2025-10-22T12:09:41,024","container":"8a8e46c31ccc","level":"INFO","thread":"EthScheduler-Workers-0","class":"PersistBlockTask","message":"Block 66 (0xb079c5afe241073ab67317179601b69a21494b3d129c26ef74e27c23ce5a24cc) is already imported","throwable":""}
{"timestamp":"2025-10-22T12:09:41,024","container":"8a8e46c31ccc","level":"INFO","thread":"BftProcessorExecutor-QBFT-0","class":"QbftBesuControllerBuilder","message":"Produced #66 / 0 tx / 0 pending / 0 (0.0%) gas / (0xb079c5afe241073ab67317179601b69a21494b3d129c26ef74e27c23ce5a24cc)","throwable":""}
{"timestamp":"2025-10-22T12:09:49,023","container":"8a8e46c31ccc","level":"INFO","thread":"BftProcessorExecutor-QBFT-0","class":"QbftBesuControllerBuilder","message":"Imported #67 / 0 tx / 0 pending / 0 (0.0%) gas / (0x0c668ce7dcfe713edc86737d60c742da684e62fb79264eb2f52ffaccc292cc16)","throwable":""}
{"timestamp":"2025-10-22T12:09:49,026","container":"8a8e46c31ccc","level":"INFO","thread":"EthScheduler-Workers-0","class":"PersistBlockTask","message":"Block 67 (0x0c668ce7dcfe713edc86737d60c742da684e62fb79264eb2f52ffaccc292cc16) is already imported","throwable":""}
{"timestamp":"2025-10-22T12:09:57,016","container":"8a8e46c31ccc","level":"INFO","thread":"BftProcessorExecutor-QBFT-0","class":"QbftBesuControllerBuilder","message":"Imported #68 / 0 tx / 0 pending / 0 (0.0%) gas / (0x073749abc60d6c513594ed71061e52b6a1960a5c4d997d3fb2db9d554ac02469)","throwable":""}
{"timestamp":"2025-10-22T12:10:05,021","container":"8a8e46c31ccc","level":"INFO","thread":"EthScheduler-Workers-0","class":"PersistBlockTask","message":"Block 69 (0x548d36e38a3c8ab9c641d894d0b54da3f499c1185cce654bddba4d7efa9e4c9c) is already imported","throwable":""}
{"timestamp":"2025-10-22T12:10:05,021","container":"8a8e46c31ccc","level":"INFO","thread":"BftProcessorExecutor-QBFT-0","class":"QbftBesuControllerBuilder","message":"Imported #69 / 0 tx / 0 pending / 0 (0.0%) gas / (0x548d36e38a3c8ab9c641d894d0b54da3f499c1185cce654bddba4d7efa9e4c9c)","throwable":""}
{"timestamp":"2025-10-22T12:10:13,022","container":"8a8e46c31ccc","level":"INFO","thread":"EthScheduler-Workers-0","class":"PersistBlockTask","message":"Block 70 (0xc4e6bde7572778d05d13deb4b4725b0c9f37228ebec5efc1e7428ca340dfb1d0) is already imported","throwable":""}
{"timestamp":"2025-10-22T12:10:13,022","container":"8a8e46c31ccc","level":"INFO","thread":"BftProcessorExecutor-QBFT-0","class":"QbftBesuControllerBuilder","message":"Produced #70 / 0 tx / 0 pending / 0 (0.0%) gas / (0xc4e6bde7572778d05d13deb4b4725b0c9f37228ebec5efc1e7428ca340dfb1d0)","throwable":""}
{"timestamp":"2025-10-22T12:10:21,019","container":"8a8e46c31ccc","level":"INFO","thread":"BftProcessorExecutor-QBFT-0","class":"QbftBesuControllerBuilder","message":"Imported #71 / 0 tx / 0 pending / 0 (0.0%) gas / (0x9052f3ed433fd55ca41cb114ecfda511e0db589878031b0b960dd772b10cc6d3)","throwable":""}
{"timestamp":"2025-10-22T12:10:29,021","container":"8a8e46c31ccc","level":"INFO","thread":"EthScheduler-Workers-0","class":"PersistBlockTask","message":"Block 72 (0x81a0723bd8b4117263a8fc6cbe0d9d0eed0192cf1a46d15c0466f0e4c454cceb) is already imported","throwable":""}
{"timestamp":"2025-10-22T12:10:29,021","container":"8a8e46c31ccc","level":"INFO","thread":"BftProcessorExecutor-QBFT-0","class":"QbftBesuControllerBuilder","message":"Imported #72 / 0 tx / 0 pending / 0 (0.0%) gas / (0x81a0723bd8b4117263a8fc6cbe0d9d0eed0192cf1a46d15c0466f0e4c454cceb)","throwable":""}
{"timestamp":"2025-10-22T12:10:37,028","container":"8a8e46c31ccc","level":"INFO","thread":"EthScheduler-Workers-0","class":"PersistBlockTask","message":"Imported #73 / 0 tx / 0 om / 0 (0.0%) gas / (0x2ae912a4f4158b7a0297afd05596add96aaf9b0d89ba4f5a170da15d64a954a0) in 0.005s. Peers: 5","throwable":""}
{"timestamp":"2025-10-22T12:10:45,017","container":"8a8e46c31ccc","level":"INFO","thread":"EthScheduler-Workers-0","class":"PersistBlockTask","message":"Block 74 (0xd9643c1261bfd619da1aa68968a988722787bfb8c81c8200050859e1b242d174) is already imported","throwable":""}
{"timestamp":"2025-10-22T12:10:45,019","container":"8a8e46c31ccc","level":"INFO","thread":"BftProcessorExecutor-QBFT-0","class":"QbftBesuControllerBuilder","message":"Produced #74 / 0 tx / 0 pending / 0 (0.0%) gas / (0xd9643c1261bfd619da1aa68968a988722787bfb8c81c8200050859e1b242d174)","throwable":""}
{"timestamp":"2025-10-22T12:10:53,025","container":"8a8e46c31ccc","level":"INFO","thread":"EthScheduler-Workers-0","class":"PersistBlockTask","message":"Imported #75 / 0 tx / 0 om / 0 (0.0%) gas / (0xde7acf6c0ba7b40f21853fc388863177cecaa82a6a6123354c550898a18576b5) in 0.002s. Peers: 5","throwable":""}
{"timestamp":"2025-10-22T12:10:53,026","container":"8a8e46c31ccc","level":"INFO","thread":"BftProcessorExecutor-QBFT-0","class":"QbftBesuControllerBuilder","message":"Imported #75 / 0 tx / 0 pending / 0 (0.0%) gas / (0xde7acf6c0ba7b40f21853fc388863177cecaa82a6a6123354c550898a18576b5)","throwable":""}
{"timestamp":"2025-10-22T12:11:01,020","container":"8a8e46c31ccc","level":"INFO","thread":"BftProcessorExecutor-QBFT-0","class":"QbftBesuControllerBuilder","message":"Imported #76 / 0 tx / 0 pending / 0 (0.0%) gas / (0xc8091a246ed1c8a2bdc1a0a797d36f4fbaabe8723d3d7cf4ac6f72d66611cb6b)","throwable":""}
{"timestamp":"2025-10-22T12:11:09,019","container":"8a8e46c31ccc","level":"INFO","thread":"BftProcessorExecutor-QBFT-0","class":"QbftBesuControllerBuilder","message":"Imported #77 / 0 tx / 0 pending / 0 (0.0%) gas / (0x2b6d1b070bcbefe1ceff3574dbe49836ec5e5570c50b21439430cf89a7bc6838)","throwable":""}
{"timestamp":"2025-10-22T12:11:17,055","container":"8a8e46c31ccc","level":"INFO","thread":"BftProcessorExecutor-QBFT-0","class":"QbftBesuControllerBuilder","message":"Produced #78 / 0 tx / 0 pending / 0 (0.0%) gas / (0x821ab2ac6364c9aeb8b67026bd27555b56d15f91d34f8b69b0be9a787fe55752)","throwable":""}
{"timestamp":"2025-10-22T12:11:25,025","container":"8a8e46c31ccc","level":"INFO","thread":"BftProcessorExecutor-QBFT-0","class":"QbftBesuControllerBuilder","message":"Imported #79 / 0 tx / 0 pending / 0 (0.0%) gas / (0xf051646a3eeae2fbf9881d2b147873c180efb0e63637561f063363538c412a2c)","throwable":""}
{"timestamp":"2025-10-22T12:11:33,030","container":"8a8e46c31ccc","level":"INFO","thread":"BftProcessorExecutor-QBFT-0","class":"QbftBesuControllerBuilder","message":"Imported #80 / 0 tx / 0 pending / 0 (0.0%) gas / (0x1dc352da37bce446cdab820e5c621f16b8fd57656091cd93632d16b9e44ee73c)","throwable":""}
{"timestamp":"2025-10-22T12:11:41,020","container":"8a8e46c31ccc","level":"INFO","thread":"BftProcessorExecutor-QBFT-0","class":"QbftBesuControllerBuilder","message":"Imported #81 / 0 tx / 0 pending / 0 (0.0%) gas / (0x7bbc78b7faee4c9dd4c80340b938b46f2ab632d307a8a6343bd6ffa6e4630620)","throwable":""}
{"timestamp":"2025-10-22T12:11:49,022","container":"8a8e46c31ccc","level":"INFO","thread":"BftProcessorExecutor-QBFT-0","class":"QbftBesuControllerBuilder","message":"Produced #82 / 0 tx / 0 pending / 0 (0.0%) gas / (0xff5e742690ab719c9ab0aa35df4bd790b70a322859973a652ce52395f5b3cd33)","throwable":""}
{"timestamp":"2025-10-22T12:11:57,019","container":"8a8e46c31ccc","level":"INFO","thread":"BftProcessorExecutor-QBFT-0","class":"QbftBesuControllerBuilder","message":"Imported #83 / 0 tx / 0 pending / 0 (0.0%) gas / (0x57f1e03f74ca684214424068a5d9963d4dd9146c255f496947adfdece8da68ac)","throwable":""}
{"timestamp":"2025-10-22T12:12:05,018","container":"8a8e46c31ccc","level":"INFO","thread":"EthScheduler-Workers-0","class":"PersistBlockTask","message":"Imported #84 / 0 tx / 0 om / 0 (0.0%) gas / (0xb0a9d84cb99df3fdb87e71abe93150edefaae50e089749d6d8d57b3beae80cbe) in 0.002s. Peers: 5","throwable":""}
{"timestamp":"2025-10-22T12:12:13,018","container":"8a8e46c31ccc","level":"INFO","thread":"BftProcessorExecutor-QBFT-0","class":"QbftBesuControllerBuilder","message":"Imported #85 / 0 tx / 0 pending / 0 (0.0%) gas / (0xdab41afa0be20b53f35936ffc44df7e6c8a20f99d12aab259ea7b534931969ed)","throwable":""}
{"timestamp":"2025-10-22T12:12:21,031","container":"8a8e46c31ccc","level":"INFO","thread":"BftProcessorExecutor-QBFT-0","class":"QbftBesuControllerBuilder","message":"Produced #86 / 0 tx / 0 pending / 0 (0.0%) gas / (0x59d6dc1a97ff46dab1334287bb08cdf5e1bf1990ba27190ade3e3fa11dd9a515)","throwable":""}
{"timestamp":"2025-10-22T12:12:29,020","container":"8a8e46c31ccc","level":"INFO","thread":"BftProcessorExecutor-QBFT-0","class":"QbftBesuControllerBuilder","message":"Imported #87 / 0 tx / 0 pending / 0 (0.0%) gas / (0x4cdbd2bba241a635213b250fdff113d06960346be7128e8da83f6d8ed838da50)","throwable":""}
{"timestamp":"2025-10-22T12:12:29,025","container":"8a8e46c31ccc","level":"INFO","thread":"EthScheduler-Workers-0","class":"PersistBlockTask","message":"Block 87 (0x4cdbd2bba241a635213b250fdff113d06960346be7128e8da83f6d8ed838da50) is already imported","throwable":""}
{"timestamp":"2025-10-22T12:12:37,022","container":"8a8e46c31ccc","level":"INFO","thread":"BftProcessorExecutor-QBFT-0","class":"QbftBesuControllerBuilder","message":"Imported #88 / 0 tx / 0 pending / 0 (0.0%) gas / (0x8683c42acc663298adf45a1e20f2b2d6b172883a748c0659b7a7b74765966bec)","throwable":""}
{"timestamp":"2025-10-22T12:12:45,025","container":"8a8e46c31ccc","level":"INFO","thread":"EthScheduler-Workers-0","class":"PersistBlockTask","message":"Block 89 (0xb332a97d3919cdbd8baebd3aa503fbb4a784e36b5be2150fa4212d71373a3eda) is already imported","throwable":""}
{"timestamp":"2025-10-22T12:12:45,025","container":"8a8e46c31ccc","level":"INFO","thread":"BftProcessorExecutor-QBFT-0","class":"QbftBesuControllerBuilder","message":"Imported #89 / 0 tx / 0 pending / 0 (0.0%) gas / (0xb332a97d3919cdbd8baebd3aa503fbb4a784e36b5be2150fa4212d71373a3eda)","throwable":""}
{"timestamp":"2025-10-22T12:12:53,017","container":"8a8e46c31ccc","level":"INFO","thread":"BftProcessorExecutor-QBFT-0","class":"QbftBesuControllerBuilder","message":"Produced #90 / 0 tx / 0 pending / 0 (0.0%) gas / (0x74d35b71f6f002b01621f84794a1a8703bfab141b78a6caf21f284f06eb5fd47)","throwable":""}
{"timestamp":"2025-10-22T12:13:01,021","container":"8a8e46c31ccc","level":"INFO","thread":"BftProcessorExecutor-QBFT-0","class":"QbftBesuControllerBuilder","message":"Imported #91 / 0 tx / 0 pending / 0 (0.0%) gas / (0xb8046d97f6b129a26fc0038ed99056819ca60c0d85e965ea4f7387455b4373ff)","throwable":""}
{"timestamp":"2025-10-22T12:13:08,447","container":"8a8e46c31ccc","level":"INFO","thread":"BftProcessorExecutor-QBFT-0","class":"TimestampMoreRecentThanParent","message":"Invalid block header: timestamp 1761135188 is only 7 seconds newer than parent timestamp 1761135181. Minimum 8 seconds","throwable":""}
{"timestamp":"2025-10-22T12:13:08,448","container":"8a8e46c31ccc","level":"INFO","thread":"BftProcessorExecutor-QBFT-0","class":"MainnetBlockValidator","message":"Invalid block 92 (0xb942f4d8e4a0c76c11557192f0e699c779f8838923cc5782e807448728258c24): Optional[header validation rule violated, see logs]","throwable":""}
{"timestamp":"2025-10-22T12:13:08,448","container":"8a8e46c31ccc","level":"INFO","thread":"BftProcessorExecutor-QBFT-0","class":"ProposalPayloadValidator","message":"Invalid Proposal Payload: block did not pass validation. Reason Optional[header validation rule violated, see logs]","throwable":""}
{"timestamp":"2025-10-22T12:13:08,448","container":"8a8e46c31ccc","level":"INFO","thread":"BftProcessorExecutor-QBFT-0","class":"ProposalValidator","message":"Invalid Proposal Payload: invalid proposal payload in proposal message","throwable":""}
{"timestamp":"2025-10-22T12:13:18,465","container":"8a8e46c31ccc","level":"INFO","thread":"BftProcessorExecutor-QBFT-0","class":"QbftRound","message":"Importing proposed block to chain. round=ConsensusRoundIdentifier{Sequence=92, Round=1}, hash=0xbd36132339b2fb647d733e2d17b3376595ed586f2935eea0f2cbb0fa63c41f62","throwable":""}
{"timestamp":"2025-10-22T12:13:18,468","container":"8a8e46c31ccc","level":"INFO","thread":"BftProcessorExecutor-QBFT-0","class":"QbftBesuControllerBuilder","message":"Imported #92 / 0 tx / 0 pending / 0 (0.0%) gas / (0xbd36132339b2fb647d733e2d17b3376595ed586f2935eea0f2cbb0fa63c41f62)","throwable":""}
{"timestamp":"2025-10-22T12:13:26,020","container":"8a8e46c31ccc","level":"INFO","thread":"BftProcessorExecutor-QBFT-0","class":"QbftBesuControllerBuilder","message":"Produced #93 / 0 tx / 0 pending / 0 (0.0%) gas / (0xf72d4907b495b00ce5af87b4f73049af4bbdfafb3b1ef53a2b5e6b56546627de)","throwable":""}
{"timestamp":"2025-10-22T12:13:34,021","container":"8a8e46c31ccc","level":"INFO","thread":"BftProcessorExecutor-QBFT-0","class":"QbftBesuControllerBuilder","message":"Imported #94 / 0 tx / 0 pending / 0 (0.0%) gas / (0x1b13511e97663c2c5c137e92597bc5670f237ed3f478109b8da410ce7c2ba98e)","throwable":""}
{"timestamp":"2025-10-22T12:13:42,025","container":"8a8e46c31ccc","level":"INFO","thread":"BftProcessorExecutor-QBFT-0","class":"QbftBesuControllerBuilder","message":"Imported #95 / 0 tx / 0 pending / 0 (0.0%) gas / (0xaf670538919511b21e0bb3ec6c0d7de32db47defbe1ff388cb107f9494cec519)","throwable":""}
{"timestamp":"2025-10-22T12:13:50,034","container":"8a8e46c31ccc","level":"INFO","thread":"BftProcessorExecutor-QBFT-0","class":"QbftBesuControllerBuilder","message":"Imported #96 / 0 tx / 0 pending / 0 (0.0%) gas / (0x291da60a408d4c73a0a36ecb07be3d42a069538cdf004986ef4eb297fb94d778)","throwable":""}
{"timestamp":"2025-10-22T12:13:58,019","container":"8a8e46c31ccc","level":"INFO","thread":"BftProcessorExecutor-QBFT-0","class":"QbftBesuControllerBuilder","message":"Produced #97 / 0 tx / 0 pending / 0 (0.0%) gas / (0x76bc18b4a7116e5e1f3f6bb3603e4bffec3e12b2cdae75e0281e21a2f553b134)","throwable":""}
{"timestamp":"2025-10-22T12:14:06,022","container":"8a8e46c31ccc","level":"INFO","thread":"BftProcessorExecutor-QBFT-0","class":"QbftBesuControllerBuilder","message":"Imported #98 / 0 tx / 0 pending / 0 (0.0%) gas / (0x9f8ff22fff7aaa9d75731ce729cda3aa93808068b36b152d1ff63739ecdeec88)","throwable":""}
{"timestamp":"2025-10-22T12:14:06,023","container":"8a8e46c31ccc","level":"INFO","thread":"EthScheduler-Workers-0","class":"PersistBlockTask","message":"Block 98 (0x9f8ff22fff7aaa9d75731ce729cda3aa93808068b36b152d1ff63739ecdeec88) is already imported","throwable":""}
{"timestamp":"2025-10-22T12:14:14,021","container":"8a8e46c31ccc","level":"INFO","thread":"EthScheduler-Workers-0","class":"PersistBlockTask","message":"Block 99 (0xcf203d74630fc7e841a1c9329835c1c6742874f18b1bb88bfe052c47a9528927) is already imported","throwable":""}
{"timestamp":"2025-10-22T12:14:14,022","container":"8a8e46c31ccc","level":"INFO","thread":"BftProcessorExecutor-QBFT-0","class":"QbftBesuControllerBuilder","message":"Imported #99 / 0 tx / 0 pending / 0 (0.0%) gas / (0xcf203d74630fc7e841a1c9329835c1c6742874f18b1bb88bfe052c47a9528927)","throwable":""}
{"timestamp":"2025-10-22T12:14:22,016","container":"8a8e46c31ccc","level":"INFO","thread":"BftProcessorExecutor-QBFT-0","class":"QbftBesuControllerBuilder","message":"Imported #100 / 0 tx / 0 pending / 0 (0.0%) gas / (0x2f17c134634080decf431f7b5ce20b12e64e05fd7e51ae2efc157476137e6035)","throwable":""}
{"timestamp":"2025-10-22T12:14:30,024","container":"8a8e46c31ccc","level":"INFO","thread":"BftProcessorExecutor-QBFT-0","class":"QbftBesuControllerBuilder","message":"Produced #101 / 0 tx / 0 pending / 0 (0.0%) gas / (0xbdfe54f2fd4071801ed1351d8e81f1bf74917cdeee4a90adfe33985280deb749)","throwable":""}
{"timestamp":"2025-10-22T12:14:38,026","container":"8a8e46c31ccc","level":"INFO","thread":"BftProcessorExecutor-QBFT-0","class":"QbftBesuControllerBuilder","message":"Imported #102 / 0 tx / 0 pending / 0 (0.0%) gas / (0xb533e3297fa4697a43c63d0a0eccb28bd1674f8bafe462dd2b245b620eea6380)","throwable":""}
{"timestamp":"2025-10-22T12:14:46,962","container":"8a8e46c31ccc","level":"INFO","thread":"BftProcessorExecutor-QBFT-0","class":"QbftBesuControllerBuilder","message":"Imported #103 / 0 tx / 0 pending / 0 (0.0%) gas / (0x6f77aa13319f41dd9db8d7bf53dbb290cacbf579ac9d32fc5e5c664b305c348f)","throwable":""}
{"timestamp":"2025-10-22T12:14:55,013","container":"8a8e46c31ccc","level":"INFO","thread":"BftProcessorExecutor-QBFT-0","class":"QbftBesuControllerBuilder","message":"Imported #104 / 0 tx / 0 pending / 0 (0.0%) gas / (0xbc71d2994f3cb3037a9eed9d4bd528f921ef99665b042cdfc9a72ed16821d14b)","throwable":""}
{"timestamp":"2025-10-22T12:15:03,016","container":"8a8e46c31ccc","level":"INFO","thread":"BftProcessorExecutor-QBFT-0","class":"QbftBesuControllerBuilder","message":"Produced #105 / 0 tx / 0 pending / 0 (0.0%) gas / (0xc7a08bbb7ff1b963084b2d92a3da72f29401d65630d890d9467f57665fa6abd9)","throwable":""}
{"timestamp":"2025-10-22T12:15:11,029","container":"8a8e46c31ccc","level":"INFO","thread":"BftProcessorExecutor-QBFT-0","class":"QbftBesuControllerBuilder","message":"Imported #106 / 0 tx / 0 pending / 0 (0.0%) gas / (0x9c6e6f6589d94be66690bebf948be376b1b5c6454c7728c9e5c06bc406bc4895)","throwable":""}
{"timestamp":"2025-10-22T12:15:18,171","container":"8a8e46c31ccc","level":"INFO","thread":"BftProcessorExecutor-QBFT-0","class":"TimestampMoreRecentThanParent","message":"Invalid block header: timestamp 1761135318 is only 7 seconds newer than parent timestamp 1761135311. Minimum 8 seconds","throwable":""}
{"timestamp":"2025-10-22T12:15:18,171","container":"8a8e46c31ccc","level":"INFO","thread":"BftProcessorExecutor-QBFT-0","class":"MainnetBlockValidator","message":"Invalid block 107 (0x232f306cefe1dce70ec694029bc9644e4ada7cff8fdd1f2c5d36c8717eab4d85): Optional[header validation rule violated, see logs]","throwable":""}
{"timestamp":"2025-10-22T12:15:18,172","container":"8a8e46c31ccc","level":"INFO","thread":"BftProcessorExecutor-QBFT-0","class":"ProposalPayloadValidator","message":"Invalid Proposal Payload: block did not pass validation. Reason Optional[header validation rule violated, see logs]","throwable":""}
{"timestamp":"2025-10-22T12:15:18,172","container":"8a8e46c31ccc","level":"INFO","thread":"BftProcessorExecutor-QBFT-0","class":"ProposalValidator","message":"Invalid Proposal Payload: invalid proposal payload in proposal message","throwable":""}
{"timestamp":"2025-10-22T12:15:28,209","container":"8a8e46c31ccc","level":"INFO","thread":"BftProcessorExecutor-QBFT-0","class":"QbftRound","message":"Importing proposed block to chain. round=ConsensusRoundIdentifier{Sequence=107, Round=1}, hash=0x783fb558da144a1393db165ae04fbc91b46327cc5cd1d6696c4c71eef071196a","throwable":""}
{"timestamp":"2025-10-22T12:15:28,214","container":"8a8e46c31ccc","level":"INFO","thread":"BftProcessorExecutor-QBFT-0","class":"QbftBesuControllerBuilder","message":"Imported #107 / 0 tx / 0 pending / 0 (0.0%) gas / (0x783fb558da144a1393db165ae04fbc91b46327cc5cd1d6696c4c71eef071196a)","throwable":""}
{"timestamp":"2025-10-22T12:15:36,014","container":"8a8e46c31ccc","level":"INFO","thread":"BftProcessorExecutor-QBFT-0","class":"QbftBesuControllerBuilder","message":"Produced #108 / 0 tx / 0 pending / 0 (0.0%) gas / (0x2c9119faa0a61e4a10e87ea735d7aa0448213a23860591dbe4768369edda92a8)","throwable":""}
{"timestamp":"2025-10-22T12:15:44,016","container":"8a8e46c31ccc","level":"INFO","thread":"BftProcessorExecutor-QBFT-0","class":"QbftBesuControllerBuilder","message":"Imported #109 / 0 tx / 0 pending / 0 (0.0%) gas / (0x3a7c80f0ebef578ee32640f733019523a8e51342a0a3853826a7d2472916124c)","throwable":""}
{"timestamp":"2025-10-22T12:15:44,016","container":"8a8e46c31ccc","level":"INFO","thread":"EthScheduler-Workers-0","class":"PersistBlockTask","message":"Block 109 (0x3a7c80f0ebef578ee32640f733019523a8e51342a0a3853826a7d2472916124c) is already imported","throwable":""}
{"timestamp":"2025-10-22T12:15:52,014","container":"8a8e46c31ccc","level":"INFO","thread":"BftProcessorExecutor-QBFT-0","class":"QbftBesuControllerBuilder","message":"Imported #110 / 0 tx / 0 pending / 0 (0.0%) gas / (0x8571cf40544e3fa05f8eaf5da1429a99fb91f05b4a077e8c58dbebbcff4a9ea0)","throwable":""}
{"timestamp":"2025-10-22T12:16:00,027","container":"8a8e46c31ccc","level":"INFO","thread":"BftProcessorExecutor-QBFT-0","class":"QbftBesuControllerBuilder","message":"Imported #111 / 0 tx / 0 pending / 0 (0.0%) gas / (0xf1d4d80582ee966fab57814ee9a5c358a0775db380bdf3ba8bcb9f76f88e6fc2)","throwable":""}
{"timestamp":"2025-10-22T12:16:08,025","container":"8a8e46c31ccc","level":"INFO","thread":"BftProcessorExecutor-QBFT-0","class":"QbftBesuControllerBuilder","message":"Produced #112 / 0 tx / 0 pending / 0 (0.0%) gas / (0x7cd4e862d2800cb3be4a74208414839db7a915afd3656ca3d70b6ea91157e8c5)","throwable":""}
{"timestamp":"2025-10-22T12:16:16,045","container":"8a8e46c31ccc","level":"INFO","thread":"BftProcessorExecutor-QBFT-0","class":"QbftBesuControllerBuilder","message":"Imported #113 / 0 tx / 0 pending / 0 (0.0%) gas / (0x9c778a668877c8d5c6225f08ecf4b95af945a2d1c8db9a96eed10d14ce617fcb)","throwable":""}
{"timestamp":"2025-10-22T12:16:23,549","container":"8a8e46c31ccc","level":"INFO","thread":"BftProcessorExecutor-QBFT-0","class":"QbftBesuControllerBuilder","message":"Imported #114 / 0 tx / 0 pending / 0 (0.0%) gas / (0x4ec004acf38fd3e426d52123995860d8b2f730e9c90d867ec9ef3fef9a31e5cb)","throwable":""}
{"timestamp":"2025-10-22T12:16:32,026","container":"8a8e46c31ccc","level":"INFO","thread":"BftProcessorExecutor-QBFT-0","class":"QbftBesuControllerBuilder","message":"Imported #115 / 0 tx / 0 pending / 0 (0.0%) gas / (0x7576aa5c0d2506efb40a7c8c8b6bdffcd5f61d266aafa770e7028aa3715919f5)","throwable":""}
{"timestamp":"2025-10-22T12:16:40,024","container":"8a8e46c31ccc","level":"INFO","thread":"BftProcessorExecutor-QBFT-0","class":"QbftBesuControllerBuilder","message":"Produced #116 / 0 tx / 0 pending / 0 (0.0%) gas / (0x4b22076cca1eb356cca38d2c8fa1d78faff4339ae25a704484538bb41201d76c)","throwable":""}
{"timestamp":"2025-10-22T12:16:48,020","container":"8a8e46c31ccc","level":"INFO","thread":"BftProcessorExecutor-QBFT-0","class":"QbftBesuControllerBuilder","message":"Imported #117 / 0 tx / 0 pending / 0 (0.0%) gas / (0xc40c272b5714eda8cfd7ee3f816a77509ea294339a8421761bd980f1c15a11d6)","throwable":""}
{"timestamp":"2025-10-22T12:16:55,420","container":"8a8e46c31ccc","level":"INFO","thread":"BftProcessorExecutor-QBFT-0","class":"TimestampMoreRecentThanParent","message":"Invalid block header: timestamp 1761135415 is only 7 seconds newer than parent timestamp 1761135408. Minimum 8 seconds","throwable":""}
{"timestamp":"2025-10-22T12:16:55,421","container":"8a8e46c31ccc","level":"INFO","thread":"BftProcessorExecutor-QBFT-0","class":"MainnetBlockValidator","message":"Invalid block 118 (0x37969324784f3b6784b78c6c4eccb74ba97fe2ae30338e42ec52d2da32c73d3c): Optional[header validation rule violated, see logs]","throwable":""}
{"timestamp":"2025-10-22T12:16:55,421","container":"8a8e46c31ccc","level":"INFO","thread":"BftProcessorExecutor-QBFT-0","class":"ProposalPayloadValidator","message":"Invalid Proposal Payload: block did not pass validation. Reason Optional[header validation rule violated, see logs]","throwable":""}
{"timestamp":"2025-10-22T12:16:55,421","container":"8a8e46c31ccc","level":"INFO","thread":"BftProcessorExecutor-QBFT-0","class":"ProposalValidator","message":"Invalid Proposal Payload: invalid proposal payload in proposal message","throwable":""}
{"timestamp":"2025-10-22T12:17:05,440","container":"8a8e46c31ccc","level":"INFO","thread":"BftProcessorExecutor-QBFT-0","class":"QbftRound","message":"Importing proposed block to chain. round=ConsensusRoundIdentifier{Sequence=118, Round=1}, hash=0xca28ccc9dbb6ac14a4e7b8d1972ae5c99832c1b2617af8e11c41df2067999313","throwable":""}
{"timestamp":"2025-10-22T12:17:05,448","container":"8a8e46c31ccc","level":"INFO","thread":"BftProcessorExecutor-QBFT-0","class":"QbftBesuControllerBuilder","message":"Imported #118 / 0 tx / 0 pending / 0 (0.0%) gas / (0xca28ccc9dbb6ac14a4e7b8d1972ae5c99832c1b2617af8e11c41df2067999313)","throwable":""}
{"timestamp":"2025-10-22T12:17:13,037","container":"8a8e46c31ccc","level":"INFO","thread":"BftProcessorExecutor-QBFT-0","class":"QbftBesuControllerBuilder","message":"Produced #119 / 0 tx / 0 pending / 0 (0.0%) gas / (0xb1c60898b767fb4b1969cbff6aa490b6f81dad1a8d6e71a27d48edcda0268996)","throwable":""}
{"timestamp":"2025-10-22T12:17:21,024","container":"8a8e46c31ccc","level":"INFO","thread":"BftProcessorExecutor-QBFT-0","class":"QbftBesuControllerBuilder","message":"Imported #120 / 0 tx / 0 pending / 0 (0.0%) gas / (0x060811b859f6eb2edcd6ac7d254adb0cee053f38fe4ceb4282c29cf1fac03be3)","throwable":""}
{"timestamp":"2025-10-22T12:17:29,030","container":"8a8e46c31ccc","level":"INFO","thread":"BftProcessorExecutor-QBFT-0","class":"QbftBesuControllerBuilder","message":"Imported #121 / 0 tx / 0 pending / 0 (0.0%) gas / (0xc2355c12c7b9222d399a05f9f8c210f33daa2e1dcfec4385dff035625d64da47)","throwable":""}
{"timestamp":"2025-10-22T12:17:37,031","container":"8a8e46c31ccc","level":"INFO","thread":"BftProcessorExecutor-QBFT-0","class":"QbftBesuControllerBuilder","message":"Imported #122 / 0 tx / 0 pending / 0 (0.0%) gas / (0x610a9a940b732edc5d5261b83ab404a253ebe5cfd21d4fa4730f4394b3074827)","throwable":""}
{"timestamp":"2025-10-22T12:17:37,031","container":"8a8e46c31ccc","level":"INFO","thread":"EthScheduler-Workers-0","class":"PersistBlockTask","message":"Block 122 (0x610a9a940b732edc5d5261b83ab404a253ebe5cfd21d4fa4730f4394b3074827) is already imported","throwable":""}
{"timestamp":"2025-10-22T12:17:45,026","container":"8a8e46c31ccc","level":"INFO","thread":"BftProcessorExecutor-QBFT-0","class":"QbftBesuControllerBuilder","message":"Produced #123 / 0 tx / 0 pending / 0 (0.0%) gas / (0xdecb5daa17cf5b3379c0c816b041331b5efa76197d0740ea7a0fddf17ca546ae)","throwable":""}
{"timestamp":"2025-10-22T12:17:45,028","container":"8a8e46c31ccc","level":"INFO","thread":"EthScheduler-Workers-0","class":"PersistBlockTask","message":"Block 123 (0xdecb5daa17cf5b3379c0c816b041331b5efa76197d0740ea7a0fddf17ca546ae) is already imported","throwable":""}
{"timestamp":"2025-10-22T12:17:53,019","container":"8a8e46c31ccc","level":"INFO","thread":"BftProcessorExecutor-QBFT-0","class":"QbftBesuControllerBuilder","message":"Imported #124 / 0 tx / 0 pending / 0 (0.0%) gas / (0x115c913d50188268ec22f3a40a8e723752b9b896c1173c23a146be00c014c6d6)","throwable":""}
{"timestamp":"2025-10-22T12:18:01,018","container":"8a8e46c31ccc","level":"INFO","thread":"BftProcessorExecutor-QBFT-0","class":"QbftBesuControllerBuilder","message":"Imported #125 / 0 tx / 0 pending / 0 (0.0%) gas / (0x6cec0dcef329299ff68802b0f3d9ee51047fdcf4f5210457fcb50f392a0fd146)","throwable":""}
{"timestamp":"2025-10-22T12:18:09,045","container":"8a8e46c31ccc","level":"INFO","thread":"BftProcessorExecutor-QBFT-0","class":"QbftBesuControllerBuilder","message":"Imported #126 / 1 tx / 0 pending / 5,000,000 (0.0%) gas / (0x226f8dd6af200f3e9a21a020774875fd490c121c2752bb8a04bd1b2fa1d2e488)","throwable":""}
{"timestamp":"2025-10-22T12:18:17,022","container":"8a8e46c31ccc","level":"INFO","thread":"BftProcessorExecutor-QBFT-0","class":"QbftBesuControllerBuilder","message":"Produced #127 / 0 tx / 0 pending / 0 (0.0%) gas / (0x7cba7765d51f1c64159b79e23684041f66b077412ad287172b9c1a45a11cfd1b)","throwable":""}
{"timestamp":"2025-10-22T12:18:25,021","container":"8a8e46c31ccc","level":"INFO","thread":"EthScheduler-Workers-0","class":"PersistBlockTask","message":"Block 128 (0x41f8c819e2be37f4b8f2e832d3ad2d98929d4b85081976ec1d2f07e43cabffe8) is already imported","throwable":""}
{"timestamp":"2025-10-22T12:18:25,025","container":"8a8e46c31ccc","level":"INFO","thread":"BftProcessorExecutor-QBFT-0","class":"QbftBesuControllerBuilder","message":"Imported #128 / 0 tx / 0 pending / 0 (0.0%) gas / (0x41f8c819e2be37f4b8f2e832d3ad2d98929d4b85081976ec1d2f07e43cabffe8)","throwable":""}
{"timestamp":"2025-10-22T12:18:33,014","container":"8a8e46c31ccc","level":"INFO","thread":"BftProcessorExecutor-QBFT-0","class":"QbftBesuControllerBuilder","message":"Imported #129 / 0 tx / 0 pending / 0 (0.0%) gas / (0xd7c5ce6811d64ea9302b556c894a0481f9a8c9a5f72bb2ca6e82f499d31c8321)","throwable":""}
{"timestamp":"2025-10-22T12:18:41,018","container":"8a8e46c31ccc","level":"INFO","thread":"BftProcessorExecutor-QBFT-0","class":"QbftBesuControllerBuilder","message":"Imported #130 / 0 tx / 0 pending / 0 (0.0%) gas / (0x8b2676185d6ea0c385ca1e60f0c4bde958769ea0d5f22fed650ea22398145fcc)","throwable":""}
{"timestamp":"2025-10-22T12:18:48,434","container":"8a8e46c31ccc","level":"INFO","thread":"BftProcessorExecutor-QBFT-0","class":"TimestampMoreRecentThanParent","message":"Invalid block header: timestamp 1761135528 is only 7 seconds newer than parent timestamp 1761135521. Minimum 8 seconds","throwable":""}
{"timestamp":"2025-10-22T12:18:48,435","container":"8a8e46c31ccc","level":"INFO","thread":"BftProcessorExecutor-QBFT-0","class":"MainnetBlockValidator","message":"Invalid block 131 (0x1eab9479beec817e9abe5bb9724af691f9ea32c512ebb6cf20ab21ca6d64a139): Optional[header validation rule violated, see logs]","throwable":""}
{"timestamp":"2025-10-22T12:18:48,435","container":"8a8e46c31ccc","level":"INFO","thread":"BftProcessorExecutor-QBFT-0","class":"ProposalPayloadValidator","message":"Invalid Proposal Payload: block did not pass validation. Reason Optional[header validation rule violated, see logs]","throwable":""}
{"timestamp":"2025-10-22T12:18:48,435","container":"8a8e46c31ccc","level":"INFO","thread":"BftProcessorExecutor-QBFT-0","class":"ProposalValidator","message":"Invalid Proposal Payload: invalid proposal payload in proposal message","throwable":""}
{"timestamp":"2025-10-22T12:18:58,476","container":"8a8e46c31ccc","level":"INFO","thread":"BftProcessorExecutor-QBFT-0","class":"QbftRound","message":"Importing proposed block to chain. round=ConsensusRoundIdentifier{Sequence=131, Round=1}, hash=0x84305710ae0a376f97eb9a198c125cb4c239ea586f260631876f2aa92a1dc80c","throwable":""}
{"timestamp":"2025-10-22T12:18:58,482","container":"8a8e46c31ccc","level":"INFO","thread":"BftProcessorExecutor-QBFT-0","class":"QbftBesuControllerBuilder","message":"Imported #131 / 0 tx / 0 pending / 0 (0.0%) gas / (0x84305710ae0a376f97eb9a198c125cb4c239ea586f260631876f2aa92a1dc80c)","throwable":""}
{"timestamp":"2025-10-22T12:19:06,019","container":"8a8e46c31ccc","level":"INFO","thread":"BftProcessorExecutor-QBFT-0","class":"QbftBesuControllerBuilder","message":"Imported #132 / 0 tx / 0 pending / 0 (0.0%) gas / (0x5ef50390dd887ee06ff397c2c852a126ab7d8433a855966ea3d7c18447ab895c)","throwable":""}
{"timestamp":"2025-10-22T12:19:14,040","container":"8a8e46c31ccc","level":"INFO","thread":"BftProcessorExecutor-QBFT-0","class":"QbftBesuControllerBuilder","message":"Imported #133 / 0 tx / 0 pending / 0 (0.0%) gas / (0x75fc6abb002b5059fb992a8cb98c3232a88b71c5b07cbe2591003438e347ecf6)","throwable":""}
{"timestamp":"2025-10-22T12:19:21,368","container":"8a8e46c31ccc","level":"INFO","thread":"BftProcessorExecutor-QBFT-0","class":"TimestampMoreRecentThanParent","message":"Invalid block header: timestamp 1761135561 is only 7 seconds newer than parent timestamp 1761135554. Minimum 8 seconds","throwable":""}
{"timestamp":"2025-10-22T12:19:21,369","container":"8a8e46c31ccc","level":"INFO","thread":"BftProcessorExecutor-QBFT-0","class":"MainnetBlockValidator","message":"Invalid block 134 (0x9101527793e3c059e4c7b87a9ec57c8d3812d50dce57d6d6e56fb0079a259c7b): Optional[header validation rule violated, see logs]","throwable":""}
{"timestamp":"2025-10-22T12:19:21,369","container":"8a8e46c31ccc","level":"INFO","thread":"BftProcessorExecutor-QBFT-0","class":"ProposalPayloadValidator","message":"Invalid Proposal Payload: block did not pass validation. Reason Optional[header validation rule violated, see logs]","throwable":""}
{"timestamp":"2025-10-22T12:19:21,369","container":"8a8e46c31ccc","level":"INFO","thread":"BftProcessorExecutor-QBFT-0","class":"ProposalValidator","message":"Invalid Proposal Payload: invalid proposal payload in proposal message","throwable":""}
{"timestamp":"2025-10-22T12:19:31,403","container":"8a8e46c31ccc","level":"INFO","thread":"BftProcessorExecutor-QBFT-0","class":"QbftRound","message":"Importing proposed block to chain. round=ConsensusRoundIdentifier{Sequence=134, Round=1}, hash=0x8ed647243090bcc69f88b8ceae200052607852c859aade5e31d6af5e39c413ac","throwable":""}
{"timestamp":"2025-10-22T12:19:31,409","container":"8a8e46c31ccc","level":"INFO","thread":"BftProcessorExecutor-QBFT-0","class":"QbftBesuControllerBuilder","message":"Imported #134 / 0 tx / 0 pending / 0 (0.0%) gas / (0x8ed647243090bcc69f88b8ceae200052607852c859aade5e31d6af5e39c413ac)","throwable":""}
{"timestamp":"2025-10-22T12:19:39,017","container":"8a8e46c31ccc","level":"INFO","thread":"EthScheduler-Workers-0","class":"PersistBlockTask","message":"Block 135 (0x649743662413e94f0f7617325dd61361cea0b3f29e4b611ec991e53f4dea0e35) is already imported","throwable":""}
{"timestamp":"2025-10-22T12:19:39,017","container":"8a8e46c31ccc","level":"INFO","thread":"BftProcessorExecutor-QBFT-0","class":"QbftBesuControllerBuilder","message":"Imported #135 / 0 tx / 0 pending / 0 (0.0%) gas / (0x649743662413e94f0f7617325dd61361cea0b3f29e4b611ec991e53f4dea0e35)","throwable":""}
{"timestamp":"2025-10-22T12:19:47,022","container":"8a8e46c31ccc","level":"INFO","thread":"EthScheduler-Workers-0","class":"PersistBlockTask","message":"Block 136 (0xba6e086437f825a1fedbd45b662b92ec0aa2086ca6dd9479095417d085ad8175) is already imported","throwable":""}
{"timestamp":"2025-10-22T12:19:47,022","container":"8a8e46c31ccc","level":"INFO","thread":"BftProcessorExecutor-QBFT-0","class":"QbftBesuControllerBuilder","message":"Imported #136 / 0 tx / 0 pending / 0 (0.0%) gas / (0xba6e086437f825a1fedbd45b662b92ec0aa2086ca6dd9479095417d085ad8175)","throwable":""}
{"timestamp":"2025-10-22T12:19:54,445","container":"8a8e46c31ccc","level":"INFO","thread":"BftProcessorExecutor-QBFT-0","class":"TimestampMoreRecentThanParent","message":"Invalid block header: timestamp 1761135594 is only 7 seconds newer than parent timestamp 1761135587. Minimum 8 seconds","throwable":""}
{"timestamp":"2025-10-22T12:19:54,446","container":"8a8e46c31ccc","level":"INFO","thread":"BftProcessorExecutor-QBFT-0","class":"MainnetBlockValidator","message":"Invalid block 137 (0x0bc12275e9ad9e7131f06a222f68281d0944b335c72e53000e3d27e06986a133): Optional[header validation rule violated, see logs]","throwable":""}
{"timestamp":"2025-10-22T12:19:54,446","container":"8a8e46c31ccc","level":"INFO","thread":"BftProcessorExecutor-QBFT-0","class":"ProposalPayloadValidator","message":"Invalid Proposal Payload: block did not pass validation. Reason Optional[header validation rule violated, see logs]","throwable":""}
{"timestamp":"2025-10-22T12:19:54,446","container":"8a8e46c31ccc","level":"INFO","thread":"BftProcessorExecutor-QBFT-0","class":"ProposalValidator","message":"Invalid Proposal Payload: invalid proposal payload in proposal message","throwable":""}
{"timestamp":"2025-10-22T12:20:04,474","container":"8a8e46c31ccc","level":"INFO","thread":"BftProcessorExecutor-QBFT-0","class":"QbftRound","message":"Importing proposed block to chain. round=ConsensusRoundIdentifier{Sequence=137, Round=1}, hash=0x0b2d99d82b5dfc599bd75822e80b617161fb7250611485ce24394fd5a228ecc9","throwable":""}
{"timestamp":"2025-10-22T12:20:04,481","container":"8a8e46c31ccc","level":"INFO","thread":"BftProcessorExecutor-QBFT-0","class":"QbftBesuControllerBuilder","message":"Imported #137 / 0 tx / 0 pending / 0 (0.0%) gas / (0x0b2d99d82b5dfc599bd75822e80b617161fb7250611485ce24394fd5a228ecc9)","throwable":""}
{"timestamp":"2025-10-22T12:20:12,023","container":"8a8e46c31ccc","level":"INFO","thread":"EthScheduler-Workers-0","class":"PersistBlockTask","message":"Block 138 (0x974b6d522204dcaafd65a6b9b7c050fe2e38ed0c8430246baa889bdc5b723c34) is already imported","throwable":""}
{"timestamp":"2025-10-22T12:20:12,024","container":"8a8e46c31ccc","level":"INFO","thread":"BftProcessorExecutor-QBFT-0","class":"QbftBesuControllerBuilder","message":"Imported #138 / 0 tx / 0 pending / 0 (0.0%) gas / (0x974b6d522204dcaafd65a6b9b7c050fe2e38ed0c8430246baa889bdc5b723c34)","throwable":""}
{"timestamp":"2025-10-22T12:20:19,322","container":"8a8e46c31ccc","level":"INFO","thread":"BftProcessorExecutor-QBFT-0","class":"TimestampMoreRecentThanParent","message":"Invalid block header: timestamp 1761135619 is only 7 seconds newer than parent timestamp 1761135612. Minimum 8 seconds","throwable":""}
{"timestamp":"2025-10-22T12:20:19,322","container":"8a8e46c31ccc","level":"INFO","thread":"BftProcessorExecutor-QBFT-0","class":"MainnetBlockValidator","message":"Invalid block 139 (0x890a47ef00d91ce0bd76910c9d07df49c143cae896c9dadb622ad66a140f3584): Optional[header validation rule violated, see logs]","throwable":""}
{"timestamp":"2025-10-22T12:20:19,322","container":"8a8e46c31ccc","level":"INFO","thread":"BftProcessorExecutor-QBFT-0","class":"ProposalPayloadValidator","message":"Invalid Proposal Payload: block did not pass validation. Reason Optional[header validation rule violated, see logs]","throwable":""}
{"timestamp":"2025-10-22T12:20:19,322","container":"8a8e46c31ccc","level":"INFO","thread":"BftProcessorExecutor-QBFT-0","class":"ProposalValidator","message":"Invalid Proposal Payload: invalid proposal payload in proposal message","throwable":""}
{"timestamp":"2025-10-22T12:20:29,337","container":"8a8e46c31ccc","level":"INFO","thread":"BftProcessorExecutor-QBFT-0","class":"QbftRound","message":"Importing proposed block to chain. round=ConsensusRoundIdentifier{Sequence=139, Round=1}, hash=0x02596530f6836201387be3a5f1420250293808475ae2eea751e477bdaa25827a","throwable":""}
{"timestamp":"2025-10-22T12:20:29,343","container":"8a8e46c31ccc","level":"INFO","thread":"BftProcessorExecutor-QBFT-0","class":"QbftBesuControllerBuilder","message":"Produced #139 / 0 tx / 0 pending / 0 (0.0%) gas / (0x02596530f6836201387be3a5f1420250293808475ae2eea751e477bdaa25827a)","throwable":""}
{"timestamp":"2025-10-22T12:20:37,024","container":"8a8e46c31ccc","level":"INFO","thread":"BftProcessorExecutor-QBFT-0","class":"QbftBesuControllerBuilder","message":"Imported #140 / 0 tx / 0 pending / 0 (0.0%) gas / (0xe6bf31709ee3f6eabfe148fc8b9a54175c9eacbc190396ce4a9f35851ef2dceb)","throwable":""}
{"timestamp":"2025-10-22T12:20:45,021","container":"8a8e46c31ccc","level":"INFO","thread":"BftProcessorExecutor-QBFT-0","class":"QbftBesuControllerBuilder","message":"Imported #141 / 0 tx / 0 pending / 0 (0.0%) gas / (0x3ec516001f85c88048a5f5f908439eb7548533e00cdc4593a1f39b1f30aa6617)","throwable":""}
{"timestamp":"2025-10-22T12:20:52,404","container":"8a8e46c31ccc","level":"INFO","thread":"BftProcessorExecutor-QBFT-0","class":"TimestampMoreRecentThanParent","message":"Invalid block header: timestamp 1761135652 is only 7 seconds newer than parent timestamp 1761135645. Minimum 8 seconds","throwable":""}
{"timestamp":"2025-10-22T12:20:52,404","container":"8a8e46c31ccc","level":"INFO","thread":"BftProcessorExecutor-QBFT-0","class":"MainnetBlockValidator","message":"Invalid block 142 (0x000a4dddf82ede8e92fbb1e6f79db0296fd07742550e021e26443b9657864c68): Optional[header validation rule violated, see logs]","throwable":""}
{"timestamp":"2025-10-22T12:20:52,404","container":"8a8e46c31ccc","level":"INFO","thread":"BftProcessorExecutor-QBFT-0","class":"ProposalPayloadValidator","message":"Invalid Proposal Payload: block did not pass validation. Reason Optional[header validation rule violated, see logs]","throwable":""}
{"timestamp":"2025-10-22T12:20:52,404","container":"8a8e46c31ccc","level":"INFO","thread":"BftProcessorExecutor-QBFT-0","class":"ProposalValidator","message":"Invalid Proposal Payload: invalid proposal payload in proposal message","throwable":""}
{"timestamp":"2025-10-22T12:21:02,415","container":"8a8e46c31ccc","level":"INFO","thread":"BftProcessorExecutor-QBFT-0","class":"QbftRound","message":"Importing proposed block to chain. round=ConsensusRoundIdentifier{Sequence=142, Round=1}, hash=0x99e5d8c941c3014d2362f31757f4555161377b76dd13b7c8c618a287feb0372e","throwable":""}
{"timestamp":"2025-10-22T12:21:02,422","container":"8a8e46c31ccc","level":"INFO","thread":"BftProcessorExecutor-QBFT-0","class":"QbftBesuControllerBuilder","message":"Produced #142 / 0 tx / 0 pending / 0 (0.0%) gas / (0x99e5d8c941c3014d2362f31757f4555161377b76dd13b7c8c618a287feb0372e)","throwable":""}
{"timestamp":"2025-10-22T12:21:10,021","container":"8a8e46c31ccc","level":"INFO","thread":"EthScheduler-Workers-0","class":"PersistBlockTask","message":"Block 143 (0x23287682cd0adadf62a0ec52aae645e23b84fd04886765cc5cc83855e20aa82e) is already imported","throwable":""}
{"timestamp":"2025-10-22T12:21:10,021","container":"8a8e46c31ccc","level":"INFO","thread":"BftProcessorExecutor-QBFT-0","class":"QbftBesuControllerBuilder","message":"Imported #143 / 0 tx / 0 pending / 0 (0.0%) gas / (0x23287682cd0adadf62a0ec52aae645e23b84fd04886765cc5cc83855e20aa82e)","throwable":""}
{"timestamp":"2025-10-22T12:21:18,024","container":"8a8e46c31ccc","level":"INFO","thread":"BftProcessorExecutor-QBFT-0","class":"QbftBesuControllerBuilder","message":"Imported #144 / 0 tx / 0 pending / 0 (0.0%) gas / (0x7886d6df2f95ff060ce6c4f9445ecfbd9f46de93baddf4e62eddfd04d5e75faa)","throwable":""}
{"timestamp":"2025-10-22T12:21:18,024","container":"8a8e46c31ccc","level":"INFO","thread":"EthScheduler-Workers-0","class":"PersistBlockTask","message":"Block 144 (0x7886d6df2f95ff060ce6c4f9445ecfbd9f46de93baddf4e62eddfd04d5e75faa) is already imported","throwable":""}
{"timestamp":"2025-10-22T12:21:26,031","container":"8a8e46c31ccc","level":"INFO","thread":"BftProcessorExecutor-QBFT-0","class":"QbftBesuControllerBuilder","message":"Imported #145 / 0 tx / 0 pending / 0 (0.0%) gas / (0x206760169a9cf3fc7e74ced729aaa0db819ec947ceef54848a315ae545023d23)","throwable":""}
{"timestamp":"2025-10-22T12:21:26,033","container":"8a8e46c31ccc","level":"INFO","thread":"EthScheduler-Workers-0","class":"PersistBlockTask","message":"Block 145 (0x206760169a9cf3fc7e74ced729aaa0db819ec947ceef54848a315ae545023d23) is already imported","throwable":""}
{"timestamp":"2025-10-22T12:21:34,025","container":"8a8e46c31ccc","level":"INFO","thread":"EthScheduler-Workers-0","class":"PersistBlockTask","message":"Imported #146 / 0 tx / 0 om / 0 (0.0%) gas / (0xa38992d77a6af40022bfe59b6ed49755ab3f67d4e568f4a9f9d221073a277cf2) in 0.004s. Peers: 5","throwable":""}
{"timestamp":"2025-10-22T12:21:42,023","container":"8a8e46c31ccc","level":"INFO","thread":"EthScheduler-Workers-0","class":"PersistBlockTask","message":"Block 147 (0x1ca525c52020b611bca9f0bbd51321b0e3f395c30ce543a4256cfab1403a848f) is already imported","throwable":""}
{"timestamp":"2025-10-22T12:21:42,024","container":"8a8e46c31ccc","level":"INFO","thread":"BftProcessorExecutor-QBFT-0","class":"QbftBesuControllerBuilder","message":"Imported #147 / 0 tx / 0 pending / 0 (0.0%) gas / (0x1ca525c52020b611bca9f0bbd51321b0e3f395c30ce543a4256cfab1403a848f)","throwable":""}
{"timestamp":"2025-10-22T12:21:50,024","container":"8a8e46c31ccc","level":"INFO","thread":"BftProcessorExecutor-QBFT-0","class":"QbftBesuControllerBuilder","message":"Imported #148 / 0 tx / 0 pending / 0 (0.0%) gas / (0x2fe8c6f9f52e233ae1e4355d691a1e5768b517fdcf4b4779b9629ba130759bdd)","throwable":""}
{"timestamp":"2025-10-22T12:21:50,024","container":"8a8e46c31ccc","level":"INFO","thread":"EthScheduler-Workers-0","class":"PersistBlockTask","message":"Block 148 (0x2fe8c6f9f52e233ae1e4355d691a1e5768b517fdcf4b4779b9629ba130759bdd) is already imported","throwable":""}
{"timestamp":"2025-10-22T12:21:57,445","container":"8a8e46c31ccc","level":"INFO","thread":"BftProcessorExecutor-QBFT-0","class":"TimestampMoreRecentThanParent","message":"Invalid block header: timestamp 1761135717 is only 7 seconds newer than parent timestamp 1761135710. Minimum 8 seconds","throwable":""}
{"timestamp":"2025-10-22T12:21:57,446","container":"8a8e46c31ccc","level":"INFO","thread":"BftProcessorExecutor-QBFT-0","class":"MainnetBlockValidator","message":"Invalid block 149 (0xe9a693386649d978c43bf40404f14e5f46c861d2d7273860afa3253569360251): Optional[header validation rule violated, see logs]","throwable":""}
{"timestamp":"2025-10-22T12:21:57,446","container":"8a8e46c31ccc","level":"INFO","thread":"BftProcessorExecutor-QBFT-0","class":"ProposalPayloadValidator","message":"Invalid Proposal Payload: block did not pass validation. Reason Optional[header validation rule violated, see logs]","throwable":""}
{"timestamp":"2025-10-22T12:21:57,446","container":"8a8e46c31ccc","level":"INFO","thread":"BftProcessorExecutor-QBFT-0","class":"ProposalValidator","message":"Invalid Proposal Payload: invalid proposal payload in proposal message","throwable":""}
{"timestamp":"2025-10-22T12:22:07,484","container":"8a8e46c31ccc","level":"INFO","thread":"BftProcessorExecutor-QBFT-0","class":"QbftRound","message":"Importing proposed block to chain. round=ConsensusRoundIdentifier{Sequence=149, Round=1}, hash=0xae7146035fc16b7dcc4505f6ffc17156e6dd2fb683b645a194ae5532df90b7a2","throwable":""}
{"timestamp":"2025-10-22T12:22:07,489","container":"8a8e46c31ccc","level":"INFO","thread":"BftProcessorExecutor-QBFT-0","class":"QbftBesuControllerBuilder","message":"Produced #149 / 0 tx / 0 pending / 0 (0.0%) gas / (0xae7146035fc16b7dcc4505f6ffc17156e6dd2fb683b645a194ae5532df90b7a2)","throwable":""}
{"timestamp":"2025-10-22T12:22:15,011","container":"8a8e46c31ccc","level":"INFO","thread":"BftProcessorExecutor-QBFT-0","class":"QbftBesuControllerBuilder","message":"Imported #150 / 0 tx / 0 pending / 0 (0.0%) gas / (0x8549238122c952ac21515348fae0b9ebf60c609ae478e532c89ad4238fb2db70)","throwable":""}
{"timestamp":"2025-10-22T12:22:23,016","container":"8a8e46c31ccc","level":"INFO","thread":"EthScheduler-Workers-0","class":"PersistBlockTask","message":"Block 151 (0xb9647de903e1682accc480ed21db9bb68bd0c98d27931c085317b17b4eaf15b9) is already imported","throwable":""}
{"timestamp":"2025-10-22T12:22:23,018","container":"8a8e46c31ccc","level":"INFO","thread":"BftProcessorExecutor-QBFT-0","class":"QbftBesuControllerBuilder","message":"Imported #151 / 0 tx / 0 pending / 0 (0.0%) gas / (0xb9647de903e1682accc480ed21db9bb68bd0c98d27931c085317b17b4eaf15b9)","throwable":""}
{"timestamp":"2025-10-22T12:22:30,350","container":"8a8e46c31ccc","level":"INFO","thread":"BftProcessorExecutor-QBFT-0","class":"TimestampMoreRecentThanParent","message":"Invalid block header: timestamp 1761135750 is only 7 seconds newer than parent timestamp 1761135743. Minimum 8 seconds","throwable":""}
{"timestamp":"2025-10-22T12:22:30,351","container":"8a8e46c31ccc","level":"INFO","thread":"BftProcessorExecutor-QBFT-0","class":"MainnetBlockValidator","message":"Invalid block 152 (0xaa93c65914552423c3afb60d521224a124c1e0a2d169bff29950db40f2739099): Optional[header validation rule violated, see logs]","throwable":""}
{"timestamp":"2025-10-22T12:22:30,351","container":"8a8e46c31ccc","level":"INFO","thread":"BftProcessorExecutor-QBFT-0","class":"ProposalPayloadValidator","message":"Invalid Proposal Payload: block did not pass validation. Reason Optional[header validation rule violated, see logs]","throwable":""}
{"timestamp":"2025-10-22T12:22:30,351","container":"8a8e46c31ccc","level":"INFO","thread":"BftProcessorExecutor-QBFT-0","class":"ProposalValidator","message":"Invalid Proposal Payload: invalid proposal payload in proposal message","throwable":""}
{"timestamp":"2025-10-22T12:22:40,377","container":"8a8e46c31ccc","level":"INFO","thread":"BftProcessorExecutor-QBFT-0","class":"QbftRound","message":"Importing proposed block to chain. round=ConsensusRoundIdentifier{Sequence=152, Round=1}, hash=0xc2f042dadc4c8c1e64c318b177d459059f98964fb4603e5586b9f94c93591a86","throwable":""}
{"timestamp":"2025-10-22T12:22:40,380","container":"8a8e46c31ccc","level":"INFO","thread":"BftProcessorExecutor-QBFT-0","class":"QbftBesuControllerBuilder","message":"Produced #152 / 0 tx / 0 pending / 0 (0.0%) gas / (0xc2f042dadc4c8c1e64c318b177d459059f98964fb4603e5586b9f94c93591a86)","throwable":""}
{"timestamp":"2025-10-22T12:22:48,015","container":"8a8e46c31ccc","level":"INFO","thread":"BftProcessorExecutor-QBFT-0","class":"QbftBesuControllerBuilder","message":"Imported #153 / 0 tx / 0 pending / 0 (0.0%) gas / (0xaae821db3280a6abc3fd9f7ded983322aa2f71c91890bae02bccdfb1966c6d28)","throwable":""}
{"timestamp":"2025-10-22T12:22:56,016","container":"8a8e46c31ccc","level":"INFO","thread":"BftProcessorExecutor-QBFT-0","class":"QbftBesuControllerBuilder","message":"Imported #154 / 0 tx / 0 pending / 0 (0.0%) gas / (0x862be90774ff97a767f90248764224e03960f85bcc71f493718e144b53bbd9ef)","throwable":""}
{"timestamp":"2025-10-22T12:23:03,415","container":"8a8e46c31ccc","level":"INFO","thread":"BftProcessorExecutor-QBFT-0","class":"TimestampMoreRecentThanParent","message":"Invalid block header: timestamp 1761135783 is only 7 seconds newer than parent timestamp 1761135776. Minimum 8 seconds","throwable":""}
{"timestamp":"2025-10-22T12:23:03,416","container":"8a8e46c31ccc","level":"INFO","thread":"BftProcessorExecutor-QBFT-0","class":"MainnetBlockValidator","message":"Invalid block 155 (0x3429f53c1cc0f689c28fb2b782ac14e2b5e0545593da581af047b4f286ceb934): Optional[header validation rule violated, see logs]","throwable":""}
{"timestamp":"2025-10-22T12:23:03,416","container":"8a8e46c31ccc","level":"INFO","thread":"BftProcessorExecutor-QBFT-0","class":"ProposalPayloadValidator","message":"Invalid Proposal Payload: block did not pass validation. Reason Optional[header validation rule violated, see logs]","throwable":""}
{"timestamp":"2025-10-22T12:23:03,416","container":"8a8e46c31ccc","level":"INFO","thread":"BftProcessorExecutor-QBFT-0","class":"ProposalValidator","message":"Invalid Proposal Payload: invalid proposal payload in proposal message","throwable":""}
{"timestamp":"2025-10-22T12:23:13,432","container":"8a8e46c31ccc","level":"INFO","thread":"BftProcessorExecutor-QBFT-0","class":"QbftRound","message":"Importing proposed block to chain. round=ConsensusRoundIdentifier{Sequence=155, Round=1}, hash=0x65ed411fd81c9bddf1d3a416ccbc3d58cb6dedc550d95d9f7296322856689194","throwable":""}
{"timestamp":"2025-10-22T12:23:13,434","container":"8a8e46c31ccc","level":"INFO","thread":"EthScheduler-Workers-0","class":"PersistBlockTask","message":"Imported #155 / 0 tx / 0 om / 0 (0.0%) gas / (0x65ed411fd81c9bddf1d3a416ccbc3d58cb6dedc550d95d9f7296322856689194) in 0.002s. Peers: 5","throwable":""}
{"timestamp":"2025-10-22T12:23:13,437","container":"8a8e46c31ccc","level":"INFO","thread":"BftProcessorExecutor-QBFT-0","class":"QbftBesuControllerBuilder","message":"Produced #155 / 0 tx / 0 pending / 0 (0.0%) gas / (0x65ed411fd81c9bddf1d3a416ccbc3d58cb6dedc550d95d9f7296322856689194)","throwable":""}
{"timestamp":"2025-10-22T12:23:21,013","container":"8a8e46c31ccc","level":"INFO","thread":"BftProcessorExecutor-QBFT-0","class":"QbftBesuControllerBuilder","message":"Imported #156 / 0 tx / 0 pending / 0 (0.0%) gas / (0x44b454e09ec80902b7e684a457c5099415b7e36b60f64777f8c883a7ecc7f391)","throwable":""}
{"timestamp":"2025-10-22T12:23:29,017","container":"8a8e46c31ccc","level":"INFO","thread":"BftProcessorExecutor-QBFT-0","class":"QbftBesuControllerBuilder","message":"Imported #157 / 0 tx / 0 pending / 0 (0.0%) gas / (0x6007dd1943ac4d31057d6b20ee4b1cdecde992e38c7caa8d53694417812f1362)","throwable":""}
{"timestamp":"2025-10-22T12:23:36,397","container":"8a8e46c31ccc","level":"INFO","thread":"BftProcessorExecutor-QBFT-0","class":"TimestampMoreRecentThanParent","message":"Invalid block header: timestamp 1761135816 is only 7 seconds newer than parent timestamp 1761135809. Minimum 8 seconds","throwable":""}
{"timestamp":"2025-10-22T12:23:36,397","container":"8a8e46c31ccc","level":"INFO","thread":"BftProcessorExecutor-QBFT-0","class":"MainnetBlockValidator","message":"Invalid block 158 (0x6ae91716805e1a844009543f899da0f4534604b458f538608dc61a33501a14fb): Optional[header validation rule violated, see logs]","throwable":""}
{"timestamp":"2025-10-22T12:23:36,398","container":"8a8e46c31ccc","level":"INFO","thread":"BftProcessorExecutor-QBFT-0","class":"ProposalPayloadValidator","message":"Invalid Proposal Payload: block did not pass validation. Reason Optional[header validation rule violated, see logs]","throwable":""}
{"timestamp":"2025-10-22T12:23:36,398","container":"8a8e46c31ccc","level":"INFO","thread":"BftProcessorExecutor-QBFT-0","class":"ProposalValidator","message":"Invalid Proposal Payload: invalid proposal payload in proposal message","throwable":""}
{"timestamp":"2025-10-22T12:23:46,417","container":"8a8e46c31ccc","level":"INFO","thread":"BftProcessorExecutor-QBFT-0","class":"QbftRound","message":"Importing proposed block to chain. round=ConsensusRoundIdentifier{Sequence=158, Round=1}, hash=0x49037769590561f72b2715df2a444863ccc15d27406b6ff0b75db84db674759d","throwable":""}
{"timestamp":"2025-10-22T12:23:46,420","container":"8a8e46c31ccc","level":"INFO","thread":"BftProcessorExecutor-QBFT-0","class":"QbftBesuControllerBuilder","message":"Produced #158 / 0 tx / 0 pending / 0 (0.0%) gas / (0x49037769590561f72b2715df2a444863ccc15d27406b6ff0b75db84db674759d)","throwable":""}
{"timestamp":"2025-10-22T12:23:54,019","container":"8a8e46c31ccc","level":"INFO","thread":"BftProcessorExecutor-QBFT-0","class":"QbftBesuControllerBuilder","message":"Imported #159 / 0 tx / 0 pending / 0 (0.0%) gas / (0xcc82928ec9f97c83a7ddcccd9ca34bc3a9641b5e4006b0feb991a0919b76f3c8)","throwable":""}
{"timestamp":"2025-10-22T12:24:02,018","container":"8a8e46c31ccc","level":"INFO","thread":"BftProcessorExecutor-QBFT-0","class":"QbftBesuControllerBuilder","message":"Imported #160 / 0 tx / 0 pending / 0 (0.0%) gas / (0xb5d35845cc623b26e892c72a1a7727a2207f282b8c1ee18eec496395c80d1778)","throwable":""}
{"timestamp":"2025-10-22T12:24:10,020","container":"8a8e46c31ccc","level":"INFO","thread":"EthScheduler-Workers-0","class":"PersistBlockTask","message":"Block 161 (0x404221409d211dae41ec6fe04ccdf0604264364322798915fb073292a4ac157e) is already imported","throwable":""}
{"timestamp":"2025-10-22T12:24:10,021","container":"8a8e46c31ccc","level":"INFO","thread":"BftProcessorExecutor-QBFT-0","class":"QbftBesuControllerBuilder","message":"Imported #161 / 0 tx / 0 pending / 0 (0.0%) gas / (0x404221409d211dae41ec6fe04ccdf0604264364322798915fb073292a4ac157e)","throwable":""}
{"timestamp":"2025-10-22T12:24:18,027","container":"8a8e46c31ccc","level":"INFO","thread":"BftProcessorExecutor-QBFT-0","class":"QbftBesuControllerBuilder","message":"Produced #162 / 0 tx / 0 pending / 0 (0.0%) gas / (0x7695b4d91f946a41ce0db7596fec01fb0cea857de261bd277dfb3762b48941be)","throwable":""}
{"timestamp":"2025-10-22T12:24:26,017","container":"8a8e46c31ccc","level":"INFO","thread":"BftProcessorExecutor-QBFT-0","class":"QbftBesuControllerBuilder","message":"Imported #163 / 0 tx / 0 pending / 0 (0.0%) gas / (0xc10882066870115f397b387d5f463df64590be8d9a390eddab7af71bd33b9fea)","throwable":""}
{"timestamp":"2025-10-22T12:24:34,018","container":"8a8e46c31ccc","level":"INFO","thread":"BftProcessorExecutor-QBFT-0","class":"QbftBesuControllerBuilder","message":"Imported #164 / 0 tx / 0 pending / 0 (0.0%) gas / (0xaedaf37cab131a50b6047aae99ce467733132d3be606bd8c12a3801e4c9c19d3)","throwable":""}
{"timestamp":"2025-10-22T12:24:34,020","container":"8a8e46c31ccc","level":"INFO","thread":"EthScheduler-Workers-0","class":"PersistBlockTask","message":"Imported #164 / 0 tx / 0 om / 0 (0.0%) gas / (0xaedaf37cab131a50b6047aae99ce467733132d3be606bd8c12a3801e4c9c19d3) in 0.003s. Peers: 5","throwable":""}
{"timestamp":"2025-10-22T12:24:41,442","container":"8a8e46c31ccc","level":"INFO","thread":"BftProcessorExecutor-QBFT-0","class":"TimestampMoreRecentThanParent","message":"Invalid block header: timestamp 1761135881 is only 7 seconds newer than parent timestamp 1761135874. Minimum 8 seconds","throwable":""}
{"timestamp":"2025-10-22T12:24:41,442","container":"8a8e46c31ccc","level":"INFO","thread":"BftProcessorExecutor-QBFT-0","class":"MainnetBlockValidator","message":"Invalid block 165 (0x868ec1024e1c3a70e1172248d09ef51b9365a3edc7c1ffad60200e729a3a7213): Optional[header validation rule violated, see logs]","throwable":""}
{"timestamp":"2025-10-22T12:24:41,443","container":"8a8e46c31ccc","level":"INFO","thread":"BftProcessorExecutor-QBFT-0","class":"ProposalPayloadValidator","message":"Invalid Proposal Payload: block did not pass validation. Reason Optional[header validation rule violated, see logs]","throwable":""}
{"timestamp":"2025-10-22T12:24:41,443","container":"8a8e46c31ccc","level":"INFO","thread":"BftProcessorExecutor-QBFT-0","class":"ProposalValidator","message":"Invalid Proposal Payload: invalid proposal payload in proposal message","throwable":""}
{"timestamp":"2025-10-22T12:24:51,452","container":"8a8e46c31ccc","level":"INFO","thread":"BftProcessorExecutor-QBFT-0","class":"QbftRound","message":"Importing proposed block to chain. round=ConsensusRoundIdentifier{Sequence=165, Round=1}, hash=0x9b1e80f3654cea1de095037d168a69278199b0530ce6df2eeb253ec864f031b4","throwable":""}
{"timestamp":"2025-10-22T12:24:51,456","container":"8a8e46c31ccc","level":"INFO","thread":"EthScheduler-Workers-0","class":"PersistBlockTask","message":"Block 165 (0x9b1e80f3654cea1de095037d168a69278199b0530ce6df2eeb253ec864f031b4) is already imported","throwable":""}
{"timestamp":"2025-10-22T12:24:51,456","container":"8a8e46c31ccc","level":"INFO","thread":"BftProcessorExecutor-QBFT-0","class":"QbftBesuControllerBuilder","message":"Produced #165 / 0 tx / 0 pending / 0 (0.0%) gas / (0x9b1e80f3654cea1de095037d168a69278199b0530ce6df2eeb253ec864f031b4)","throwable":""}
{"timestamp":"2025-10-22T12:24:59,011","container":"8a8e46c31ccc","level":"INFO","thread":"BftProcessorExecutor-QBFT-0","class":"QbftBesuControllerBuilder","message":"Imported #166 / 0 tx / 0 pending / 0 (0.0%) gas / (0x0d99c670792373e268f31479caaaf2628a72b7688b116098c715790d1c8a7b48)","throwable":""}
{"timestamp":"2025-10-22T12:25:07,019","container":"8a8e46c31ccc","level":"INFO","thread":"BftProcessorExecutor-QBFT-0","class":"QbftBesuControllerBuilder","message":"Imported #167 / 0 tx / 0 pending / 0 (0.0%) gas / (0xa25ae9656728b0d020ee7812b8dfa429bfa3a3f54c5f1bc51c1268b73f73742d)","throwable":""}
{"timestamp":"2025-10-22T12:25:15,030","container":"8a8e46c31ccc","level":"INFO","thread":"BftProcessorExecutor-QBFT-0","class":"QbftBesuControllerBuilder","message":"Imported #168 / 0 tx / 0 pending / 0 (0.0%) gas / (0x4dc390041ceb4fa14cc49fa04a649eaab798639678f0029fd45bee5b7b5be744)","throwable":""}
{"timestamp":"2025-10-22T12:25:15,030","container":"8a8e46c31ccc","level":"INFO","thread":"EthScheduler-Workers-0","class":"PersistBlockTask","message":"Block 168 (0x4dc390041ceb4fa14cc49fa04a649eaab798639678f0029fd45bee5b7b5be744) is already imported","throwable":""}
{"timestamp":"2025-10-22T12:25:23,033","container":"8a8e46c31ccc","level":"INFO","thread":"BftProcessorExecutor-QBFT-0","class":"QbftBesuControllerBuilder","message":"Produced #169 / 0 tx / 0 pending / 0 (0.0%) gas / (0x155241a313e7d78943b033996114fd70ed464f782f0f77901bc1a26b8ec54827)","throwable":""}
{"timestamp":"2025-10-22T12:25:31,025","container":"8a8e46c31ccc","level":"INFO","thread":"BftProcessorExecutor-QBFT-0","class":"QbftBesuControllerBuilder","message":"Imported #170 / 0 tx / 0 pending / 0 (0.0%) gas / (0x5189988d51a5219bcd258a85a2a842379a4a60afa83a962be34ecbe9b0e4a453)","throwable":""}
{"timestamp":"2025-10-22T12:25:39,032","container":"8a8e46c31ccc","level":"INFO","thread":"BftProcessorExecutor-QBFT-0","class":"QbftBesuControllerBuilder","message":"Imported #171 / 0 tx / 0 pending / 0 (0.0%) gas / (0xb84b5c4c56b014925372f4ba0579abc8093acbc55ba4944dbf53584aea68e104)","throwable":""}
{"timestamp":"2025-10-22T12:25:39,035","container":"8a8e46c31ccc","level":"INFO","thread":"EthScheduler-Workers-0","class":"PersistBlockTask","message":"Block 171 (0xb84b5c4c56b014925372f4ba0579abc8093acbc55ba4944dbf53584aea68e104) is already imported","throwable":""}
{"timestamp":"2025-10-22T12:25:47,021","container":"8a8e46c31ccc","level":"INFO","thread":"BftProcessorExecutor-QBFT-0","class":"QbftBesuControllerBuilder","message":"Imported #172 / 0 tx / 0 pending / 0 (0.0%) gas / (0x214ed99ec22dc10373c7b0da639bf9ebe741de636abfa43ac480f8debc69640f)","throwable":""}
{"timestamp":"2025-10-22T12:25:47,020","container":"8a8e46c31ccc","level":"INFO","thread":"EthScheduler-Workers-0","class":"PersistBlockTask","message":"Block 172 (0x214ed99ec22dc10373c7b0da639bf9ebe741de636abfa43ac480f8debc69640f) is already imported","throwable":""}
{"timestamp":"2025-10-22T12:25:55,018","container":"8a8e46c31ccc","level":"INFO","thread":"BftProcessorExecutor-QBFT-0","class":"QbftBesuControllerBuilder","message":"Produced #173 / 0 tx / 0 pending / 0 (0.0%) gas / (0xb92ad0ed24af798637a25c7692a36e0450b79db502368445f231e52717603109)","throwable":""}
{"timestamp":"2025-10-22T12:26:03,024","container":"8a8e46c31ccc","level":"INFO","thread":"EthScheduler-Workers-0","class":"PersistBlockTask","message":"Block 174 (0x62d965e3cf5ce50cd33c9fd00a88805e985fa3338d8cd36fc8f4e9a22509dc34) is already imported","throwable":""}
{"timestamp":"2025-10-22T12:26:03,024","container":"8a8e46c31ccc","level":"INFO","thread":"BftProcessorExecutor-QBFT-0","class":"QbftBesuControllerBuilder","message":"Imported #174 / 0 tx / 0 pending / 0 (0.0%) gas / (0x62d965e3cf5ce50cd33c9fd00a88805e985fa3338d8cd36fc8f4e9a22509dc34)","throwable":""}
{"timestamp":"2025-10-22T12:26:11,039","container":"8a8e46c31ccc","level":"INFO","thread":"EthScheduler-Workers-0","class":"PersistBlockTask","message":"Imported #175 / 0 tx / 0 om / 0 (0.0%) gas / (0x094f7ad6626b387191c022a5cf4fbd8e13fbe0375f56d406aec06ad288611ed6) in 0.006s. Peers: 5","throwable":""}
{"timestamp":"2025-10-22T12:26:11,040","container":"8a8e46c31ccc","level":"INFO","thread":"BftProcessorExecutor-QBFT-0","class":"QbftBesuControllerBuilder","message":"Imported #175 / 0 tx / 0 pending / 0 (0.0%) gas / (0x094f7ad6626b387191c022a5cf4fbd8e13fbe0375f56d406aec06ad288611ed6)","throwable":""}
{"timestamp":"2025-10-22T12:26:18,447","container":"8a8e46c31ccc","level":"INFO","thread":"BftProcessorExecutor-QBFT-0","class":"TimestampMoreRecentThanParent","message":"Invalid block header: timestamp 1761135978 is only 7 seconds newer than parent timestamp 1761135971. Minimum 8 seconds","throwable":""}
{"timestamp":"2025-10-22T12:26:18,447","container":"8a8e46c31ccc","level":"INFO","thread":"BftProcessorExecutor-QBFT-0","class":"MainnetBlockValidator","message":"Invalid block 176 (0x09e0b9ad4e8635ba9f6335a656c6880ac9439ce5ebf2a36b7091671053809949): Optional[header validation rule violated, see logs]","throwable":""}
{"timestamp":"2025-10-22T12:26:18,447","container":"8a8e46c31ccc","level":"INFO","thread":"BftProcessorExecutor-QBFT-0","class":"ProposalPayloadValidator","message":"Invalid Proposal Payload: block did not pass validation. Reason Optional[header validation rule violated, see logs]","throwable":""}
{"timestamp":"2025-10-22T12:26:18,447","container":"8a8e46c31ccc","level":"INFO","thread":"BftProcessorExecutor-QBFT-0","class":"ProposalValidator","message":"Invalid Proposal Payload: invalid proposal payload in proposal message","throwable":""}
{"timestamp":"2025-10-22T12:26:28,471","container":"8a8e46c31ccc","level":"INFO","thread":"BftProcessorExecutor-QBFT-0","class":"QbftRound","message":"Importing proposed block to chain. round=ConsensusRoundIdentifier{Sequence=176, Round=1}, hash=0x2c4a5174f7678b50694919f7b9bb7de327c4624dd9816a8ee3debe438409f6f3","throwable":""}
{"timestamp":"2025-10-22T12:26:28,478","container":"8a8e46c31ccc","level":"INFO","thread":"EthScheduler-Workers-0","class":"PersistBlockTask","message":"Block 176 (0x2c4a5174f7678b50694919f7b9bb7de327c4624dd9816a8ee3debe438409f6f3) is already imported","throwable":""}
{"timestamp":"2025-10-22T12:26:28,478","container":"8a8e46c31ccc","level":"INFO","thread":"BftProcessorExecutor-QBFT-0","class":"QbftBesuControllerBuilder","message":"Produced #176 / 0 tx / 0 pending / 0 (0.0%) gas / (0x2c4a5174f7678b50694919f7b9bb7de327c4624dd9816a8ee3debe438409f6f3)","throwable":""}
{"timestamp":"2025-10-22T12:26:36,021","container":"8a8e46c31ccc","level":"INFO","thread":"BftProcessorExecutor-QBFT-0","class":"QbftBesuControllerBuilder","message":"Imported #177 / 0 tx / 0 pending / 0 (0.0%) gas / (0xb47932111196566186dd2f2752248fe594d3d5a5481f9dc3b982a93d4c88ebf3)","throwable":""}
{"timestamp":"2025-10-22T12:26:44,022","container":"8a8e46c31ccc","level":"INFO","thread":"BftProcessorExecutor-QBFT-0","class":"QbftBesuControllerBuilder","message":"Imported #178 / 0 tx / 0 pending / 0 (0.0%) gas / (0x96b27649f8da5aadb54534667d99e08346fc2eae4b9a7c14ee983f43db8caf0c)","throwable":""}
{"timestamp":"2025-10-22T12:26:51,541","container":"8a8e46c31ccc","level":"INFO","thread":"BftProcessorExecutor-QBFT-0","class":"QbftBesuControllerBuilder","message":"Imported #179 / 0 tx / 0 pending / 0 (0.0%) gas / (0x33b9a3b0b44246df7dceeb7f6d29b5eab550f193d8d775e5cbf631613af8974d)","throwable":""}
{"timestamp":"2025-10-22T12:27:00,018","container":"8a8e46c31ccc","level":"INFO","thread":"EthScheduler-Workers-0","class":"PersistBlockTask","message":"Block 180 (0xa4986c3230af47d186cfb06623713ac390b51c4dc275039c3c10c2576d09eec8) is already imported","throwable":""}
{"timestamp":"2025-10-22T12:27:00,018","container":"8a8e46c31ccc","level":"INFO","thread":"BftProcessorExecutor-QBFT-0","class":"QbftBesuControllerBuilder","message":"Produced #180 / 0 tx / 0 pending / 0 (0.0%) gas / (0xa4986c3230af47d186cfb06623713ac390b51c4dc275039c3c10c2576d09eec8)","throwable":""}
{"timestamp":"2025-10-22T12:27:08,018","container":"8a8e46c31ccc","level":"INFO","thread":"BftProcessorExecutor-QBFT-0","class":"QbftBesuControllerBuilder","message":"Imported #181 / 0 tx / 0 pending / 0 (0.0%) gas / (0x7f437bec5c260547768620613d5298b00fded870c732328480560774c278aae7)","throwable":""}
{"timestamp":"2025-10-22T12:27:16,025","container":"8a8e46c31ccc","level":"INFO","thread":"EthScheduler-Workers-0","class":"PersistBlockTask","message":"Block 182 (0x1aa6362266e5e95e3a52bfc1a85dcf1a04532bfe802f4bb8a1d56632b2a5514c) is already imported","throwable":""}
{"timestamp":"2025-10-22T12:27:16,026","container":"8a8e46c31ccc","level":"INFO","thread":"BftProcessorExecutor-QBFT-0","class":"QbftBesuControllerBuilder","message":"Imported #182 / 0 tx / 0 pending / 0 (0.0%) gas / (0x1aa6362266e5e95e3a52bfc1a85dcf1a04532bfe802f4bb8a1d56632b2a5514c)","throwable":""}
{"timestamp":"2025-10-22T12:27:23,277","container":"8a8e46c31ccc","level":"INFO","thread":"BftProcessorExecutor-QBFT-0","class":"TimestampMoreRecentThanParent","message":"Invalid block header: timestamp 1761136043 is only 7 seconds newer than parent timestamp 1761136036. Minimum 8 seconds","throwable":""}
{"timestamp":"2025-10-22T12:27:23,277","container":"8a8e46c31ccc","level":"INFO","thread":"BftProcessorExecutor-QBFT-0","class":"MainnetBlockValidator","message":"Invalid block 183 (0x1f5cf43911476f8cb6c42076dd4e72de543ced8239d0ded8641ac8815f77f5a7): Optional[header validation rule violated, see logs]","throwable":""}
{"timestamp":"2025-10-22T12:27:23,277","container":"8a8e46c31ccc","level":"INFO","thread":"BftProcessorExecutor-QBFT-0","class":"ProposalPayloadValidator","message":"Invalid Proposal Payload: block did not pass validation. Reason Optional[header validation rule violated, see logs]","throwable":""}
{"timestamp":"2025-10-22T12:27:23,277","container":"8a8e46c31ccc","level":"INFO","thread":"BftProcessorExecutor-QBFT-0","class":"ProposalValidator","message":"Invalid Proposal Payload: invalid proposal payload in proposal message","throwable":""}
{"timestamp":"2025-10-22T12:27:33,297","container":"8a8e46c31ccc","level":"INFO","thread":"BftProcessorExecutor-QBFT-0","class":"QbftRound","message":"Importing proposed block to chain. round=ConsensusRoundIdentifier{Sequence=183, Round=1}, hash=0xa587e2b2c569bceade76a614586e7ae447c2a1b29fad141c5b13517b6a8183e3","throwable":""}
{"timestamp":"2025-10-22T12:27:33,302","container":"8a8e46c31ccc","level":"INFO","thread":"EthScheduler-Workers-0","class":"PersistBlockTask","message":"Block 183 (0xa587e2b2c569bceade76a614586e7ae447c2a1b29fad141c5b13517b6a8183e3) is already imported","throwable":""}
{"timestamp":"2025-10-22T12:27:33,302","container":"8a8e46c31ccc","level":"INFO","thread":"BftProcessorExecutor-QBFT-0","class":"QbftBesuControllerBuilder","message":"Produced #183 / 0 tx / 0 pending / 0 (0.0%) gas / (0xa587e2b2c569bceade76a614586e7ae447c2a1b29fad141c5b13517b6a8183e3)","throwable":""}
{"timestamp":"2025-10-22T12:27:41,026","container":"8a8e46c31ccc","level":"INFO","thread":"BftProcessorExecutor-QBFT-0","class":"QbftBesuControllerBuilder","message":"Imported #184 / 0 tx / 0 pending / 0 (0.0%) gas / (0xcb4c782a2ce7c5359908fd3e84aae4ba81e5d46b97ab2cbf93ecf2efacd83149)","throwable":""}
{"timestamp":"2025-10-22T12:27:41,026","container":"8a8e46c31ccc","level":"INFO","thread":"EthScheduler-Workers-0","class":"PersistBlockTask","message":"Block 184 (0xcb4c782a2ce7c5359908fd3e84aae4ba81e5d46b97ab2cbf93ecf2efacd83149) is already imported","throwable":""}
{"timestamp":"2025-10-22T12:27:49,016","container":"8a8e46c31ccc","level":"INFO","thread":"BftProcessorExecutor-QBFT-0","class":"QbftBesuControllerBuilder","message":"Imported #185 / 0 tx / 0 pending / 0 (0.0%) gas / (0xc2c5e68603fcaad6cdbf101203dac3c2753f26ebf07a65ec8b8445104c1940ac)","throwable":""}
{"timestamp":"2025-10-22T12:27:56,595","container":"8a8e46c31ccc","level":"INFO","thread":"BftProcessorExecutor-QBFT-0","class":"QbftBesuControllerBuilder","message":"Imported #186 / 0 tx / 0 pending / 0 (0.0%) gas / (0x37f37bdd9b6015c4ed5aeb34522c679df2ba40d0d5bca4f747cb4e043531905d)","throwable":""}
{"timestamp":"2025-10-22T12:27:56,597","container":"8a8e46c31ccc","level":"INFO","thread":"EthScheduler-Workers-0","class":"PersistBlockTask","message":"Imported #186 / 0 tx / 0 om / 0 (0.0%) gas / (0x37f37bdd9b6015c4ed5aeb34522c679df2ba40d0d5bca4f747cb4e043531905d) in 0.002s. Peers: 5","throwable":""}
{"timestamp":"2025-10-22T12:28:05,016","container":"8a8e46c31ccc","level":"INFO","thread":"BftProcessorExecutor-QBFT-0","class":"QbftBesuControllerBuilder","message":"Produced #187 / 0 tx / 0 pending / 0 (0.0%) gas / (0xa68481774bfebeec1419f362cca435650b86ff86f93522118abc3c5a49d7e2bc)","throwable":""}
{"timestamp":"2025-10-22T12:28:13,019","container":"8a8e46c31ccc","level":"INFO","thread":"EthScheduler-Workers-0","class":"PersistBlockTask","message":"Block 188 (0x5437e8d30343e0c3981d8d958f0748e2964f2db32ae2ef4cd82007125e083563) is already imported","throwable":""}
{"timestamp":"2025-10-22T12:28:13,019","container":"8a8e46c31ccc","level":"INFO","thread":"BftProcessorExecutor-QBFT-0","class":"QbftBesuControllerBuilder","message":"Imported #188 / 0 tx / 0 pending / 0 (0.0%) gas / (0x5437e8d30343e0c3981d8d958f0748e2964f2db32ae2ef4cd82007125e083563)","throwable":""}
{"timestamp":"2025-10-22T12:28:21,015","container":"8a8e46c31ccc","level":"INFO","thread":"BftProcessorExecutor-QBFT-0","class":"QbftBesuControllerBuilder","message":"Imported #189 / 0 tx / 0 pending / 0 (0.0%) gas / (0xbb2f3e8cab29f00ab25502730eb153b423b2c98739a181fec6d16e9d1ad6c2ac)","throwable":""}
{"timestamp":"2025-10-22T12:28:29,011","container":"8a8e46c31ccc","level":"INFO","thread":"BftProcessorExecutor-QBFT-0","class":"QbftBesuControllerBuilder","message":"Imported #190 / 0 tx / 0 pending / 0 (0.0%) gas / (0x390fb3471726ab9b2f62ee3b9ce81b487563a108331fbec103df185f3e4a3f26)","throwable":""}
{"timestamp":"2025-10-22T12:28:37,015","container":"8a8e46c31ccc","level":"INFO","thread":"BftProcessorExecutor-QBFT-0","class":"QbftBesuControllerBuilder","message":"Produced #191 / 0 tx / 0 pending / 0 (0.0%) gas / (0x19b0c409317aa2f25c7a76870ffb09e78bb9b45e33b751d3d62da259581b96f4)","throwable":""}
{"timestamp":"2025-10-22T12:28:45,031","container":"8a8e46c31ccc","level":"INFO","thread":"EthScheduler-Workers-0","class":"PersistBlockTask","message":"Imported #192 / 1 tx / 0 om / 5,000,000 (0.0%) gas / (0x4c02a0bf54b0e07904cca2d9d6c40b50e93f3fbb645ac10189d94e0b7c12f6ff) in 0.008s. Peers: 5","throwable":""}
{"timestamp":"2025-10-22T12:28:45,031","container":"8a8e46c31ccc","level":"INFO","thread":"BftProcessorExecutor-QBFT-0","class":"QbftBesuControllerBuilder","message":"Imported #192 / 1 tx / 0 pending / 5,000,000 (0.0%) gas / (0x4c02a0bf54b0e07904cca2d9d6c40b50e93f3fbb645ac10189d94e0b7c12f6ff)","throwable":""}
{"timestamp":"2025-10-22T12:28:53,016","container":"8a8e46c31ccc","level":"INFO","thread":"BftProcessorExecutor-QBFT-0","class":"QbftBesuControllerBuilder","message":"Imported #193 / 0 tx / 0 pending / 0 (0.0%) gas / (0x8bd726e233537185d7be4a80611863adda4c6ce5008f8e24e047378baf74d632)","throwable":""}
{"timestamp":"2025-10-22T12:29:00,471","container":"8a8e46c31ccc","level":"INFO","thread":"BftProcessorExecutor-QBFT-0","class":"TimestampMoreRecentThanParent","message":"Invalid block header: timestamp 1761136140 is only 7 seconds newer than parent timestamp 1761136133. Minimum 8 seconds","throwable":""}
{"timestamp":"2025-10-22T12:29:00,472","container":"8a8e46c31ccc","level":"INFO","thread":"BftProcessorExecutor-QBFT-0","class":"MainnetBlockValidator","message":"Invalid block 194 (0x9e26382943ae8598549604a5df2a5c1d05b748e0e362edbcc5fce9cb1101370c): Optional[header validation rule violated, see logs]","throwable":""}
{"timestamp":"2025-10-22T12:29:00,472","container":"8a8e46c31ccc","level":"INFO","thread":"BftProcessorExecutor-QBFT-0","class":"ProposalPayloadValidator","message":"Invalid Proposal Payload: block did not pass validation. Reason Optional[header validation rule violated, see logs]","throwable":""}
{"timestamp":"2025-10-22T12:29:00,472","container":"8a8e46c31ccc","level":"INFO","thread":"BftProcessorExecutor-QBFT-0","class":"ProposalValidator","message":"Invalid Proposal Payload: invalid proposal payload in proposal message","throwable":""}
{"timestamp":"2025-10-22T12:29:10,494","container":"8a8e46c31ccc","level":"INFO","thread":"BftProcessorExecutor-QBFT-0","class":"QbftRound","message":"Importing proposed block to chain. round=ConsensusRoundIdentifier{Sequence=194, Round=1}, hash=0x8988a177d4f9736b30f0001eddbb8d787b37d876a698bccdedd5b9633ea7df8b","throwable":""}
{"timestamp":"2025-10-22T12:29:10,504","container":"8a8e46c31ccc","level":"INFO","thread":"EthScheduler-Workers-0","class":"PersistBlockTask","message":"Block 194 (0x8988a177d4f9736b30f0001eddbb8d787b37d876a698bccdedd5b9633ea7df8b) is already imported","throwable":""}
{"timestamp":"2025-10-22T12:29:10,505","container":"8a8e46c31ccc","level":"INFO","thread":"BftProcessorExecutor-QBFT-0","class":"QbftBesuControllerBuilder","message":"Produced #194 / 1 tx / 0 pending / 5,000,000 (0.0%) gas / (0x8988a177d4f9736b30f0001eddbb8d787b37d876a698bccdedd5b9633ea7df8b)","throwable":""}
{"timestamp":"2025-10-22T12:29:18,015","container":"8a8e46c31ccc","level":"INFO","thread":"BftProcessorExecutor-QBFT-0","class":"QbftBesuControllerBuilder","message":"Imported #195 / 0 tx / 0 pending / 0 (0.0%) gas / (0xd7bd70138cfef9264ef0821f73d1cdc015c3a1605005ec3aac454dee67932aa4)","throwable":""}
{"timestamp":"2025-10-22T12:29:26,019","container":"8a8e46c31ccc","level":"INFO","thread":"BftProcessorExecutor-QBFT-0","class":"QbftBesuControllerBuilder","message":"Imported #196 / 0 tx / 0 pending / 0 (0.0%) gas / (0xd8dc584c4205f40938785471028e46d08769a27d25fb3e556d94863c6a2a1f3b)","throwable":""}
{"timestamp":"2025-10-22T12:29:34,021","container":"8a8e46c31ccc","level":"INFO","thread":"EthScheduler-Workers-0","class":"PersistBlockTask","message":"Block 197 (0xfc840bc7d99daeac50493605cdfda091a45c54a50dd7fbbbdc420eba88ea9b37) is already imported","throwable":""}
{"timestamp":"2025-10-22T12:29:34,021","container":"8a8e46c31ccc","level":"INFO","thread":"BftProcessorExecutor-QBFT-0","class":"QbftBesuControllerBuilder","message":"Imported #197 / 0 tx / 0 pending / 0 (0.0%) gas / (0xfc840bc7d99daeac50493605cdfda091a45c54a50dd7fbbbdc420eba88ea9b37)","throwable":""}
{"timestamp":"2025-10-22T12:29:42,014","container":"8a8e46c31ccc","level":"INFO","thread":"BftProcessorExecutor-QBFT-0","class":"QbftBesuControllerBuilder","message":"Produced #198 / 0 tx / 0 pending / 0 (0.0%) gas / (0xf7a39fa5c7ab943bb3e8cd33e8975ec98ff1c68e3823d1b191a72428c2e7dd95)","throwable":""}
{"timestamp":"2025-10-22T12:29:50,019","container":"8a8e46c31ccc","level":"INFO","thread":"BftProcessorExecutor-QBFT-0","class":"QbftBesuControllerBuilder","message":"Imported #199 / 0 tx / 0 pending / 0 (0.0%) gas / (0xd7623eabb0908567987c557ac2f6890a2ea663e53b17e8726ab0f806ebdbd03b)","throwable":""}
{"timestamp":"2025-10-22T12:29:58,018","container":"8a8e46c31ccc","level":"INFO","thread":"BftProcessorExecutor-QBFT-0","class":"QbftBesuControllerBuilder","message":"Imported #200 / 0 tx / 0 pending / 0 (0.0%) gas / (0x53ebd0534e23758a4c78d86e45deccc87ac34290d15c2b78c62699850710e25d)","throwable":""}
{"timestamp":"2025-10-22T12:29:58,019","container":"8a8e46c31ccc","level":"INFO","thread":"EthScheduler-Workers-0","class":"PersistBlockTask","message":"Block 200 (0x53ebd0534e23758a4c78d86e45deccc87ac34290d15c2b78c62699850710e25d) is already imported","throwable":""}
{"timestamp":"2025-10-22T12:30:06,019","container":"8a8e46c31ccc","level":"INFO","thread":"BftProcessorExecutor-QBFT-0","class":"QbftBesuControllerBuilder","message":"Imported #201 / 0 tx / 0 pending / 0 (0.0%) gas / (0xea70e86344707c8f3c9f5b80c2d06ad6959098bad3def1050e5f9d4ba7e8f191)","throwable":""}
{"timestamp":"2025-10-22T12:30:14,034","container":"8a8e46c31ccc","level":"INFO","thread":"EthScheduler-Workers-0","class":"PersistBlockTask","message":"Block 202 (0x07b29221aad9f8d16ccb21ccc4d6449ae749f80a94b5dc000ab0a190c2a4e7fc) is already imported","throwable":""}
{"timestamp":"2025-10-22T12:30:14,034","container":"8a8e46c31ccc","level":"INFO","thread":"BftProcessorExecutor-QBFT-0","class":"QbftBesuControllerBuilder","message":"Produced #202 / 1 tx / 0 pending / 5,000,000 (0.0%) gas / (0x07b29221aad9f8d16ccb21ccc4d6449ae749f80a94b5dc000ab0a190c2a4e7fc)","throwable":""}
{"timestamp":"2025-10-22T12:30:22,012","container":"8a8e46c31ccc","level":"INFO","thread":"BftProcessorExecutor-QBFT-0","class":"QbftBesuControllerBuilder","message":"Imported #203 / 0 tx / 0 pending / 0 (0.0%) gas / (0xb0bd00cfda6eff2a36586babbddb601653a03fcd6a25c6abe9fa3bfbd30ed62b)","throwable":""}
{"timestamp":"2025-10-22T12:30:30,019","container":"8a8e46c31ccc","level":"INFO","thread":"EthScheduler-Workers-0","class":"PersistBlockTask","message":"Block 204 (0x804ecc29c3e3d3a9bc7a9c9c60844e21f6e8289b2471a1ba1a12fc84584e1ed4) is already imported","throwable":""}
{"timestamp":"2025-10-22T12:30:30,019","container":"8a8e46c31ccc","level":"INFO","thread":"BftProcessorExecutor-QBFT-0","class":"QbftBesuControllerBuilder","message":"Imported #204 / 0 tx / 0 pending / 0 (0.0%) gas / (0x804ecc29c3e3d3a9bc7a9c9c60844e21f6e8289b2471a1ba1a12fc84584e1ed4)","throwable":""}
{"timestamp":"2025-10-22T12:30:38,015","container":"8a8e46c31ccc","level":"INFO","thread":"BftProcessorExecutor-QBFT-0","class":"QbftBesuControllerBuilder","message":"Imported #205 / 0 tx / 0 pending / 0 (0.0%) gas / (0x956a6cee5c70e43505de22eeb3a08e44b783ccdb4232db63b2a3f69fc57994bc)","throwable":""}
{"timestamp":"2025-10-22T12:30:46,018","container":"8a8e46c31ccc","level":"INFO","thread":"BftProcessorExecutor-QBFT-0","class":"QbftBesuControllerBuilder","message":"Produced #206 / 0 tx / 0 pending / 0 (0.0%) gas / (0x45a81a1c2b5056c41ce46898fca2252b226aa7617ef912a08b9de19bcda8faf9)","throwable":""}
{"timestamp":"2025-10-22T12:30:53,443","container":"8a8e46c31ccc","level":"INFO","thread":"BftProcessorExecutor-QBFT-0","class":"TimestampMoreRecentThanParent","message":"Invalid block header: timestamp 1761136253 is only 7 seconds newer than parent timestamp 1761136246. Minimum 8 seconds","throwable":""}
{"timestamp":"2025-10-22T12:30:53,443","container":"8a8e46c31ccc","level":"INFO","thread":"BftProcessorExecutor-QBFT-0","class":"MainnetBlockValidator","message":"Invalid block 207 (0xfaf9ab91e107d88f62dfa8fa0df055f1a52b9775d9d60b3d133f0de0d91ead28): Optional[header validation rule violated, see logs]","throwable":""}
{"timestamp":"2025-10-22T12:30:53,443","container":"8a8e46c31ccc","level":"INFO","thread":"BftProcessorExecutor-QBFT-0","class":"ProposalPayloadValidator","message":"Invalid Proposal Payload: block did not pass validation. Reason Optional[header validation rule violated, see logs]","throwable":""}
{"timestamp":"2025-10-22T12:30:53,443","container":"8a8e46c31ccc","level":"INFO","thread":"BftProcessorExecutor-QBFT-0","class":"ProposalValidator","message":"Invalid Proposal Payload: invalid proposal payload in proposal message","throwable":""}
{"timestamp":"2025-10-22T12:31:03,474","container":"8a8e46c31ccc","level":"INFO","thread":"BftProcessorExecutor-QBFT-0","class":"QbftRound","message":"Importing proposed block to chain. round=ConsensusRoundIdentifier{Sequence=207, Round=1}, hash=0xa74bf22d4092040cf836fccfe0469426161abb6942729fcbe6f543adf3321905","throwable":""}
{"timestamp":"2025-10-22T12:31:03,477","container":"8a8e46c31ccc","level":"INFO","thread":"EthScheduler-Workers-0","class":"PersistBlockTask","message":"Block 207 (0xa74bf22d4092040cf836fccfe0469426161abb6942729fcbe6f543adf3321905) is already imported","throwable":""}
{"timestamp":"2025-10-22T12:31:03,478","container":"8a8e46c31ccc","level":"INFO","thread":"BftProcessorExecutor-QBFT-0","class":"QbftBesuControllerBuilder","message":"Imported #207 / 0 tx / 0 pending / 0 (0.0%) gas / (0xa74bf22d4092040cf836fccfe0469426161abb6942729fcbe6f543adf3321905)","throwable":""}
{"timestamp":"2025-10-22T12:31:11,012","container":"8a8e46c31ccc","level":"INFO","thread":"BftProcessorExecutor-QBFT-0","class":"QbftBesuControllerBuilder","message":"Imported #208 / 0 tx / 0 pending / 0 (0.0%) gas / (0x375e1164cdbc745b165915a6173dcd61529bc3f6cbead0506bc62669a19f0fa0)","throwable":""}
{"timestamp":"2025-10-22T12:31:19,024","container":"8a8e46c31ccc","level":"INFO","thread":"BftProcessorExecutor-QBFT-0","class":"QbftBesuControllerBuilder","message":"Produced #209 / 1 tx / 0 pending / 5,000,000 (0.0%) gas / (0x6aec1ab32513919aa9fcbeac456e881b6872bf1a64cc685c122516d062a90669)","throwable":""}
{"timestamp":"2025-10-22T12:31:27,018","container":"8a8e46c31ccc","level":"INFO","thread":"BftProcessorExecutor-QBFT-0","class":"QbftBesuControllerBuilder","message":"Imported #210 / 0 tx / 0 pending / 0 (0.0%) gas / (0x3322420aeba26f9634f208d0987e61b77eb9ec7b82cd0549a6f67084928218e0)","throwable":""}
{"timestamp":"2025-10-22T12:31:35,017","container":"8a8e46c31ccc","level":"INFO","thread":"EthScheduler-Workers-0","class":"PersistBlockTask","message":"Block 211 (0x9290226a2faf27c934e18e5c1ede6567b5f6b21b297e44a8b8bd72a89ad58577) is already imported","throwable":""}
{"timestamp":"2025-10-22T12:31:35,018","container":"8a8e46c31ccc","level":"INFO","thread":"BftProcessorExecutor-QBFT-0","class":"QbftBesuControllerBuilder","message":"Imported #211 / 0 tx / 0 pending / 0 (0.0%) gas / (0x9290226a2faf27c934e18e5c1ede6567b5f6b21b297e44a8b8bd72a89ad58577)","throwable":""}
{"timestamp":"2025-10-22T12:31:43,019","container":"8a8e46c31ccc","level":"INFO","thread":"BftProcessorExecutor-QBFT-0","class":"QbftBesuControllerBuilder","message":"Imported #212 / 0 tx / 0 pending / 0 (0.0%) gas / (0xd3dde12d2b74ac6f2e4edded0c7c02ac827259dfd318a9c0df92b634ad6dc940)","throwable":""}
{"timestamp":"2025-10-22T12:31:43,019","container":"8a8e46c31ccc","level":"INFO","thread":"EthScheduler-Workers-0","class":"PersistBlockTask","message":"Block 212 (0xd3dde12d2b74ac6f2e4edded0c7c02ac827259dfd318a9c0df92b634ad6dc940) is already imported","throwable":""}
{"timestamp":"2025-10-22T12:31:51,016","container":"8a8e46c31ccc","level":"INFO","thread":"BftProcessorExecutor-QBFT-0","class":"QbftBesuControllerBuilder","message":"Produced #213 / 0 tx / 0 pending / 0 (0.0%) gas / (0xef6038034d7fa7c88fed6007ad5e91a32b3ff807fc8fbbec9f58eb5ca2262f53)","throwable":""}
{"timestamp":"2025-10-22T12:31:59,009","container":"8a8e46c31ccc","level":"INFO","thread":"BftProcessorExecutor-QBFT-0","class":"QbftBesuControllerBuilder","message":"Imported #214 / 0 tx / 0 pending / 0 (0.0%) gas / (0x7c72f7351abfeb63342ce8d477f773beece10897040fabc90a5625fe6ce5e462)","throwable":""}
{"timestamp":"2025-10-22T12:32:07,015","container":"8a8e46c31ccc","level":"INFO","thread":"BftProcessorExecutor-QBFT-0","class":"QbftBesuControllerBuilder","message":"Imported #215 / 0 tx / 0 pending / 0 (0.0%) gas / (0xc8677674bcc040456406ac2cd3dcabde602f5feeac7298e3581627b5a50dae9f)","throwable":""}
{"timestamp":"2025-10-22T12:32:15,038","container":"8a8e46c31ccc","level":"INFO","thread":"EthScheduler-Workers-0","class":"PersistBlockTask","message":"Imported #216 / 0 tx / 0 om / 0 (0.0%) gas / (0xdd2deb90e14cdcf3ce15486cc7c00a587655f821499f169f5d7eb260e09b878a) in 0.001s. Peers: 5","throwable":""}
{"timestamp":"2025-10-22T12:32:23,018","container":"8a8e46c31ccc","level":"INFO","thread":"BftProcessorExecutor-QBFT-0","class":"QbftBesuControllerBuilder","message":"Produced #217 / 0 tx / 0 pending / 0 (0.0%) gas / (0x7868e8e3365e09d715b59f40e5ed04e7ea3d7dbb8ef61d4bdebaaac3b2506540)","throwable":""}
{"timestamp":"2025-10-22T12:32:31,018","container":"8a8e46c31ccc","level":"INFO","thread":"BftProcessorExecutor-QBFT-0","class":"QbftBesuControllerBuilder","message":"Imported #218 / 0 tx / 0 pending / 0 (0.0%) gas / (0x8fc8063827077ac055853e1bc8d80615201e7b20e35c12e30c7e9cf200b2dc4a)","throwable":""}
{"timestamp":"2025-10-22T12:32:38,469","container":"8a8e46c31ccc","level":"INFO","thread":"BftProcessorExecutor-QBFT-0","class":"TimestampMoreRecentThanParent","message":"Invalid block header: timestamp 1761136358 is only 7 seconds newer than parent timestamp 1761136351. Minimum 8 seconds","throwable":""}
{"timestamp":"2025-10-22T12:32:38,469","container":"8a8e46c31ccc","level":"INFO","thread":"BftProcessorExecutor-QBFT-0","class":"MainnetBlockValidator","message":"Invalid block 219 (0x866a257400087b16347e4a92d48bf56290b85bebd1d2d9c2bbfb623bb60d8c00): Optional[header validation rule violated, see logs]","throwable":""}
{"timestamp":"2025-10-22T12:32:38,469","container":"8a8e46c31ccc","level":"INFO","thread":"BftProcessorExecutor-QBFT-0","class":"ProposalPayloadValidator","message":"Invalid Proposal Payload: block did not pass validation. Reason Optional[header validation rule violated, see logs]","throwable":""}
{"timestamp":"2025-10-22T12:32:38,469","container":"8a8e46c31ccc","level":"INFO","thread":"BftProcessorExecutor-QBFT-0","class":"ProposalValidator","message":"Invalid Proposal Payload: invalid proposal payload in proposal message","throwable":""}
{"timestamp":"2025-10-22T12:32:48,486","container":"8a8e46c31ccc","level":"INFO","thread":"BftProcessorExecutor-QBFT-0","class":"QbftRound","message":"Importing proposed block to chain. round=ConsensusRoundIdentifier{Sequence=219, Round=1}, hash=0x5a2dfe31ef57b48f3e1d705e41b9d102144d06886a426e09604e665746d8f819","throwable":""}
{"timestamp":"2025-10-22T12:32:48,496","container":"8a8e46c31ccc","level":"INFO","thread":"EthScheduler-Workers-0","class":"PersistBlockTask","message":"Block 219 (0x5a2dfe31ef57b48f3e1d705e41b9d102144d06886a426e09604e665746d8f819) is already imported","throwable":""}
{"timestamp":"2025-10-22T12:32:48,496","container":"8a8e46c31ccc","level":"INFO","thread":"BftProcessorExecutor-QBFT-0","class":"QbftBesuControllerBuilder","message":"Imported #219 / 1 tx / 0 pending / 5,000,000 (0.0%) gas / (0x5a2dfe31ef57b48f3e1d705e41b9d102144d06886a426e09604e665746d8f819)","throwable":""}
{"timestamp":"2025-10-22T12:32:56,014","container":"8a8e46c31ccc","level":"INFO","thread":"BftProcessorExecutor-QBFT-0","class":"QbftBesuControllerBuilder","message":"Produced #220 / 0 tx / 0 pending / 0 (0.0%) gas / (0xc874f2a165cda33a1a5afac707221d02877bbfeb115fd2f9ba034cef60a6e0fa)","throwable":""}
{"timestamp":"2025-10-22T12:33:03,341","container":"8a8e46c31ccc","level":"INFO","thread":"BftProcessorExecutor-QBFT-0","class":"TimestampMoreRecentThanParent","message":"Invalid block header: timestamp 1761136383 is only 7 seconds newer than parent timestamp 1761136376. Minimum 8 seconds","throwable":""}
{"timestamp":"2025-10-22T12:33:03,341","container":"8a8e46c31ccc","level":"INFO","thread":"BftProcessorExecutor-QBFT-0","class":"MainnetBlockValidator","message":"Invalid block 221 (0xfe766eea3661949a6f2d0a2e0bc4767292102a306a227eb2f7560d06e51c155b): Optional[header validation rule violated, see logs]","throwable":""}
{"timestamp":"2025-10-22T12:33:03,342","container":"8a8e46c31ccc","level":"INFO","thread":"BftProcessorExecutor-QBFT-0","class":"ProposalPayloadValidator","message":"Invalid Proposal Payload: block did not pass validation. Reason Optional[header validation rule violated, see logs]","throwable":""}
{"timestamp":"2025-10-22T12:33:03,342","container":"8a8e46c31ccc","level":"INFO","thread":"BftProcessorExecutor-QBFT-0","class":"ProposalValidator","message":"Invalid Proposal Payload: invalid proposal payload in proposal message","throwable":""}
{"timestamp":"2025-10-22T12:33:13,352","container":"8a8e46c31ccc","level":"INFO","thread":"BftProcessorExecutor-QBFT-0","class":"QbftRound","message":"Importing proposed block to chain. round=ConsensusRoundIdentifier{Sequence=221, Round=1}, hash=0xa2086e7037f657142936c53b88f872e0437b20c5fe125ee2765525d1cf7ff796","throwable":""}
{"timestamp":"2025-10-22T12:33:13,356","container":"8a8e46c31ccc","level":"INFO","thread":"BftProcessorExecutor-QBFT-0","class":"QbftBesuControllerBuilder","message":"Imported #221 / 0 tx / 0 pending / 0 (0.0%) gas / (0xa2086e7037f657142936c53b88f872e0437b20c5fe125ee2765525d1cf7ff796)","throwable":""}
{"timestamp":"2025-10-22T12:33:21,013","container":"8a8e46c31ccc","level":"INFO","thread":"EthScheduler-Workers-0","class":"PersistBlockTask","message":"Block 222 (0x2f69c58387202b2e7811c7261d280f0c79ad9f11da16c1ec1b88abb0a1e8bd7d) is already imported","throwable":""}
{"timestamp":"2025-10-22T12:33:21,013","container":"8a8e46c31ccc","level":"INFO","thread":"BftProcessorExecutor-QBFT-0","class":"QbftBesuControllerBuilder","message":"Imported #222 / 0 tx / 0 pending / 0 (0.0%) gas / (0x2f69c58387202b2e7811c7261d280f0c79ad9f11da16c1ec1b88abb0a1e8bd7d)","throwable":""}
{"timestamp":"2025-10-22T12:33:29,021","container":"8a8e46c31ccc","level":"INFO","thread":"BftProcessorExecutor-QBFT-0","class":"QbftBesuControllerBuilder","message":"Produced #223 / 0 tx / 0 pending / 0 (0.0%) gas / (0x196a9510a44f58e1dc915fab96388ef62fb916b6e5f592e55a3ceecd1be32d20)","throwable":""}
{"timestamp":"2025-10-22T12:33:29,022","container":"8a8e46c31ccc","level":"INFO","thread":"EthScheduler-Workers-0","class":"PersistBlockTask","message":"Block 223 (0x196a9510a44f58e1dc915fab96388ef62fb916b6e5f592e55a3ceecd1be32d20) is already imported","throwable":""}
{"timestamp":"2025-10-22T12:33:36,348","container":"8a8e46c31ccc","level":"INFO","thread":"BftProcessorExecutor-QBFT-0","class":"TimestampMoreRecentThanParent","message":"Invalid block header: timestamp 1761136416 is only 7 seconds newer than parent timestamp 1761136409. Minimum 8 seconds","throwable":""}
{"timestamp":"2025-10-22T12:33:36,348","container":"8a8e46c31ccc","level":"INFO","thread":"BftProcessorExecutor-QBFT-0","class":"MainnetBlockValidator","message":"Invalid block 224 (0xfabf9d3837857baec20d2eccfbc34bcaa469a10e1ce3e0f493556f77f345decf): Optional[header validation rule violated, see logs]","throwable":""}
{"timestamp":"2025-10-22T12:33:36,349","container":"8a8e46c31ccc","level":"INFO","thread":"BftProcessorExecutor-QBFT-0","class":"ProposalPayloadValidator","message":"Invalid Proposal Payload: block did not pass validation. Reason Optional[header validation rule violated, see logs]","throwable":""}
{"timestamp":"2025-10-22T12:33:36,349","container":"8a8e46c31ccc","level":"INFO","thread":"BftProcessorExecutor-QBFT-0","class":"ProposalValidator","message":"Invalid Proposal Payload: invalid proposal payload in proposal message","throwable":""}
{"timestamp":"2025-10-22T12:33:46,367","container":"8a8e46c31ccc","level":"INFO","thread":"BftProcessorExecutor-QBFT-0","class":"QbftRound","message":"Importing proposed block to chain. round=ConsensusRoundIdentifier{Sequence=224, Round=1}, hash=0xede7960c31660d807322f8213fd4071b9bca4dbded44ed49ac86b1eb3d69b1aa","throwable":""}
{"timestamp":"2025-10-22T12:33:46,373","container":"8a8e46c31ccc","level":"INFO","thread":"BftProcessorExecutor-QBFT-0","class":"QbftBesuControllerBuilder","message":"Imported #224 / 0 tx / 0 pending / 0 (0.0%) gas / (0xede7960c31660d807322f8213fd4071b9bca4dbded44ed49ac86b1eb3d69b1aa)","throwable":""}
{"timestamp":"2025-10-22T12:33:54,022","container":"8a8e46c31ccc","level":"INFO","thread":"BftProcessorExecutor-QBFT-0","class":"QbftBesuControllerBuilder","message":"Imported #225 / 0 tx / 0 pending / 0 (0.0%) gas / (0x8fe7f96495c3b2d2fd76c67ce3e0abc8ef545b035b1518f9347001067b7e315d)","throwable":""}
{"timestamp":"2025-10-22T12:34:02,019","container":"8a8e46c31ccc","level":"INFO","thread":"EthScheduler-Workers-0","class":"PersistBlockTask","message":"Block 226 (0x3f3aa71d5d414a1b8bfad838e2d5b87270380cdf527e5f0e4ff82fd2a48204e4) is already imported","throwable":""}
{"timestamp":"2025-10-22T12:34:02,019","container":"8a8e46c31ccc","level":"INFO","thread":"BftProcessorExecutor-QBFT-0","class":"QbftBesuControllerBuilder","message":"Produced #226 / 0 tx / 0 pending / 0 (0.0%) gas / (0x3f3aa71d5d414a1b8bfad838e2d5b87270380cdf527e5f0e4ff82fd2a48204e4)","throwable":""}
{"timestamp":"2025-10-22T12:34:09,307","container":"8a8e46c31ccc","level":"INFO","thread":"BftProcessorExecutor-QBFT-0","class":"TimestampMoreRecentThanParent","message":"Invalid block header: timestamp 1761136449 is only 7 seconds newer than parent timestamp 1761136442. Minimum 8 seconds","throwable":""}
{"timestamp":"2025-10-22T12:34:09,308","container":"8a8e46c31ccc","level":"INFO","thread":"BftProcessorExecutor-QBFT-0","class":"MainnetBlockValidator","message":"Invalid block 227 (0x97c65fd8a09fb535bc731709bff8336ca720b1aaf7f28a637e7c87188843cd39): Optional[header validation rule violated, see logs]","throwable":""}
{"timestamp":"2025-10-22T12:34:09,308","container":"8a8e46c31ccc","level":"INFO","thread":"BftProcessorExecutor-QBFT-0","class":"ProposalPayloadValidator","message":"Invalid Proposal Payload: block did not pass validation. Reason Optional[header validation rule violated, see logs]","throwable":""}
{"timestamp":"2025-10-22T12:34:09,308","container":"8a8e46c31ccc","level":"INFO","thread":"BftProcessorExecutor-QBFT-0","class":"ProposalValidator","message":"Invalid Proposal Payload: invalid proposal payload in proposal message","throwable":""}
{"timestamp":"2025-10-22T12:34:19,322","container":"8a8e46c31ccc","level":"INFO","thread":"BftProcessorExecutor-QBFT-0","class":"QbftRound","message":"Importing proposed block to chain. round=ConsensusRoundIdentifier{Sequence=227, Round=1}, hash=0xe2b6e313d8ea11088f2fe77e944b8bc000d191ea3c217d585b281b49991634d3","throwable":""}
{"timestamp":"2025-10-22T12:34:19,324","container":"8a8e46c31ccc","level":"INFO","thread":"BftProcessorExecutor-QBFT-0","class":"QbftBesuControllerBuilder","message":"Imported #227 / 0 tx / 0 pending / 0 (0.0%) gas / (0xe2b6e313d8ea11088f2fe77e944b8bc000d191ea3c217d585b281b49991634d3)","throwable":""}
{"timestamp":"2025-10-22T12:34:27,032","container":"8a8e46c31ccc","level":"INFO","thread":"BftProcessorExecutor-QBFT-0","class":"QbftBesuControllerBuilder","message":"Imported #228 / 1 tx / 0 pending / 5,000,000 (0.0%) gas / (0x32b27644ccc16d24e10e890c90859c9ff8492cc45662e3dd17e7cd6337a5b8bd)","throwable":""}
{"timestamp":"2025-10-22T12:34:35,015","container":"8a8e46c31ccc","level":"INFO","thread":"BftProcessorExecutor-QBFT-0","class":"QbftBesuControllerBuilder","message":"Produced #229 / 0 tx / 0 pending / 0 (0.0%) gas / (0xd46098536e7f2a5c09e250464a1d022b3ced03e901aba2b545eca8bcb514d751)","throwable":""}
{"timestamp":"2025-10-22T12:34:42,283","container":"8a8e46c31ccc","level":"INFO","thread":"BftProcessorExecutor-QBFT-0","class":"TimestampMoreRecentThanParent","message":"Invalid block header: timestamp 1761136482 is only 7 seconds newer than parent timestamp 1761136475. Minimum 8 seconds","throwable":""}
{"timestamp":"2025-10-22T12:34:42,283","container":"8a8e46c31ccc","level":"INFO","thread":"BftProcessorExecutor-QBFT-0","class":"MainnetBlockValidator","message":"Invalid block 230 (0x78543f35dcd6ceff1808da81d4f4953131a9f7509c79ec8bf41527b9327f8cfe): Optional[header validation rule violated, see logs]","throwable":""}
{"timestamp":"2025-10-22T12:34:42,283","container":"8a8e46c31ccc","level":"INFO","thread":"BftProcessorExecutor-QBFT-0","class":"ProposalPayloadValidator","message":"Invalid Proposal Payload: block did not pass validation. Reason Optional[header validation rule violated, see logs]","throwable":""}
{"timestamp":"2025-10-22T12:34:42,283","container":"8a8e46c31ccc","level":"INFO","thread":"BftProcessorExecutor-QBFT-0","class":"ProposalValidator","message":"Invalid Proposal Payload: invalid proposal payload in proposal message","throwable":""}
{"timestamp":"2025-10-22T12:34:52,296","container":"8a8e46c31ccc","level":"INFO","thread":"BftProcessorExecutor-QBFT-0","class":"QbftRound","message":"Importing proposed block to chain. round=ConsensusRoundIdentifier{Sequence=230, Round=1}, hash=0xe1592799bdce6287ee0ffe345932392f1f45813b38e87cc6396678175499c03c","throwable":""}
{"timestamp":"2025-10-22T12:34:52,298","container":"8a8e46c31ccc","level":"INFO","thread":"EthScheduler-Workers-0","class":"PersistBlockTask","message":"Block 230 (0xe1592799bdce6287ee0ffe345932392f1f45813b38e87cc6396678175499c03c) is already imported","throwable":""}
{"timestamp":"2025-10-22T12:34:52,299","container":"8a8e46c31ccc","level":"INFO","thread":"BftProcessorExecutor-QBFT-0","class":"QbftBesuControllerBuilder","message":"Imported #230 / 0 tx / 0 pending / 0 (0.0%) gas / (0xe1592799bdce6287ee0ffe345932392f1f45813b38e87cc6396678175499c03c)","throwable":""}
{"timestamp":"2025-10-22T12:35:00,023","container":"8a8e46c31ccc","level":"INFO","thread":"EthScheduler-Workers-0","class":"PersistBlockTask","message":"Imported #231 / 0 tx / 0 om / 0 (0.0%) gas / (0xe30117955b6ec72f88110df91076dcad9392a4babdb79d3f5d68625161003623) in 0.002s. Peers: 5","throwable":""}
{"timestamp":"2025-10-22T12:35:08,024","container":"8a8e46c31ccc","level":"INFO","thread":"BftProcessorExecutor-QBFT-0","class":"QbftBesuControllerBuilder","message":"Produced #232 / 0 tx / 0 pending / 0 (0.0%) gas / (0x92b44dfb1c11fd8caa58fe745a3b728955a55368c01c37760bf5e5f7068e9e4c)","throwable":""}
{"timestamp":"2025-10-22T12:35:16,020","container":"8a8e46c31ccc","level":"INFO","thread":"EthScheduler-Workers-0","class":"PersistBlockTask","message":"Block 233 (0x4e3be12a2ce86c97021aaae715f8cdc8e0aacfe5211c493469d4184e8c491666) is already imported","throwable":""}
{"timestamp":"2025-10-22T12:35:16,021","container":"8a8e46c31ccc","level":"INFO","thread":"BftProcessorExecutor-QBFT-0","class":"QbftBesuControllerBuilder","message":"Imported #233 / 0 tx / 0 pending / 0 (0.0%) gas / (0x4e3be12a2ce86c97021aaae715f8cdc8e0aacfe5211c493469d4184e8c491666)","throwable":""}
{"timestamp":"2025-10-22T12:35:24,048","container":"8a8e46c31ccc","level":"INFO","thread":"BftProcessorExecutor-QBFT-0","class":"QbftBesuControllerBuilder","message":"Imported #234 / 1 tx / 0 pending / 5,000,000 (0.0%) gas / (0xf09069262cc597047ed8294b03ecfecd663f4665957b4c6f2d800a88ce5e3ba6)","throwable":""}
{"timestamp":"2025-10-22T12:35:32,020","container":"8a8e46c31ccc","level":"INFO","thread":"BftProcessorExecutor-QBFT-0","class":"QbftBesuControllerBuilder","message":"Imported #235 / 0 tx / 0 pending / 0 (0.0%) gas / (0xee158304fe144d5598b0b38d339f910910fa037e6901e115f99cab140e86e0b7)","throwable":""}
{"timestamp":"2025-10-22T12:35:40,014","container":"8a8e46c31ccc","level":"INFO","thread":"BftProcessorExecutor-QBFT-0","class":"QbftBesuControllerBuilder","message":"Produced #236 / 0 tx / 0 pending / 0 (0.0%) gas / (0x1ea0082b1139d62cc3d2b8002a05793b0d783e62c428bb4dfe19841aa0815a2c)","throwable":""}
{"timestamp":"2025-10-22T12:35:48,020","container":"8a8e46c31ccc","level":"INFO","thread":"EthScheduler-Workers-0","class":"PersistBlockTask","message":"Block 237 (0xa1f1a9af27d0869b37feec422949d152717d729946ede20cf9d4ad430a2e4cef) is already imported","throwable":""}
{"timestamp":"2025-10-22T12:35:48,020","container":"8a8e46c31ccc","level":"INFO","thread":"BftProcessorExecutor-QBFT-0","class":"QbftBesuControllerBuilder","message":"Imported #237 / 0 tx / 0 pending / 0 (0.0%) gas / (0xa1f1a9af27d0869b37feec422949d152717d729946ede20cf9d4ad430a2e4cef)","throwable":""}
{"timestamp":"2025-10-22T12:35:56,019","container":"8a8e46c31ccc","level":"INFO","thread":"EthScheduler-Workers-0","class":"PersistBlockTask","message":"Imported #238 / 0 tx / 0 om / 0 (0.0%) gas / (0x505d816e2b933179679e7353a0a51935d90b7164d3fe091b0d2e8872f713c4e9) in 0.002s. Peers: 5","throwable":""}
{"timestamp":"2025-10-22T12:35:56,021","container":"8a8e46c31ccc","level":"INFO","thread":"BftProcessorExecutor-QBFT-0","class":"QbftBesuControllerBuilder","message":"Imported #238 / 0 tx / 0 pending / 0 (0.0%) gas / (0x505d816e2b933179679e7353a0a51935d90b7164d3fe091b0d2e8872f713c4e9)","throwable":""}
{"timestamp":"2025-10-22T12:36:04,016","container":"8a8e46c31ccc","level":"INFO","thread":"BftProcessorExecutor-QBFT-0","class":"QbftBesuControllerBuilder","message":"Imported #239 / 0 tx / 0 pending / 0 (0.0%) gas / (0x7dfc8b0cc7186c64ac20cb87e6866dd385525fa3d1998cf6dc51932e8e6cb441)","throwable":""}
{"timestamp":"2025-10-22T12:36:12,020","container":"8a8e46c31ccc","level":"INFO","thread":"BftProcessorExecutor-QBFT-0","class":"QbftBesuControllerBuilder","message":"Produced #240 / 0 tx / 0 pending / 0 (0.0%) gas / (0x722f4141f27c616f6850a5f52ea1fe4dbb67388ef8ff6da7a9897f73fbd64df9)","throwable":""}
{"timestamp":"2025-10-22T12:36:20,015","container":"8a8e46c31ccc","level":"INFO","thread":"EthScheduler-Workers-0","class":"PersistBlockTask","message":"Imported #241 / 0 tx / 0 om / 0 (0.0%) gas / (0xaa725173fcb1d86e1205c49330c7b505c2b8afda33b5b19dd075fc7d36137aed) in 0.002s. Peers: 5","throwable":""}
{"timestamp":"2025-10-22T12:36:28,020","container":"8a8e46c31ccc","level":"INFO","thread":"BftProcessorExecutor-QBFT-0","class":"QbftBesuControllerBuilder","message":"Imported #242 / 0 tx / 0 pending / 0 (0.0%) gas / (0x463ae64dd91a954cf3129d6726a7330e6ce5349d4b41bb251b09dfd7fa0f4ae9)","throwable":""}
{"timestamp":"2025-10-22T12:36:36,019","container":"8a8e46c31ccc","level":"INFO","thread":"EthScheduler-Workers-0","class":"PersistBlockTask","message":"Block 243 (0xc920d42e1795f8ad816b79eeee79cd2a62ab86566af78655107a8d852ca09684) is already imported","throwable":""}
{"timestamp":"2025-10-22T12:36:36,019","container":"8a8e46c31ccc","level":"INFO","thread":"BftProcessorExecutor-QBFT-0","class":"QbftBesuControllerBuilder","message":"Imported #243 / 0 tx / 0 pending / 0 (0.0%) gas / (0xc920d42e1795f8ad816b79eeee79cd2a62ab86566af78655107a8d852ca09684)","throwable":""}
{"timestamp":"2025-10-22T12:36:44,015","container":"8a8e46c31ccc","level":"INFO","thread":"BftProcessorExecutor-QBFT-0","class":"QbftBesuControllerBuilder","message":"Produced #244 / 0 tx / 0 pending / 0 (0.0%) gas / (0x026d1974ef130dce7bc3f9f9966051dea79aa6cc2ef76d2cb686320cb0ac99db)","throwable":""}
{"timestamp":"2025-10-22T12:36:52,027","container":"8a8e46c31ccc","level":"INFO","thread":"EthScheduler-Workers-0","class":"PersistBlockTask","message":"Block 245 (0x9c11d8c96eaa44a6b68a281a51356e18a381e4799d61853ba0fa17722cf145bc) is already imported","throwable":""}
{"timestamp":"2025-10-22T12:36:52,028","container":"8a8e46c31ccc","level":"INFO","thread":"BftProcessorExecutor-QBFT-0","class":"QbftBesuControllerBuilder","message":"Imported #245 / 0 tx / 0 pending / 0 (0.0%) gas / (0x9c11d8c96eaa44a6b68a281a51356e18a381e4799d61853ba0fa17722cf145bc)","throwable":""}
{"timestamp":"2025-10-22T12:37:00,023","container":"8a8e46c31ccc","level":"INFO","thread":"BftProcessorExecutor-QBFT-0","class":"QbftBesuControllerBuilder","message":"Imported #246 / 0 tx / 0 pending / 0 (0.0%) gas / (0x2d81e676de6c06607bb989ac64e648a713327583d4558e73040b101e9a21da98)","throwable":""}
{"timestamp":"2025-10-22T12:37:08,016","container":"8a8e46c31ccc","level":"INFO","thread":"BftProcessorExecutor-QBFT-0","class":"QbftBesuControllerBuilder","message":"Imported #247 / 0 tx / 0 pending / 0 (0.0%) gas / (0x5f42b13072a2152d5c30d1d2f7e4252fb0436ac7c5edaacebbc78c9e2a0b4bd9)","throwable":""}
{"timestamp":"2025-10-22T12:37:16,017","container":"8a8e46c31ccc","level":"INFO","thread":"BftProcessorExecutor-QBFT-0","class":"QbftBesuControllerBuilder","message":"Produced #248 / 0 tx / 0 pending / 0 (0.0%) gas / (0x14a1e776fc325cfffaab880fd3f254bc58d8a6f87eb3192340f0a8475374d16d)","throwable":""}
{"timestamp":"2025-10-22T12:37:24,021","container":"8a8e46c31ccc","level":"INFO","thread":"BftProcessorExecutor-QBFT-0","class":"QbftBesuControllerBuilder","message":"Imported #249 / 0 tx / 0 pending / 0 (0.0%) gas / (0x3b3f1752e7d969e5c6aa3b5e0924e0e33a485f301d75226743bbf11ce8897250)","throwable":""}
{"timestamp":"2025-10-22T12:37:32,013","container":"8a8e46c31ccc","level":"INFO","thread":"BftProcessorExecutor-QBFT-0","class":"QbftBesuControllerBuilder","message":"Imported #250 / 0 tx / 0 pending / 0 (0.0%) gas / (0x730e2a0d76ef57444196226fc5f037bf238f78c9186eaf515e1b94378537b96b)","throwable":""}
{"timestamp":"2025-10-22T12:37:40,014","container":"8a8e46c31ccc","level":"INFO","thread":"BftProcessorExecutor-QBFT-0","class":"QbftBesuControllerBuilder","message":"Imported #251 / 0 tx / 0 pending / 0 (0.0%) gas / (0x87550042fc09e1870256e5cb6d51b05adf732a31de38cbe1332d4624b33928a6)","throwable":""}
{"timestamp":"2025-10-22T12:37:48,014","container":"8a8e46c31ccc","level":"INFO","thread":"BftProcessorExecutor-QBFT-0","class":"QbftBesuControllerBuilder","message":"Produced #252 / 0 tx / 0 pending / 0 (0.0%) gas / (0x677368381a8ec2fafcd03c5b27926ad2a01cf2238da5a7143d309cea197c661d)","throwable":""}
{"timestamp":"2025-10-22T12:37:56,017","container":"8a8e46c31ccc","level":"INFO","thread":"BftProcessorExecutor-QBFT-0","class":"QbftBesuControllerBuilder","message":"Imported #253 / 0 tx / 0 pending / 0 (0.0%) gas / (0xe58f53001b8d1c9c4d7a6f8e0adad95b6252dde82448ad11aedc9fbd749e7f3c)","throwable":""}
{"timestamp":"2025-10-22T12:38:04,010","container":"8a8e46c31ccc","level":"INFO","thread":"BftProcessorExecutor-QBFT-0","class":"QbftBesuControllerBuilder","message":"Imported #254 / 0 tx / 0 pending / 0 (0.0%) gas / (0x8c2c2489f622320ec4459934c0a80e2d5e5088339f93ede79b01d2c986a8c9c8)","throwable":""}
{"timestamp":"2025-10-22T12:38:12,014","container":"8a8e46c31ccc","level":"INFO","thread":"BftProcessorExecutor-QBFT-0","class":"QbftBesuControllerBuilder","message":"Imported #255 / 0 tx / 0 pending / 0 (0.0%) gas / (0x05dac8bca99bb95111d8a891aa455733545f5725402b90a9cf7857a338e6cb68)","throwable":""}
{"timestamp":"2025-10-22T12:38:20,021","container":"8a8e46c31ccc","level":"INFO","thread":"BftProcessorExecutor-QBFT-0","class":"QbftBesuControllerBuilder","message":"Produced #256 / 0 tx / 0 pending / 0 (0.0%) gas / (0xf027a36332058897541c971068cc0a63d5a403d6c0eb4ecf14624c00525bd97f)","throwable":""}
{"timestamp":"2025-10-22T12:38:28,026","container":"8a8e46c31ccc","level":"INFO","thread":"BftProcessorExecutor-QBFT-0","class":"QbftBesuControllerBuilder","message":"Imported #257 / 0 tx / 0 pending / 0 (0.0%) gas / (0x0596e9901a79a8240e9378f8f0414cab75d0fa3420215caabdfe753d1c7a135f)","throwable":""}
{"timestamp":"2025-10-22T12:38:36,042","container":"8a8e46c31ccc","level":"INFO","thread":"BftProcessorExecutor-QBFT-0","class":"QbftBesuControllerBuilder","message":"Imported #258 / 0 tx / 0 pending / 0 (0.0%) gas / (0x9c0c2262f54286db7aa25995bc532bed8bbb720fb29af862b8e31e107ff89dca)","throwable":""}
{"timestamp":"2025-10-22T12:38:44,011","container":"8a8e46c31ccc","level":"INFO","thread":"BftProcessorExecutor-QBFT-0","class":"QbftBesuControllerBuilder","message":"Imported #259 / 0 tx / 0 pending / 0 (0.0%) gas / (0x51da84dbdf44de2e7ad35b814b34df3c6d7f5eb4c929c9ae8ee875d3abf42cf9)","throwable":""}
{"timestamp":"2025-10-22T12:38:52,010","container":"8a8e46c31ccc","level":"INFO","thread":"BftProcessorExecutor-QBFT-0","class":"QbftBesuControllerBuilder","message":"Produced #260 / 0 tx / 0 pending / 0 (0.0%) gas / (0x806d5a9d1a362e9de549c63d008df56237ff500590168eb8bc0255cf75709563)","throwable":""}
{"timestamp":"2025-10-22T12:39:00,024","container":"8a8e46c31ccc","level":"INFO","thread":"EthScheduler-Workers-0","class":"PersistBlockTask","message":"Imported #261 / 0 tx / 0 om / 0 (0.0%) gas / (0x18bb6a3268e55ae2aefe707aba5367e36b35626c09ad27f3fb0d0d7298944df7) in 0.008s. Peers: 5","throwable":""}
{"timestamp":"2025-10-22T12:39:00,025","container":"8a8e46c31ccc","level":"INFO","thread":"BftProcessorExecutor-QBFT-0","class":"QbftBesuControllerBuilder","message":"Imported #261 / 0 tx / 0 pending / 0 (0.0%) gas / (0x18bb6a3268e55ae2aefe707aba5367e36b35626c09ad27f3fb0d0d7298944df7)","throwable":""}
{"timestamp":"2025-10-22T12:39:08,029","container":"8a8e46c31ccc","level":"INFO","thread":"BftProcessorExecutor-QBFT-0","class":"QbftBesuControllerBuilder","message":"Imported #262 / 0 tx / 0 pending / 0 (0.0%) gas / (0xaf30a4bbc943b9eb2254802ba927a59481e98c4098a00d53ae9376b82c69465b)","throwable":""}
{"timestamp":"2025-10-22T12:39:16,013","container":"8a8e46c31ccc","level":"INFO","thread":"BftProcessorExecutor-QBFT-0","class":"QbftBesuControllerBuilder","message":"Imported #263 / 0 tx / 0 pending / 0 (0.0%) gas / (0x9b953e8c5c0ba8a2c5bc61001998c98040752084e9c1f7d8eaff550fcd1c0777)","throwable":""}
{"timestamp":"2025-10-22T12:39:24,010","container":"8a8e46c31ccc","level":"INFO","thread":"BftProcessorExecutor-QBFT-0","class":"QbftBesuControllerBuilder","message":"Produced #264 / 0 tx / 0 pending / 0 (0.0%) gas / (0x3318c2399b9e52264b2afe1abe03d2916f94b36089310235ade6cfbfa7c4cbed)","throwable":""}
{"timestamp":"2025-10-22T12:39:32,011","container":"8a8e46c31ccc","level":"INFO","thread":"BftProcessorExecutor-QBFT-0","class":"QbftBesuControllerBuilder","message":"Imported #265 / 0 tx / 0 pending / 0 (0.0%) gas / (0x96c3c30cc9488df013f17a06dd71eadca650b78119e92cd798489a155820d0c6)","throwable":""}
{"timestamp":"2025-10-22T12:39:40,012","container":"8a8e46c31ccc","level":"INFO","thread":"BftProcessorExecutor-QBFT-0","class":"QbftBesuControllerBuilder","message":"Imported #266 / 0 tx / 0 pending / 0 (0.0%) gas / (0x053b70351da31847c32c656c098bc3962f6f2383e9921b82d13fc2bf92498367)","throwable":""}
{"timestamp":"2025-10-22T12:39:48,016","container":"8a8e46c31ccc","level":"INFO","thread":"BftProcessorExecutor-QBFT-0","class":"QbftBesuControllerBuilder","message":"Imported #267 / 0 tx / 0 pending / 0 (0.0%) gas / (0x29ecd7b00d1b94cd90e6ecc261f1f8c2c7daf0b8e9db7d62c994458e6750eeb7)","throwable":""}
{"timestamp":"2025-10-22T12:39:56,012","container":"8a8e46c31ccc","level":"INFO","thread":"BftProcessorExecutor-QBFT-0","class":"QbftBesuControllerBuilder","message":"Produced #268 / 0 tx / 0 pending / 0 (0.0%) gas / (0x84d4b7e33a5ee93c917ea14c4903f3f38074e034c19128a043d5f03f9bc7ee08)","throwable":""}
{"timestamp":"2025-10-22T12:40:04,013","container":"8a8e46c31ccc","level":"INFO","thread":"BftProcessorExecutor-QBFT-0","class":"QbftBesuControllerBuilder","message":"Imported #269 / 0 tx / 0 pending / 0 (0.0%) gas / (0x50a9ca925ad8aedd9196280a0a1f77d7d4912aa0e0c6d15d75432586e2797fc6)","throwable":""}
{"timestamp":"2025-10-22T12:40:12,017","container":"8a8e46c31ccc","level":"INFO","thread":"BftProcessorExecutor-QBFT-0","class":"QbftBesuControllerBuilder","message":"Imported #270 / 0 tx / 0 pending / 0 (0.0%) gas / (0x67cd0be44e883855e06f8c57f63b9b3234dea0a93afa7438e54786afdd7ba39b)","throwable":""}
{"timestamp":"2025-10-22T12:40:12,017","container":"8a8e46c31ccc","level":"INFO","thread":"EthScheduler-Workers-0","class":"PersistBlockTask","message":"Block 270 (0x67cd0be44e883855e06f8c57f63b9b3234dea0a93afa7438e54786afdd7ba39b) is already imported","throwable":""}
{"timestamp":"2025-10-22T12:40:20,015","container":"8a8e46c31ccc","level":"INFO","thread":"EthScheduler-Workers-0","class":"PersistBlockTask","message":"Imported #271 / 0 tx / 0 om / 0 (0.0%) gas / (0x18810236936ee2a47b66060dee3f7cd63099c76e93ac67341136bca6496b5940) in 0.003s. Peers: 5","throwable":""}
{"timestamp":"2025-10-22T12:40:20,015","container":"8a8e46c31ccc","level":"INFO","thread":"BftProcessorExecutor-QBFT-0","class":"QbftBesuControllerBuilder","message":"Imported #271 / 0 tx / 0 pending / 0 (0.0%) gas / (0x18810236936ee2a47b66060dee3f7cd63099c76e93ac67341136bca6496b5940)","throwable":""}
{"timestamp":"2025-10-22T12:40:28,019","container":"8a8e46c31ccc","level":"INFO","thread":"BftProcessorExecutor-QBFT-0","class":"QbftBesuControllerBuilder","message":"Produced #272 / 0 tx / 0 pending / 0 (0.0%) gas / (0x9d85f22746b9d085859e44324542419588a2af5f8884d51944f2d5d5194623a0)","throwable":""}
{"timestamp":"2025-10-22T12:40:36,017","container":"8a8e46c31ccc","level":"INFO","thread":"BftProcessorExecutor-QBFT-0","class":"QbftBesuControllerBuilder","message":"Imported #273 / 0 tx / 0 pending / 0 (0.0%) gas / (0x8c2f33573091f9ecc333a0e3e37a055b0abdeef059e81322715e1194693418be)","throwable":""}
{"timestamp":"2025-10-22T12:40:36,018","container":"8a8e46c31ccc","level":"INFO","thread":"EthScheduler-Workers-0","class":"PersistBlockTask","message":"Block 273 (0x8c2f33573091f9ecc333a0e3e37a055b0abdeef059e81322715e1194693418be) is already imported","throwable":""}
{"timestamp":"2025-10-22T12:40:44,014","container":"8a8e46c31ccc","level":"INFO","thread":"BftProcessorExecutor-QBFT-0","class":"QbftBesuControllerBuilder","message":"Imported #274 / 0 tx / 0 pending / 0 (0.0%) gas / (0xd08ac84073f7098781731cfd5c64a9752cfc4807de6344e7cd319c95e90ec147)","throwable":""}
{"timestamp":"2025-10-22T12:40:52,010","container":"8a8e46c31ccc","level":"INFO","thread":"BftProcessorExecutor-QBFT-0","class":"QbftBesuControllerBuilder","message":"Imported #275 / 0 tx / 0 pending / 0 (0.0%) gas / (0x0e33023adbf854b43f7976e1d6d96c7afd3911a52439f06185326a129b0c9460)","throwable":""}
{"timestamp":"2025-10-22T12:41:00,018","container":"8a8e46c31ccc","level":"INFO","thread":"BftProcessorExecutor-QBFT-0","class":"QbftBesuControllerBuilder","message":"Produced #276 / 0 tx / 0 pending / 0 (0.0%) gas / (0x921227e550e27eeaf51c329290ab7b6b94a5aa352bd9c39fae855582830e05f7)","throwable":""}
{"timestamp":"2025-10-22T12:41:08,013","container":"8a8e46c31ccc","level":"INFO","thread":"BftProcessorExecutor-QBFT-0","class":"QbftBesuControllerBuilder","message":"Imported #277 / 0 tx / 0 pending / 0 (0.0%) gas / (0x2d34be97392ce9858210491439ec2bd89be87d99359e93e0084b5eadb664a093)","throwable":""}
{"timestamp":"2025-10-22T12:41:16,017","container":"8a8e46c31ccc","level":"INFO","thread":"BftProcessorExecutor-QBFT-0","class":"QbftBesuControllerBuilder","message":"Imported #278 / 0 tx / 0 pending / 0 (0.0%) gas / (0xee6bcb4206c5c6371fc7fefb2b7565cac2de92f211804c7bcda9cad1112048b3)","throwable":""}
{"timestamp":"2025-10-22T12:41:16,018","container":"8a8e46c31ccc","level":"INFO","thread":"EthScheduler-Workers-0","class":"PersistBlockTask","message":"Block 278 (0xee6bcb4206c5c6371fc7fefb2b7565cac2de92f211804c7bcda9cad1112048b3) is already imported","throwable":""}
{"timestamp":"2025-10-22T12:41:24,010","container":"8a8e46c31ccc","level":"INFO","thread":"BftProcessorExecutor-QBFT-0","class":"QbftBesuControllerBuilder","message":"Imported #279 / 0 tx / 0 pending / 0 (0.0%) gas / (0x51013a9544c12c70c8682cf4389eac3b99953c00b86a7300e473ce8984b42b8d)","throwable":""}
{"timestamp":"2025-10-22T12:41:32,013","container":"8a8e46c31ccc","level":"INFO","thread":"BftProcessorExecutor-QBFT-0","class":"QbftBesuControllerBuilder","message":"Produced #280 / 0 tx / 0 pending / 0 (0.0%) gas / (0x506d8d69137dba3f337453af47219daea3dbf33bb0670904c81334431fdd3a2c)","throwable":""}
{"timestamp":"2025-10-22T12:41:40,010","container":"8a8e46c31ccc","level":"INFO","thread":"BftProcessorExecutor-QBFT-0","class":"QbftBesuControllerBuilder","message":"Imported #281 / 0 tx / 0 pending / 0 (0.0%) gas / (0x21012fb5f943201fafc92b7e1ae5710b11d09dda7cd294435d158561e44d2da2)","throwable":""}
{"timestamp":"2025-10-22T12:41:48,009","container":"8a8e46c31ccc","level":"INFO","thread":"BftProcessorExecutor-QBFT-0","class":"QbftBesuControllerBuilder","message":"Imported #282 / 0 tx / 0 pending / 0 (0.0%) gas / (0x02f543be35be99de70a6bc5dfcef3b5db98b4f46049b5999f7869afe379da7aa)","throwable":""}
{"timestamp":"2025-10-22T12:41:56,018","container":"8a8e46c31ccc","level":"INFO","thread":"EthScheduler-Workers-0","class":"PersistBlockTask","message":"Block 283 (0xa2501a050d1eeb04c237da96d9c53b1eb01746d13ee1ebcda671887f39156c2f) is already imported","throwable":""}
{"timestamp":"2025-10-22T12:41:56,018","container":"8a8e46c31ccc","level":"INFO","thread":"BftProcessorExecutor-QBFT-0","class":"QbftBesuControllerBuilder","message":"Imported #283 / 0 tx / 0 pending / 0 (0.0%) gas / (0xa2501a050d1eeb04c237da96d9c53b1eb01746d13ee1ebcda671887f39156c2f)","throwable":""}
{"timestamp":"2025-10-22T12:42:04,009","container":"8a8e46c31ccc","level":"INFO","thread":"BftProcessorExecutor-QBFT-0","class":"QbftBesuControllerBuilder","message":"Produced #284 / 0 tx / 0 pending / 0 (0.0%) gas / (0x4d8d96553fd968f14f2f1b8983147404051e26867f59de5930fb51a628fb1f19)","throwable":""}
{"timestamp":"2025-10-22T12:42:12,010","container":"8a8e46c31ccc","level":"INFO","thread":"BftProcessorExecutor-QBFT-0","class":"QbftBesuControllerBuilder","message":"Imported #285 / 0 tx / 0 pending / 0 (0.0%) gas / (0x8dd45c85b538b67ec393dffd8431cbfd9f60c88d9b6b24ae8a5aa934dc6e8a9b)","throwable":""}
{"timestamp":"2025-10-22T12:42:20,010","container":"8a8e46c31ccc","level":"INFO","thread":"BftProcessorExecutor-QBFT-0","class":"QbftBesuControllerBuilder","message":"Imported #286 / 0 tx / 0 pending / 0 (0.0%) gas / (0x2ba1424ff1554511572790e9e5c9ef073ee5c8112005366347e7c828288dd998)","throwable":""}
{"timestamp":"2025-10-22T12:42:28,011","container":"8a8e46c31ccc","level":"INFO","thread":"EthScheduler-Workers-0","class":"PersistBlockTask","message":"Block 287 (0x3c7bb12ee076a25ae66300207170c7e8e68832d9afa0dc092ee100442a56d960) is already imported","throwable":""}
{"timestamp":"2025-10-22T12:42:28,012","container":"8a8e46c31ccc","level":"INFO","thread":"BftProcessorExecutor-QBFT-0","class":"QbftBesuControllerBuilder","message":"Imported #287 / 0 tx / 0 pending / 0 (0.0%) gas / (0x3c7bb12ee076a25ae66300207170c7e8e68832d9afa0dc092ee100442a56d960)","throwable":""}
{"timestamp":"2025-10-22T12:42:36,015","container":"8a8e46c31ccc","level":"INFO","thread":"BftProcessorExecutor-QBFT-0","class":"QbftBesuControllerBuilder","message":"Produced #288 / 0 tx / 0 pending / 0 (0.0%) gas / (0x787eb712938e7c2795adc8013ed8ccb312e2ac5cc031225897c3a34d10195a90)","throwable":""}
{"timestamp":"2025-10-22T12:42:44,009","container":"8a8e46c31ccc","level":"INFO","thread":"BftProcessorExecutor-QBFT-0","class":"QbftBesuControllerBuilder","message":"Imported #289 / 0 tx / 0 pending / 0 (0.0%) gas / (0xfb1933a43c16b7e6fdfbd64309664bb6bd7b77a2539a04d79189f41dc4fe2b6b)","throwable":""}
{"timestamp":"2025-10-22T12:42:52,019","container":"8a8e46c31ccc","level":"INFO","thread":"EthScheduler-Workers-0","class":"PersistBlockTask","message":"Imported #290 / 0 tx / 0 om / 0 (0.0%) gas / (0x00d2292416e172d198d5608b940005c29e126a24a70d1ae819cd07e5716b3920) in 0.002s. Peers: 5","throwable":""}
{"timestamp":"2025-10-22T12:42:52,019","container":"8a8e46c31ccc","level":"INFO","thread":"BftProcessorExecutor-QBFT-0","class":"QbftBesuControllerBuilder","message":"Imported #290 / 0 tx / 0 pending / 0 (0.0%) gas / (0x00d2292416e172d198d5608b940005c29e126a24a70d1ae819cd07e5716b3920)","throwable":""}
{"timestamp":"2025-10-22T12:43:00,010","container":"8a8e46c31ccc","level":"INFO","thread":"BftProcessorExecutor-QBFT-0","class":"QbftBesuControllerBuilder","message":"Imported #291 / 0 tx / 0 pending / 0 (0.0%) gas / (0xa89491a829331f7e1a854ab8c2499cf98b76c4eccb4fe2e31f6fc2650da864f5)","throwable":""}
{"timestamp":"2025-10-22T12:43:08,013","container":"8a8e46c31ccc","level":"INFO","thread":"BftProcessorExecutor-QBFT-0","class":"QbftBesuControllerBuilder","message":"Produced #292 / 0 tx / 0 pending / 0 (0.0%) gas / (0x40825fb762eb5711006f3df2ccee77125660d51db4504f5dd8b76932aba5fcac)","throwable":""}
{"timestamp":"2025-10-22T12:43:08,014","container":"8a8e46c31ccc","level":"INFO","thread":"EthScheduler-Workers-0","class":"PersistBlockTask","message":"Block 292 (0x40825fb762eb5711006f3df2ccee77125660d51db4504f5dd8b76932aba5fcac) is already imported","throwable":""}
{"timestamp":"2025-10-22T12:43:16,009","container":"8a8e46c31ccc","level":"INFO","thread":"BftProcessorExecutor-QBFT-0","class":"QbftBesuControllerBuilder","message":"Imported #293 / 0 tx / 0 pending / 0 (0.0%) gas / (0x4b086cd8b6b1fd0cfdba848dbac2276b6e2246a770cab0e1733fec18d6f99dcf)","throwable":""}
{"timestamp":"2025-10-22T12:43:24,012","container":"8a8e46c31ccc","level":"INFO","thread":"BftProcessorExecutor-QBFT-0","class":"QbftBesuControllerBuilder","message":"Imported #294 / 0 tx / 0 pending / 0 (0.0%) gas / (0x694e336020c21b08d873435534d4e23b1f37bca222c5dc2ca2fecc5e054a35ad)","throwable":""}
{"timestamp":"2025-10-22T12:43:32,017","container":"8a8e46c31ccc","level":"INFO","thread":"EthScheduler-Workers-0","class":"PersistBlockTask","message":"Block 295 (0x61abfd356d80ad4edbd44c98b3d6ee99d098f7dfeb78f1f686463d2e1e49a05e) is already imported","throwable":""}
{"timestamp":"2025-10-22T12:43:32,017","container":"8a8e46c31ccc","level":"INFO","thread":"BftProcessorExecutor-QBFT-0","class":"QbftBesuControllerBuilder","message":"Imported #295 / 0 tx / 0 pending / 0 (0.0%) gas / (0x61abfd356d80ad4edbd44c98b3d6ee99d098f7dfeb78f1f686463d2e1e49a05e)","throwable":""}
{"timestamp":"2025-10-22T12:43:40,010","container":"8a8e46c31ccc","level":"INFO","thread":"BftProcessorExecutor-QBFT-0","class":"QbftBesuControllerBuilder","message":"Produced #296 / 0 tx / 0 pending / 0 (0.0%) gas / (0x83f9beecd7c0c87255b40131a1ba9b7186b431667f389238f47c9998f4cd0814)","throwable":""}
{"timestamp":"2025-10-22T12:43:48,015","container":"8a8e46c31ccc","level":"INFO","thread":"BftProcessorExecutor-QBFT-0","class":"QbftBesuControllerBuilder","message":"Imported #297 / 0 tx / 0 pending / 0 (0.0%) gas / (0x738025968cdfe0a38c02be28fde29095d789cd80a44bc9f27af6390d60450874)","throwable":""}
{"timestamp":"2025-10-22T12:43:56,014","container":"8a8e46c31ccc","level":"INFO","thread":"BftProcessorExecutor-QBFT-0","class":"QbftBesuControllerBuilder","message":"Imported #298 / 0 tx / 0 pending / 0 (0.0%) gas / (0x57ff804c26420551ce629a83cfc951478241eb0ae721f402bc5e8fdef4e1708f)","throwable":""}
{"timestamp":"2025-10-22T12:44:04,013","container":"8a8e46c31ccc","level":"INFO","thread":"BftProcessorExecutor-QBFT-0","class":"QbftBesuControllerBuilder","message":"Imported #299 / 0 tx / 0 pending / 0 (0.0%) gas / (0x6d58a3974e12e59e98c5e23b89b5ec9042ecdd85ecffd294a222219c2c8d9335)","throwable":""}
{"timestamp":"2025-10-22T12:44:12,017","container":"8a8e46c31ccc","level":"INFO","thread":"EthScheduler-Workers-0","class":"PersistBlockTask","message":"Imported #300 / 0 tx / 0 om / 0 (0.0%) gas / (0x521e4031fa908d928a0491d811f4b238f04067677eaf3ceb1ba80417ceb67f0b) in 0.001s. Peers: 5","throwable":""}
{"timestamp":"2025-10-22T12:44:12,017","container":"8a8e46c31ccc","level":"INFO","thread":"BftProcessorExecutor-QBFT-0","class":"QbftBesuControllerBuilder","message":"Produced #300 / 0 tx / 0 pending / 0 (0.0%) gas / (0x521e4031fa908d928a0491d811f4b238f04067677eaf3ceb1ba80417ceb67f0b)","throwable":""}
{"timestamp":"2025-10-22T12:44:20,013","container":"8a8e46c31ccc","level":"INFO","thread":"BftProcessorExecutor-QBFT-0","class":"QbftBesuControllerBuilder","message":"Imported #301 / 0 tx / 0 pending / 0 (0.0%) gas / (0xebb0d160050f91eababe396cb25d4f827e20d7fcc2f4b55cde35088b1c5d7d0b)","throwable":""}
{"timestamp":"2025-10-22T12:44:28,015","container":"8a8e46c31ccc","level":"INFO","thread":"EthScheduler-Workers-0","class":"PersistBlockTask","message":"Block 302 (0x5b1b7d7a212975757b4f9e175ac58470639997d50a71a93d34d40efb091eec11) is already imported","throwable":""}
{"timestamp":"2025-10-22T12:44:28,016","container":"8a8e46c31ccc","level":"INFO","thread":"BftProcessorExecutor-QBFT-0","class":"QbftBesuControllerBuilder","message":"Imported #302 / 0 tx / 0 pending / 0 (0.0%) gas / (0x5b1b7d7a212975757b4f9e175ac58470639997d50a71a93d34d40efb091eec11)","throwable":""}
{"timestamp":"2025-10-22T12:44:36,016","container":"8a8e46c31ccc","level":"INFO","thread":"BftProcessorExecutor-QBFT-0","class":"QbftBesuControllerBuilder","message":"Imported #303 / 0 tx / 0 pending / 0 (0.0%) gas / (0xc9a1e1c84fd79b4807df23f6f77c5cb97d7488d54aab6f89ed831feed1055d7d)","throwable":""}
{"timestamp":"2025-10-22T12:44:44,011","container":"8a8e46c31ccc","level":"INFO","thread":"BftProcessorExecutor-QBFT-0","class":"QbftBesuControllerBuilder","message":"Produced #304 / 0 tx / 0 pending / 0 (0.0%) gas / (0x0d0afff347a8f6962c02225cb9ed4775b084d8ca4e75fb5543ca69909a671ebf)","throwable":""}
{"timestamp":"2025-10-22T12:44:52,011","container":"8a8e46c31ccc","level":"INFO","thread":"BftProcessorExecutor-QBFT-0","class":"QbftBesuControllerBuilder","message":"Imported #305 / 0 tx / 0 pending / 0 (0.0%) gas / (0x4f7f3cb600a2d23b647d5d838639bb61a9f50b64c919d920f4882ae8382ca269)","throwable":""}
{"timestamp":"2025-10-22T12:45:00,012","container":"8a8e46c31ccc","level":"INFO","thread":"BftProcessorExecutor-QBFT-0","class":"QbftBesuControllerBuilder","message":"Imported #306 / 0 tx / 0 pending / 0 (0.0%) gas / (0xd8bbe56cb4265298a2420bc267ef665047fcd973551385d63b1c6336508d1e87)","throwable":""}
{"timestamp":"2025-10-22T12:45:08,011","container":"8a8e46c31ccc","level":"INFO","thread":"EthScheduler-Workers-0","class":"PersistBlockTask","message":"Imported #307 / 0 tx / 0 om / 0 (0.0%) gas / (0xee44a705ec487217e6718e5083e19ddf7da273ab4b4953dd2bf953355d9d9cd0) in 0.001s. Peers: 5","throwable":""}
{"timestamp":"2025-10-22T12:45:08,011","container":"8a8e46c31ccc","level":"INFO","thread":"BftProcessorExecutor-QBFT-0","class":"QbftBesuControllerBuilder","message":"Imported #307 / 0 tx / 0 pending / 0 (0.0%) gas / (0xee44a705ec487217e6718e5083e19ddf7da273ab4b4953dd2bf953355d9d9cd0)","throwable":""}
{"timestamp":"2025-10-22T12:45:16,015","container":"8a8e46c31ccc","level":"INFO","thread":"BftProcessorExecutor-QBFT-0","class":"QbftBesuControllerBuilder","message":"Produced #308 / 0 tx / 0 pending / 0 (0.0%) gas / (0x3d0a2d2ef98537a008c4a6b21968cbe4b571fdc130615a6ba42a37f23c3a7ea3)","throwable":""}
{"timestamp":"2025-10-22T12:45:24,017","container":"8a8e46c31ccc","level":"INFO","thread":"BftProcessorExecutor-QBFT-0","class":"QbftBesuControllerBuilder","message":"Imported #309 / 0 tx / 0 pending / 0 (0.0%) gas / (0xdd8b558b42daec8289519a6bbfdfc884b9c0dc1b83e5fba3e1d397ac53777e87)","throwable":""}
{"timestamp":"2025-10-22T12:45:32,016","container":"8a8e46c31ccc","level":"INFO","thread":"EthScheduler-Workers-0","class":"PersistBlockTask","message":"Imported #310 / 0 tx / 0 om / 0 (0.0%) gas / (0xb77bb4b14ada89c61d6db49f7c8fbd4130d57ec828ad69d364002fd42133105b) in 0.001s. Peers: 5","throwable":""}
{"timestamp":"2025-10-22T12:45:32,017","container":"8a8e46c31ccc","level":"INFO","thread":"BftProcessorExecutor-QBFT-0","class":"QbftBesuControllerBuilder","message":"Imported #310 / 0 tx / 0 pending / 0 (0.0%) gas / (0xb77bb4b14ada89c61d6db49f7c8fbd4130d57ec828ad69d364002fd42133105b)","throwable":""}
{"timestamp":"2025-10-22T12:45:40,010","container":"8a8e46c31ccc","level":"INFO","thread":"BftProcessorExecutor-QBFT-0","class":"QbftBesuControllerBuilder","message":"Imported #311 / 0 tx / 0 pending / 0 (0.0%) gas / (0x4e94da0cd7c79a97d4250fdcbc4e139d666da89ed2d2cca6038f8a109bfc52f6)","throwable":""}
{"timestamp":"2025-10-22T12:45:48,021","container":"8a8e46c31ccc","level":"INFO","thread":"EthScheduler-Workers-0","class":"PersistBlockTask","message":"Block 312 (0x68432e6397aeaeb979d7b8bb4cc54c3e30066204054cbf7f560bc9edd89f6748) is already imported","throwable":""}
{"timestamp":"2025-10-22T12:45:48,021","container":"8a8e46c31ccc","level":"INFO","thread":"BftProcessorExecutor-QBFT-0","class":"QbftBesuControllerBuilder","message":"Produced #312 / 0 tx / 0 pending / 0 (0.0%) gas / (0x68432e6397aeaeb979d7b8bb4cc54c3e30066204054cbf7f560bc9edd89f6748)","throwable":""}
{"timestamp":"2025-10-22T12:45:56,011","container":"8a8e46c31ccc","level":"INFO","thread":"BftProcessorExecutor-QBFT-0","class":"QbftBesuControllerBuilder","message":"Imported #313 / 0 tx / 0 pending / 0 (0.0%) gas / (0x475799ca996ac234024535942732484a5bbf7efe25b9b9ba9582ccea3f9dd2fe)","throwable":""}
{"timestamp":"2025-10-22T12:46:04,013","container":"8a8e46c31ccc","level":"INFO","thread":"BftProcessorExecutor-QBFT-0","class":"QbftBesuControllerBuilder","message":"Imported #314 / 0 tx / 0 pending / 0 (0.0%) gas / (0xea94a1d58ae7fbe58d7f1be7bf18c49ee933e35865b94c46256a40594d35a09c)","throwable":""}
{"timestamp":"2025-10-22T12:46:12,019","container":"8a8e46c31ccc","level":"INFO","thread":"EthScheduler-Workers-0","class":"PersistBlockTask","message":"Imported #315 / 0 tx / 0 om / 0 (0.0%) gas / (0x2084fd678c8be6234642ad5c57cc83c13ce233149070c13f38a58af517b03706) in 0.001s. Peers: 5","throwable":""}
{"timestamp":"2025-10-22T12:46:12,019","container":"8a8e46c31ccc","level":"INFO","thread":"BftProcessorExecutor-QBFT-0","class":"QbftBesuControllerBuilder","message":"Imported #315 / 0 tx / 0 pending / 0 (0.0%) gas / (0x2084fd678c8be6234642ad5c57cc83c13ce233149070c13f38a58af517b03706)","throwable":""}
{"timestamp":"2025-10-22T12:46:20,010","container":"8a8e46c31ccc","level":"INFO","thread":"BftProcessorExecutor-QBFT-0","class":"QbftBesuControllerBuilder","message":"Produced #316 / 0 tx / 0 pending / 0 (0.0%) gas / (0xbf0839ba8d7adde012e8b5bca8b2916b4fc757397233ba3603f85c034ffc6c3e)","throwable":""}
{"timestamp":"2025-10-22T12:46:28,013","container":"8a8e46c31ccc","level":"INFO","thread":"BftProcessorExecutor-QBFT-0","class":"QbftBesuControllerBuilder","message":"Imported #317 / 0 tx / 0 pending / 0 (0.0%) gas / (0x335b85f53f1143abd9dcf3fd73485a7a7d787ffe637b44c0666aab41aee062f2)","throwable":""}
{"timestamp":"2025-10-22T12:46:36,014","container":"8a8e46c31ccc","level":"INFO","thread":"BftProcessorExecutor-QBFT-0","class":"QbftBesuControllerBuilder","message":"Imported #318 / 0 tx / 0 pending / 0 (0.0%) gas / (0x507df97c5f7ff2fce16dc2ed382e9148c34b323702cf11036b9aa4c3f59ac09f)","throwable":""}
{"timestamp":"2025-10-22T12:46:44,017","container":"8a8e46c31ccc","level":"INFO","thread":"BftProcessorExecutor-QBFT-0","class":"QbftBesuControllerBuilder","message":"Imported #319 / 0 tx / 0 pending / 0 (0.0%) gas / (0x1a9fe8d3c9078d118d458ca39eb34a31426d1b487abaf4989989028bed2d130e)","throwable":""}
{"timestamp":"2025-10-22T12:46:52,014","container":"8a8e46c31ccc","level":"INFO","thread":"BftProcessorExecutor-QBFT-0","class":"QbftBesuControllerBuilder","message":"Produced #320 / 0 tx / 0 pending / 0 (0.0%) gas / (0xdb77072159da1d9cea4b9ee37339da41ba2e4b843c3c94ebde44f49c33f7f985)","throwable":""}
{"timestamp":"2025-10-22T12:47:00,016","container":"8a8e46c31ccc","level":"INFO","thread":"BftProcessorExecutor-QBFT-0","class":"QbftBesuControllerBuilder","message":"Imported #321 / 0 tx / 0 pending / 0 (0.0%) gas / (0x87bbb0554a371ac3d9c2a7aa2568c7b275b275abb782aa01c22d17e3ebf2772e)","throwable":""}
{"timestamp":"2025-10-22T12:47:08,015","container":"8a8e46c31ccc","level":"INFO","thread":"BftProcessorExecutor-QBFT-0","class":"QbftBesuControllerBuilder","message":"Imported #322 / 0 tx / 0 pending / 0 (0.0%) gas / (0x30ebc408ddc014c0dda8fed044569ef5c721766da4164cba217e9c2b3e67efab)","throwable":""}
{"timestamp":"2025-10-22T12:47:16,025","container":"8a8e46c31ccc","level":"INFO","thread":"EthScheduler-Workers-0","class":"PersistBlockTask","message":"Block 323 (0x898bfcc949d09c570054aaeee99bfea308bdef7ab98878d333a0dbc5574be908) is already imported","throwable":""}
{"timestamp":"2025-10-22T12:47:16,029","container":"8a8e46c31ccc","level":"INFO","thread":"BftProcessorExecutor-QBFT-0","class":"QbftBesuControllerBuilder","message":"Imported #323 / 0 tx / 0 pending / 0 (0.0%) gas / (0x898bfcc949d09c570054aaeee99bfea308bdef7ab98878d333a0dbc5574be908)","throwable":""}
{"timestamp":"2025-10-22T12:47:24,009","container":"8a8e46c31ccc","level":"INFO","thread":"BftProcessorExecutor-QBFT-0","class":"QbftBesuControllerBuilder","message":"Produced #324 / 0 tx / 0 pending / 0 (0.0%) gas / (0xb1ad953366cf5691631e71191200e9a9c0ae1f187fcdff7b3173ff65e08121cb)","throwable":""}
{"timestamp":"2025-10-22T12:47:32,012","container":"8a8e46c31ccc","level":"INFO","thread":"BftProcessorExecutor-QBFT-0","class":"QbftBesuControllerBuilder","message":"Imported #325 / 0 tx / 0 pending / 0 (0.0%) gas / (0xd3137643f36edec82dbac23c1e6aa37eaacdb8e8ca56f448e8d1a697817e9bad)","throwable":""}
{"timestamp":"2025-10-22T12:47:40,007","container":"8a8e46c31ccc","level":"INFO","thread":"BftProcessorExecutor-QBFT-0","class":"QbftBesuControllerBuilder","message":"Imported #326 / 0 tx / 0 pending / 0 (0.0%) gas / (0xd5d517886f5f58b78a701539fc9f39f5da18bbde3869d485791752109a5a525a)","throwable":""}
{"timestamp":"2025-10-22T12:47:48,017","container":"8a8e46c31ccc","level":"INFO","thread":"BftProcessorExecutor-QBFT-0","class":"QbftBesuControllerBuilder","message":"Imported #327 / 0 tx / 0 pending / 0 (0.0%) gas / (0x494e442dd7592ba85a1226bf8da32bbaa3be4e49ab420947b961a759ed5db503)","throwable":""}
{"timestamp":"2025-10-22T12:47:56,012","container":"8a8e46c31ccc","level":"INFO","thread":"BftProcessorExecutor-QBFT-0","class":"QbftBesuControllerBuilder","message":"Produced #328 / 0 tx / 0 pending / 0 (0.0%) gas / (0x44f8eba157ecf1d51e947eb4c098ee1129deefa209d8125e922c92a23b5b674d)","throwable":""}
{"timestamp":"2025-10-22T12:48:04,015","container":"8a8e46c31ccc","level":"INFO","thread":"EthScheduler-Workers-0","class":"PersistBlockTask","message":"Block 329 (0x4a6d15a6d9de2b9b3b1bda4f551009903a921efcbb77e8d1285010eae72f6385) is already imported","throwable":""}
{"timestamp":"2025-10-22T12:48:04,015","container":"8a8e46c31ccc","level":"INFO","thread":"BftProcessorExecutor-QBFT-0","class":"QbftBesuControllerBuilder","message":"Imported #329 / 0 tx / 0 pending / 0 (0.0%) gas / (0x4a6d15a6d9de2b9b3b1bda4f551009903a921efcbb77e8d1285010eae72f6385)","throwable":""}
{"timestamp":"2025-10-22T12:48:12,013","container":"8a8e46c31ccc","level":"INFO","thread":"BftProcessorExecutor-QBFT-0","class":"QbftBesuControllerBuilder","message":"Imported #330 / 0 tx / 0 pending / 0 (0.0%) gas / (0x8618f08dbd55d86ecb05ec438910869b3a4372cf4a28811ecb66006d380d3b33)","throwable":""}
{"timestamp":"2025-10-22T12:48:20,012","container":"8a8e46c31ccc","level":"INFO","thread":"EthScheduler-Workers-0","class":"PersistBlockTask","message":"Block 331 (0xc24f5f1c4a83a79de2656ea9c5069496282dc2c2d9b98e4cebdec9e5d30ae58a) is already imported","throwable":""}
{"timestamp":"2025-10-22T12:48:20,013","container":"8a8e46c31ccc","level":"INFO","thread":"BftProcessorExecutor-QBFT-0","class":"QbftBesuControllerBuilder","message":"Imported #331 / 0 tx / 0 pending / 0 (0.0%) gas / (0xc24f5f1c4a83a79de2656ea9c5069496282dc2c2d9b98e4cebdec9e5d30ae58a)","throwable":""}
{"timestamp":"2025-10-22T12:48:28,026","container":"8a8e46c31ccc","level":"INFO","thread":"BftProcessorExecutor-QBFT-0","class":"QbftBesuControllerBuilder","message":"Produced #332 / 0 tx / 0 pending / 0 (0.0%) gas / (0xdcadf17a7f4b117294b977c8a7eb644c46d41a045430e6a0d36ac63f9f009a47)","throwable":""}
{"timestamp":"2025-10-22T12:48:36,020","container":"8a8e46c31ccc","level":"INFO","thread":"EthScheduler-Workers-0","class":"PersistBlockTask","message":"Block 333 (0x146e03ee2c469fd63746c51388346ee092c9607f4cd4c215249e74df8a8bcf22) is already imported","throwable":""}
{"timestamp":"2025-10-22T12:48:36,020","container":"8a8e46c31ccc","level":"INFO","thread":"BftProcessorExecutor-QBFT-0","class":"QbftBesuControllerBuilder","message":"Imported #333 / 0 tx / 0 pending / 0 (0.0%) gas / (0x146e03ee2c469fd63746c51388346ee092c9607f4cd4c215249e74df8a8bcf22)","throwable":""}
{"timestamp":"2025-10-22T12:48:44,022","container":"8a8e46c31ccc","level":"INFO","thread":"EthScheduler-Workers-0","class":"PersistBlockTask","message":"Block 334 (0xc600243c3d5ea315e7e7222a3f819e13c46fa7b34d3ca16e384732fb4d550ec7) is already imported","throwable":""}
{"timestamp":"2025-10-22T12:48:44,023","container":"8a8e46c31ccc","level":"INFO","thread":"BftProcessorExecutor-QBFT-0","class":"QbftBesuControllerBuilder","message":"Imported #334 / 0 tx / 0 pending / 0 (0.0%) gas / (0xc600243c3d5ea315e7e7222a3f819e13c46fa7b34d3ca16e384732fb4d550ec7)","throwable":""}
{"timestamp":"2025-10-22T12:48:52,012","container":"8a8e46c31ccc","level":"INFO","thread":"BftProcessorExecutor-QBFT-0","class":"QbftBesuControllerBuilder","message":"Imported #335 / 0 tx / 0 pending / 0 (0.0%) gas / (0x0a7ba9d010b2f8d5d65a2bf530ab7d07a031f832ef7d4880114e68b54ed2e5eb)","throwable":""}
{"timestamp":"2025-10-22T12:49:00,015","container":"8a8e46c31ccc","level":"INFO","thread":"EthScheduler-Workers-0","class":"PersistBlockTask","message":"Block 336 (0xcf848a1413d15faca92673b3544ed4293e1d96e15348d99eb7cb3f2a8c6e398d) is already imported","throwable":""}
{"timestamp":"2025-10-22T12:49:00,015","container":"8a8e46c31ccc","level":"INFO","thread":"BftProcessorExecutor-QBFT-0","class":"QbftBesuControllerBuilder","message":"Produced #336 / 0 tx / 0 pending / 0 (0.0%) gas / (0xcf848a1413d15faca92673b3544ed4293e1d96e15348d99eb7cb3f2a8c6e398d)","throwable":""}
{"timestamp":"2025-10-22T12:49:08,008","container":"8a8e46c31ccc","level":"INFO","thread":"BftProcessorExecutor-QBFT-0","class":"QbftBesuControllerBuilder","message":"Imported #337 / 0 tx / 0 pending / 0 (0.0%) gas / (0xb12dc1843cf7dbfcf0bfe39b284d9f2d551924c226602e45965bd94449fbd628)","throwable":""}
{"timestamp":"2025-10-22T12:49:16,012","container":"8a8e46c31ccc","level":"INFO","thread":"EthScheduler-Workers-0","class":"PersistBlockTask","message":"Block 338 (0x5694ee648632d2c51d49a5a8549dd3111e468a197a9e2ce06b5daf92a48f25e5) is already imported","throwable":""}
{"timestamp":"2025-10-22T12:49:16,014","container":"8a8e46c31ccc","level":"INFO","thread":"BftProcessorExecutor-QBFT-0","class":"QbftBesuControllerBuilder","message":"Imported #338 / 0 tx / 0 pending / 0 (0.0%) gas / (0x5694ee648632d2c51d49a5a8549dd3111e468a197a9e2ce06b5daf92a48f25e5)","throwable":""}
{"timestamp":"2025-10-22T12:49:24,015","container":"8a8e46c31ccc","level":"INFO","thread":"BftProcessorExecutor-QBFT-0","class":"QbftBesuControllerBuilder","message":"Imported #339 / 0 tx / 0 pending / 0 (0.0%) gas / (0xa33f0fc48fb87b2de5192bd0f758bb41aa172c4dc43397f0e87d8f9f2c1211fb)","throwable":""}
{"timestamp":"2025-10-22T12:49:32,016","container":"8a8e46c31ccc","level":"INFO","thread":"EthScheduler-Workers-0","class":"PersistBlockTask","message":"Block 340 (0xe543a0ecf6319e603450b46832f26591ea0ac28c8bc679da7535d5bb0b35c3a2) is already imported","throwable":""}
{"timestamp":"2025-10-22T12:49:32,016","container":"8a8e46c31ccc","level":"INFO","thread":"BftProcessorExecutor-QBFT-0","class":"QbftBesuControllerBuilder","message":"Produced #340 / 0 tx / 0 pending / 0 (0.0%) gas / (0xe543a0ecf6319e603450b46832f26591ea0ac28c8bc679da7535d5bb0b35c3a2)","throwable":""}
{"timestamp":"2025-10-22T12:49:40,015","container":"8a8e46c31ccc","level":"INFO","thread":"BftProcessorExecutor-QBFT-0","class":"QbftBesuControllerBuilder","message":"Imported #341 / 0 tx / 0 pending / 0 (0.0%) gas / (0x15d9cb6d76b1ee3b88341a79151fb0433fa3fba93735e624bdb4286df6dfc77e)","throwable":""}
{"timestamp":"2025-10-22T12:49:48,013","container":"8a8e46c31ccc","level":"INFO","thread":"BftProcessorExecutor-QBFT-0","class":"QbftBesuControllerBuilder","message":"Imported #342 / 0 tx / 0 pending / 0 (0.0%) gas / (0x2ed5a2fb8f72da0b1c841db35c5eac667dac36321476e713909a4dc81e93c571)","throwable":""}
{"timestamp":"2025-10-22T12:49:56,016","container":"8a8e46c31ccc","level":"INFO","thread":"BftProcessorExecutor-QBFT-0","class":"QbftBesuControllerBuilder","message":"Imported #343 / 0 tx / 0 pending / 0 (0.0%) gas / (0x50441d568c2aec71268196ee8ffd72ca67a762bc9dbbfca776307d657023a564)","throwable":""}
{"timestamp":"2025-10-22T12:49:56,029","container":"8a8e46c31ccc","level":"INFO","thread":"EthScheduler-Workers-0","class":"PersistBlockTask","message":"Imported #343 / 0 tx / 0 om / 0 (0.0%) gas / (0x50441d568c2aec71268196ee8ffd72ca67a762bc9dbbfca776307d657023a564) in 0.002s. Peers: 5","throwable":""}
{"timestamp":"2025-10-22T12:50:04,016","container":"8a8e46c31ccc","level":"INFO","thread":"BftProcessorExecutor-QBFT-0","class":"QbftBesuControllerBuilder","message":"Produced #344 / 0 tx / 0 pending / 0 (0.0%) gas / (0x562c420bb73239498d35845434a9cd80e728f28f5dfa364ba25e6591d88a689f)","throwable":""}
{"timestamp":"2025-10-22T12:50:12,014","container":"8a8e46c31ccc","level":"INFO","thread":"BftProcessorExecutor-QBFT-0","class":"QbftBesuControllerBuilder","message":"Imported #345 / 0 tx / 0 pending / 0 (0.0%) gas / (0xbe62521c258d0394d84ba4fc415e0f4d098fc73e2edb6c7d3c70ca06b403f566)","throwable":""}
{"timestamp":"2025-10-22T12:50:20,015","container":"8a8e46c31ccc","level":"INFO","thread":"BftProcessorExecutor-QBFT-0","class":"QbftBesuControllerBuilder","message":"Imported #346 / 0 tx / 0 pending / 0 (0.0%) gas / (0x04c11b9f304f41f8fad851a5875d2d11e8b0abcd131c955d466f6be2afe341c4)","throwable":""}
{"timestamp":"2025-10-22T12:50:28,013","container":"8a8e46c31ccc","level":"INFO","thread":"BftProcessorExecutor-QBFT-0","class":"QbftBesuControllerBuilder","message":"Imported #347 / 0 tx / 0 pending / 0 (0.0%) gas / (0x68361eb1852573573030357528140e0508f58c714aa916b5f8b0c21091e6dbca)","throwable":""}
{"timestamp":"2025-10-22T12:50:36,014","container":"8a8e46c31ccc","level":"INFO","thread":"BftProcessorExecutor-QBFT-0","class":"QbftBesuControllerBuilder","message":"Produced #348 / 0 tx / 0 pending / 0 (0.0%) gas / (0x6d091b65179b4524152091146fbcc583a3f024fe8a7cd04b7ed33e4d31fb6766)","throwable":""}
{"timestamp":"2025-10-22T12:50:44,016","container":"8a8e46c31ccc","level":"INFO","thread":"BftProcessorExecutor-QBFT-0","class":"QbftBesuControllerBuilder","message":"Imported #349 / 0 tx / 0 pending / 0 (0.0%) gas / (0x31062355831c83e50c1884b9e2a0979d0ab57397c475aa6a743dcf4f0f259007)","throwable":""}
{"timestamp":"2025-10-22T12:50:52,014","container":"8a8e46c31ccc","level":"INFO","thread":"BftProcessorExecutor-QBFT-0","class":"QbftBesuControllerBuilder","message":"Imported #350 / 0 tx / 0 pending / 0 (0.0%) gas / (0xaa9f16ec08052baf16d0846d52ef979d2e905000a6a613414810a2644a57a499)","throwable":""}
{"timestamp":"2025-10-22T12:51:00,016","container":"8a8e46c31ccc","level":"INFO","thread":"BftProcessorExecutor-QBFT-0","class":"QbftBesuControllerBuilder","message":"Imported #351 / 0 tx / 0 pending / 0 (0.0%) gas / (0xcf3a47e4e41743c72aa30248d3ca80ebd43b523c08c90111800b42bbd445635c)","throwable":""}
{"timestamp":"2025-10-22T12:51:08,013","container":"8a8e46c31ccc","level":"INFO","thread":"EthScheduler-Workers-0","class":"PersistBlockTask","message":"Block 352 (0xab9a07116016dbab5bacb8ff31f413759c0a68c69ddce0edf2457ec92dc3673e) is already imported","throwable":""}
{"timestamp":"2025-10-22T12:51:08,013","container":"8a8e46c31ccc","level":"INFO","thread":"BftProcessorExecutor-QBFT-0","class":"QbftBesuControllerBuilder","message":"Produced #352 / 0 tx / 0 pending / 0 (0.0%) gas / (0xab9a07116016dbab5bacb8ff31f413759c0a68c69ddce0edf2457ec92dc3673e)","throwable":""}
{"timestamp":"2025-10-22T12:51:16,016","container":"8a8e46c31ccc","level":"INFO","thread":"BftProcessorExecutor-QBFT-0","class":"QbftBesuControllerBuilder","message":"Imported #353 / 0 tx / 0 pending / 0 (0.0%) gas / (0xa5ded1c171e1468463a97823d3848322e547937f12c9d1025c067474518793cb)","throwable":""}
{"timestamp":"2025-10-22T12:51:24,015","container":"8a8e46c31ccc","level":"INFO","thread":"BftProcessorExecutor-QBFT-0","class":"QbftBesuControllerBuilder","message":"Imported #354 / 0 tx / 0 pending / 0 (0.0%) gas / (0x20804bc590d286e053b69e292cab67d6eb023806ad87e644860525f0e9c82314)","throwable":""}
{"timestamp":"2025-10-22T12:51:32,016","container":"8a8e46c31ccc","level":"INFO","thread":"BftProcessorExecutor-QBFT-0","class":"QbftBesuControllerBuilder","message":"Imported #355 / 0 tx / 0 pending / 0 (0.0%) gas / (0x8ac1d673cc74e0ed666007c9bedf05217bc0b3afb1d4277fec637e667218faef)","throwable":""}
{"timestamp":"2025-10-22T12:51:40,011","container":"8a8e46c31ccc","level":"INFO","thread":"BftProcessorExecutor-QBFT-0","class":"QbftBesuControllerBuilder","message":"Produced #356 / 0 tx / 0 pending / 0 (0.0%) gas / (0xe94de364b95c281a34fcd29a366c6118e8a459fa8c39d55511d4b7f56fe698a4)","throwable":""}
{"timestamp":"2025-10-22T12:51:48,012","container":"8a8e46c31ccc","level":"INFO","thread":"BftProcessorExecutor-QBFT-0","class":"QbftBesuControllerBuilder","message":"Imported #357 / 0 tx / 0 pending / 0 (0.0%) gas / (0x39916f81f3c2ab3f249159c5aa0f7b056daabf2455c19938c16c10d76f40a056)","throwable":""}
{"timestamp":"2025-10-22T12:51:56,015","container":"8a8e46c31ccc","level":"INFO","thread":"BftProcessorExecutor-QBFT-0","class":"QbftBesuControllerBuilder","message":"Imported #358 / 0 tx / 0 pending / 0 (0.0%) gas / (0x9cb5105ee131c0a83408c6c924f38e292ad2a1e08e7ce2f7357be0a2134f5e58)","throwable":""}
{"timestamp":"2025-10-22T12:52:04,019","container":"8a8e46c31ccc","level":"INFO","thread":"EthScheduler-Workers-0","class":"PersistBlockTask","message":"Block 359 (0x11227caf64829ead57183fd880830b49d51351aa366f993f72f46c4df0cf269b) is already imported","throwable":""}
{"timestamp":"2025-10-22T12:52:04,019","container":"8a8e46c31ccc","level":"INFO","thread":"BftProcessorExecutor-QBFT-0","class":"QbftBesuControllerBuilder","message":"Imported #359 / 0 tx / 0 pending / 0 (0.0%) gas / (0x11227caf64829ead57183fd880830b49d51351aa366f993f72f46c4df0cf269b)","throwable":""}
{"timestamp":"2025-10-22T12:52:12,016","container":"8a8e46c31ccc","level":"INFO","thread":"EthScheduler-Workers-0","class":"PersistBlockTask","message":"Imported #360 / 0 tx / 0 om / 0 (0.0%) gas / (0x5c93f14481cdd6bb9eba7a6bbdeadd1342cedf6fc52d2e40ff2acdeda77e27e2) in 0.001s. Peers: 5","throwable":""}
{"timestamp":"2025-10-22T12:52:12,016","container":"8a8e46c31ccc","level":"INFO","thread":"BftProcessorExecutor-QBFT-0","class":"QbftBesuControllerBuilder","message":"Produced #360 / 0 tx / 0 pending / 0 (0.0%) gas / (0x5c93f14481cdd6bb9eba7a6bbdeadd1342cedf6fc52d2e40ff2acdeda77e27e2)","throwable":""}
{"timestamp":"2025-10-22T12:52:20,017","container":"8a8e46c31ccc","level":"INFO","thread":"BftProcessorExecutor-QBFT-0","class":"QbftBesuControllerBuilder","message":"Imported #361 / 0 tx / 0 pending / 0 (0.0%) gas / (0xbb8ff3f93ec99a6df538474d145daa491650d0fdcd9f0fc44964077900ebf712)","throwable":""}
{"timestamp":"2025-10-22T12:52:28,018","container":"8a8e46c31ccc","level":"INFO","thread":"BftProcessorExecutor-QBFT-0","class":"QbftBesuControllerBuilder","message":"Imported #362 / 0 tx / 0 pending / 0 (0.0%) gas / (0x6d38a0b72e4eca9adc61287626618083588cd2f98ca0ed3259f464653cc979e0)","throwable":""}
{"timestamp":"2025-10-22T12:52:36,017","container":"8a8e46c31ccc","level":"INFO","thread":"BftProcessorExecutor-QBFT-0","class":"QbftBesuControllerBuilder","message":"Imported #363 / 0 tx / 0 pending / 0 (0.0%) gas / (0xdbd43789196b17f631b828a71eb12bed8d4b2d8d7f20d1684a8d602a3c5593c5)","throwable":""}
{"timestamp":"2025-10-22T12:52:44,012","container":"8a8e46c31ccc","level":"INFO","thread":"BftProcessorExecutor-QBFT-0","class":"QbftBesuControllerBuilder","message":"Produced #364 / 0 tx / 0 pending / 0 (0.0%) gas / (0x74868b48b621ab9ce44384f281108e57836639a4b2343398048a09bb7aed711d)","throwable":""}
{"timestamp":"2025-10-22T12:52:52,018","container":"8a8e46c31ccc","level":"INFO","thread":"EthScheduler-Workers-0","class":"PersistBlockTask","message":"Block 365 (0x40285e4b99b6728f86cedc414df45af27eebe7c83eaec9419bad141d5cdbfd43) is already imported","throwable":""}
{"timestamp":"2025-10-22T12:52:52,018","container":"8a8e46c31ccc","level":"INFO","thread":"BftProcessorExecutor-QBFT-0","class":"QbftBesuControllerBuilder","message":"Imported #365 / 0 tx / 0 pending / 0 (0.0%) gas / (0x40285e4b99b6728f86cedc414df45af27eebe7c83eaec9419bad141d5cdbfd43)","throwable":""}
{"timestamp":"2025-10-22T12:53:00,015","container":"8a8e46c31ccc","level":"INFO","thread":"BftProcessorExecutor-QBFT-0","class":"QbftBesuControllerBuilder","message":"Imported #366 / 0 tx / 0 pending / 0 (0.0%) gas / (0x1b820c19ee7bbeae5571ca96b72a2284d30f524fbf5bef2e48525bd89a7fef19)","throwable":""}
{"timestamp":"2025-10-22T12:53:00,015","container":"8a8e46c31ccc","level":"INFO","thread":"EthScheduler-Workers-0","class":"PersistBlockTask","message":"Block 366 (0x1b820c19ee7bbeae5571ca96b72a2284d30f524fbf5bef2e48525bd89a7fef19) is already imported","throwable":""}
{"timestamp":"2025-10-22T12:53:08,009","container":"8a8e46c31ccc","level":"INFO","thread":"BftProcessorExecutor-QBFT-0","class":"QbftBesuControllerBuilder","message":"Imported #367 / 0 tx / 0 pending / 0 (0.0%) gas / (0x7d503b6b04fa8f187fbf80f1a17839b2e8c9584ade27bf6b0c1d248015a3e634)","throwable":""}
{"timestamp":"2025-10-22T12:53:16,017","container":"8a8e46c31ccc","level":"INFO","thread":"BftProcessorExecutor-QBFT-0","class":"QbftBesuControllerBuilder","message":"Produced #368 / 0 tx / 0 pending / 0 (0.0%) gas / (0x5c75af201ca307d575b22eb8d019ad17ed27b67e001da40c3968bbe4956dce64)","throwable":""}
{"timestamp":"2025-10-22T12:53:16,018","container":"8a8e46c31ccc","level":"INFO","thread":"EthScheduler-Workers-0","class":"PersistBlockTask","message":"Imported #368 / 0 tx / 0 om / 0 (0.0%) gas / (0x5c75af201ca307d575b22eb8d019ad17ed27b67e001da40c3968bbe4956dce64) in 0.001s. Peers: 5","throwable":""}
{"timestamp":"2025-10-22T12:53:24,009","container":"8a8e46c31ccc","level":"INFO","thread":"BftProcessorExecutor-QBFT-0","class":"QbftBesuControllerBuilder","message":"Imported #369 / 0 tx / 0 pending / 0 (0.0%) gas / (0x45407ad41546bcadd19071e48f344baf87d7cb04555dbab13eae18a9987e9b3c)","throwable":""}
{"timestamp":"2025-10-22T12:53:32,012","container":"8a8e46c31ccc","level":"INFO","thread":"BftProcessorExecutor-QBFT-0","class":"QbftBesuControllerBuilder","message":"Imported #370 / 0 tx / 0 pending / 0 (0.0%) gas / (0x149b8f496c4c22ef02c75675263d036ac2580e624d8261a61443bc348169723b)","throwable":""}
{"timestamp":"2025-10-22T12:53:40,011","container":"8a8e46c31ccc","level":"INFO","thread":"BftProcessorExecutor-QBFT-0","class":"QbftBesuControllerBuilder","message":"Imported #371 / 0 tx / 0 pending / 0 (0.0%) gas / (0x6cc6dbe493fbbe40cfab0dace738fba289031497079b380d19770114df10e8e1)","throwable":""}
{"timestamp":"2025-10-22T12:53:48,013","container":"8a8e46c31ccc","level":"INFO","thread":"BftProcessorExecutor-QBFT-0","class":"QbftBesuControllerBuilder","message":"Produced #372 / 0 tx / 0 pending / 0 (0.0%) gas / (0x6bcb2a956cf68aba8af3e8f3ea6b2c6e5ea8a04d3369934950e1361169ea3f39)","throwable":""}
{"timestamp":"2025-10-22T12:53:56,018","container":"8a8e46c31ccc","level":"INFO","thread":"BftProcessorExecutor-QBFT-0","class":"QbftBesuControllerBuilder","message":"Imported #373 / 0 tx / 0 pending / 0 (0.0%) gas / (0xbfb4e494882b5319c989e88c400b354d907e09200a75f91dd82c7fd4f074409a)","throwable":""}
{"timestamp":"2025-10-22T12:54:04,017","container":"8a8e46c31ccc","level":"INFO","thread":"BftProcessorExecutor-QBFT-0","class":"QbftBesuControllerBuilder","message":"Imported #374 / 0 tx / 0 pending / 0 (0.0%) gas / (0x62896338b411e4cb10b604e8c3bb1700b2dca8d74efb4d5a74805f37e8ec2cd6)","throwable":""}
{"timestamp":"2025-10-22T12:54:12,011","container":"8a8e46c31ccc","level":"INFO","thread":"EthScheduler-Workers-0","class":"PersistBlockTask","message":"Block 375 (0x666dd834ef81e4ec2f5cc8e926178905edb225456ed265f6787ee154a312a7f9) is already imported","throwable":""}
{"timestamp":"2025-10-22T12:54:12,012","container":"8a8e46c31ccc","level":"INFO","thread":"BftProcessorExecutor-QBFT-0","class":"QbftBesuControllerBuilder","message":"Imported #375 / 0 tx / 0 pending / 0 (0.0%) gas / (0x666dd834ef81e4ec2f5cc8e926178905edb225456ed265f6787ee154a312a7f9)","throwable":""}
{"timestamp":"2025-10-22T12:54:20,010","container":"8a8e46c31ccc","level":"INFO","thread":"BftProcessorExecutor-QBFT-0","class":"QbftBesuControllerBuilder","message":"Produced #376 / 0 tx / 0 pending / 0 (0.0%) gas / (0x7cd874cd7a60f66fcdd09aa8e7d7c1e35b3c7867f37437cb9198f6b2b5064be1)","throwable":""}
{"timestamp":"2025-10-22T12:54:28,014","container":"8a8e46c31ccc","level":"INFO","thread":"BftProcessorExecutor-QBFT-0","class":"QbftBesuControllerBuilder","message":"Imported #377 / 0 tx / 0 pending / 0 (0.0%) gas / (0x3ad6def178cf6f0449318250cc12bd4b742b6387dc491818b0ae5cbd5d1cbe70)","throwable":""}
{"timestamp":"2025-10-22T12:54:36,011","container":"8a8e46c31ccc","level":"INFO","thread":"BftProcessorExecutor-QBFT-0","class":"QbftBesuControllerBuilder","message":"Imported #378 / 0 tx / 0 pending / 0 (0.0%) gas / (0xab8315060e2df584fe558596e6b83c3a9a6edd8ae679ac8fd23ebc532b2e02c6)","throwable":""}
{"timestamp":"2025-10-22T12:54:44,012","container":"8a8e46c31ccc","level":"INFO","thread":"BftProcessorExecutor-QBFT-0","class":"QbftBesuControllerBuilder","message":"Imported #379 / 0 tx / 0 pending / 0 (0.0%) gas / (0x6d561bcaa7eea7c20e6983ea9bd18f81f0b9f8e01d4da0fc11c85f820a234ca1)","throwable":""}
{"timestamp":"2025-10-22T12:54:52,014","container":"8a8e46c31ccc","level":"INFO","thread":"BftProcessorExecutor-QBFT-0","class":"QbftBesuControllerBuilder","message":"Produced #380 / 0 tx / 0 pending / 0 (0.0%) gas / (0x733b17642d7d1a977badb44e3d86e516b570004ff8164d02abc8b074e19d3879)","throwable":""}
{"timestamp":"2025-10-22T12:55:00,010","container":"8a8e46c31ccc","level":"INFO","thread":"BftProcessorExecutor-QBFT-0","class":"QbftBesuControllerBuilder","message":"Imported #381 / 0 tx / 0 pending / 0 (0.0%) gas / (0x2c9e616ea309ef1fd1286da7ab52805d2434dd2501b5a8d161913ffeec4a69df)","throwable":""}
{"timestamp":"2025-10-22T12:55:08,015","container":"8a8e46c31ccc","level":"INFO","thread":"BftProcessorExecutor-QBFT-0","class":"QbftBesuControllerBuilder","message":"Imported #382 / 0 tx / 0 pending / 0 (0.0%) gas / (0x6594720df84964f1f433d85e5f32a4eadc469b74f7f9a166e5a548a826c15e83)","throwable":""}
{"timestamp":"2025-10-22T12:55:08,015","container":"8a8e46c31ccc","level":"INFO","thread":"EthScheduler-Workers-0","class":"PersistBlockTask","message":"Block 382 (0x6594720df84964f1f433d85e5f32a4eadc469b74f7f9a166e5a548a826c15e83) is already imported","throwable":""}
{"timestamp":"2025-10-22T12:55:16,012","container":"8a8e46c31ccc","level":"INFO","thread":"BftProcessorExecutor-QBFT-0","class":"QbftBesuControllerBuilder","message":"Imported #383 / 0 tx / 0 pending / 0 (0.0%) gas / (0xc7c1117ebe5a32e8b79cd665d3fed33c8c15ce01f6d59d9ff018a59e32d4a49d)","throwable":""}
{"timestamp":"2025-10-22T12:55:24,013","container":"8a8e46c31ccc","level":"INFO","thread":"BftProcessorExecutor-QBFT-0","class":"QbftBesuControllerBuilder","message":"Produced #384 / 0 tx / 0 pending / 0 (0.0%) gas / (0xf661457f9e1cad22fd1b5f57ee281b0df90174b1d946f18032160698a46e16b1)","throwable":""}
{"timestamp":"2025-10-22T12:55:32,014","container":"8a8e46c31ccc","level":"INFO","thread":"BftProcessorExecutor-QBFT-0","class":"QbftBesuControllerBuilder","message":"Imported #385 / 0 tx / 0 pending / 0 (0.0%) gas / (0x0a20f4e94928ed0f5e2bcaba614aba9d7917922e50c8774ca9eaa66ed5a581b6)","throwable":""}
{"timestamp":"2025-10-22T12:55:40,012","container":"8a8e46c31ccc","level":"INFO","thread":"BftProcessorExecutor-QBFT-0","class":"QbftBesuControllerBuilder","message":"Imported #386 / 0 tx / 0 pending / 0 (0.0%) gas / (0x8c46182417e4dffae60dc65842566fd56efaf1f52df0aad57885d40b3ab33b8c)","throwable":""}
{"timestamp":"2025-10-22T12:55:48,011","container":"8a8e46c31ccc","level":"INFO","thread":"BftProcessorExecutor-QBFT-0","class":"QbftBesuControllerBuilder","message":"Imported #387 / 0 tx / 0 pending / 0 (0.0%) gas / (0xa0092df04951af688c362d0101a397ebebafedae3f48cb228cf64510eba9bcc8)","throwable":""}
{"timestamp":"2025-10-22T12:55:56,012","container":"8a8e46c31ccc","level":"INFO","thread":"BftProcessorExecutor-QBFT-0","class":"QbftBesuControllerBuilder","message":"Produced #388 / 0 tx / 0 pending / 0 (0.0%) gas / (0x2cd32327bfcada5f14f7e556ddaadb86374f6606008688c3d82bc43f0ab8e24b)","throwable":""}
{"timestamp":"2025-10-22T12:56:04,016","container":"8a8e46c31ccc","level":"INFO","thread":"EthScheduler-Workers-0","class":"PersistBlockTask","message":"Block 389 (0x7b772ca8ad4fbea5d63290c579ccb4dc9836b7ecbccf3c96a00a269a148b488c) is already imported","throwable":""}
{"timestamp":"2025-10-22T12:56:04,016","container":"8a8e46c31ccc","level":"INFO","thread":"BftProcessorExecutor-QBFT-0","class":"QbftBesuControllerBuilder","message":"Imported #389 / 0 tx / 0 pending / 0 (0.0%) gas / (0x7b772ca8ad4fbea5d63290c579ccb4dc9836b7ecbccf3c96a00a269a148b488c)","throwable":""}
{"timestamp":"2025-10-22T12:56:12,014","container":"8a8e46c31ccc","level":"INFO","thread":"EthScheduler-Workers-0","class":"PersistBlockTask","message":"Block 390 (0x974a15de21c971b9da9e11682f6f568710f169e3966aaaca369598ad1a567fd6) is already imported","throwable":""}
{"timestamp":"2025-10-22T12:56:12,014","container":"8a8e46c31ccc","level":"INFO","thread":"BftProcessorExecutor-QBFT-0","class":"QbftBesuControllerBuilder","message":"Imported #390 / 0 tx / 0 pending / 0 (0.0%) gas / (0x974a15de21c971b9da9e11682f6f568710f169e3966aaaca369598ad1a567fd6)","throwable":""}
{"timestamp":"2025-10-22T12:56:20,018","container":"8a8e46c31ccc","level":"INFO","thread":"BftProcessorExecutor-QBFT-0","class":"QbftBesuControllerBuilder","message":"Imported #391 / 0 tx / 0 pending / 0 (0.0%) gas / (0xaf661c832664a7901c0a3371ab5d35bc52affc8d81eb9adca25ab935e3926fa0)","throwable":""}
{"timestamp":"2025-10-22T12:56:28,019","container":"8a8e46c31ccc","level":"INFO","thread":"EthScheduler-Workers-0","class":"PersistBlockTask","message":"Imported #392 / 0 tx / 0 om / 0 (0.0%) gas / (0x9f58569572b1903e047d202383b805dd35eae1497535fbdbe94bc4a34efae000) in 0.001s. Peers: 5","throwable":""}
{"timestamp":"2025-10-22T12:56:28,020","container":"8a8e46c31ccc","level":"INFO","thread":"BftProcessorExecutor-QBFT-0","class":"QbftBesuControllerBuilder","message":"Produced #392 / 0 tx / 0 pending / 0 (0.0%) gas / (0x9f58569572b1903e047d202383b805dd35eae1497535fbdbe94bc4a34efae000)","throwable":""}
{"timestamp":"2025-10-22T12:56:36,017","container":"8a8e46c31ccc","level":"INFO","thread":"BftProcessorExecutor-QBFT-0","class":"QbftBesuControllerBuilder","message":"Imported #393 / 0 tx / 0 pending / 0 (0.0%) gas / (0x2bd8a07898345f07011a19f8e19bf849c3de5c3b3c843988a61ea42d30ece0b1)","throwable":""}
{"timestamp":"2025-10-22T12:56:44,015","container":"8a8e46c31ccc","level":"INFO","thread":"BftProcessorExecutor-QBFT-0","class":"QbftBesuControllerBuilder","message":"Imported #394 / 0 tx / 0 pending / 0 (0.0%) gas / (0xf58110b73480b85878df68ceae275e9ee822c058bbaaf300e22b62d02ea4c059)","throwable":""}
{"timestamp":"2025-10-22T12:56:52,025","container":"8a8e46c31ccc","level":"INFO","thread":"EthScheduler-Workers-0","class":"PersistBlockTask","message":"Imported #395 / 0 tx / 0 om / 0 (0.0%) gas / (0xd5d4975e0389f439dce344b0d1f0c842c9066bf7b378b824e913c178f56d1f25) in 0.004s. Peers: 5","throwable":""}
{"timestamp":"2025-10-22T12:57:00,012","container":"8a8e46c31ccc","level":"INFO","thread":"BftProcessorExecutor-QBFT-0","class":"QbftBesuControllerBuilder","message":"Produced #396 / 0 tx / 0 pending / 0 (0.0%) gas / (0x2bf89ea1c1dbf3ee1e2686e4a65926c9ae195c14aa9633b65639654bd2e1d6e1)","throwable":""}
{"timestamp":"2025-10-22T12:57:08,009","container":"8a8e46c31ccc","level":"INFO","thread":"BftProcessorExecutor-QBFT-0","class":"QbftBesuControllerBuilder","message":"Imported #397 / 0 tx / 0 pending / 0 (0.0%) gas / (0x812bea55f75c1d211908d52d2a8966ac0bf756a2e9197dffb62bf58c14446919)","throwable":""}
{"timestamp":"2025-10-22T12:57:16,015","container":"8a8e46c31ccc","level":"INFO","thread":"EthScheduler-Workers-0","class":"PersistBlockTask","message":"Block 398 (0x728aefff7e89ad362bad1ead2634c9244e890481a5e52325878060ac262dd802) is already imported","throwable":""}
{"timestamp":"2025-10-22T12:57:16,015","container":"8a8e46c31ccc","level":"INFO","thread":"BftProcessorExecutor-QBFT-0","class":"QbftBesuControllerBuilder","message":"Imported #398 / 0 tx / 0 pending / 0 (0.0%) gas / (0x728aefff7e89ad362bad1ead2634c9244e890481a5e52325878060ac262dd802)","throwable":""}
{"timestamp":"2025-10-22T12:57:24,014","container":"8a8e46c31ccc","level":"INFO","thread":"BftProcessorExecutor-QBFT-0","class":"QbftBesuControllerBuilder","message":"Imported #399 / 0 tx / 0 pending / 0 (0.0%) gas / (0x638a5ced80e6c9ff4ba6ef0cda6d31a876eda87f539a20bfae1ee48f56656fe0)","throwable":""}
{"timestamp":"2025-10-22T12:57:32,015","container":"8a8e46c31ccc","level":"INFO","thread":"BftProcessorExecutor-QBFT-0","class":"QbftBesuControllerBuilder","message":"Produced #400 / 0 tx / 0 pending / 0 (0.0%) gas / (0xc6b92cd035de5970cb3dda514e537eee54f6013dfcbb2db0c13d5ce1a14911f1)","throwable":""}
{"timestamp":"2025-10-22T12:57:40,011","container":"8a8e46c31ccc","level":"INFO","thread":"BftProcessorExecutor-QBFT-0","class":"QbftBesuControllerBuilder","message":"Imported #401 / 0 tx / 0 pending / 0 (0.0%) gas / (0x2bbbe49624b2128b37986eb1d1fc4e0067fc05356756ad2ca34d5d657db971a0)","throwable":""}
{"timestamp":"2025-10-22T12:57:48,013","container":"8a8e46c31ccc","level":"INFO","thread":"BftProcessorExecutor-QBFT-0","class":"QbftBesuControllerBuilder","message":"Imported #402 / 0 tx / 0 pending / 0 (0.0%) gas / (0x66ef19533d21ee0712430fe6498555c1b28910a68e7ddcfdf707d4463450c294)","throwable":""}
{"timestamp":"2025-10-22T12:57:56,014","container":"8a8e46c31ccc","level":"INFO","thread":"BftProcessorExecutor-QBFT-0","class":"QbftBesuControllerBuilder","message":"Imported #403 / 0 tx / 0 pending / 0 (0.0%) gas / (0x45456f3a13c608cc44452b665d2e18e3c664d00fe113f3e7cc21bb1ca0ca6585)","throwable":""}
{"timestamp":"2025-10-22T12:58:04,014","container":"8a8e46c31ccc","level":"INFO","thread":"BftProcessorExecutor-QBFT-0","class":"QbftBesuControllerBuilder","message":"Produced #404 / 0 tx / 0 pending / 0 (0.0%) gas / (0xde09bdcc55e45e783c0bc09534082ebd27e0652c9920a925c89e25e5be6bbc24)","throwable":""}
{"timestamp":"2025-10-22T12:58:12,008","container":"8a8e46c31ccc","level":"INFO","thread":"BftProcessorExecutor-QBFT-0","class":"QbftBesuControllerBuilder","message":"Imported #405 / 0 tx / 0 pending / 0 (0.0%) gas / (0x201a27fbaefcc52b31719d52e540c1e3596eb539f56d9d04f3878090231d1ed1)","throwable":""}
{"timestamp":"2025-10-22T12:58:20,015","container":"8a8e46c31ccc","level":"INFO","thread":"BftProcessorExecutor-QBFT-0","class":"QbftBesuControllerBuilder","message":"Imported #406 / 0 tx / 0 pending / 0 (0.0%) gas / (0x0adff79366225e541c506e9600731a53b84f233b5ab9e7aa8ae8c4c3ccb69a30)","throwable":""}
{"timestamp":"2025-10-22T12:58:28,015","container":"8a8e46c31ccc","level":"INFO","thread":"BftProcessorExecutor-QBFT-0","class":"QbftBesuControllerBuilder","message":"Imported #407 / 0 tx / 0 pending / 0 (0.0%) gas / (0xda58be7a7f0ca73570bed0a09f84e89ed9b3733bada65858d914e1f60c768b8a)","throwable":""}
{"timestamp":"2025-10-22T12:58:36,015","container":"8a8e46c31ccc","level":"INFO","thread":"BftProcessorExecutor-QBFT-0","class":"QbftBesuControllerBuilder","message":"Produced #408 / 0 tx / 0 pending / 0 (0.0%) gas / (0x79d129cdc27d605dcb0dc5df107863ad46205272ca7be93b82f27d1afd608ebc)","throwable":""}
{"timestamp":"2025-10-22T12:58:44,013","container":"8a8e46c31ccc","level":"INFO","thread":"BftProcessorExecutor-QBFT-0","class":"QbftBesuControllerBuilder","message":"Imported #409 / 0 tx / 0 pending / 0 (0.0%) gas / (0x8692b5225fc9289ed2a689db74d4e31a8ec23e9af843c2db634aa487dfa18ba2)","throwable":""}
{"timestamp":"2025-10-22T12:58:52,017","container":"8a8e46c31ccc","level":"INFO","thread":"BftProcessorExecutor-QBFT-0","class":"QbftBesuControllerBuilder","message":"Imported #410 / 0 tx / 0 pending / 0 (0.0%) gas / (0x02df70f802eccf21e5005d2483ec27a16ee0de88e9369ad8749341edd124007d)","throwable":""}
{"timestamp":"2025-10-22T12:59:00,014","container":"8a8e46c31ccc","level":"INFO","thread":"BftProcessorExecutor-QBFT-0","class":"QbftBesuControllerBuilder","message":"Imported #411 / 0 tx / 0 pending / 0 (0.0%) gas / (0x0b4ec0df46889e14ebaf64caecc78460c9b742b7b8d9178976210481527728ff)","throwable":""}
{"timestamp":"2025-10-22T12:59:08,015","container":"8a8e46c31ccc","level":"INFO","thread":"BftProcessorExecutor-QBFT-0","class":"QbftBesuControllerBuilder","message":"Produced #412 / 0 tx / 0 pending / 0 (0.0%) gas / (0x894f5f9a4d85f79f3a0ba6ac50c07af1c1fe654ca8349e06ac021f7aff614620)","throwable":""}
{"timestamp":"2025-10-22T12:59:16,013","container":"8a8e46c31ccc","level":"INFO","thread":"BftProcessorExecutor-QBFT-0","class":"QbftBesuControllerBuilder","message":"Imported #413 / 0 tx / 0 pending / 0 (0.0%) gas / (0x8614e112c3077b500fbd1873c803de9c13d6edf72b9f08cd7ddd380ca262beec)","throwable":""}
{"timestamp":"2025-10-22T12:59:24,017","container":"8a8e46c31ccc","level":"INFO","thread":"BftProcessorExecutor-QBFT-0","class":"QbftBesuControllerBuilder","message":"Imported #414 / 0 tx / 0 pending / 0 (0.0%) gas / (0x0020c5e742a2974534fa4380182124b2a05398bcae0f320dab98404f14ee8f46)","throwable":""}
{"timestamp":"2025-10-22T12:59:32,015","container":"8a8e46c31ccc","level":"INFO","thread":"BftProcessorExecutor-QBFT-0","class":"QbftBesuControllerBuilder","message":"Imported #415 / 0 tx / 0 pending / 0 (0.0%) gas / (0x5f9882346c118821748a02e026ec358e42e42b3758433c0d645cac7dc7410eb0)","throwable":""}
{"timestamp":"2025-10-22T12:59:40,015","container":"8a8e46c31ccc","level":"INFO","thread":"BftProcessorExecutor-QBFT-0","class":"QbftBesuControllerBuilder","message":"Produced #416 / 0 tx / 0 pending / 0 (0.0%) gas / (0x6b7b4eaf542dfc01aa997e30f5b2b9184323ef4c6951ae3f0afde4b3b6cd5c23)","throwable":""}
{"timestamp":"2025-10-22T12:59:48,018","container":"8a8e46c31ccc","level":"INFO","thread":"BftProcessorExecutor-QBFT-0","class":"QbftBesuControllerBuilder","message":"Imported #417 / 0 tx / 0 pending / 0 (0.0%) gas / (0xa8c456bb7aa0238ccdc482f50f91469880620dc78788a7d2413d897e53491d5c)","throwable":""}
{"timestamp":"2025-10-22T12:59:48,018","container":"8a8e46c31ccc","level":"INFO","thread":"EthScheduler-Workers-0","class":"PersistBlockTask","message":"Block 417 (0xa8c456bb7aa0238ccdc482f50f91469880620dc78788a7d2413d897e53491d5c) is already imported","throwable":""}
{"timestamp":"2025-10-22T12:59:56,009","container":"8a8e46c31ccc","level":"INFO","thread":"BftProcessorExecutor-QBFT-0","class":"QbftBesuControllerBuilder","message":"Imported #418 / 0 tx / 0 pending / 0 (0.0%) gas / (0x977c3b86d9856e49be9338960972ee1a4e6e5740e0b213224900b6d69e3a3425)","throwable":""}
{"timestamp":"2025-10-22T13:00:04,015","container":"8a8e46c31ccc","level":"INFO","thread":"BftProcessorExecutor-QBFT-0","class":"QbftBesuControllerBuilder","message":"Imported #419 / 0 tx / 0 pending / 0 (0.0%) gas / (0x98f9aa48ab9f9fd8ce15941b37fcf5a424913b896c282252e4c6474d8bc33c72)","throwable":""}
{"timestamp":"2025-10-22T13:00:12,007","container":"8a8e46c31ccc","level":"INFO","thread":"BftProcessorExecutor-QBFT-0","class":"QbftBesuControllerBuilder","message":"Produced #420 / 0 tx / 0 pending / 0 (0.0%) gas / (0x9fb467a9c21cf29ae01ae99e2e6732c5eb96783c2e4b5444f75753568a6348b1)","throwable":""}
{"timestamp":"2025-10-22T13:00:20,016","container":"8a8e46c31ccc","level":"INFO","thread":"EthScheduler-Workers-0","class":"PersistBlockTask","message":"Block 421 (0x31cc9f04fa750ac4d640562b3b9bd60cb0ae5784327c8d14d6e3541e954bf295) is already imported","throwable":""}
{"timestamp":"2025-10-22T13:00:20,016","container":"8a8e46c31ccc","level":"INFO","thread":"BftProcessorExecutor-QBFT-0","class":"QbftBesuControllerBuilder","message":"Imported #421 / 0 tx / 0 pending / 0 (0.0%) gas / (0x31cc9f04fa750ac4d640562b3b9bd60cb0ae5784327c8d14d6e3541e954bf295)","throwable":""}
{"timestamp":"2025-10-22T13:00:28,015","container":"8a8e46c31ccc","level":"INFO","thread":"BftProcessorExecutor-QBFT-0","class":"QbftBesuControllerBuilder","message":"Imported #422 / 0 tx / 0 pending / 0 (0.0%) gas / (0x4e2b0244a688ed543dc73c1adedfbce3aba81492f91467b8400c7d3ec266c917)","throwable":""}
{"timestamp":"2025-10-22T13:00:28,015","container":"8a8e46c31ccc","level":"INFO","thread":"EthScheduler-Workers-0","class":"PersistBlockTask","message":"Block 422 (0x4e2b0244a688ed543dc73c1adedfbce3aba81492f91467b8400c7d3ec266c917) is already imported","throwable":""}
{"timestamp":"2025-10-22T13:00:36,016","container":"8a8e46c31ccc","level":"INFO","thread":"EthScheduler-Workers-0","class":"PersistBlockTask","message":"Block 423 (0x48b14ff55dd030038163fd1de664851ca020c6f29e1377e366a04db5da222754) is already imported","throwable":""}
{"timestamp":"2025-10-22T13:00:36,016","container":"8a8e46c31ccc","level":"INFO","thread":"BftProcessorExecutor-QBFT-0","class":"QbftBesuControllerBuilder","message":"Imported #423 / 0 tx / 0 pending / 0 (0.0%) gas / (0x48b14ff55dd030038163fd1de664851ca020c6f29e1377e366a04db5da222754)","throwable":""}
{"timestamp":"2025-10-22T13:00:44,014","container":"8a8e46c31ccc","level":"INFO","thread":"EthScheduler-Workers-0","class":"PersistBlockTask","message":"Block 424 (0x675cac5e2d6b2d1a0c644df30b98be43cdcdb7adb528a02a791cb1e833afd383) is already imported","throwable":""}
{"timestamp":"2025-10-22T13:00:44,015","container":"8a8e46c31ccc","level":"INFO","thread":"BftProcessorExecutor-QBFT-0","class":"QbftBesuControllerBuilder","message":"Produced #424 / 0 tx / 0 pending / 0 (0.0%) gas / (0x675cac5e2d6b2d1a0c644df30b98be43cdcdb7adb528a02a791cb1e833afd383)","throwable":""}
{"timestamp":"2025-10-22T13:00:52,012","container":"8a8e46c31ccc","level":"INFO","thread":"BftProcessorExecutor-QBFT-0","class":"QbftBesuControllerBuilder","message":"Imported #425 / 0 tx / 0 pending / 0 (0.0%) gas / (0x1fb505e517581a99a80bda672a3fdcd8be774a3ccbe8e46e789909a14bf6b99a)","throwable":""}
{"timestamp":"2025-10-22T13:01:00,036","container":"8a8e46c31ccc","level":"INFO","thread":"EthScheduler-Workers-0","class":"PersistBlockTask","message":"Imported #426 / 0 tx / 0 om / 0 (0.0%) gas / (0x86558b4abe99e7a75047c466e3a2248d5c59a0ce17f089c4179c8ab944026061) in 0.001s. Peers: 5","throwable":""}
{"timestamp":"2025-10-22T13:01:00,036","container":"8a8e46c31ccc","level":"INFO","thread":"BftProcessorExecutor-QBFT-0","class":"QbftBesuControllerBuilder","message":"Imported #426 / 0 tx / 0 pending / 0 (0.0%) gas / (0x86558b4abe99e7a75047c466e3a2248d5c59a0ce17f089c4179c8ab944026061)","throwable":""}
{"timestamp":"2025-10-22T13:01:08,013","container":"8a8e46c31ccc","level":"INFO","thread":"BftProcessorExecutor-QBFT-0","class":"QbftBesuControllerBuilder","message":"Imported #427 / 0 tx / 0 pending / 0 (0.0%) gas / (0xc8bef78c99dc133cd6fa6dfd819935821f9556f52a6a928216f43f8ace4a4807)","throwable":""}
{"timestamp":"2025-10-22T13:01:16,017","container":"8a8e46c31ccc","level":"INFO","thread":"BftProcessorExecutor-QBFT-0","class":"QbftBesuControllerBuilder","message":"Produced #428 / 0 tx / 0 pending / 0 (0.0%) gas / (0xe7679151c343e0f1eeecce8b3e24ebc83b5f2a4f37a110e3e86cd31b6d29428f)","throwable":""}
{"timestamp":"2025-10-22T13:01:24,009","container":"8a8e46c31ccc","level":"INFO","thread":"EthScheduler-Workers-0","class":"PersistBlockTask","message":"Block 429 (0x6a11f03a2dac89f2ad97a0dc14bd6e86191fead091b49be680b6f56b2eb7c581) is already imported","throwable":""}
{"timestamp":"2025-10-22T13:01:24,009","container":"8a8e46c31ccc","level":"INFO","thread":"BftProcessorExecutor-QBFT-0","class":"QbftBesuControllerBuilder","message":"Imported #429 / 0 tx / 0 pending / 0 (0.0%) gas / (0x6a11f03a2dac89f2ad97a0dc14bd6e86191fead091b49be680b6f56b2eb7c581)","throwable":""}
{"timestamp":"2025-10-22T13:01:32,012","container":"8a8e46c31ccc","level":"INFO","thread":"BftProcessorExecutor-QBFT-0","class":"QbftBesuControllerBuilder","message":"Imported #430 / 0 tx / 0 pending / 0 (0.0%) gas / (0xf5f970b4614f35c84f8e36e0827586b92bd742ec1adb2000e043ab5a3d08c562)","throwable":""}
{"timestamp":"2025-10-22T13:01:40,013","container":"8a8e46c31ccc","level":"INFO","thread":"BftProcessorExecutor-QBFT-0","class":"QbftBesuControllerBuilder","message":"Imported #431 / 0 tx / 0 pending / 0 (0.0%) gas / (0x3178990a90a48b60f8fc0c2e861e81c3cbcafd9fa00f6b72ff36390caf690a76)","throwable":""}
{"timestamp":"2025-10-22T13:01:48,016","container":"8a8e46c31ccc","level":"INFO","thread":"BftProcessorExecutor-QBFT-0","class":"QbftBesuControllerBuilder","message":"Produced #432 / 0 tx / 0 pending / 0 (0.0%) gas / (0xaf1e63afccdc3d75cb95a475bb30e8cd667377ca9d75df4ce35b1add944a4825)","throwable":""}
{"timestamp":"2025-10-22T13:01:56,022","container":"8a8e46c31ccc","level":"INFO","thread":"BftProcessorExecutor-QBFT-0","class":"QbftBesuControllerBuilder","message":"Imported #433 / 0 tx / 0 pending / 0 (0.0%) gas / (0x6417c7837cf3fae094bdac1be57823dfef89b5ff4328b11e7e8538bbfa7a87af)","throwable":""}
{"timestamp":"2025-10-22T13:01:56,022","container":"8a8e46c31ccc","level":"INFO","thread":"EthScheduler-Workers-0","class":"PersistBlockTask","message":"Block 433 (0x6417c7837cf3fae094bdac1be57823dfef89b5ff4328b11e7e8538bbfa7a87af) is already imported","throwable":""}
{"timestamp":"2025-10-22T13:02:04,020","container":"8a8e46c31ccc","level":"INFO","thread":"BftProcessorExecutor-QBFT-0","class":"QbftBesuControllerBuilder","message":"Imported #434 / 0 tx / 0 pending / 0 (0.0%) gas / (0xaad101adbfe47d8b017951299f577422e8fdfe32b22aaa52f8cb312f421b4f77)","throwable":""}
{"timestamp":"2025-10-22T13:02:12,011","container":"8a8e46c31ccc","level":"INFO","thread":"BftProcessorExecutor-QBFT-0","class":"QbftBesuControllerBuilder","message":"Imported #435 / 0 tx / 0 pending / 0 (0.0%) gas / (0x2f15845cf8ae5039ce900f04fa41016a4f309392e1b4918838cd85e3d70107ed)","throwable":""}
{"timestamp":"2025-10-22T13:02:20,010","container":"8a8e46c31ccc","level":"INFO","thread":"BftProcessorExecutor-QBFT-0","class":"QbftBesuControllerBuilder","message":"Produced #436 / 0 tx / 0 pending / 0 (0.0%) gas / (0xe004549907da658e57ed4920f4dade520f0446db78d516347378344dd6962451)","throwable":""}
{"timestamp":"2025-10-22T13:02:28,020","container":"8a8e46c31ccc","level":"INFO","thread":"EthScheduler-Workers-0","class":"PersistBlockTask","message":"Block 437 (0x985d8c5f5994de2d5ab5fe7f9eea1ab68b2cfdcd8c78158d7ea460f2aafe5b57) is already imported","throwable":""}
{"timestamp":"2025-10-22T13:02:28,021","container":"8a8e46c31ccc","level":"INFO","thread":"BftProcessorExecutor-QBFT-0","class":"QbftBesuControllerBuilder","message":"Imported #437 / 0 tx / 0 pending / 0 (0.0%) gas / (0x985d8c5f5994de2d5ab5fe7f9eea1ab68b2cfdcd8c78158d7ea460f2aafe5b57)","throwable":""}
{"timestamp":"2025-10-22T13:02:36,017","container":"8a8e46c31ccc","level":"INFO","thread":"EthScheduler-Workers-0","class":"PersistBlockTask","message":"Block 438 (0x364c7968821f0ff895e569e8fdb39c09c07c7f7d10d605d7516544bf9a863542) is already imported","throwable":""}
{"timestamp":"2025-10-22T13:02:36,017","container":"8a8e46c31ccc","level":"INFO","thread":"BftProcessorExecutor-QBFT-0","class":"QbftBesuControllerBuilder","message":"Imported #438 / 0 tx / 0 pending / 0 (0.0%) gas / (0x364c7968821f0ff895e569e8fdb39c09c07c7f7d10d605d7516544bf9a863542)","throwable":""}
{"timestamp":"2025-10-22T13:02:44,013","container":"8a8e46c31ccc","level":"INFO","thread":"BftProcessorExecutor-QBFT-0","class":"QbftBesuControllerBuilder","message":"Imported #439 / 0 tx / 0 pending / 0 (0.0%) gas / (0x83e58536bb5b7985c3dd8949e745ec8be88d1a3b4feef724767af461a4a05f8c)","throwable":""}
{"timestamp":"2025-10-22T13:02:52,012","container":"8a8e46c31ccc","level":"INFO","thread":"BftProcessorExecutor-QBFT-0","class":"QbftBesuControllerBuilder","message":"Produced #440 / 0 tx / 0 pending / 0 (0.0%) gas / (0x0242790e6ab7abfd92821329b1652f8d1739fbcf5359b6b87b598acc2d24a927)","throwable":""}
{"timestamp":"2025-10-22T13:03:00,009","container":"8a8e46c31ccc","level":"INFO","thread":"BftProcessorExecutor-QBFT-0","class":"QbftBesuControllerBuilder","message":"Imported #441 / 0 tx / 0 pending / 0 (0.0%) gas / (0xf42f1f3d90973ec7e044d0a64918968e56fc35bf966b07e00c56dc317450cdbe)","throwable":""}
{"timestamp":"2025-10-22T13:03:08,008","container":"8a8e46c31ccc","level":"INFO","thread":"BftProcessorExecutor-QBFT-0","class":"QbftBesuControllerBuilder","message":"Imported #442 / 0 tx / 0 pending / 0 (0.0%) gas / (0x7462a6cc573e945521221e23e0259a4b392d92d1eeca93fdd8b64c37155dde9b)","throwable":""}
{"timestamp":"2025-10-22T13:03:16,015","container":"8a8e46c31ccc","level":"INFO","thread":"BftProcessorExecutor-QBFT-0","class":"QbftBesuControllerBuilder","message":"Imported #443 / 0 tx / 0 pending / 0 (0.0%) gas / (0x52801882e48ecd19f232ff9fa6214130aff8758fe12016d6f4d4a8e8f9010f64)","throwable":""}
{"timestamp":"2025-10-22T13:03:24,017","container":"8a8e46c31ccc","level":"INFO","thread":"EthScheduler-Workers-0","class":"PersistBlockTask","message":"Block 444 (0x65b0cec226196dfb10e88d20e8b5caca88545f83f2ae40faed3b30121b4ddb47) is already imported","throwable":""}
{"timestamp":"2025-10-22T13:03:24,017","container":"8a8e46c31ccc","level":"INFO","thread":"BftProcessorExecutor-QBFT-0","class":"QbftBesuControllerBuilder","message":"Produced #444 / 0 tx / 0 pending / 0 (0.0%) gas / (0x65b0cec226196dfb10e88d20e8b5caca88545f83f2ae40faed3b30121b4ddb47)","throwable":""}
{"timestamp":"2025-10-22T13:03:32,013","container":"8a8e46c31ccc","level":"INFO","thread":"BftProcessorExecutor-QBFT-0","class":"QbftBesuControllerBuilder","message":"Imported #445 / 0 tx / 0 pending / 0 (0.0%) gas / (0xc787fb0d76f7ce8d53be76e5ba1710393ff28644041d284efb829cc31298c6f6)","throwable":""}
{"timestamp":"2025-10-22T13:03:40,015","container":"8a8e46c31ccc","level":"INFO","thread":"BftProcessorExecutor-QBFT-0","class":"QbftBesuControllerBuilder","message":"Imported #446 / 0 tx / 0 pending / 0 (0.0%) gas / (0xb1715cde56240906721b639adffe7a3aefb617a861f0d428c3994720a14870e5)","throwable":""}
{"timestamp":"2025-10-22T13:03:40,016","container":"8a8e46c31ccc","level":"INFO","thread":"EthScheduler-Workers-0","class":"PersistBlockTask","message":"Block 446 (0xb1715cde56240906721b639adffe7a3aefb617a861f0d428c3994720a14870e5) is already imported","throwable":""}
{"timestamp":"2025-10-22T13:03:48,008","container":"8a8e46c31ccc","level":"INFO","thread":"BftProcessorExecutor-QBFT-0","class":"QbftBesuControllerBuilder","message":"Imported #447 / 0 tx / 0 pending / 0 (0.0%) gas / (0xb02d7514a74f4def3cfb0b01cfb1d738d02047114ac1b3cb45c077b1b76afa2e)","throwable":""}
{"timestamp":"2025-10-22T13:03:56,014","container":"8a8e46c31ccc","level":"INFO","thread":"BftProcessorExecutor-QBFT-0","class":"QbftBesuControllerBuilder","message":"Produced #448 / 0 tx / 0 pending / 0 (0.0%) gas / (0x9fde5042a5f0a851230b4c653a27c112eee18cedc9d5700becf86df2bcd9718f)","throwable":""}
{"timestamp":"2025-10-22T13:04:04,013","container":"8a8e46c31ccc","level":"INFO","thread":"BftProcessorExecutor-QBFT-0","class":"QbftBesuControllerBuilder","message":"Imported #449 / 0 tx / 0 pending / 0 (0.0%) gas / (0x76aa67b90cf391cac4420cae73dc3dc3dcc50f6532ba5cde3cc98c6fca6c61c3)","throwable":""}
{"timestamp":"2025-10-22T13:04:12,015","container":"8a8e46c31ccc","level":"INFO","thread":"EthScheduler-Workers-0","class":"PersistBlockTask","message":"Block 450 (0xb1a5f27a3873accda1036c82ee4fa8e05df6934cada60bdd638ea1c689d5d132) is already imported","throwable":""}
{"timestamp":"2025-10-22T13:04:12,016","container":"8a8e46c31ccc","level":"INFO","thread":"BftProcessorExecutor-QBFT-0","class":"QbftBesuControllerBuilder","message":"Imported #450 / 0 tx / 0 pending / 0 (0.0%) gas / (0xb1a5f27a3873accda1036c82ee4fa8e05df6934cada60bdd638ea1c689d5d132)","throwable":""}
{"timestamp":"2025-10-22T13:04:20,016","container":"8a8e46c31ccc","level":"INFO","thread":"BftProcessorExecutor-QBFT-0","class":"QbftBesuControllerBuilder","message":"Imported #451 / 0 tx / 0 pending / 0 (0.0%) gas / (0x1b5b9f03330e1276a5d03e10af533c0c6fd38ab1e1be5b644b960553879b7f5a)","throwable":""}
{"timestamp":"2025-10-22T13:04:28,013","container":"8a8e46c31ccc","level":"INFO","thread":"BftProcessorExecutor-QBFT-0","class":"QbftBesuControllerBuilder","message":"Produced #452 / 0 tx / 0 pending / 0 (0.0%) gas / (0x8b7c96cf322992ba6d09ede2db39da42fe4c4c2e6e8098d61bd5cc08013e4e3c)","throwable":""}
{"timestamp":"2025-10-22T13:04:36,015","container":"8a8e46c31ccc","level":"INFO","thread":"BftProcessorExecutor-QBFT-0","class":"QbftBesuControllerBuilder","message":"Imported #453 / 0 tx / 0 pending / 0 (0.0%) gas / (0x8f843a759adca27085955fda64be1a02d7185e0526b849b4c2a17da8d6f421e0)","throwable":""}
{"timestamp":"2025-10-22T13:04:44,015","container":"8a8e46c31ccc","level":"INFO","thread":"EthScheduler-Workers-0","class":"PersistBlockTask","message":"Block 454 (0x89579ae7331a4db16f54f8c37f4373923fa15443d08d813f37163573613fba76) is already imported","throwable":""}
{"timestamp":"2025-10-22T13:04:44,016","container":"8a8e46c31ccc","level":"INFO","thread":"BftProcessorExecutor-QBFT-0","class":"QbftBesuControllerBuilder","message":"Imported #454 / 0 tx / 0 pending / 0 (0.0%) gas / (0x89579ae7331a4db16f54f8c37f4373923fa15443d08d813f37163573613fba76)","throwable":""}
{"timestamp":"2025-10-22T13:04:52,011","container":"8a8e46c31ccc","level":"INFO","thread":"BftProcessorExecutor-QBFT-0","class":"QbftBesuControllerBuilder","message":"Imported #455 / 0 tx / 0 pending / 0 (0.0%) gas / (0x183f28e5cbc4fce03421677ec25e48dd06b2c8c6f0f3ed87b85ebe8d5ac69f16)","throwable":""}
{"timestamp":"2025-10-22T13:05:00,015","container":"8a8e46c31ccc","level":"INFO","thread":"BftProcessorExecutor-QBFT-0","class":"QbftBesuControllerBuilder","message":"Produced #456 / 0 tx / 0 pending / 0 (0.0%) gas / (0x109794aa07355c4dd3235fb988d560f1b5cee7c684eea9f669ed4c1f07e0e9fb)","throwable":""}
{"timestamp":"2025-10-22T13:05:08,016","container":"8a8e46c31ccc","level":"INFO","thread":"BftProcessorExecutor-QBFT-0","class":"QbftBesuControllerBuilder","message":"Imported #457 / 0 tx / 0 pending / 0 (0.0%) gas / (0x76309147a022b6016e568f6c09a27b4220fc55493ecc2e361de234826d768cd9)","throwable":""}
{"timestamp":"2025-10-22T13:05:16,008","container":"8a8e46c31ccc","level":"INFO","thread":"BftProcessorExecutor-QBFT-0","class":"QbftBesuControllerBuilder","message":"Imported #458 / 0 tx / 0 pending / 0 (0.0%) gas / (0xccf9bc71ce949413c5f15838bb5d17d1ba60f5a613e1458a5c55ae4c76cfbabe)","throwable":""}
{"timestamp":"2025-10-22T13:05:24,013","container":"8a8e46c31ccc","level":"INFO","thread":"BftProcessorExecutor-QBFT-0","class":"QbftBesuControllerBuilder","message":"Imported #459 / 0 tx / 0 pending / 0 (0.0%) gas / (0x08a86aad6518fd324aa04e5d0bbe706a95c2468937d0a2aa13ada69e2494af61)","throwable":""}
{"timestamp":"2025-10-22T13:05:32,013","container":"8a8e46c31ccc","level":"INFO","thread":"BftProcessorExecutor-QBFT-0","class":"QbftBesuControllerBuilder","message":"Produced #460 / 0 tx / 0 pending / 0 (0.0%) gas / (0x5a1da637cdff4fdc49e995c1ff7b5858327c32556f6a715e88aec1c1f99800a0)","throwable":""}
{"timestamp":"2025-10-22T13:05:40,012","container":"8a8e46c31ccc","level":"INFO","thread":"BftProcessorExecutor-QBFT-0","class":"QbftBesuControllerBuilder","message":"Imported #461 / 0 tx / 0 pending / 0 (0.0%) gas / (0x93c1eb60568e4161f5e24e82fd137d1a986a9731e31d0eb1183bf647ae0dd720)","throwable":""}
{"timestamp":"2025-10-22T13:05:48,023","container":"8a8e46c31ccc","level":"INFO","thread":"EthScheduler-Workers-0","class":"PersistBlockTask","message":"Block 462 (0xc1941430c78413976907c31f652de821b832986c337381055d05a59a9148763a) is already imported","throwable":""}
{"timestamp":"2025-10-22T13:05:48,023","container":"8a8e46c31ccc","level":"INFO","thread":"BftProcessorExecutor-QBFT-0","class":"QbftBesuControllerBuilder","message":"Imported #462 / 0 tx / 0 pending / 0 (0.0%) gas / (0xc1941430c78413976907c31f652de821b832986c337381055d05a59a9148763a)","throwable":""}
{"timestamp":"2025-10-22T13:05:56,012","container":"8a8e46c31ccc","level":"INFO","thread":"BftProcessorExecutor-QBFT-0","class":"QbftBesuControllerBuilder","message":"Imported #463 / 0 tx / 0 pending / 0 (0.0%) gas / (0x974b3d910b1e6c921d5cdb5ebec58ba30bf2739b6cd944c191ac80b0a3eaab8f)","throwable":""}
{"timestamp":"2025-10-22T13:06:04,012","container":"8a8e46c31ccc","level":"INFO","thread":"BftProcessorExecutor-QBFT-0","class":"QbftBesuControllerBuilder","message":"Produced #464 / 0 tx / 0 pending / 0 (0.0%) gas / (0xe82c7123b24553125d43650572cf2cb45f5cf37ef25f352ebfde886cf8726f64)","throwable":""}
{"timestamp":"2025-10-22T13:06:12,014","container":"8a8e46c31ccc","level":"INFO","thread":"BftProcessorExecutor-QBFT-0","class":"QbftBesuControllerBuilder","message":"Imported #465 / 0 tx / 0 pending / 0 (0.0%) gas / (0x71bac1ac051da515403b599ea2da81c1f11fc74307433eb4f873d76bf3016fd4)","throwable":""}
{"timestamp":"2025-10-22T13:06:20,016","container":"8a8e46c31ccc","level":"INFO","thread":"BftProcessorExecutor-QBFT-0","class":"QbftBesuControllerBuilder","message":"Imported #466 / 0 tx / 0 pending / 0 (0.0%) gas / (0xf77a078610428705086323dc7ef1ea1336c7510327b2bbf7e5ac475ae2a6b27c)","throwable":""}
{"timestamp":"2025-10-22T13:06:20,017","container":"8a8e46c31ccc","level":"INFO","thread":"EthScheduler-Workers-0","class":"PersistBlockTask","message":"Block 466 (0xf77a078610428705086323dc7ef1ea1336c7510327b2bbf7e5ac475ae2a6b27c) is already imported","throwable":""}
{"timestamp":"2025-10-22T13:06:28,018","container":"8a8e46c31ccc","level":"INFO","thread":"EthScheduler-Workers-0","class":"PersistBlockTask","message":"Block 467 (0xec57709c44946cbaad735eecf1e487dc6bc9bd09a62b937085f0ca8164b58638) is already imported","throwable":""}
{"timestamp":"2025-10-22T13:06:28,019","container":"8a8e46c31ccc","level":"INFO","thread":"BftProcessorExecutor-QBFT-0","class":"QbftBesuControllerBuilder","message":"Imported #467 / 0 tx / 0 pending / 0 (0.0%) gas / (0xec57709c44946cbaad735eecf1e487dc6bc9bd09a62b937085f0ca8164b58638)","throwable":""}
{"timestamp":"2025-10-22T13:06:36,015","container":"8a8e46c31ccc","level":"INFO","thread":"BftProcessorExecutor-QBFT-0","class":"QbftBesuControllerBuilder","message":"Produced #468 / 0 tx / 0 pending / 0 (0.0%) gas / (0x317ea98b3d75274a4b9f28bb5822dcb6a41e07aceb58c7f2afea075c2ea2e58d)","throwable":""}
{"timestamp":"2025-10-22T13:06:44,012","container":"8a8e46c31ccc","level":"INFO","thread":"BftProcessorExecutor-QBFT-0","class":"QbftBesuControllerBuilder","message":"Imported #469 / 0 tx / 0 pending / 0 (0.0%) gas / (0x66a5181eac44ef85725b3ba1dbad8ee4edbb03c36ff2b8d190a1b94f7c2f2929)","throwable":""}
{"timestamp":"2025-10-22T13:06:44,014","container":"8a8e46c31ccc","level":"INFO","thread":"EthScheduler-Workers-0","class":"PersistBlockTask","message":"Block 469 (0x66a5181eac44ef85725b3ba1dbad8ee4edbb03c36ff2b8d190a1b94f7c2f2929) is already imported","throwable":""}
{"timestamp":"2025-10-22T13:06:52,011","container":"8a8e46c31ccc","level":"INFO","thread":"BftProcessorExecutor-QBFT-0","class":"QbftBesuControllerBuilder","message":"Imported #470 / 0 tx / 0 pending / 0 (0.0%) gas / (0xce917b33995d74bff4cce3c12068672cb93e0f221457e10a0681a56828d44b28)","throwable":""}
{"timestamp":"2025-10-22T13:07:00,020","container":"8a8e46c31ccc","level":"INFO","thread":"BftProcessorExecutor-QBFT-0","class":"QbftBesuControllerBuilder","message":"Imported #471 / 0 tx / 0 pending / 0 (0.0%) gas / (0x7b85b325c5c30b50f8872b8dfbe8ad585c87fa4fc4082a91d47b86b9c098f22b)","throwable":""}
{"timestamp":"2025-10-22T13:07:08,014","container":"8a8e46c31ccc","level":"INFO","thread":"BftProcessorExecutor-QBFT-0","class":"QbftBesuControllerBuilder","message":"Produced #472 / 0 tx / 0 pending / 0 (0.0%) gas / (0x5fd1f5183e13299653181160b1d96a56641885fffb5ae91d0b3426ff0305c51b)","throwable":""}
{"timestamp":"2025-10-22T13:07:08,017","container":"8a8e46c31ccc","level":"INFO","thread":"EthScheduler-Workers-0","class":"PersistBlockTask","message":"Block 472 (0x5fd1f5183e13299653181160b1d96a56641885fffb5ae91d0b3426ff0305c51b) is already imported","throwable":""}
{"timestamp":"2025-10-22T13:07:16,012","container":"8a8e46c31ccc","level":"INFO","thread":"BftProcessorExecutor-QBFT-0","class":"QbftBesuControllerBuilder","message":"Imported #473 / 0 tx / 0 pending / 0 (0.0%) gas / (0xc09639e796bfd98361170e1d2dc692a2d82a53687c99fb86b28d03d533d987ad)","throwable":""}
{"timestamp":"2025-10-22T13:07:24,013","container":"8a8e46c31ccc","level":"INFO","thread":"BftProcessorExecutor-QBFT-0","class":"QbftBesuControllerBuilder","message":"Imported #474 / 0 tx / 0 pending / 0 (0.0%) gas / (0xa35b955104665289b738f46b5ea693da7420a1e7b22c79fc9741aab4799a2ff5)","throwable":""}
{"timestamp":"2025-10-22T13:07:32,013","container":"8a8e46c31ccc","level":"INFO","thread":"BftProcessorExecutor-QBFT-0","class":"QbftBesuControllerBuilder","message":"Imported #475 / 0 tx / 0 pending / 0 (0.0%) gas / (0x65b61534988e7fe0d2c089e44a947fcdbc604b2f7b0307b4ae091d53189ffc41)","throwable":""}
{"timestamp":"2025-10-22T13:07:40,021","container":"8a8e46c31ccc","level":"INFO","thread":"EthScheduler-Workers-0","class":"PersistBlockTask","message":"Imported #476 / 0 tx / 0 om / 0 (0.0%) gas / (0x54611e3ea09b7c3bf59795c0f8357bbe98280da79f14d31e3bfde2672234148f) in 0.006s. Peers: 5","throwable":""}
{"timestamp":"2025-10-22T13:07:40,021","container":"8a8e46c31ccc","level":"INFO","thread":"BftProcessorExecutor-QBFT-0","class":"QbftBesuControllerBuilder","message":"Produced #476 / 0 tx / 0 pending / 0 (0.0%) gas / (0x54611e3ea09b7c3bf59795c0f8357bbe98280da79f14d31e3bfde2672234148f)","throwable":""}
{"timestamp":"2025-10-22T13:07:48,017","container":"8a8e46c31ccc","level":"INFO","thread":"EthScheduler-Workers-0","class":"PersistBlockTask","message":"Imported #477 / 0 tx / 0 om / 0 (0.0%) gas / (0x8f7d5ae7057cb3baa10f05598696585ffa4f74bf0697d2f33e44e10ec66a025d) in 0.001s. Peers: 5","throwable":""}
{"timestamp":"2025-10-22T13:07:56,011","container":"8a8e46c31ccc","level":"INFO","thread":"BftProcessorExecutor-QBFT-0","class":"QbftBesuControllerBuilder","message":"Imported #478 / 0 tx / 0 pending / 0 (0.0%) gas / (0xe47a2a5532fe8c64d09edaa22141e7b80835a57ad77e3d7224f675c93368be50)","throwable":""}
{"timestamp":"2025-10-22T13:08:04,017","container":"8a8e46c31ccc","level":"INFO","thread":"EthScheduler-Workers-0","class":"PersistBlockTask","message":"Block 479 (0x9a368461f06a98fb76067909a8b333ab022c45f1b8fedcae732d049458a0a992) is already imported","throwable":""}
{"timestamp":"2025-10-22T13:08:04,017","container":"8a8e46c31ccc","level":"INFO","thread":"BftProcessorExecutor-QBFT-0","class":"QbftBesuControllerBuilder","message":"Imported #479 / 0 tx / 0 pending / 0 (0.0%) gas / (0x9a368461f06a98fb76067909a8b333ab022c45f1b8fedcae732d049458a0a992)","throwable":""}
{"timestamp":"2025-10-22T13:08:12,015","container":"8a8e46c31ccc","level":"INFO","thread":"BftProcessorExecutor-QBFT-0","class":"QbftBesuControllerBuilder","message":"Produced #480 / 0 tx / 0 pending / 0 (0.0%) gas / (0x8d2bbba1b40d23ae47af28aa38c20ea8c026d0b258b7011635c7b53e0c05e21c)","throwable":""}
{"timestamp":"2025-10-22T13:08:20,015","container":"8a8e46c31ccc","level":"INFO","thread":"BftProcessorExecutor-QBFT-0","class":"QbftBesuControllerBuilder","message":"Imported #481 / 0 tx / 0 pending / 0 (0.0%) gas / (0xf7538ee6cfea2aae22b493e4de96227cbb1e955e51aa79a509ebd6115f25e88a)","throwable":""}
{"timestamp":"2025-10-22T13:08:20,016","container":"8a8e46c31ccc","level":"INFO","thread":"EthScheduler-Workers-0","class":"PersistBlockTask","message":"Block 481 (0xf7538ee6cfea2aae22b493e4de96227cbb1e955e51aa79a509ebd6115f25e88a) is already imported","throwable":""}
{"timestamp":"2025-10-22T13:08:28,017","container":"8a8e46c31ccc","level":"INFO","thread":"BftProcessorExecutor-QBFT-0","class":"QbftBesuControllerBuilder","message":"Imported #482 / 0 tx / 0 pending / 0 (0.0%) gas / (0x6f847972774b5ea5054792e8e95bd91d88a1e833ec91a0fc24f08b051ec633d0)","throwable":""}
{"timestamp":"2025-10-22T13:08:36,032","container":"8a8e46c31ccc","level":"INFO","thread":"BftProcessorExecutor-QBFT-0","class":"QbftBesuControllerBuilder","message":"Imported #483 / 0 tx / 0 pending / 0 (0.0%) gas / (0xfc1e1fe00a1e2d1f103d01fde8fb0ecea385ec9b2c564847ee4420413d786037)","throwable":""}
{"timestamp":"2025-10-22T13:08:44,010","container":"8a8e46c31ccc","level":"INFO","thread":"BftProcessorExecutor-QBFT-0","class":"QbftBesuControllerBuilder","message":"Produced #484 / 0 tx / 0 pending / 0 (0.0%) gas / (0x579e4887e814834b676f2861c9293e262d1a9d3afb672a12f6ece13902849601)","throwable":""}
{"timestamp":"2025-10-22T13:08:44,011","container":"8a8e46c31ccc","level":"INFO","thread":"EthScheduler-Workers-0","class":"PersistBlockTask","message":"Block 484 (0x579e4887e814834b676f2861c9293e262d1a9d3afb672a12f6ece13902849601) is already imported","throwable":""}
{"timestamp":"2025-10-22T13:08:52,009","container":"8a8e46c31ccc","level":"INFO","thread":"BftProcessorExecutor-QBFT-0","class":"QbftBesuControllerBuilder","message":"Imported #485 / 0 tx / 0 pending / 0 (0.0%) gas / (0x7009f781d7fcc87b2109a66622063e1b90c570cb3479edaa7995ba23f744d5d4)","throwable":""}
{"timestamp":"2025-10-22T13:09:00,013","container":"8a8e46c31ccc","level":"INFO","thread":"BftProcessorExecutor-QBFT-0","class":"QbftBesuControllerBuilder","message":"Imported #486 / 0 tx / 0 pending / 0 (0.0%) gas / (0x8861d4161ac6ca6ced257bbb72f0254e73200e001f6a998cd3a6b89678c5c494)","throwable":""}
{"timestamp":"2025-10-22T13:09:08,013","container":"8a8e46c31ccc","level":"INFO","thread":"BftProcessorExecutor-QBFT-0","class":"QbftBesuControllerBuilder","message":"Imported #487 / 0 tx / 0 pending / 0 (0.0%) gas / (0x5ba773548950a483ba15bd11a9fc42144f1bd6d947f41e3e2ebd5a5924f46f5d)","throwable":""}
{"timestamp":"2025-10-22T13:09:16,011","container":"8a8e46c31ccc","level":"INFO","thread":"BftProcessorExecutor-QBFT-0","class":"QbftBesuControllerBuilder","message":"Produced #488 / 0 tx / 0 pending / 0 (0.0%) gas / (0x70e13b92edab432b949995e83ad042d1b474b7934f5243d2080de13652eaf656)","throwable":""}
{"timestamp":"2025-10-22T13:09:24,015","container":"8a8e46c31ccc","level":"INFO","thread":"BftProcessorExecutor-QBFT-0","class":"QbftBesuControllerBuilder","message":"Imported #489 / 0 tx / 0 pending / 0 (0.0%) gas / (0xd02c47aa3a52f287b3afd465caf108572cd1eb97886c72b3aa6b2205795a938b)","throwable":""}
{"timestamp":"2025-10-22T13:09:32,014","container":"8a8e46c31ccc","level":"INFO","thread":"BftProcessorExecutor-QBFT-0","class":"QbftBesuControllerBuilder","message":"Imported #490 / 0 tx / 0 pending / 0 (0.0%) gas / (0x5d7bee225a8f802083a5002e06f4e86f911aecc178a6209a8816f6f19547a7ae)","throwable":""}
{"timestamp":"2025-10-22T13:09:40,012","container":"8a8e46c31ccc","level":"INFO","thread":"BftProcessorExecutor-QBFT-0","class":"QbftBesuControllerBuilder","message":"Imported #491 / 0 tx / 0 pending / 0 (0.0%) gas / (0xa6dcc41f818380d17cad10292ddf926d20da8592ba7d074717b8159459ea42fb)","throwable":""}
{"timestamp":"2025-10-22T13:09:40,012","container":"8a8e46c31ccc","level":"INFO","thread":"EthScheduler-Workers-0","class":"PersistBlockTask","message":"Block 491 (0xa6dcc41f818380d17cad10292ddf926d20da8592ba7d074717b8159459ea42fb) is already imported","throwable":""}
{"timestamp":"2025-10-22T13:09:48,018","container":"8a8e46c31ccc","level":"INFO","thread":"EthScheduler-Workers-0","class":"PersistBlockTask","message":"Block 492 (0x89d28ed4026ec4928664f597016b1215d5f8f40c5b731593ea7d0068c5db24db) is already imported","throwable":""}
{"timestamp":"2025-10-22T13:09:48,018","container":"8a8e46c31ccc","level":"INFO","thread":"BftProcessorExecutor-QBFT-0","class":"QbftBesuControllerBuilder","message":"Produced #492 / 0 tx / 0 pending / 0 (0.0%) gas / (0x89d28ed4026ec4928664f597016b1215d5f8f40c5b731593ea7d0068c5db24db)","throwable":""}
{"timestamp":"2025-10-22T13:09:56,013","container":"8a8e46c31ccc","level":"INFO","thread":"BftProcessorExecutor-QBFT-0","class":"QbftBesuControllerBuilder","message":"Imported #493 / 0 tx / 0 pending / 0 (0.0%) gas / (0xd4f844312eefc6ba461edce466c7a2e7b539678fa73e0adb68fef2822ed6ea89)","throwable":""}
{"timestamp":"2025-10-22T13:10:19,897","container":"8a8e46c31ccc","level":"INFO","thread":"BftProcessorExecutor-QBFT-0","class":"QbftBesuControllerBuilder","message":"Imported #494 / 0 tx / 0 pending / 0 (0.0%) gas / (0xb3e6ce64704c4a0aca017be09d61aef6ac11346e5a1470007d7db27ea2b8e8fa)","throwable":""}
{"timestamp":"2025-10-22T13:10:28,009","container":"8a8e46c31ccc","level":"INFO","thread":"BftProcessorExecutor-QBFT-0","class":"QbftBesuControllerBuilder","message":"Imported #495 / 0 tx / 0 pending / 0 (0.0%) gas / (0x235422586fca49c7c94945dc4f2f97a0b426662d4ca354014c7a2e6e683e356a)","throwable":""}
{"timestamp":"2025-10-22T13:10:36,012","container":"8a8e46c31ccc","level":"INFO","thread":"BftProcessorExecutor-QBFT-0","class":"QbftBesuControllerBuilder","message":"Produced #496 / 0 tx / 0 pending / 0 (0.0%) gas / (0x6feadf3707278eacfe8053d472efb36d31589a048cd0069c5361d02882e0d4bc)","throwable":""}
{"timestamp":"2025-10-22T13:10:44,013","container":"8a8e46c31ccc","level":"INFO","thread":"BftProcessorExecutor-QBFT-0","class":"QbftBesuControllerBuilder","message":"Imported #497 / 0 tx / 0 pending / 0 (0.0%) gas / (0x52f0a95855d124c91611aa17df35c9c6dcdacd204372508ae71ec703f68ed49d)","throwable":""}
{"timestamp":"2025-10-22T13:10:52,011","container":"8a8e46c31ccc","level":"INFO","thread":"BftProcessorExecutor-QBFT-0","class":"QbftBesuControllerBuilder","message":"Imported #498 / 0 tx / 0 pending / 0 (0.0%) gas / (0x64325dda9ee5188f1b962de9ebac4c092f257e551445e306d75cbe0436f0fe21)","throwable":""}
{"timestamp":"2025-10-22T13:11:00,015","container":"8a8e46c31ccc","level":"INFO","thread":"BftProcessorExecutor-QBFT-0","class":"QbftBesuControllerBuilder","message":"Imported #499 / 0 tx / 0 pending / 0 (0.0%) gas / (0xbdf9ae892cd143744758b2791a210f4c3c21fe416d84ca1bb983781f217b494e)","throwable":""}
{"timestamp":"2025-10-22T13:11:08,009","container":"8a8e46c31ccc","level":"INFO","thread":"BftProcessorExecutor-QBFT-0","class":"QbftBesuControllerBuilder","message":"Produced #500 / 0 tx / 0 pending / 0 (0.0%) gas / (0x08a1fc8b9ccf7951b1573b267a3837a5a2be7c75135d86d4db80432452c9d3a9)","throwable":""}
{"timestamp":"2025-10-22T13:11:16,012","container":"8a8e46c31ccc","level":"INFO","thread":"BftProcessorExecutor-QBFT-0","class":"QbftBesuControllerBuilder","message":"Imported #501 / 0 tx / 0 pending / 0 (0.0%) gas / (0x05cc99d8a595ff0fcf34674627d20e908c724beda5a0e3ab64a3a1f753a6c23e)","throwable":""}
{"timestamp":"2025-10-22T13:11:16,014","container":"8a8e46c31ccc","level":"INFO","thread":"EthScheduler-Workers-0","class":"PersistBlockTask","message":"Block 501 (0x05cc99d8a595ff0fcf34674627d20e908c724beda5a0e3ab64a3a1f753a6c23e) is already imported","throwable":""}
{"timestamp":"2025-10-22T13:11:24,026","container":"8a8e46c31ccc","level":"INFO","thread":"BftProcessorExecutor-QBFT-0","class":"QbftBesuControllerBuilder","message":"Imported #502 / 0 tx / 0 pending / 0 (0.0%) gas / (0xd0c22613fef3597ce91fc9798cde28711195c40cf1b0ffd38801a02661671b2c)","throwable":""}
{"timestamp":"2025-10-22T13:11:24,026","container":"8a8e46c31ccc","level":"INFO","thread":"EthScheduler-Workers-0","class":"PersistBlockTask","message":"Block 502 (0xd0c22613fef3597ce91fc9798cde28711195c40cf1b0ffd38801a02661671b2c) is already imported","throwable":""}
{"timestamp":"2025-10-22T13:11:32,021","container":"8a8e46c31ccc","level":"INFO","thread":"EthScheduler-Workers-0","class":"PersistBlockTask","message":"Block 503 (0x388cd4bc9bea79c35c0b88e10daead80467f0a1ac6efd82e4dc6f46b241fea73) is already imported","throwable":""}
{"timestamp":"2025-10-22T13:11:32,021","container":"8a8e46c31ccc","level":"INFO","thread":"BftProcessorExecutor-QBFT-0","class":"QbftBesuControllerBuilder","message":"Imported #503 / 0 tx / 0 pending / 0 (0.0%) gas / (0x388cd4bc9bea79c35c0b88e10daead80467f0a1ac6efd82e4dc6f46b241fea73)","throwable":""}
{"timestamp":"2025-10-22T13:11:40,014","container":"8a8e46c31ccc","level":"INFO","thread":"EthScheduler-Workers-0","class":"PersistBlockTask","message":"Block 504 (0xad7f4e8145e204923f03d42be681a4aa8204ef42ea2c0083d02e5afa8352c90f) is already imported","throwable":""}
{"timestamp":"2025-10-22T13:11:40,014","container":"8a8e46c31ccc","level":"INFO","thread":"BftProcessorExecutor-QBFT-0","class":"QbftBesuControllerBuilder","message":"Produced #504 / 0 tx / 0 pending / 0 (0.0%) gas / (0xad7f4e8145e204923f03d42be681a4aa8204ef42ea2c0083d02e5afa8352c90f)","throwable":""}
{"timestamp":"2025-10-22T13:11:48,014","container":"8a8e46c31ccc","level":"INFO","thread":"BftProcessorExecutor-QBFT-0","class":"QbftBesuControllerBuilder","message":"Imported #505 / 0 tx / 0 pending / 0 (0.0%) gas / (0xa94fefe5adc8031379d7009494d2c4e91ad81ff89b3dfc985a48a4b9a742146f)","throwable":""}
{"timestamp":"2025-10-22T13:11:56,018","container":"8a8e46c31ccc","level":"INFO","thread":"EthScheduler-Workers-0","class":"PersistBlockTask","message":"Block 506 (0x2ea204a38856d8e6a1a2d889dc24c3cc982618ea529dcf23d63b143c9e50e42e) is already imported","throwable":""}
{"timestamp":"2025-10-22T13:11:56,019","container":"8a8e46c31ccc","level":"INFO","thread":"BftProcessorExecutor-QBFT-0","class":"QbftBesuControllerBuilder","message":"Imported #506 / 0 tx / 0 pending / 0 (0.0%) gas / (0x2ea204a38856d8e6a1a2d889dc24c3cc982618ea529dcf23d63b143c9e50e42e)","throwable":""}
{"timestamp":"2025-10-22T13:12:04,027","container":"8a8e46c31ccc","level":"INFO","thread":"EthScheduler-Workers-0","class":"PersistBlockTask","message":"Block 507 (0xf048b4fa9a47fd9119890b62af2483e5751232f1aa473ffe629797a3e4320522) is already imported","throwable":""}
{"timestamp":"2025-10-22T13:12:04,028","container":"8a8e46c31ccc","level":"INFO","thread":"BftProcessorExecutor-QBFT-0","class":"QbftBesuControllerBuilder","message":"Imported #507 / 0 tx / 0 pending / 0 (0.0%) gas / (0xf048b4fa9a47fd9119890b62af2483e5751232f1aa473ffe629797a3e4320522)","throwable":""}
{"timestamp":"2025-10-22T13:12:12,015","container":"8a8e46c31ccc","level":"INFO","thread":"BftProcessorExecutor-QBFT-0","class":"QbftBesuControllerBuilder","message":"Produced #508 / 0 tx / 0 pending / 0 (0.0%) gas / (0x701e92cfcf8fcd3b777fb2535ebb4ba818ada2f8687b9b923c4249659df2d3cd)","throwable":""}
{"timestamp":"2025-10-22T13:12:12,015","container":"8a8e46c31ccc","level":"INFO","thread":"EthScheduler-Workers-0","class":"PersistBlockTask","message":"Block 508 (0x701e92cfcf8fcd3b777fb2535ebb4ba818ada2f8687b9b923c4249659df2d3cd) is already imported","throwable":""}
{"timestamp":"2025-10-22T13:12:20,018","container":"8a8e46c31ccc","level":"INFO","thread":"BftProcessorExecutor-QBFT-0","class":"QbftBesuControllerBuilder","message":"Imported #509 / 0 tx / 0 pending / 0 (0.0%) gas / (0x816b3fd6f9797e1a74705858f3cb8c6509a399d906dd9cf7e0b7fd08753b87c1)","throwable":""}
{"timestamp":"2025-10-22T13:12:28,022","container":"8a8e46c31ccc","level":"INFO","thread":"BftProcessorExecutor-QBFT-0","class":"QbftBesuControllerBuilder","message":"Imported #510 / 0 tx / 0 pending / 0 (0.0%) gas / (0x003148d2216634753d220c5861a96bdc7427c9c94ea2ac985c938816beebf6a6)","throwable":""}
{"timestamp":"2025-10-22T13:12:28,023","container":"8a8e46c31ccc","level":"INFO","thread":"EthScheduler-Workers-0","class":"PersistBlockTask","message":"Block 510 (0x003148d2216634753d220c5861a96bdc7427c9c94ea2ac985c938816beebf6a6) is already imported","throwable":""}
{"timestamp":"2025-10-22T13:12:36,019","container":"8a8e46c31ccc","level":"INFO","thread":"BftProcessorExecutor-QBFT-0","class":"QbftBesuControllerBuilder","message":"Imported #511 / 0 tx / 0 pending / 0 (0.0%) gas / (0x486d738eee0967ca3a1227fa99f4419d09966d1c432a11600cffa71cc63a98dc)","throwable":""}
{"timestamp":"2025-10-22T13:12:44,032","container":"8a8e46c31ccc","level":"INFO","thread":"BftProcessorExecutor-QBFT-0","class":"QbftBesuControllerBuilder","message":"Produced #512 / 0 tx / 0 pending / 0 (0.0%) gas / (0x924e64b0695b35af5a5e172a04724786e989fb0746e74bd590191e71e024cd33)","throwable":""}
{"timestamp":"2025-10-22T13:12:52,021","container":"8a8e46c31ccc","level":"INFO","thread":"BftProcessorExecutor-QBFT-0","class":"QbftBesuControllerBuilder","message":"Imported #513 / 0 tx / 0 pending / 0 (0.0%) gas / (0x659f31a40db0c919d441825a45201867b1f283ca8060e6e83831effd25ec1c65)","throwable":""}
{"timestamp":"2025-10-22T13:13:00,020","container":"8a8e46c31ccc","level":"INFO","thread":"BftProcessorExecutor-QBFT-0","class":"QbftBesuControllerBuilder","message":"Imported #514 / 0 tx / 0 pending / 0 (0.0%) gas / (0x83940188e6c6ccaae7af5afca6045e74b2981f1d9eb6eb5105bd46001a0ab65b)","throwable":""}
{"timestamp":"2025-10-22T13:13:08,010","container":"8a8e46c31ccc","level":"INFO","thread":"BftProcessorExecutor-QBFT-0","class":"QbftBesuControllerBuilder","message":"Imported #515 / 0 tx / 0 pending / 0 (0.0%) gas / (0x2054191e9459d888df8f46f06cf5c62a71c380c6cdbc42c38a351c54bd42ab13)","throwable":""}
{"timestamp":"2025-10-22T13:13:16,013","container":"8a8e46c31ccc","level":"INFO","thread":"BftProcessorExecutor-QBFT-0","class":"QbftBesuControllerBuilder","message":"Produced #516 / 0 tx / 0 pending / 0 (0.0%) gas / (0x62de8ea00f3f920c252d1b6aff355a3b3adcaf9496c88f45ea97e8e41fdadede)","throwable":""}
{"timestamp":"2025-10-22T13:13:24,013","container":"8a8e46c31ccc","level":"INFO","thread":"BftProcessorExecutor-QBFT-0","class":"QbftBesuControllerBuilder","message":"Imported #517 / 0 tx / 0 pending / 0 (0.0%) gas / (0xdd0aefcad7821ee1a7eb4152f8a2bed71eed991016c4dd0dc2b3634dfc37e066)","throwable":""}
{"timestamp":"2025-10-22T13:13:32,017","container":"8a8e46c31ccc","level":"INFO","thread":"BftProcessorExecutor-QBFT-0","class":"QbftBesuControllerBuilder","message":"Imported #518 / 0 tx / 0 pending / 0 (0.0%) gas / (0x7f14ea218ac556f1eb51e8bc9218ead553452f98708ad128a5b9c8a512801a73)","throwable":""}
{"timestamp":"2025-10-22T13:13:40,011","container":"8a8e46c31ccc","level":"INFO","thread":"BftProcessorExecutor-QBFT-0","class":"QbftBesuControllerBuilder","message":"Imported #519 / 0 tx / 0 pending / 0 (0.0%) gas / (0x65cc43f3f04caa87895dd1fa88cf2f410012c85d319e4e5992e366875e7f4836)","throwable":""}
{"timestamp":"2025-10-22T13:13:48,018","container":"8a8e46c31ccc","level":"INFO","thread":"BftProcessorExecutor-QBFT-0","class":"QbftBesuControllerBuilder","message":"Produced #520 / 0 tx / 0 pending / 0 (0.0%) gas / (0xd250fc8600d248699c3905859a810b528f8401fd0563710d3635283e95cad4f3)","throwable":""}
{"timestamp":"2025-10-22T13:13:48,019","container":"8a8e46c31ccc","level":"INFO","thread":"EthScheduler-Workers-0","class":"PersistBlockTask","message":"Block 520 (0xd250fc8600d248699c3905859a810b528f8401fd0563710d3635283e95cad4f3) is already imported","throwable":""}
{"timestamp":"2025-10-22T13:13:56,019","container":"8a8e46c31ccc","level":"INFO","thread":"EthScheduler-Workers-0","class":"PersistBlockTask","message":"Block 521 (0x41132716e8df4b40f13bc26abd15f0a28150ca18bd23ee312e4c1a9e91f117a9) is already imported","throwable":""}
{"timestamp":"2025-10-22T13:13:56,019","container":"8a8e46c31ccc","level":"INFO","thread":"BftProcessorExecutor-QBFT-0","class":"QbftBesuControllerBuilder","message":"Imported #521 / 0 tx / 0 pending / 0 (0.0%) gas / (0x41132716e8df4b40f13bc26abd15f0a28150ca18bd23ee312e4c1a9e91f117a9)","throwable":""}
{"timestamp":"2025-10-22T13:14:04,012","container":"8a8e46c31ccc","level":"INFO","thread":"BftProcessorExecutor-QBFT-0","class":"QbftBesuControllerBuilder","message":"Imported #522 / 0 tx / 0 pending / 0 (0.0%) gas / (0x0513e296e24642feb4d1ed70c34690da9a179913e4b5791e632dbd848578963c)","throwable":""}
{"timestamp":"2025-10-22T13:14:12,015","container":"8a8e46c31ccc","level":"INFO","thread":"EthScheduler-Workers-0","class":"PersistBlockTask","message":"Block 523 (0x42dbbb509daca08ec3d8fde7afbefb4e6d3a48cd7af6d4c88e47bfd9f201a8d9) is already imported","throwable":""}
{"timestamp":"2025-10-22T13:14:12,016","container":"8a8e46c31ccc","level":"INFO","thread":"BftProcessorExecutor-QBFT-0","class":"QbftBesuControllerBuilder","message":"Imported #523 / 0 tx / 0 pending / 0 (0.0%) gas / (0x42dbbb509daca08ec3d8fde7afbefb4e6d3a48cd7af6d4c88e47bfd9f201a8d9)","throwable":""}
{"timestamp":"2025-10-22T13:14:20,014","container":"8a8e46c31ccc","level":"INFO","thread":"BftProcessorExecutor-QBFT-0","class":"QbftBesuControllerBuilder","message":"Produced #524 / 0 tx / 0 pending / 0 (0.0%) gas / (0x1e10b170e279399c905289be85c022ff9991fcd268bdf68b44d029d17b63635d)","throwable":""}
{"timestamp":"2025-10-22T13:14:28,013","container":"8a8e46c31ccc","level":"INFO","thread":"BftProcessorExecutor-QBFT-0","class":"QbftBesuControllerBuilder","message":"Imported #525 / 0 tx / 0 pending / 0 (0.0%) gas / (0xc4daf9fc2d20d14c9be0f521935bea0f2cd413e816b358e053af09661cf66d4b)","throwable":""}
{"timestamp":"2025-10-22T13:14:36,010","container":"8a8e46c31ccc","level":"INFO","thread":"BftProcessorExecutor-QBFT-0","class":"QbftBesuControllerBuilder","message":"Imported #526 / 0 tx / 0 pending / 0 (0.0%) gas / (0x55c1b3cda2e20616bded88f78c38bd279333505d1e80cfe1a4d6517fcac29586)","throwable":""}
{"timestamp":"2025-10-22T13:14:44,016","container":"8a8e46c31ccc","level":"INFO","thread":"EthScheduler-Workers-0","class":"PersistBlockTask","message":"Block 527 (0x4df1287ef86bc0e72c7301e56662220bb5f12812e648fe0a87673a81e8800435) is already imported","throwable":""}
{"timestamp":"2025-10-22T13:14:44,016","container":"8a8e46c31ccc","level":"INFO","thread":"BftProcessorExecutor-QBFT-0","class":"QbftBesuControllerBuilder","message":"Imported #527 / 0 tx / 0 pending / 0 (0.0%) gas / (0x4df1287ef86bc0e72c7301e56662220bb5f12812e648fe0a87673a81e8800435)","throwable":""}
{"timestamp":"2025-10-22T13:14:52,011","container":"8a8e46c31ccc","level":"INFO","thread":"BftProcessorExecutor-QBFT-0","class":"QbftBesuControllerBuilder","message":"Produced #528 / 0 tx / 0 pending / 0 (0.0%) gas / (0x1f6b93816b2699780f7b0d382ba019efed6ff915e2c6e1b1e1fd1406559f9377)","throwable":""}
{"timestamp":"2025-10-22T13:14:52,011","container":"8a8e46c31ccc","level":"INFO","thread":"EthScheduler-Workers-0","class":"PersistBlockTask","message":"Block 528 (0x1f6b93816b2699780f7b0d382ba019efed6ff915e2c6e1b1e1fd1406559f9377) is already imported","throwable":""}
{"timestamp":"2025-10-22T13:15:00,015","container":"8a8e46c31ccc","level":"INFO","thread":"EthScheduler-Workers-0","class":"PersistBlockTask","message":"Block 529 (0xa8815e039740cc7261450711b632205edca927fd36d64860a545ffc6729c710b) is already imported","throwable":""}
{"timestamp":"2025-10-22T13:15:00,015","container":"8a8e46c31ccc","level":"INFO","thread":"BftProcessorExecutor-QBFT-0","class":"QbftBesuControllerBuilder","message":"Imported #529 / 0 tx / 0 pending / 0 (0.0%) gas / (0xa8815e039740cc7261450711b632205edca927fd36d64860a545ffc6729c710b)","throwable":""}
{"timestamp":"2025-10-22T13:15:08,009","container":"8a8e46c31ccc","level":"INFO","thread":"BftProcessorExecutor-QBFT-0","class":"QbftBesuControllerBuilder","message":"Imported #530 / 0 tx / 0 pending / 0 (0.0%) gas / (0x84942f09cf52b1decbf1f8bb9322b3d763c0b90ecf47ebe01d95a4dccacaeaed)","throwable":""}
{"timestamp":"2025-10-22T13:15:16,015","container":"8a8e46c31ccc","level":"INFO","thread":"EthScheduler-Workers-0","class":"PersistBlockTask","message":"Block 531 (0xa06354e6036c1a69924246a9b97289819b6df6e2ea51fc02ebc2ffd9eca3192b) is already imported","throwable":""}
{"timestamp":"2025-10-22T13:15:16,016","container":"8a8e46c31ccc","level":"INFO","thread":"BftProcessorExecutor-QBFT-0","class":"QbftBesuControllerBuilder","message":"Imported #531 / 0 tx / 0 pending / 0 (0.0%) gas / (0xa06354e6036c1a69924246a9b97289819b6df6e2ea51fc02ebc2ffd9eca3192b)","throwable":""}
{"timestamp":"2025-10-22T13:15:24,014","container":"8a8e46c31ccc","level":"INFO","thread":"BftProcessorExecutor-QBFT-0","class":"QbftBesuControllerBuilder","message":"Produced #532 / 0 tx / 0 pending / 0 (0.0%) gas / (0x14f70ae039cc749e3a89ccedbf3730398987ddf78c59c9941d1e83eb0b062343)","throwable":""}
{"timestamp":"2025-10-22T13:15:32,009","container":"8a8e46c31ccc","level":"INFO","thread":"BftProcessorExecutor-QBFT-0","class":"QbftBesuControllerBuilder","message":"Imported #533 / 0 tx / 0 pending / 0 (0.0%) gas / (0x77f9eefba7fe2f1c2c266f96e919f6b21740da49d6b60b6ee54ebbb229835fc6)","throwable":""}
{"timestamp":"2025-10-22T13:15:40,020","container":"8a8e46c31ccc","level":"INFO","thread":"BftProcessorExecutor-QBFT-0","class":"QbftBesuControllerBuilder","message":"Imported #534 / 0 tx / 0 pending / 0 (0.0%) gas / (0xbbba4d8bd98be2c4122daf133cc2b1d2e676ca86438c99f474075a3c12b115a9)","throwable":""}
{"timestamp":"2025-10-22T13:15:48,010","container":"8a8e46c31ccc","level":"INFO","thread":"EthScheduler-Workers-0","class":"PersistBlockTask","message":"Block 535 (0x17b3eb0e9e07e619b6ea32908682d45ac2908a7e4dc8749ee8b55076f2831f72) is already imported","throwable":""}
{"timestamp":"2025-10-22T13:15:48,010","container":"8a8e46c31ccc","level":"INFO","thread":"BftProcessorExecutor-QBFT-0","class":"QbftBesuControllerBuilder","message":"Imported #535 / 0 tx / 0 pending / 0 (0.0%) gas / (0x17b3eb0e9e07e619b6ea32908682d45ac2908a7e4dc8749ee8b55076f2831f72)","throwable":""}
{"timestamp":"2025-10-22T13:15:56,008","container":"8a8e46c31ccc","level":"INFO","thread":"BftProcessorExecutor-QBFT-0","class":"QbftBesuControllerBuilder","message":"Produced #536 / 0 tx / 0 pending / 0 (0.0%) gas / (0x6e51faaaf7f9b03ca9991421a2024040b08d19d665dc4d26d8b861e525c08153)","throwable":""}
{"timestamp":"2025-10-22T13:16:04,011","container":"8a8e46c31ccc","level":"INFO","thread":"BftProcessorExecutor-QBFT-0","class":"QbftBesuControllerBuilder","message":"Imported #537 / 0 tx / 0 pending / 0 (0.0%) gas / (0xbce050bf0843e19decfe715f26fbaea83947e751a014b8ac207ce30e982ef829)","throwable":""}
{"timestamp":"2025-10-22T13:16:12,030","container":"8a8e46c31ccc","level":"INFO","thread":"BftProcessorExecutor-QBFT-0","class":"QbftBesuControllerBuilder","message":"Imported #538 / 0 tx / 0 pending / 0 (0.0%) gas / (0x8559b757b858d92da629c929764bdbe4af62ffdd2f917bc7e1c7a4d44df7785b)","throwable":""}
{"timestamp":"2025-10-22T13:16:12,031","container":"8a8e46c31ccc","level":"INFO","thread":"EthScheduler-Workers-0","class":"PersistBlockTask","message":"Block 538 (0x8559b757b858d92da629c929764bdbe4af62ffdd2f917bc7e1c7a4d44df7785b) is already imported","throwable":""}
{"timestamp":"2025-10-22T13:16:20,017","container":"8a8e46c31ccc","level":"INFO","thread":"BftProcessorExecutor-QBFT-0","class":"QbftBesuControllerBuilder","message":"Imported #539 / 0 tx / 0 pending / 0 (0.0%) gas / (0xb68d4a01b910fcc2d9a2793fa5a6683e3be6bff8a17e78762b54db0376d28332)","throwable":""}
{"timestamp":"2025-10-22T13:16:28,015","container":"8a8e46c31ccc","level":"INFO","thread":"BftProcessorExecutor-QBFT-0","class":"QbftBesuControllerBuilder","message":"Produced #540 / 0 tx / 0 pending / 0 (0.0%) gas / (0x64d99bf9d01d5715a38149e61bbcffa1f8639bf08508d6f3242dbec74be017df)","throwable":""}
{"timestamp":"2025-10-22T13:16:36,018","container":"8a8e46c31ccc","level":"INFO","thread":"BftProcessorExecutor-QBFT-0","class":"QbftBesuControllerBuilder","message":"Imported #541 / 0 tx / 0 pending / 0 (0.0%) gas / (0x4d84c5dbf5ea95073e940a0cef99f49261a56b69aaf6ddfae092ef79db8453d0)","throwable":""}
{"timestamp":"2025-10-22T13:16:44,011","container":"8a8e46c31ccc","level":"INFO","thread":"BftProcessorExecutor-QBFT-0","class":"QbftBesuControllerBuilder","message":"Imported #542 / 0 tx / 0 pending / 0 (0.0%) gas / (0x50b89d4d24374efd9bd0458e3e05447aad53c1e0b180c32feb6d0e6159ca00de)","throwable":""}
{"timestamp":"2025-10-22T13:16:52,019","container":"8a8e46c31ccc","level":"INFO","thread":"EthScheduler-Workers-0","class":"PersistBlockTask","message":"Block 543 (0x03c4c062bc8ea801f3ea74dbb573f86e6058663aa225d3e644e3019f9a3eac0d) is already imported","throwable":""}
{"timestamp":"2025-10-22T13:16:52,019","container":"8a8e46c31ccc","level":"INFO","thread":"BftProcessorExecutor-QBFT-0","class":"QbftBesuControllerBuilder","message":"Imported #543 / 0 tx / 0 pending / 0 (0.0%) gas / (0x03c4c062bc8ea801f3ea74dbb573f86e6058663aa225d3e644e3019f9a3eac0d)","throwable":""}
{"timestamp":"2025-10-22T13:17:00,012","container":"8a8e46c31ccc","level":"INFO","thread":"BftProcessorExecutor-QBFT-0","class":"QbftBesuControllerBuilder","message":"Produced #544 / 0 tx / 0 pending / 0 (0.0%) gas / (0x6470d480848e8ef186f93a3d499a6098815aaab68d56a73c2a943d2b812b6375)","throwable":""}
{"timestamp":"2025-10-22T13:17:00,012","container":"8a8e46c31ccc","level":"INFO","thread":"EthScheduler-Workers-0","class":"PersistBlockTask","message":"Block 544 (0x6470d480848e8ef186f93a3d499a6098815aaab68d56a73c2a943d2b812b6375) is already imported","throwable":""}
{"timestamp":"2025-10-22T13:17:08,016","container":"8a8e46c31ccc","level":"INFO","thread":"EthScheduler-Workers-0","class":"PersistBlockTask","message":"Block 545 (0x92292a5bc1006a473e3cbcd7d81d94263176d4d6e710e4bfb2d1ba963ea36c4f) is already imported","throwable":""}
{"timestamp":"2025-10-22T13:17:08,016","container":"8a8e46c31ccc","level":"INFO","thread":"BftProcessorExecutor-QBFT-0","class":"QbftBesuControllerBuilder","message":"Imported #545 / 0 tx / 0 pending / 0 (0.0%) gas / (0x92292a5bc1006a473e3cbcd7d81d94263176d4d6e710e4bfb2d1ba963ea36c4f)","throwable":""}
{"timestamp":"2025-10-22T13:17:16,022","container":"8a8e46c31ccc","level":"INFO","thread":"BftProcessorExecutor-QBFT-0","class":"QbftBesuControllerBuilder","message":"Imported #546 / 0 tx / 0 pending / 0 (0.0%) gas / (0x169baf485aba85c1b86d0726ebf581700ffaa25099d17d4f608658ccac5ca073)","throwable":""}
{"timestamp":"2025-10-22T13:17:16,022","container":"8a8e46c31ccc","level":"INFO","thread":"EthScheduler-Workers-0","class":"PersistBlockTask","message":"Block 546 (0x169baf485aba85c1b86d0726ebf581700ffaa25099d17d4f608658ccac5ca073) is already imported","throwable":""}
{"timestamp":"2025-10-22T13:17:24,022","container":"8a8e46c31ccc","level":"INFO","thread":"EthScheduler-Workers-0","class":"PersistBlockTask","message":"Imported #547 / 0 tx / 0 om / 0 (0.0%) gas / (0xfe474eeb2fabad08b580300de423c96df76a85591f057c865f73d5b74f8e6f8f) in 0.001s. Peers: 5","throwable":""}
{"timestamp":"2025-10-22T13:17:24,022","container":"8a8e46c31ccc","level":"INFO","thread":"BftProcessorExecutor-QBFT-0","class":"QbftBesuControllerBuilder","message":"Imported #547 / 0 tx / 0 pending / 0 (0.0%) gas / (0xfe474eeb2fabad08b580300de423c96df76a85591f057c865f73d5b74f8e6f8f)","throwable":""}
{"timestamp":"2025-10-22T13:17:32,015","container":"8a8e46c31ccc","level":"INFO","thread":"BftProcessorExecutor-QBFT-0","class":"QbftBesuControllerBuilder","message":"Produced #548 / 0 tx / 0 pending / 0 (0.0%) gas / (0xb9f13b7b502eb21ecbd6fbd3d2458a7eb7c18695fee8d0e23d1cd98a9e294779)","throwable":""}
{"timestamp":"2025-10-22T13:17:32,015","container":"8a8e46c31ccc","level":"INFO","thread":"EthScheduler-Workers-0","class":"PersistBlockTask","message":"Block 548 (0xb9f13b7b502eb21ecbd6fbd3d2458a7eb7c18695fee8d0e23d1cd98a9e294779) is already imported","throwable":""}
{"timestamp":"2025-10-22T13:17:40,011","container":"8a8e46c31ccc","level":"INFO","thread":"BftProcessorExecutor-QBFT-0","class":"QbftBesuControllerBuilder","message":"Imported #549 / 0 tx / 0 pending / 0 (0.0%) gas / (0x8d5f0a9e9440ac581c712719b13c452f0b251196802da1146dd7a4d1add645bf)","throwable":""}
{"timestamp":"2025-10-22T13:17:48,015","container":"8a8e46c31ccc","level":"INFO","thread":"EthScheduler-Workers-0","class":"PersistBlockTask","message":"Block 550 (0x7b39d0bb551776d55b83379c816b9aad9d3f635f3dea2789a0d760acebecc1d5) is already imported","throwable":""}
{"timestamp":"2025-10-22T13:17:48,015","container":"8a8e46c31ccc","level":"INFO","thread":"BftProcessorExecutor-QBFT-0","class":"QbftBesuControllerBuilder","message":"Imported #550 / 0 tx / 0 pending / 0 (0.0%) gas / (0x7b39d0bb551776d55b83379c816b9aad9d3f635f3dea2789a0d760acebecc1d5)","throwable":""}
{"timestamp":"2025-10-22T13:17:56,012","container":"8a8e46c31ccc","level":"INFO","thread":"BftProcessorExecutor-QBFT-0","class":"QbftBesuControllerBuilder","message":"Imported #551 / 0 tx / 0 pending / 0 (0.0%) gas / (0x21e0a8268b9b3c0dd19be11c9fb23084dd4508a57286be5b1cfb0ae70320a4ac)","throwable":""}
{"timestamp":"2025-10-22T13:18:04,016","container":"8a8e46c31ccc","level":"INFO","thread":"BftProcessorExecutor-QBFT-0","class":"QbftBesuControllerBuilder","message":"Produced #552 / 0 tx / 0 pending / 0 (0.0%) gas / (0x4daa4b2f62fd33bda919b593e56d0f02110d6105eed8043d3f0f0f6899b6880e)","throwable":""}
{"timestamp":"2025-10-22T13:18:12,017","container":"8a8e46c31ccc","level":"INFO","thread":"BftProcessorExecutor-QBFT-0","class":"QbftBesuControllerBuilder","message":"Imported #553 / 0 tx / 0 pending / 0 (0.0%) gas / (0xa30fbf0b280e2b3d2b53f1b6d779fca23a04742ee6ed92cdb7a0df4006495456)","throwable":""}
{"timestamp":"2025-10-22T13:18:20,013","container":"8a8e46c31ccc","level":"INFO","thread":"BftProcessorExecutor-QBFT-0","class":"QbftBesuControllerBuilder","message":"Imported #554 / 0 tx / 0 pending / 0 (0.0%) gas / (0x0b885da07ccdbd2d568e0da0af0765134c0985eca7ba7396757e1a8ecf0a19f1)","throwable":""}
{"timestamp":"2025-10-22T13:18:28,012","container":"8a8e46c31ccc","level":"INFO","thread":"BftProcessorExecutor-QBFT-0","class":"QbftBesuControllerBuilder","message":"Imported #555 / 0 tx / 0 pending / 0 (0.0%) gas / (0x3cc2883d79f93b0c4ef35bb27e6cb0a0dfe9f5b691bdca77c4f9d6c896da2925)","throwable":""}
{"timestamp":"2025-10-22T13:18:36,018","container":"8a8e46c31ccc","level":"INFO","thread":"BftProcessorExecutor-QBFT-0","class":"QbftBesuControllerBuilder","message":"Produced #556 / 0 tx / 0 pending / 0 (0.0%) gas / (0x4a8a2950731862a9910dbf323237f7050c01ea9e38856ec56826393f579d9484)","throwable":""}
{"timestamp":"2025-10-22T13:18:44,018","container":"8a8e46c31ccc","level":"INFO","thread":"BftProcessorExecutor-QBFT-0","class":"QbftBesuControllerBuilder","message":"Imported #557 / 0 tx / 0 pending / 0 (0.0%) gas / (0x1f404c74175f7e0b71cab6408597cb4d4f1fa3bcd73366046b6844f024e0364c)","throwable":""}
{"timestamp":"2025-10-22T13:18:52,011","container":"8a8e46c31ccc","level":"INFO","thread":"BftProcessorExecutor-QBFT-0","class":"QbftBesuControllerBuilder","message":"Imported #558 / 0 tx / 0 pending / 0 (0.0%) gas / (0x0aec9dd0b30100d4b7d88aa583daed28b4d65efd1147bd198a63623e928ce534)","throwable":""}
{"timestamp":"2025-10-22T13:19:00,019","container":"8a8e46c31ccc","level":"INFO","thread":"BftProcessorExecutor-QBFT-0","class":"QbftBesuControllerBuilder","message":"Imported #559 / 0 tx / 0 pending / 0 (0.0%) gas / (0xf0027cf9d46725f111d91d92a1a241f95ffd0924ead80020c548b4bf97044ffa)","throwable":""}
{"timestamp":"2025-10-22T13:19:08,016","container":"8a8e46c31ccc","level":"INFO","thread":"BftProcessorExecutor-QBFT-0","class":"QbftBesuControllerBuilder","message":"Produced #560 / 0 tx / 0 pending / 0 (0.0%) gas / (0x3ccbeaec73da2a2d193e015d06f055c23e02af21adcbe01f09f4592779c19578)","throwable":""}
{"timestamp":"2025-10-22T13:19:16,014","container":"8a8e46c31ccc","level":"INFO","thread":"BftProcessorExecutor-QBFT-0","class":"QbftBesuControllerBuilder","message":"Imported #561 / 0 tx / 0 pending / 0 (0.0%) gas / (0xd7c6157ab942ae51967e0758ecd4ac5fc6784a54a1e64fc4e268a9cbd82e952c)","throwable":""}
{"timestamp":"2025-10-22T13:19:24,008","container":"8a8e46c31ccc","level":"INFO","thread":"BftProcessorExecutor-QBFT-0","class":"QbftBesuControllerBuilder","message":"Imported #562 / 0 tx / 0 pending / 0 (0.0%) gas / (0x3c3ff865552ec890705b7076abf5e8e9f18e4bd23d5a0c526c414815e393c647)","throwable":""}
{"timestamp":"2025-10-22T13:19:32,017","container":"8a8e46c31ccc","level":"INFO","thread":"BftProcessorExecutor-QBFT-0","class":"QbftBesuControllerBuilder","message":"Imported #563 / 0 tx / 0 pending / 0 (0.0%) gas / (0x78329db022f847b7e7d1901844fe5e0d90048292ec34c3d0672189ade8aeca52)","throwable":""}
{"timestamp":"2025-10-22T13:19:40,015","container":"8a8e46c31ccc","level":"INFO","thread":"BftProcessorExecutor-QBFT-0","class":"QbftBesuControllerBuilder","message":"Produced #564 / 0 tx / 0 pending / 0 (0.0%) gas / (0x5450838c7a0fcdaae5aba9b72a6c26508c0737576da37999818322b59772bfd4)","throwable":""}
{"timestamp":"2025-10-22T13:19:48,010","container":"8a8e46c31ccc","level":"INFO","thread":"BftProcessorExecutor-QBFT-0","class":"QbftBesuControllerBuilder","message":"Imported #565 / 0 tx / 0 pending / 0 (0.0%) gas / (0x08ab9eccbf564fd8317eea52ec3337c6d9c759edfbcad95a30c636433d3f5d77)","throwable":""}
{"timestamp":"2025-10-22T13:19:56,019","container":"8a8e46c31ccc","level":"INFO","thread":"BftProcessorExecutor-QBFT-0","class":"QbftBesuControllerBuilder","message":"Imported #566 / 0 tx / 0 pending / 0 (0.0%) gas / (0xdbf8a8157b265697af2a96c375b3e0ef8b558b157e92df0469c8fe0ea1ebe0a7)","throwable":""}
{"timestamp":"2025-10-22T13:20:04,016","container":"8a8e46c31ccc","level":"INFO","thread":"EthScheduler-Workers-0","class":"PersistBlockTask","message":"Block 567 (0xc814f95ade6f10c96ab27a1e8fabaaa754f663ea4a05054f50409e9c655d615f) is already imported","throwable":""}
{"timestamp":"2025-10-22T13:20:04,016","container":"8a8e46c31ccc","level":"INFO","thread":"BftProcessorExecutor-QBFT-0","class":"QbftBesuControllerBuilder","message":"Imported #567 / 0 tx / 0 pending / 0 (0.0%) gas / (0xc814f95ade6f10c96ab27a1e8fabaaa754f663ea4a05054f50409e9c655d615f)","throwable":""}
{"timestamp":"2025-10-22T13:20:12,021","container":"8a8e46c31ccc","level":"INFO","thread":"BftProcessorExecutor-QBFT-0","class":"QbftBesuControllerBuilder","message":"Produced #568 / 0 tx / 0 pending / 0 (0.0%) gas / (0xee8dc61f42dfc07b4db84a8d66138baa7dd65e66bd508f1d1ef877d0028b8149)","throwable":""}
{"timestamp":"2025-10-22T13:20:20,016","container":"8a8e46c31ccc","level":"INFO","thread":"BftProcessorExecutor-QBFT-0","class":"QbftBesuControllerBuilder","message":"Imported #569 / 0 tx / 0 pending / 0 (0.0%) gas / (0x28dee58277c7d0d85c6c37c8e8d522146c805151014659c790987e2240fa5f6e)","throwable":""}
{"timestamp":"2025-10-22T13:20:28,036","container":"8a8e46c31ccc","level":"INFO","thread":"EthScheduler-Workers-0","class":"PersistBlockTask","message":"Block 570 (0x4431b6fca0d5948515b4fefc23174e23f1d3c129094f4ee89ce48c3923f170e7) is already imported","throwable":""}
{"timestamp":"2025-10-22T13:20:28,036","container":"8a8e46c31ccc","level":"INFO","thread":"BftProcessorExecutor-QBFT-0","class":"QbftBesuControllerBuilder","message":"Imported #570 / 0 tx / 0 pending / 0 (0.0%) gas / (0x4431b6fca0d5948515b4fefc23174e23f1d3c129094f4ee89ce48c3923f170e7)","throwable":""}
{"timestamp":"2025-10-22T13:20:36,012","container":"8a8e46c31ccc","level":"INFO","thread":"BftProcessorExecutor-QBFT-0","class":"QbftBesuControllerBuilder","message":"Imported #571 / 0 tx / 0 pending / 0 (0.0%) gas / (0x6134614b07ad1439a3e27098b8e61e58fb4efcae154c1f2347b0c9a9bbf21b11)","throwable":""}
{"timestamp":"2025-10-22T13:20:36,013","container":"8a8e46c31ccc","level":"INFO","thread":"EthScheduler-Workers-0","class":"PersistBlockTask","message":"Block 571 (0x6134614b07ad1439a3e27098b8e61e58fb4efcae154c1f2347b0c9a9bbf21b11) is already imported","throwable":""}
{"timestamp":"2025-10-22T13:20:44,009","container":"8a8e46c31ccc","level":"INFO","thread":"BftProcessorExecutor-QBFT-0","class":"QbftBesuControllerBuilder","message":"Produced #572 / 0 tx / 0 pending / 0 (0.0%) gas / (0x1310b9adc55df658a92d1175eb9f72d89a871df484d3694ed94ba3886a728128)","throwable":""}
{"timestamp":"2025-10-22T13:20:52,015","container":"8a8e46c31ccc","level":"INFO","thread":"BftProcessorExecutor-QBFT-0","class":"QbftBesuControllerBuilder","message":"Imported #573 / 0 tx / 0 pending / 0 (0.0%) gas / (0x6bd3c3f78e2c0ef5074a88f6d0f809184059bf65995d9bf516c2bac105742243)","throwable":""}
{"timestamp":"2025-10-22T13:21:00,012","container":"8a8e46c31ccc","level":"INFO","thread":"BftProcessorExecutor-QBFT-0","class":"QbftBesuControllerBuilder","message":"Imported #574 / 0 tx / 0 pending / 0 (0.0%) gas / (0x2c88ee7b85e764d7375ecdacd97b52bb34f7ae7f77f62b5cff2fab4e086d93f5)","throwable":""}
{"timestamp":"2025-10-22T13:21:00,013","container":"8a8e46c31ccc","level":"INFO","thread":"EthScheduler-Workers-0","class":"PersistBlockTask","message":"Block 574 (0x2c88ee7b85e764d7375ecdacd97b52bb34f7ae7f77f62b5cff2fab4e086d93f5) is already imported","throwable":""}
{"timestamp":"2025-10-22T13:21:08,016","container":"8a8e46c31ccc","level":"INFO","thread":"EthScheduler-Workers-0","class":"PersistBlockTask","message":"Block 575 (0xa7727f7f9c60fd55d744d9891a402f28b2b681f454b8a4f290776679e689d97f) is already imported","throwable":""}
{"timestamp":"2025-10-22T13:21:08,017","container":"8a8e46c31ccc","level":"INFO","thread":"BftProcessorExecutor-QBFT-0","class":"QbftBesuControllerBuilder","message":"Imported #575 / 0 tx / 0 pending / 0 (0.0%) gas / (0xa7727f7f9c60fd55d744d9891a402f28b2b681f454b8a4f290776679e689d97f)","throwable":""}
{"timestamp":"2025-10-22T13:21:16,016","container":"8a8e46c31ccc","level":"INFO","thread":"BftProcessorExecutor-QBFT-0","class":"QbftBesuControllerBuilder","message":"Produced #576 / 0 tx / 0 pending / 0 (0.0%) gas / (0x752327ce9f9c7a00483f4d38dc15c6307c2bcaf9843a08978817ed7686ee4c73)","throwable":""}
{"timestamp":"2025-10-22T13:21:24,030","container":"8a8e46c31ccc","level":"INFO","thread":"EthScheduler-Workers-0","class":"PersistBlockTask","message":"Imported #577 / 0 tx / 0 om / 0 (0.0%) gas / (0xd0b81ae673fb283846ebe69852651fcfff22a0b2e66326dde88c38722357fe61) in 0.004s. Peers: 5","throwable":""}
{"timestamp":"2025-10-22T13:21:24,031","container":"8a8e46c31ccc","level":"INFO","thread":"BftProcessorExecutor-QBFT-0","class":"QbftBesuControllerBuilder","message":"Imported #577 / 0 tx / 0 pending / 0 (0.0%) gas / (0xd0b81ae673fb283846ebe69852651fcfff22a0b2e66326dde88c38722357fe61)","throwable":""}
{"timestamp":"2025-10-22T13:21:32,029","container":"8a8e46c31ccc","level":"INFO","thread":"BftProcessorExecutor-QBFT-0","class":"QbftBesuControllerBuilder","message":"Imported #578 / 0 tx / 0 pending / 0 (0.0%) gas / (0x956854c7df7647a5aaf1183f0478f966a292898167428319aa3026d44e996f2f)","throwable":""}
{"timestamp":"2025-10-22T13:21:40,019","container":"8a8e46c31ccc","level":"INFO","thread":"BftProcessorExecutor-QBFT-0","class":"QbftBesuControllerBuilder","message":"Imported #579 / 0 tx / 0 pending / 0 (0.0%) gas / (0xaad65c01bc9e4e8ba7a37d8e40107c43c4a2b1737793ffa1673c9fcb598e06e1)","throwable":""}
{"timestamp":"2025-10-22T13:21:48,025","container":"8a8e46c31ccc","level":"INFO","thread":"EthScheduler-Workers-0","class":"PersistBlockTask","message":"Block 580 (0x6b8f918a774210ab43dc20d117eb2f068dd92d6fa609bc1e159be1b4c0eb264c) is already imported","throwable":""}
{"timestamp":"2025-10-22T13:21:48,025","container":"8a8e46c31ccc","level":"INFO","thread":"BftProcessorExecutor-QBFT-0","class":"QbftBesuControllerBuilder","message":"Produced #580 / 0 tx / 0 pending / 0 (0.0%) gas / (0x6b8f918a774210ab43dc20d117eb2f068dd92d6fa609bc1e159be1b4c0eb264c)","throwable":""}
{"timestamp":"2025-10-22T13:21:56,030","container":"8a8e46c31ccc","level":"INFO","thread":"BftProcessorExecutor-QBFT-0","class":"QbftBesuControllerBuilder","message":"Imported #581 / 0 tx / 0 pending / 0 (0.0%) gas / (0xdaaadedd8f14756be2fa035a53e2db290fa6fd9797d78d33ad0d164672ce1319)","throwable":""}
{"timestamp":"2025-10-22T13:21:56,033","container":"8a8e46c31ccc","level":"INFO","thread":"EthScheduler-Workers-0","class":"PersistBlockTask","message":"Block 581 (0xdaaadedd8f14756be2fa035a53e2db290fa6fd9797d78d33ad0d164672ce1319) is already imported","throwable":""}
{"timestamp":"2025-10-22T13:22:04,024","container":"8a8e46c31ccc","level":"INFO","thread":"EthScheduler-Workers-0","class":"PersistBlockTask","message":"Block 582 (0xd463c30a3c3f622beb5c8ce371ebfe6170611058ccfb2e469656d016ed7e4698) is already imported","throwable":""}
{"timestamp":"2025-10-22T13:22:04,024","container":"8a8e46c31ccc","level":"INFO","thread":"BftProcessorExecutor-QBFT-0","class":"QbftBesuControllerBuilder","message":"Imported #582 / 0 tx / 0 pending / 0 (0.0%) gas / (0xd463c30a3c3f622beb5c8ce371ebfe6170611058ccfb2e469656d016ed7e4698)","throwable":""}
{"timestamp":"2025-10-22T13:22:12,022","container":"8a8e46c31ccc","level":"INFO","thread":"BftProcessorExecutor-QBFT-0","class":"QbftBesuControllerBuilder","message":"Imported #583 / 0 tx / 0 pending / 0 (0.0%) gas / (0xb00522cc6e4ea3eea1a5cb073e94d86729eedf13d1eebcb7c0ed01cf3635350c)","throwable":""}
{"timestamp":"2025-10-22T13:22:20,016","container":"8a8e46c31ccc","level":"INFO","thread":"BftProcessorExecutor-QBFT-0","class":"QbftBesuControllerBuilder","message":"Produced #584 / 0 tx / 0 pending / 0 (0.0%) gas / (0x00100ae191d397e6af2207e3af6947efb010a19bbe40bf77c3d5b457d5cd2b4f)","throwable":""}
{"timestamp":"2025-10-22T13:22:20,016","container":"8a8e46c31ccc","level":"INFO","thread":"EthScheduler-Workers-0","class":"PersistBlockTask","message":"Block 584 (0x00100ae191d397e6af2207e3af6947efb010a19bbe40bf77c3d5b457d5cd2b4f) is already imported","throwable":""}
{"timestamp":"2025-10-22T13:22:28,015","container":"8a8e46c31ccc","level":"INFO","thread":"BftProcessorExecutor-QBFT-0","class":"QbftBesuControllerBuilder","message":"Imported #585 / 0 tx / 0 pending / 0 (0.0%) gas / (0xbbbe469264982e3e71a4ee297cb8feef4cd5921c414b5218449acecbdd096d1f)","throwable":""}
{"timestamp":"2025-10-22T13:22:36,010","container":"8a8e46c31ccc","level":"INFO","thread":"BftProcessorExecutor-QBFT-0","class":"QbftBesuControllerBuilder","message":"Imported #586 / 0 tx / 0 pending / 0 (0.0%) gas / (0x46940710fff63168d878f7d0ded64ed3f137f86558ce7bbc0fc3aaad1f5afa38)","throwable":""}
{"timestamp":"2025-10-22T13:22:44,015","container":"8a8e46c31ccc","level":"INFO","thread":"BftProcessorExecutor-QBFT-0","class":"QbftBesuControllerBuilder","message":"Imported #587 / 0 tx / 0 pending / 0 (0.0%) gas / (0x0ebf3c20f9a01050f5c29e8ebba48d6b69007344b84b9efdb1ea744f155ac875)","throwable":""}
{"timestamp":"2025-10-22T13:22:52,027","container":"8a8e46c31ccc","level":"INFO","thread":"BftProcessorExecutor-QBFT-0","class":"QbftBesuControllerBuilder","message":"Produced #588 / 0 tx / 0 pending / 0 (0.0%) gas / (0x2de3b09d4f82316ef27303614bb02c116ada7515b006f6000417fd44152c33c4)","throwable":""}
{"timestamp":"2025-10-22T13:22:52,028","container":"8a8e46c31ccc","level":"INFO","thread":"EthScheduler-Workers-0","class":"PersistBlockTask","message":"Block 588 (0x2de3b09d4f82316ef27303614bb02c116ada7515b006f6000417fd44152c33c4) is already imported","throwable":""}
{"timestamp":"2025-10-22T13:23:00,018","container":"8a8e46c31ccc","level":"INFO","thread":"BftProcessorExecutor-QBFT-0","class":"QbftBesuControllerBuilder","message":"Imported #589 / 0 tx / 0 pending / 0 (0.0%) gas / (0xc8385399bbf2fe4f01015740b0674fe1e7777b61da6adfb0350c795bbd79a188)","throwable":""}
{"timestamp":"2025-10-22T13:23:08,018","container":"8a8e46c31ccc","level":"INFO","thread":"BftProcessorExecutor-QBFT-0","class":"QbftBesuControllerBuilder","message":"Imported #590 / 0 tx / 0 pending / 0 (0.0%) gas / (0x403927466ac46eb11d6f5e33244507f30c1257b8028eccf1da867ba2cfb1abb9)","throwable":""}
{"timestamp":"2025-10-22T13:23:08,018","container":"8a8e46c31ccc","level":"INFO","thread":"EthScheduler-Workers-0","class":"PersistBlockTask","message":"Block 590 (0x403927466ac46eb11d6f5e33244507f30c1257b8028eccf1da867ba2cfb1abb9) is already imported","throwable":""}
{"timestamp":"2025-10-22T13:23:16,015","container":"8a8e46c31ccc","level":"INFO","thread":"EthScheduler-Workers-0","class":"PersistBlockTask","message":"Imported #591 / 0 tx / 0 om / 0 (0.0%) gas / (0x487c3521c5c590d0aa3760ef329f38cf9855e14805155b99d815057d7707d723) in 0.002s. Peers: 5","throwable":""}
{"timestamp":"2025-10-22T13:23:16,015","container":"8a8e46c31ccc","level":"INFO","thread":"BftProcessorExecutor-QBFT-0","class":"QbftBesuControllerBuilder","message":"Imported #591 / 0 tx / 0 pending / 0 (0.0%) gas / (0x487c3521c5c590d0aa3760ef329f38cf9855e14805155b99d815057d7707d723)","throwable":""}
{"timestamp":"2025-10-22T13:23:24,030","container":"8a8e46c31ccc","level":"INFO","thread":"BftProcessorExecutor-QBFT-0","class":"QbftBesuControllerBuilder","message":"Produced #592 / 0 tx / 0 pending / 0 (0.0%) gas / (0x1c06c4dfc7cc6dedce5e8e57d868f1f9739a822598b7fcddde26e8d0e6f37c9c)","throwable":""}
{"timestamp":"2025-10-22T13:23:24,031","container":"8a8e46c31ccc","level":"INFO","thread":"EthScheduler-Workers-0","class":"PersistBlockTask","message":"Block 592 (0x1c06c4dfc7cc6dedce5e8e57d868f1f9739a822598b7fcddde26e8d0e6f37c9c) is already imported","throwable":""}
{"timestamp":"2025-10-22T13:23:32,025","container":"8a8e46c31ccc","level":"INFO","thread":"EthScheduler-Workers-0","class":"PersistBlockTask","message":"Block 593 (0xe80c006cefff519d4d4b7015ef71bb81588d974e30227f44378d85be1cc2955c) is already imported","throwable":""}
{"timestamp":"2025-10-22T13:23:32,026","container":"8a8e46c31ccc","level":"INFO","thread":"BftProcessorExecutor-QBFT-0","class":"QbftBesuControllerBuilder","message":"Imported #593 / 0 tx / 0 pending / 0 (0.0%) gas / (0xe80c006cefff519d4d4b7015ef71bb81588d974e30227f44378d85be1cc2955c)","throwable":""}
{"timestamp":"2025-10-22T13:23:40,031","container":"8a8e46c31ccc","level":"INFO","thread":"EthScheduler-Workers-0","class":"PersistBlockTask","message":"Block 594 (0xad285f41f48c9f818635ca9b2b78e1f470f24412ba2c678ab522c9ca090ff5a3) is already imported","throwable":""}
{"timestamp":"2025-10-22T13:23:40,031","container":"8a8e46c31ccc","level":"INFO","thread":"BftProcessorExecutor-QBFT-0","class":"QbftBesuControllerBuilder","message":"Imported #594 / 0 tx / 0 pending / 0 (0.0%) gas / (0xad285f41f48c9f818635ca9b2b78e1f470f24412ba2c678ab522c9ca090ff5a3)","throwable":""}
{"timestamp":"2025-10-22T13:23:48,017","container":"8a8e46c31ccc","level":"INFO","thread":"EthScheduler-Workers-0","class":"PersistBlockTask","message":"Block 595 (0x40f3e58f9e04ea136f030c07c2a0b3cfae9b40434b7057dd3d8f725aca0b0ad7) is already imported","throwable":""}
{"timestamp":"2025-10-22T13:23:48,018","container":"8a8e46c31ccc","level":"INFO","thread":"BftProcessorExecutor-QBFT-0","class":"QbftBesuControllerBuilder","message":"Imported #595 / 0 tx / 0 pending / 0 (0.0%) gas / (0x40f3e58f9e04ea136f030c07c2a0b3cfae9b40434b7057dd3d8f725aca0b0ad7)","throwable":""}
{"timestamp":"2025-10-22T13:23:56,030","container":"8a8e46c31ccc","level":"INFO","thread":"BftProcessorExecutor-QBFT-0","class":"QbftBesuControllerBuilder","message":"Produced #596 / 0 tx / 0 pending / 0 (0.0%) gas / (0x0799ed0ba27b153551213609daa849890cd8670d8a45a503e2fdc99820e57663)","throwable":""}
{"timestamp":"2025-10-22T13:24:04,033","container":"8a8e46c31ccc","level":"INFO","thread":"EthScheduler-Workers-0","class":"PersistBlockTask","message":"Imported #597 / 0 tx / 0 om / 0 (0.0%) gas / (0x12ca0137a9ccdf358bbcd1b0c859da929922dacb3d62d7394c0a0594b1e284f4) in 0.006s. Peers: 5","throwable":""}
{"timestamp":"2025-10-22T13:24:04,035","container":"8a8e46c31ccc","level":"INFO","thread":"BftProcessorExecutor-QBFT-0","class":"QbftBesuControllerBuilder","message":"Imported #597 / 0 tx / 0 pending / 0 (0.0%) gas / (0x12ca0137a9ccdf358bbcd1b0c859da929922dacb3d62d7394c0a0594b1e284f4)","throwable":""}
{"timestamp":"2025-10-22T13:24:12,022","container":"8a8e46c31ccc","level":"INFO","thread":"EthScheduler-Workers-0","class":"PersistBlockTask","message":"Block 598 (0x6992ec18f475cdda2cfe2a93fe9b4cb1be1ed08d7feb2e479258a86ee6785857) is already imported","throwable":""}
{"timestamp":"2025-10-22T13:24:12,023","container":"8a8e46c31ccc","level":"INFO","thread":"BftProcessorExecutor-QBFT-0","class":"QbftBesuControllerBuilder","message":"Imported #598 / 0 tx / 0 pending / 0 (0.0%) gas / (0x6992ec18f475cdda2cfe2a93fe9b4cb1be1ed08d7feb2e479258a86ee6785857)","throwable":""}
{"timestamp":"2025-10-22T13:24:20,015","container":"8a8e46c31ccc","level":"INFO","thread":"BftProcessorExecutor-QBFT-0","class":"QbftBesuControllerBuilder","message":"Imported #599 / 0 tx / 0 pending / 0 (0.0%) gas / (0x938c907c0175ab7e7a21faeb1e9b511b3d36c2d4f0c806d3ff66d9b12e0da693)","throwable":""}
{"timestamp":"2025-10-22T13:24:28,013","container":"8a8e46c31ccc","level":"INFO","thread":"BftProcessorExecutor-QBFT-0","class":"QbftBesuControllerBuilder","message":"Produced #600 / 0 tx / 0 pending / 0 (0.0%) gas / (0x9c5d1ab77956163405b2cc4174038bc993d07ba7a0c61c09726936ec3c1f1196)","throwable":""}
{"timestamp":"2025-10-22T13:24:28,015","container":"8a8e46c31ccc","level":"INFO","thread":"EthScheduler-Workers-0","class":"PersistBlockTask","message":"Block 600 (0x9c5d1ab77956163405b2cc4174038bc993d07ba7a0c61c09726936ec3c1f1196) is already imported","throwable":""}
{"timestamp":"2025-10-22T13:24:36,047","container":"8a8e46c31ccc","level":"INFO","thread":"EthScheduler-Workers-0","class":"PersistBlockTask","message":"Block 601 (0xdd53a231ec1f5f46bc16d1415a948395bca778f110f337fb7b15b2da0033db44) is already imported","throwable":""}
{"timestamp":"2025-10-22T13:24:36,048","container":"8a8e46c31ccc","level":"INFO","thread":"BftProcessorExecutor-QBFT-0","class":"QbftBesuControllerBuilder","message":"Imported #601 / 0 tx / 0 pending / 0 (0.0%) gas / (0xdd53a231ec1f5f46bc16d1415a948395bca778f110f337fb7b15b2da0033db44)","throwable":""}
{"timestamp":"2025-10-22T13:24:44,014","container":"8a8e46c31ccc","level":"INFO","thread":"EthScheduler-Workers-0","class":"PersistBlockTask","message":"Block 602 (0x533c852fe3d055d9b886cd75ad53f7c11b8ed52f3413b8467344d15b2d364aac) is already imported","throwable":""}
{"timestamp":"2025-10-22T13:24:44,014","container":"8a8e46c31ccc","level":"INFO","thread":"BftProcessorExecutor-QBFT-0","class":"QbftBesuControllerBuilder","message":"Imported #602 / 0 tx / 0 pending / 0 (0.0%) gas / (0x533c852fe3d055d9b886cd75ad53f7c11b8ed52f3413b8467344d15b2d364aac)","throwable":""}
{"timestamp":"2025-10-22T13:24:52,012","container":"8a8e46c31ccc","level":"INFO","thread":"EthScheduler-Workers-0","class":"PersistBlockTask","message":"Block 603 (0x0ed666c952b8bbf9b57bd361ccfe9b15383825465c2684b32e75c356e51f69fc) is already imported","throwable":""}
{"timestamp":"2025-10-22T13:24:52,013","container":"8a8e46c31ccc","level":"INFO","thread":"BftProcessorExecutor-QBFT-0","class":"QbftBesuControllerBuilder","message":"Imported #603 / 0 tx / 0 pending / 0 (0.0%) gas / (0x0ed666c952b8bbf9b57bd361ccfe9b15383825465c2684b32e75c356e51f69fc)","throwable":""}
{"timestamp":"2025-10-22T13:25:00,016","container":"8a8e46c31ccc","level":"INFO","thread":"EthScheduler-Workers-0","class":"PersistBlockTask","message":"Block 604 (0x4bd9a74a51df0a1a2a5b48b62d2adf2becb49fa796b7c860dbe4100b5eeb07de) is already imported","throwable":""}
{"timestamp":"2025-10-22T13:25:00,016","container":"8a8e46c31ccc","level":"INFO","thread":"BftProcessorExecutor-QBFT-0","class":"QbftBesuControllerBuilder","message":"Produced #604 / 0 tx / 0 pending / 0 (0.0%) gas / (0x4bd9a74a51df0a1a2a5b48b62d2adf2becb49fa796b7c860dbe4100b5eeb07de)","throwable":""}
{"timestamp":"2025-10-22T13:25:08,023","container":"8a8e46c31ccc","level":"INFO","thread":"BftProcessorExecutor-QBFT-0","class":"QbftBesuControllerBuilder","message":"Imported #605 / 0 tx / 0 pending / 0 (0.0%) gas / (0x6ec727c07a7e9d8de3f0f866e089936439f5072d549f37905f13036fdb8bfdd9)","throwable":""}
{"timestamp":"2025-10-22T13:25:16,018","container":"8a8e46c31ccc","level":"INFO","thread":"EthScheduler-Workers-0","class":"PersistBlockTask","message":"Imported #606 / 0 tx / 0 om / 0 (0.0%) gas / (0xa2a312b482afd8a28ba7d1bef080ff5f0eef084b63fe1d1eaa9f86bce5f1027b) in 0.001s. Peers: 5","throwable":""}
{"timestamp":"2025-10-22T13:25:16,018","container":"8a8e46c31ccc","level":"INFO","thread":"BftProcessorExecutor-QBFT-0","class":"QbftBesuControllerBuilder","message":"Imported #606 / 0 tx / 0 pending / 0 (0.0%) gas / (0xa2a312b482afd8a28ba7d1bef080ff5f0eef084b63fe1d1eaa9f86bce5f1027b)","throwable":""}
{"timestamp":"2025-10-22T13:25:24,013","container":"8a8e46c31ccc","level":"INFO","thread":"EthScheduler-Workers-0","class":"PersistBlockTask","message":"Block 607 (0xbb7f1f990f4ea41d1fd1fa28a9e025fa1a48a7107d01008b284e784f8f0bce3f) is already imported","throwable":""}
{"timestamp":"2025-10-22T13:25:24,013","container":"8a8e46c31ccc","level":"INFO","thread":"BftProcessorExecutor-QBFT-0","class":"QbftBesuControllerBuilder","message":"Imported #607 / 0 tx / 0 pending / 0 (0.0%) gas / (0xbb7f1f990f4ea41d1fd1fa28a9e025fa1a48a7107d01008b284e784f8f0bce3f)","throwable":""}
{"timestamp":"2025-10-22T13:25:32,011","container":"8a8e46c31ccc","level":"INFO","thread":"BftProcessorExecutor-QBFT-0","class":"QbftBesuControllerBuilder","message":"Produced #608 / 0 tx / 0 pending / 0 (0.0%) gas / (0xf514d66d1acfd9ed85481bb60b994433bb2d24bdc84f7ded30c4251d1cb1c48b)","throwable":""}
{"timestamp":"2025-10-22T13:25:40,023","container":"8a8e46c31ccc","level":"INFO","thread":"BftProcessorExecutor-QBFT-0","class":"QbftBesuControllerBuilder","message":"Imported #609 / 0 tx / 0 pending / 0 (0.0%) gas / (0xc6475bd6e154c3e3cb5553338bf71d1c5a7c73c37d404d279c41d2927e14cfd2)","throwable":""}
{"timestamp":"2025-10-22T13:25:40,023","container":"8a8e46c31ccc","level":"INFO","thread":"EthScheduler-Workers-0","class":"PersistBlockTask","message":"Block 609 (0xc6475bd6e154c3e3cb5553338bf71d1c5a7c73c37d404d279c41d2927e14cfd2) is already imported","throwable":""}
{"timestamp":"2025-10-22T13:25:48,024","container":"8a8e46c31ccc","level":"INFO","thread":"EthScheduler-Workers-0","class":"PersistBlockTask","message":"Block 610 (0x1361eeabb63f984e96238a5ba35bfd05eb8151b817d7fdf84512987eb73c6d56) is already imported","throwable":""}
{"timestamp":"2025-10-22T13:25:48,025","container":"8a8e46c31ccc","level":"INFO","thread":"BftProcessorExecutor-QBFT-0","class":"QbftBesuControllerBuilder","message":"Imported #610 / 0 tx / 0 pending / 0 (0.0%) gas / (0x1361eeabb63f984e96238a5ba35bfd05eb8151b817d7fdf84512987eb73c6d56)","throwable":""}
{"timestamp":"2025-10-22T13:25:56,017","container":"8a8e46c31ccc","level":"INFO","thread":"BftProcessorExecutor-QBFT-0","class":"QbftBesuControllerBuilder","message":"Imported #611 / 0 tx / 0 pending / 0 (0.0%) gas / (0xcff1c406b085cc1398cec1284b7e81db0f1a23849125bf1600ee0332fd26ffe8)","throwable":""}
{"timestamp":"2025-10-22T13:26:04,022","container":"8a8e46c31ccc","level":"INFO","thread":"EthScheduler-Workers-0","class":"PersistBlockTask","message":"Imported #612 / 0 tx / 0 om / 0 (0.0%) gas / (0x6787d4d1354190eee78613a30179fcc6be8716104f593704da6138c494d5718b) in 0.003s. Peers: 5","throwable":""}
{"timestamp":"2025-10-22T13:26:04,024","container":"8a8e46c31ccc","level":"INFO","thread":"BftProcessorExecutor-QBFT-0","class":"QbftBesuControllerBuilder","message":"Produced #612 / 0 tx / 0 pending / 0 (0.0%) gas / (0x6787d4d1354190eee78613a30179fcc6be8716104f593704da6138c494d5718b)","throwable":""}
{"timestamp":"2025-10-22T13:26:12,018","container":"8a8e46c31ccc","level":"INFO","thread":"BftProcessorExecutor-QBFT-0","class":"QbftBesuControllerBuilder","message":"Imported #613 / 0 tx / 0 pending / 0 (0.0%) gas / (0x11d8ff035402ba6aa9dca04297b0c322caa489d99d703108500919531b431cc6)","throwable":""}
{"timestamp":"2025-10-22T13:26:20,015","container":"8a8e46c31ccc","level":"INFO","thread":"BftProcessorExecutor-QBFT-0","class":"QbftBesuControllerBuilder","message":"Imported #614 / 0 tx / 0 pending / 0 (0.0%) gas / (0x03da76aa9f7e02f935da6c24f7f88755c5e9303e9e415bdda4fd6d063d251ef3)","throwable":""}
{"timestamp":"2025-10-22T13:26:20,016","container":"8a8e46c31ccc","level":"INFO","thread":"EthScheduler-Workers-0","class":"PersistBlockTask","message":"Block 614 (0x03da76aa9f7e02f935da6c24f7f88755c5e9303e9e415bdda4fd6d063d251ef3) is already imported","throwable":""}
{"timestamp":"2025-10-22T13:26:28,010","container":"8a8e46c31ccc","level":"INFO","thread":"BftProcessorExecutor-QBFT-0","class":"QbftBesuControllerBuilder","message":"Imported #615 / 0 tx / 0 pending / 0 (0.0%) gas / (0xc214b6dfd14b523fb8503a70142cdb62feefe04c8bafd65baec3363f7fcb1861)","throwable":""}
{"timestamp":"2025-10-22T13:26:36,015","container":"8a8e46c31ccc","level":"INFO","thread":"BftProcessorExecutor-QBFT-0","class":"QbftBesuControllerBuilder","message":"Produced #616 / 0 tx / 0 pending / 0 (0.0%) gas / (0x479864bb66d644825259f84141e6ed36e3fc2bbc4f941b0e8703923efd5e9879)","throwable":""}
{"timestamp":"2025-10-22T13:26:44,026","container":"8a8e46c31ccc","level":"INFO","thread":"BftProcessorExecutor-QBFT-0","class":"QbftBesuControllerBuilder","message":"Imported #617 / 0 tx / 0 pending / 0 (0.0%) gas / (0xf3ec6cabe3f55719f16f637429d690cee2a6d75ed54bbd5a3f7991cb1ae347d0)","throwable":""}
{"timestamp":"2025-10-22T13:26:52,022","container":"8a8e46c31ccc","level":"INFO","thread":"BftProcessorExecutor-QBFT-0","class":"QbftBesuControllerBuilder","message":"Imported #618 / 0 tx / 0 pending / 0 (0.0%) gas / (0xf4dd65391efc1219183dba6d3ceea338113c4a3ad8e71f37a7b60d30dc3259d0)","throwable":""}
{"timestamp":"2025-10-22T13:27:00,015","container":"8a8e46c31ccc","level":"INFO","thread":"BftProcessorExecutor-QBFT-0","class":"QbftBesuControllerBuilder","message":"Imported #619 / 0 tx / 0 pending / 0 (0.0%) gas / (0xb8c82e722713903b03542656e3875bd0da0eba1993ffdcdfe31762c5678858f8)","throwable":""}
{"timestamp":"2025-10-22T13:27:08,019","container":"8a8e46c31ccc","level":"INFO","thread":"BftProcessorExecutor-QBFT-0","class":"QbftBesuControllerBuilder","message":"Produced #620 / 0 tx / 0 pending / 0 (0.0%) gas / (0x6c98321cf7adcb0b12a12046bc6f99cf6e7062e12a5a71b4e1af8b7846917b16)","throwable":""}
{"timestamp":"2025-10-22T13:27:16,034","container":"8a8e46c31ccc","level":"INFO","thread":"BftProcessorExecutor-QBFT-0","class":"QbftBesuControllerBuilder","message":"Imported #621 / 0 tx / 0 pending / 0 (0.0%) gas / (0x0d5a85d69443b07a3cf4563bfb7d7aefa6044ef731835f0bd4634419e3e3bc02)","throwable":""}
{"timestamp":"2025-10-22T13:27:16,034","container":"8a8e46c31ccc","level":"INFO","thread":"EthScheduler-Workers-0","class":"PersistBlockTask","message":"Block 621 (0x0d5a85d69443b07a3cf4563bfb7d7aefa6044ef731835f0bd4634419e3e3bc02) is already imported","throwable":""}
{"timestamp":"2025-10-22T13:27:24,011","container":"8a8e46c31ccc","level":"INFO","thread":"EthScheduler-Workers-0","class":"PersistBlockTask","message":"Imported #622 / 0 tx / 0 om / 0 (0.0%) gas / (0x8be7a6d7cc4c6f6c8950bba10ff71be6b2c5d24f2b9cae6392ddacd531f6d7c9) in 0.002s. Peers: 5","throwable":""}
{"timestamp":"2025-10-22T13:27:24,012","container":"8a8e46c31ccc","level":"INFO","thread":"BftProcessorExecutor-QBFT-0","class":"QbftBesuControllerBuilder","message":"Imported #622 / 0 tx / 0 pending / 0 (0.0%) gas / (0x8be7a6d7cc4c6f6c8950bba10ff71be6b2c5d24f2b9cae6392ddacd531f6d7c9)","throwable":""}
{"timestamp":"2025-10-22T13:27:32,015","container":"8a8e46c31ccc","level":"INFO","thread":"BftProcessorExecutor-QBFT-0","class":"QbftBesuControllerBuilder","message":"Imported #623 / 0 tx / 0 pending / 0 (0.0%) gas / (0xf2cbd6e775fca64c1ca9758193e62ff6b05f81eba285f9a8d26bc4af2b6ad625)","throwable":""}
{"timestamp":"2025-10-22T13:27:40,011","container":"8a8e46c31ccc","level":"INFO","thread":"BftProcessorExecutor-QBFT-0","class":"QbftBesuControllerBuilder","message":"Produced #624 / 0 tx / 0 pending / 0 (0.0%) gas / (0xd2032ca9ee279f9745a9c731595fa9e864ac809cff3668ace99356bf892d3737)","throwable":""}
{"timestamp":"2025-10-22T13:27:48,013","container":"8a8e46c31ccc","level":"INFO","thread":"BftProcessorExecutor-QBFT-0","class":"QbftBesuControllerBuilder","message":"Imported #625 / 0 tx / 0 pending / 0 (0.0%) gas / (0x268f3e297a690a1fb4d6097d4887c9b7dcc1f81ac7d8296a4e993059e1b2c7fc)","throwable":""}
{"timestamp":"2025-10-22T13:27:56,019","container":"8a8e46c31ccc","level":"INFO","thread":"BftProcessorExecutor-QBFT-0","class":"QbftBesuControllerBuilder","message":"Imported #626 / 0 tx / 0 pending / 0 (0.0%) gas / (0x620ba4e7b3bc94c053c3faa157aba8e7601c9acc55b63a8bba721f4c6fdae50f)","throwable":""}
{"timestamp":"2025-10-22T13:28:04,010","container":"8a8e46c31ccc","level":"INFO","thread":"BftProcessorExecutor-QBFT-0","class":"QbftBesuControllerBuilder","message":"Imported #627 / 0 tx / 0 pending / 0 (0.0%) gas / (0xf6b7ce75a080ad7e5862c079b76cadd8793e07e9cd7bd698526e3818920ab44b)","throwable":""}
{"timestamp":"2025-10-22T13:28:04,011","container":"8a8e46c31ccc","level":"INFO","thread":"EthScheduler-Workers-0","class":"PersistBlockTask","message":"Block 627 (0xf6b7ce75a080ad7e5862c079b76cadd8793e07e9cd7bd698526e3818920ab44b) is already imported","throwable":""}
{"timestamp":"2025-10-22T13:28:12,012","container":"8a8e46c31ccc","level":"INFO","thread":"EthScheduler-Workers-0","class":"PersistBlockTask","message":"Block 628 (0xfba188330f987e20bdf7244706fdc34e65124a0f05569afcc63c141330b14c04) is already imported","throwable":""}
{"timestamp":"2025-10-22T13:28:12,012","container":"8a8e46c31ccc","level":"INFO","thread":"BftProcessorExecutor-QBFT-0","class":"QbftBesuControllerBuilder","message":"Produced #628 / 0 tx / 0 pending / 0 (0.0%) gas / (0xfba188330f987e20bdf7244706fdc34e65124a0f05569afcc63c141330b14c04)","throwable":""}
{"timestamp":"2025-10-22T13:28:20,009","container":"8a8e46c31ccc","level":"INFO","thread":"EthScheduler-Workers-0","class":"PersistBlockTask","message":"Block 629 (0xa9f2d7b95d533bd324dd94c569090ba64ec3b69f8571c2a90babf2608b1c80d0) is already imported","throwable":""}
{"timestamp":"2025-10-22T13:28:20,009","container":"8a8e46c31ccc","level":"INFO","thread":"BftProcessorExecutor-QBFT-0","class":"QbftBesuControllerBuilder","message":"Imported #629 / 0 tx / 0 pending / 0 (0.0%) gas / (0xa9f2d7b95d533bd324dd94c569090ba64ec3b69f8571c2a90babf2608b1c80d0)","throwable":""}
{"timestamp":"2025-10-22T13:28:28,017","container":"8a8e46c31ccc","level":"INFO","thread":"BftProcessorExecutor-QBFT-0","class":"QbftBesuControllerBuilder","message":"Imported #630 / 0 tx / 0 pending / 0 (0.0%) gas / (0xff5f6abe6a4e8cb1c11e28fbabcc96ad4b8a782c560b2b44a9fc8d1cf87d21a2)","throwable":""}
{"timestamp":"2025-10-22T13:28:36,014","container":"8a8e46c31ccc","level":"INFO","thread":"BftProcessorExecutor-QBFT-0","class":"QbftBesuControllerBuilder","message":"Imported #631 / 0 tx / 0 pending / 0 (0.0%) gas / (0xaf6cee6d48dcf760702f78eebb8b9b9b80256a0513fec9b54db4061c932aebd4)","throwable":""}
{"timestamp":"2025-10-22T13:28:44,023","container":"8a8e46c31ccc","level":"INFO","thread":"BftProcessorExecutor-QBFT-0","class":"QbftBesuControllerBuilder","message":"Produced #632 / 0 tx / 0 pending / 0 (0.0%) gas / (0x8c24d2d2ddc533350d09f3634e502f5646d4c0adc5c429ea0941d028fef535cc)","throwable":""}
{"timestamp":"2025-10-22T13:28:52,018","container":"8a8e46c31ccc","level":"INFO","thread":"BftProcessorExecutor-QBFT-0","class":"QbftBesuControllerBuilder","message":"Imported #633 / 0 tx / 0 pending / 0 (0.0%) gas / (0x1f19a7d69c527992149ea2b68f7d0ed4f7922e234e7eb3459e0674bd34c0fccc)","throwable":""}
{"timestamp":"2025-10-22T13:29:00,024","container":"8a8e46c31ccc","level":"INFO","thread":"BftProcessorExecutor-QBFT-0","class":"QbftBesuControllerBuilder","message":"Imported #634 / 0 tx / 0 pending / 0 (0.0%) gas / (0x013431c25fa4909d406c34565cd9aab65d4299abfcba1716a8b3950003b5954c)","throwable":""}
{"timestamp":"2025-10-22T13:29:08,018","container":"8a8e46c31ccc","level":"INFO","thread":"BftProcessorExecutor-QBFT-0","class":"QbftBesuControllerBuilder","message":"Imported #635 / 0 tx / 0 pending / 0 (0.0%) gas / (0xa8cea27ebcd13e023d3627c7a9199d6183d056af1c4d7268daf863dbbb831252)","throwable":""}
{"timestamp":"2025-10-22T13:29:16,023","container":"8a8e46c31ccc","level":"INFO","thread":"BftProcessorExecutor-QBFT-0","class":"QbftBesuControllerBuilder","message":"Produced #636 / 0 tx / 0 pending / 0 (0.0%) gas / (0xdb25a8bb4cfe220d220ee74f791540dde064facdfb22cba433e6f6280e3fdc67)","throwable":""}
{"timestamp":"2025-10-22T13:29:24,021","container":"8a8e46c31ccc","level":"INFO","thread":"BftProcessorExecutor-QBFT-0","class":"QbftBesuControllerBuilder","message":"Imported #637 / 0 tx / 0 pending / 0 (0.0%) gas / (0x3c59f60c1418f290669e1863dcf808d41edd1e66842c7e98f0371aa8cdfa8387)","throwable":""}
{"timestamp":"2025-10-22T13:29:32,014","container":"8a8e46c31ccc","level":"INFO","thread":"BftProcessorExecutor-QBFT-0","class":"QbftBesuControllerBuilder","message":"Imported #638 / 0 tx / 0 pending / 0 (0.0%) gas / (0x2ffa9d9464e588fb762a6e8c6d5a6b8e5aa6040ecb70983dc59fec6e4ef8f4dc)","throwable":""}
{"timestamp":"2025-10-22T13:29:40,027","container":"8a8e46c31ccc","level":"INFO","thread":"BftProcessorExecutor-QBFT-0","class":"QbftBesuControllerBuilder","message":"Imported #639 / 0 tx / 0 pending / 0 (0.0%) gas / (0xac5dbe50e2c053376b651f64ded0ce8f56010db6f3803e544688e0b7743d57a4)","throwable":""}
{"timestamp":"2025-10-22T13:29:48,021","container":"8a8e46c31ccc","level":"INFO","thread":"BftProcessorExecutor-QBFT-0","class":"QbftBesuControllerBuilder","message":"Produced #640 / 0 tx / 0 pending / 0 (0.0%) gas / (0xece5f3dac03b5cc4571672ed07b83f0ffb541bd14546d3ad29daba488598f98c)","throwable":""}
{"timestamp":"2025-10-22T13:29:56,025","container":"8a8e46c31ccc","level":"INFO","thread":"BftProcessorExecutor-QBFT-0","class":"QbftBesuControllerBuilder","message":"Imported #641 / 0 tx / 0 pending / 0 (0.0%) gas / (0x56026ec1130f51f899187d4c6696ddfcd21994e84912ed61ed3fc52a80b3aa4a)","throwable":""}
{"timestamp":"2025-10-22T13:30:04,020","container":"8a8e46c31ccc","level":"INFO","thread":"EthScheduler-Workers-0","class":"PersistBlockTask","message":"Imported #642 / 0 tx / 0 om / 0 (0.0%) gas / (0xfd737d94508bdae582f3e7175e2c484c4435e4c17e6589ddae679b4cd606c9d0) in 0.001s. Peers: 5","throwable":""}
{"timestamp":"2025-10-22T13:30:04,021","container":"8a8e46c31ccc","level":"INFO","thread":"BftProcessorExecutor-QBFT-0","class":"QbftBesuControllerBuilder","message":"Imported #642 / 0 tx / 0 pending / 0 (0.0%) gas / (0xfd737d94508bdae582f3e7175e2c484c4435e4c17e6589ddae679b4cd606c9d0)","throwable":""}
{"timestamp":"2025-10-22T13:30:12,011","container":"8a8e46c31ccc","level":"INFO","thread":"BftProcessorExecutor-QBFT-0","class":"QbftBesuControllerBuilder","message":"Imported #643 / 0 tx / 0 pending / 0 (0.0%) gas / (0xc50c03bbdd3c5c2cbd3db823e99585e956f600f91876addc758dd56930f0934e)","throwable":""}
{"timestamp":"2025-10-22T13:30:20,021","container":"8a8e46c31ccc","level":"INFO","thread":"EthScheduler-Workers-0","class":"PersistBlockTask","message":"Imported #644 / 0 tx / 0 om / 0 (0.0%) gas / (0x11c7635dccc9e6dc41a27dce46ff8f8911e5b3e7f09acdbb448744f0505a9557) in 0.001s. Peers: 5","throwable":""}
{"timestamp":"2025-10-22T13:30:20,021","container":"8a8e46c31ccc","level":"INFO","thread":"BftProcessorExecutor-QBFT-0","class":"QbftBesuControllerBuilder","message":"Produced #644 / 0 tx / 0 pending / 0 (0.0%) gas / (0x11c7635dccc9e6dc41a27dce46ff8f8911e5b3e7f09acdbb448744f0505a9557)","throwable":""}
{"timestamp":"2025-10-22T13:30:28,022","container":"8a8e46c31ccc","level":"INFO","thread":"BftProcessorExecutor-QBFT-0","class":"QbftBesuControllerBuilder","message":"Imported #645 / 0 tx / 0 pending / 0 (0.0%) gas / (0xa3ae2335f7fbe4e91983b9439f6e952d3dc728da8fb1904db33e752aec6348b9)","throwable":""}
{"timestamp":"2025-10-22T13:30:36,022","container":"8a8e46c31ccc","level":"INFO","thread":"EthScheduler-Workers-0","class":"PersistBlockTask","message":"Block 646 (0xabf454b101f3d1f102a53fd43a66a431383fd8a4e6d3753a6458bc7062124988) is already imported","throwable":""}
{"timestamp":"2025-10-22T13:30:36,023","container":"8a8e46c31ccc","level":"INFO","thread":"BftProcessorExecutor-QBFT-0","class":"QbftBesuControllerBuilder","message":"Imported #646 / 0 tx / 0 pending / 0 (0.0%) gas / (0xabf454b101f3d1f102a53fd43a66a431383fd8a4e6d3753a6458bc7062124988)","throwable":""}
{"timestamp":"2025-10-22T13:30:44,016","container":"8a8e46c31ccc","level":"INFO","thread":"BftProcessorExecutor-QBFT-0","class":"QbftBesuControllerBuilder","message":"Imported #647 / 0 tx / 0 pending / 0 (0.0%) gas / (0x359f037d1ac694afeed0f9c8a1bc83e43b81a4c0bc9bb289e8a8f12df9c48c50)","throwable":""}
{"timestamp":"2025-10-22T13:30:52,020","container":"8a8e46c31ccc","level":"INFO","thread":"EthScheduler-Workers-0","class":"PersistBlockTask","message":"Block 648 (0x07cf062feb9496890d07f7aa5f0443fc94dbdecedf8b694fdff9f35d444f4480) is already imported","throwable":""}
{"timestamp":"2025-10-22T13:30:52,020","container":"8a8e46c31ccc","level":"INFO","thread":"BftProcessorExecutor-QBFT-0","class":"QbftBesuControllerBuilder","message":"Produced #648 / 0 tx / 0 pending / 0 (0.0%) gas / (0x07cf062feb9496890d07f7aa5f0443fc94dbdecedf8b694fdff9f35d444f4480)","throwable":""}
{"timestamp":"2025-10-22T13:31:00,016","container":"8a8e46c31ccc","level":"INFO","thread":"BftProcessorExecutor-QBFT-0","class":"QbftBesuControllerBuilder","message":"Imported #649 / 0 tx / 0 pending / 0 (0.0%) gas / (0xf4489b407b9efbb6e55d075d696264adee4d765ec7bbb79dc075b0db6c1efe44)","throwable":""}
{"timestamp":"2025-10-22T13:31:08,022","container":"8a8e46c31ccc","level":"INFO","thread":"BftProcessorExecutor-QBFT-0","class":"QbftBesuControllerBuilder","message":"Imported #650 / 0 tx / 0 pending / 0 (0.0%) gas / (0x283705392b45542a621e3674ebd4d969ac2dfb3749b3123c40e00692acfd3279)","throwable":""}
{"timestamp":"2025-10-22T13:31:16,014","container":"8a8e46c31ccc","level":"INFO","thread":"EthScheduler-Workers-0","class":"PersistBlockTask","message":"Block 651 (0x4f5f613a55bf673255400aa6db0d147c71ac704a24c5cd5da2b621e42fda2f52) is already imported","throwable":""}
{"timestamp":"2025-10-22T13:31:16,014","container":"8a8e46c31ccc","level":"INFO","thread":"BftProcessorExecutor-QBFT-0","class":"QbftBesuControllerBuilder","message":"Imported #651 / 0 tx / 0 pending / 0 (0.0%) gas / (0x4f5f613a55bf673255400aa6db0d147c71ac704a24c5cd5da2b621e42fda2f52)","throwable":""}
{"timestamp":"2025-10-22T13:31:24,023","container":"8a8e46c31ccc","level":"INFO","thread":"BftProcessorExecutor-QBFT-0","class":"QbftBesuControllerBuilder","message":"Produced #652 / 0 tx / 0 pending / 0 (0.0%) gas / (0x70c14e02ee0a567813ae97a00ef8372905735b1fe9ecb0331a9f7b0f479cb72a)","throwable":""}
{"timestamp":"2025-10-22T13:31:32,028","container":"8a8e46c31ccc","level":"INFO","thread":"BftProcessorExecutor-QBFT-0","class":"QbftBesuControllerBuilder","message":"Imported #653 / 0 tx / 0 pending / 0 (0.0%) gas / (0x6a248bd7a2cc94238c32e41355e42615391fc32af9130ba8a75aa9a8fd2a1c25)","throwable":""}
{"timestamp":"2025-10-22T13:31:40,027","container":"8a8e46c31ccc","level":"INFO","thread":"BftProcessorExecutor-QBFT-0","class":"QbftBesuControllerBuilder","message":"Imported #654 / 0 tx / 0 pending / 0 (0.0%) gas / (0x36234d278c317d001464c649e5e75d8ae843f222b5edae878dfc598b150fce37)","throwable":""}
{"timestamp":"2025-10-22T13:31:48,013","container":"8a8e46c31ccc","level":"INFO","thread":"EthScheduler-Workers-0","class":"PersistBlockTask","message":"Block 655 (0xb3aad5f3acb165405fd08b47d23d44fc90350bc157cebb391838d22828322a1d) is already imported","throwable":""}
{"timestamp":"2025-10-22T13:31:48,014","container":"8a8e46c31ccc","level":"INFO","thread":"BftProcessorExecutor-QBFT-0","class":"QbftBesuControllerBuilder","message":"Imported #655 / 0 tx / 0 pending / 0 (0.0%) gas / (0xb3aad5f3acb165405fd08b47d23d44fc90350bc157cebb391838d22828322a1d)","throwable":""}
{"timestamp":"2025-10-22T13:31:56,011","container":"8a8e46c31ccc","level":"INFO","thread":"BftProcessorExecutor-QBFT-0","class":"QbftBesuControllerBuilder","message":"Produced #656 / 0 tx / 0 pending / 0 (0.0%) gas / (0x59bfc3b230b90dda0fd6c17bc276ab076038e2d2249f1114fa54999c5ea87c2a)","throwable":""}
{"timestamp":"2025-10-22T13:31:56,011","container":"8a8e46c31ccc","level":"INFO","thread":"EthScheduler-Workers-0","class":"PersistBlockTask","message":"Block 656 (0x59bfc3b230b90dda0fd6c17bc276ab076038e2d2249f1114fa54999c5ea87c2a) is already imported","throwable":""}
{"timestamp":"2025-10-22T13:32:04,023","container":"8a8e46c31ccc","level":"INFO","thread":"EthScheduler-Workers-0","class":"PersistBlockTask","message":"Block 657 (0x6ff8788957dff3d548a9a313729f3275b3fff33aa3abc444807f543a7ce91ff2) is already imported","throwable":""}
{"timestamp":"2025-10-22T13:32:04,024","container":"8a8e46c31ccc","level":"INFO","thread":"BftProcessorExecutor-QBFT-0","class":"QbftBesuControllerBuilder","message":"Imported #657 / 0 tx / 0 pending / 0 (0.0%) gas / (0x6ff8788957dff3d548a9a313729f3275b3fff33aa3abc444807f543a7ce91ff2)","throwable":""}
{"timestamp":"2025-10-22T13:32:12,023","container":"8a8e46c31ccc","level":"INFO","thread":"BftProcessorExecutor-QBFT-0","class":"QbftBesuControllerBuilder","message":"Imported #658 / 0 tx / 0 pending / 0 (0.0%) gas / (0x09b4b30408781fcfac05d577c2aa5a4397df6e7deed4fc0f760ce05c42956ad1)","throwable":""}
{"timestamp":"2025-10-22T13:32:12,023","container":"8a8e46c31ccc","level":"INFO","thread":"EthScheduler-Workers-0","class":"PersistBlockTask","message":"Block 658 (0x09b4b30408781fcfac05d577c2aa5a4397df6e7deed4fc0f760ce05c42956ad1) is already imported","throwable":""}
{"timestamp":"2025-10-22T13:32:20,015","container":"8a8e46c31ccc","level":"INFO","thread":"BftProcessorExecutor-QBFT-0","class":"QbftBesuControllerBuilder","message":"Imported #659 / 0 tx / 0 pending / 0 (0.0%) gas / (0x47c52942527e27cacb0443dcdbc1515b0d83fa427fe37f6d6e98ae33351a56e8)","throwable":""}
{"timestamp":"2025-10-22T13:32:28,014","container":"8a8e46c31ccc","level":"INFO","thread":"BftProcessorExecutor-QBFT-0","class":"QbftBesuControllerBuilder","message":"Produced #660 / 0 tx / 0 pending / 0 (0.0%) gas / (0x47fc16a7fca3213b1145d527ef0c395e5d55d0cd07203b4c26cd8f38d84d84df)","throwable":""}
{"timestamp":"2025-10-22T13:32:36,015","container":"8a8e46c31ccc","level":"INFO","thread":"EthScheduler-Workers-0","class":"PersistBlockTask","message":"Block 661 (0x547541be4afdadc4ce2a9b74fd5b5823af6a28649df0948095de6dc6ed7f0836) is already imported","throwable":""}
{"timestamp":"2025-10-22T13:32:36,015","container":"8a8e46c31ccc","level":"INFO","thread":"BftProcessorExecutor-QBFT-0","class":"QbftBesuControllerBuilder","message":"Imported #661 / 0 tx / 0 pending / 0 (0.0%) gas / (0x547541be4afdadc4ce2a9b74fd5b5823af6a28649df0948095de6dc6ed7f0836)","throwable":""}
{"timestamp":"2025-10-22T13:32:44,021","container":"8a8e46c31ccc","level":"INFO","thread":"BftProcessorExecutor-QBFT-0","class":"QbftBesuControllerBuilder","message":"Imported #662 / 0 tx / 0 pending / 0 (0.0%) gas / (0x97fd83fc4675e45b320fc44e5137908063d90cb32fefcfcde127397567d613a7)","throwable":""}
{"timestamp":"2025-10-22T13:32:44,021","container":"8a8e46c31ccc","level":"INFO","thread":"EthScheduler-Workers-0","class":"PersistBlockTask","message":"Block 662 (0x97fd83fc4675e45b320fc44e5137908063d90cb32fefcfcde127397567d613a7) is already imported","throwable":""}
{"timestamp":"2025-10-22T13:32:52,011","container":"8a8e46c31ccc","level":"INFO","thread":"BftProcessorExecutor-QBFT-0","class":"QbftBesuControllerBuilder","message":"Imported #663 / 0 tx / 0 pending / 0 (0.0%) gas / (0x6d474a45ff0acd093c45e27f5c1a1983386a8343106a87f0108725223dfdd01b)","throwable":""}
{"timestamp":"2025-10-22T13:33:00,013","container":"8a8e46c31ccc","level":"INFO","thread":"BftProcessorExecutor-QBFT-0","class":"QbftBesuControllerBuilder","message":"Produced #664 / 0 tx / 0 pending / 0 (0.0%) gas / (0xd7cc09679365bfad123814bb8fcbec8b5599905b8ad8474bcbc020cfbec276f8)","throwable":""}
{"timestamp":"2025-10-22T13:33:08,017","container":"8a8e46c31ccc","level":"INFO","thread":"BftProcessorExecutor-QBFT-0","class":"QbftBesuControllerBuilder","message":"Imported #665 / 0 tx / 0 pending / 0 (0.0%) gas / (0xbf31429ece8e9ad5aa8fb0867f017b6663d37525d61b47424e66c4add8e5a11b)","throwable":""}
{"timestamp":"2025-10-22T13:33:16,012","container":"8a8e46c31ccc","level":"INFO","thread":"BftProcessorExecutor-QBFT-0","class":"QbftBesuControllerBuilder","message":"Imported #666 / 0 tx / 0 pending / 0 (0.0%) gas / (0xe662c9ea1e8247ff0dc719cdad60876df96e0c5cd1120378cb068812bdf3e369)","throwable":""}
{"timestamp":"2025-10-22T13:33:24,016","container":"8a8e46c31ccc","level":"INFO","thread":"BftProcessorExecutor-QBFT-0","class":"QbftBesuControllerBuilder","message":"Imported #667 / 0 tx / 0 pending / 0 (0.0%) gas / (0x1cd87145b1ea0b571da55b0963b310c7bde924426aebdc7a0a4331485044ca81)","throwable":""}
{"timestamp":"2025-10-22T13:33:32,016","container":"8a8e46c31ccc","level":"INFO","thread":"BftProcessorExecutor-QBFT-0","class":"QbftBesuControllerBuilder","message":"Produced #668 / 0 tx / 0 pending / 0 (0.0%) gas / (0xd8e564283f212e6fad85721ef9367ffbcd2f244c3a35a3a950f5c315e9aca6b9)","throwable":""}
{"timestamp":"2025-10-22T13:33:40,017","container":"8a8e46c31ccc","level":"INFO","thread":"BftProcessorExecutor-QBFT-0","class":"QbftBesuControllerBuilder","message":"Imported #669 / 0 tx / 0 pending / 0 (0.0%) gas / (0x30ecbffbfebbd1e63fe8e37e19bf30702f11af389a1c9d17a0064b1dc5110e96)","throwable":""}
{"timestamp":"2025-10-22T13:33:48,017","container":"8a8e46c31ccc","level":"INFO","thread":"BftProcessorExecutor-QBFT-0","class":"QbftBesuControllerBuilder","message":"Imported #670 / 0 tx / 0 pending / 0 (0.0%) gas / (0x564a802e48c45a5e1375f1b3b265159ed85e508844898992ec5ff5e435560c00)","throwable":""}
{"timestamp":"2025-10-22T13:33:56,013","container":"8a8e46c31ccc","level":"INFO","thread":"BftProcessorExecutor-QBFT-0","class":"QbftBesuControllerBuilder","message":"Imported #671 / 0 tx / 0 pending / 0 (0.0%) gas / (0xdf16d40e8553e920585b4162a2bbeddcfbe81fe4704d78ca65e91509fe9e43e0)","throwable":""}
{"timestamp":"2025-10-22T13:34:04,019","container":"8a8e46c31ccc","level":"INFO","thread":"BftProcessorExecutor-QBFT-0","class":"QbftBesuControllerBuilder","message":"Produced #672 / 0 tx / 0 pending / 0 (0.0%) gas / (0xec6df3fdeadd6fa1206306e97058af0a8859699b30e480ef9b1bc3969cecaefb)","throwable":""}
{"timestamp":"2025-10-22T13:34:04,019","container":"8a8e46c31ccc","level":"INFO","thread":"EthScheduler-Workers-0","class":"PersistBlockTask","message":"Block 672 (0xec6df3fdeadd6fa1206306e97058af0a8859699b30e480ef9b1bc3969cecaefb) is already imported","throwable":""}
{"timestamp":"2025-10-22T13:34:12,016","container":"8a8e46c31ccc","level":"INFO","thread":"BftProcessorExecutor-QBFT-0","class":"QbftBesuControllerBuilder","message":"Imported #673 / 0 tx / 0 pending / 0 (0.0%) gas / (0x0775aa3e951bf166ef6166867108b86714b090cc4afcfc7b3258d500208813dc)","throwable":""}
{"timestamp":"2025-10-22T13:34:20,015","container":"8a8e46c31ccc","level":"INFO","thread":"BftProcessorExecutor-QBFT-0","class":"QbftBesuControllerBuilder","message":"Imported #674 / 0 tx / 0 pending / 0 (0.0%) gas / (0x21f37ad21f2adf53c27e774c7f9fb35094b933d448e2ed801799d012e8e015ba)","throwable":""}
{"timestamp":"2025-10-22T13:34:28,013","container":"8a8e46c31ccc","level":"INFO","thread":"BftProcessorExecutor-QBFT-0","class":"QbftBesuControllerBuilder","message":"Imported #675 / 0 tx / 0 pending / 0 (0.0%) gas / (0x89b2deff0b0cb458ed35d33c300a4e1cc2fd7977da9d74c9c2ae1eeb2585fa8f)","throwable":""}
{"timestamp":"2025-10-22T13:34:28,013","container":"8a8e46c31ccc","level":"INFO","thread":"EthScheduler-Workers-0","class":"PersistBlockTask","message":"Block 675 (0x89b2deff0b0cb458ed35d33c300a4e1cc2fd7977da9d74c9c2ae1eeb2585fa8f) is already imported","throwable":""}
{"timestamp":"2025-10-22T13:34:36,012","container":"8a8e46c31ccc","level":"INFO","thread":"BftProcessorExecutor-QBFT-0","class":"QbftBesuControllerBuilder","message":"Produced #676 / 0 tx / 0 pending / 0 (0.0%) gas / (0x319ee8e26d42ed8d5c9b4224471dcef35f5a86b89517d357c1ae4dcaaf736903)","throwable":""}
{"timestamp":"2025-10-22T13:34:44,019","container":"8a8e46c31ccc","level":"INFO","thread":"BftProcessorExecutor-QBFT-0","class":"QbftBesuControllerBuilder","message":"Imported #677 / 0 tx / 0 pending / 0 (0.0%) gas / (0x250d3bfce88426cd8b756687ecc7169b10efb287c734c83858fe00a304a26559)","throwable":""}
{"timestamp":"2025-10-22T13:34:44,020","container":"8a8e46c31ccc","level":"INFO","thread":"EthScheduler-Workers-0","class":"PersistBlockTask","message":"Block 677 (0x250d3bfce88426cd8b756687ecc7169b10efb287c734c83858fe00a304a26559) is already imported","throwable":""}
{"timestamp":"2025-10-22T13:34:52,015","container":"8a8e46c31ccc","level":"INFO","thread":"BftProcessorExecutor-QBFT-0","class":"QbftBesuControllerBuilder","message":"Imported #678 / 0 tx / 0 pending / 0 (0.0%) gas / (0x46dd6847540015f3f6be95eec5a9fc3bda77bc7188e988f5204b052ad0620464)","throwable":""}
{"timestamp":"2025-10-22T13:35:00,019","container":"8a8e46c31ccc","level":"INFO","thread":"EthScheduler-Workers-0","class":"PersistBlockTask","message":"Block 679 (0x047651701c12b2c0758479d9085cc9c5debdf7e93df3a34ca8e3122ce6593748) is already imported","throwable":""}
{"timestamp":"2025-10-22T13:35:00,020","container":"8a8e46c31ccc","level":"INFO","thread":"BftProcessorExecutor-QBFT-0","class":"QbftBesuControllerBuilder","message":"Imported #679 / 0 tx / 0 pending / 0 (0.0%) gas / (0x047651701c12b2c0758479d9085cc9c5debdf7e93df3a34ca8e3122ce6593748)","throwable":""}
{"timestamp":"2025-10-22T13:35:08,016","container":"8a8e46c31ccc","level":"INFO","thread":"BftProcessorExecutor-QBFT-0","class":"QbftBesuControllerBuilder","message":"Produced #680 / 0 tx / 0 pending / 0 (0.0%) gas / (0x845fe5724fcb99459fb35d87b13f37ba7a3a61cc2640e0a0afc3df007da9ae1a)","throwable":""}
{"timestamp":"2025-10-22T13:35:16,018","container":"8a8e46c31ccc","level":"INFO","thread":"BftProcessorExecutor-QBFT-0","class":"QbftBesuControllerBuilder","message":"Imported #681 / 0 tx / 0 pending / 0 (0.0%) gas / (0xf260368081b4867cce64c5e2decb33d96a2d5d791d6054fb04b4adb90c039795)","throwable":""}
{"timestamp":"2025-10-22T13:35:24,020","container":"8a8e46c31ccc","level":"INFO","thread":"BftProcessorExecutor-QBFT-0","class":"QbftBesuControllerBuilder","message":"Imported #682 / 0 tx / 0 pending / 0 (0.0%) gas / (0x725f89c2f3f1199e829ef751719dbf68e81c4970411de3a46d60b0ca7597f9a5)","throwable":""}
{"timestamp":"2025-10-22T13:35:32,025","container":"8a8e46c31ccc","level":"INFO","thread":"BftProcessorExecutor-QBFT-0","class":"QbftBesuControllerBuilder","message":"Imported #683 / 0 tx / 0 pending / 0 (0.0%) gas / (0x1214f97f0adef9dcab030370fd74a947373c648f4dcfe45e44d09dbf0c843842)","throwable":""}
{"timestamp":"2025-10-22T13:35:40,012","container":"8a8e46c31ccc","level":"INFO","thread":"BftProcessorExecutor-QBFT-0","class":"QbftBesuControllerBuilder","message":"Produced #684 / 0 tx / 0 pending / 0 (0.0%) gas / (0xf8add8962f88176cd625687756cf41de7bb179c7e79daabef37175a3d6d50d0a)","throwable":""}
{"timestamp":"2025-10-22T13:35:48,018","container":"8a8e46c31ccc","level":"INFO","thread":"EthScheduler-Workers-0","class":"PersistBlockTask","message":"Block 685 (0x32093167f3b30aa9dccdb709d8d3f574fadfc84f345e73d0a16d25a41687750f) is already imported","throwable":""}
{"timestamp":"2025-10-22T13:35:48,018","container":"8a8e46c31ccc","level":"INFO","thread":"BftProcessorExecutor-QBFT-0","class":"QbftBesuControllerBuilder","message":"Imported #685 / 0 tx / 0 pending / 0 (0.0%) gas / (0x32093167f3b30aa9dccdb709d8d3f574fadfc84f345e73d0a16d25a41687750f)","throwable":""}
{"timestamp":"2025-10-22T13:35:56,009","container":"8a8e46c31ccc","level":"INFO","thread":"BftProcessorExecutor-QBFT-0","class":"QbftBesuControllerBuilder","message":"Imported #686 / 0 tx / 0 pending / 0 (0.0%) gas / (0x943f5dad142ef98c42873a4484d8916830ef487f3dbd28bac9d4bee5b66b64ff)","throwable":""}
{"timestamp":"2025-10-22T13:36:04,016","container":"8a8e46c31ccc","level":"INFO","thread":"BftProcessorExecutor-QBFT-0","class":"QbftBesuControllerBuilder","message":"Imported #687 / 0 tx / 0 pending / 0 (0.0%) gas / (0x4f22e292cfcfd9a2f5b2def49d966c43cf6e6208a6ab47bbe40e9ee21ae10489)","throwable":""}
{"timestamp":"2025-10-22T13:36:12,013","container":"8a8e46c31ccc","level":"INFO","thread":"BftProcessorExecutor-QBFT-0","class":"QbftBesuControllerBuilder","message":"Produced #688 / 0 tx / 0 pending / 0 (0.0%) gas / (0x236043ad9a41f2330f420de4031a778436f89be878a8ec6c8f0de1fd29e732b2)","throwable":""}
{"timestamp":"2025-10-22T13:36:20,012","container":"8a8e46c31ccc","level":"INFO","thread":"BftProcessorExecutor-QBFT-0","class":"QbftBesuControllerBuilder","message":"Imported #689 / 0 tx / 0 pending / 0 (0.0%) gas / (0x90bddd6006a9b40e9dfa5150b3f2aec60684dfd9b58ecf8ab40715f1b860c707)","throwable":""}
{"timestamp":"2025-10-22T13:36:28,015","container":"8a8e46c31ccc","level":"INFO","thread":"BftProcessorExecutor-QBFT-0","class":"QbftBesuControllerBuilder","message":"Imported #690 / 0 tx / 0 pending / 0 (0.0%) gas / (0x1f939dec1a7bb07df6a3b331280efeedaf2530b69412554b38907f7a12c072a5)","throwable":""}
{"timestamp":"2025-10-22T13:36:36,013","container":"8a8e46c31ccc","level":"INFO","thread":"BftProcessorExecutor-QBFT-0","class":"QbftBesuControllerBuilder","message":"Imported #691 / 0 tx / 0 pending / 0 (0.0%) gas / (0x5e175247cf0d37e0e6d957eb5af1168b471118a5cabc1434ecdc18b7128dcecc)","throwable":""}
{"timestamp":"2025-10-22T13:36:44,012","container":"8a8e46c31ccc","level":"INFO","thread":"BftProcessorExecutor-QBFT-0","class":"QbftBesuControllerBuilder","message":"Produced #692 / 0 tx / 0 pending / 0 (0.0%) gas / (0x9359c80be2c0eefaf478911c91a57df4357c7780a8e206b9450e1fc19cc2cb55)","throwable":""}
{"timestamp":"2025-10-22T13:36:52,011","container":"8a8e46c31ccc","level":"INFO","thread":"BftProcessorExecutor-QBFT-0","class":"QbftBesuControllerBuilder","message":"Imported #693 / 0 tx / 0 pending / 0 (0.0%) gas / (0x5677c7534d9fa161301ef81fe9b3b88226a18274745a407954d38f21c9f4ed9f)","throwable":""}
{"timestamp":"2025-10-22T13:37:00,016","container":"8a8e46c31ccc","level":"INFO","thread":"BftProcessorExecutor-QBFT-0","class":"QbftBesuControllerBuilder","message":"Imported #694 / 0 tx / 0 pending / 0 (0.0%) gas / (0x3af6c2dc4cc94dd1a41372ed983bea8fa335a3a28deb03fb6c2ecb5d27f3f112)","throwable":""}
{"timestamp":"2025-10-22T13:37:08,024","container":"8a8e46c31ccc","level":"INFO","thread":"BftProcessorExecutor-QBFT-0","class":"QbftBesuControllerBuilder","message":"Imported #695 / 0 tx / 0 pending / 0 (0.0%) gas / (0x4462f068e0b5c4b43aef6baa85ee617081b9f83e29bba16c79b15e028fab5f3e)","throwable":""}
{"timestamp":"2025-10-22T13:37:16,023","container":"8a8e46c31ccc","level":"INFO","thread":"BftProcessorExecutor-QBFT-0","class":"QbftBesuControllerBuilder","message":"Produced #696 / 0 tx / 0 pending / 0 (0.0%) gas / (0xc91cfbe8a4701a83d63a67c4e71cfe601d91ce955665b26ae22674ec54d8bbb2)","throwable":""}
{"timestamp":"2025-10-22T13:37:16,023","container":"8a8e46c31ccc","level":"INFO","thread":"EthScheduler-Workers-0","class":"PersistBlockTask","message":"Block 696 (0xc91cfbe8a4701a83d63a67c4e71cfe601d91ce955665b26ae22674ec54d8bbb2) is already imported","throwable":""}
{"timestamp":"2025-10-22T13:37:24,017","container":"8a8e46c31ccc","level":"INFO","thread":"BftProcessorExecutor-QBFT-0","class":"QbftBesuControllerBuilder","message":"Imported #697 / 0 tx / 0 pending / 0 (0.0%) gas / (0xc28eb2e8d5e34f17fdeca2b58223a0107f01809cc02223d8233ae4f98bcbe648)","throwable":""}
{"timestamp":"2025-10-22T13:37:32,010","container":"8a8e46c31ccc","level":"INFO","thread":"BftProcessorExecutor-QBFT-0","class":"QbftBesuControllerBuilder","message":"Imported #698 / 0 tx / 0 pending / 0 (0.0%) gas / (0x443ccbebc18462752681b8e4e34e1020665ac22948080b9774893080b8989f5e)","throwable":""}
{"timestamp":"2025-10-22T13:37:40,014","container":"8a8e46c31ccc","level":"INFO","thread":"BftProcessorExecutor-QBFT-0","class":"QbftBesuControllerBuilder","message":"Imported #699 / 0 tx / 0 pending / 0 (0.0%) gas / (0x2ebb1ae41aa0587367e0b64a449dc45d8812139c2f31334561c6597712207d56)","throwable":""}
{"timestamp":"2025-10-22T13:37:48,014","container":"8a8e46c31ccc","level":"INFO","thread":"EthScheduler-Workers-0","class":"PersistBlockTask","message":"Block 700 (0x318bf4564f781970a8a9f0981954d108b08100fc6d5c26728a7796edc2163e17) is already imported","throwable":""}
{"timestamp":"2025-10-22T13:37:48,014","container":"8a8e46c31ccc","level":"INFO","thread":"BftProcessorExecutor-QBFT-0","class":"QbftBesuControllerBuilder","message":"Produced #700 / 0 tx / 0 pending / 0 (0.0%) gas / (0x318bf4564f781970a8a9f0981954d108b08100fc6d5c26728a7796edc2163e17)","throwable":""}
{"timestamp":"2025-10-22T13:37:56,010","container":"8a8e46c31ccc","level":"INFO","thread":"BftProcessorExecutor-QBFT-0","class":"QbftBesuControllerBuilder","message":"Imported #701 / 0 tx / 0 pending / 0 (0.0%) gas / (0x49ea039906d1560fa69bebb46e11cb6d0e7ffe3e587fed49ecaa7615f40dc6c1)","throwable":""}
{"timestamp":"2025-10-22T13:37:56,010","container":"8a8e46c31ccc","level":"INFO","thread":"EthScheduler-Workers-0","class":"PersistBlockTask","message":"Block 701 (0x49ea039906d1560fa69bebb46e11cb6d0e7ffe3e587fed49ecaa7615f40dc6c1) is already imported","throwable":""}
{"timestamp":"2025-10-22T13:38:04,009","container":"8a8e46c31ccc","level":"INFO","thread":"BftProcessorExecutor-QBFT-0","class":"QbftBesuControllerBuilder","message":"Imported #702 / 0 tx / 0 pending / 0 (0.0%) gas / (0x0ef10d48f1e5380a4b78dcd7e99a6660dd87ff1a85a8f46bdc26955149b959af)","throwable":""}
{"timestamp":"2025-10-22T13:38:12,009","container":"8a8e46c31ccc","level":"INFO","thread":"BftProcessorExecutor-QBFT-0","class":"QbftBesuControllerBuilder","message":"Imported #703 / 0 tx / 0 pending / 0 (0.0%) gas / (0x548f40cceb62f319a2a716742fb995273d346d87137d90707a86fe534d9564ab)","throwable":""}
{"timestamp":"2025-10-22T13:38:20,010","container":"8a8e46c31ccc","level":"INFO","thread":"BftProcessorExecutor-QBFT-0","class":"QbftBesuControllerBuilder","message":"Produced #704 / 0 tx / 0 pending / 0 (0.0%) gas / (0x1f4364ed520ef675ca173514dc2dc2c8e9781bbfdfd6d054b8df0d1fe42e9033)","throwable":""}
{"timestamp":"2025-10-22T13:38:28,012","container":"8a8e46c31ccc","level":"INFO","thread":"EthScheduler-Workers-0","class":"PersistBlockTask","message":"Block 705 (0x9ab3ec4e1a1695d367501af2ed00a98a0382db489d809f6b1de23d9a4d19f258) is already imported","throwable":""}
{"timestamp":"2025-10-22T13:38:28,013","container":"8a8e46c31ccc","level":"INFO","thread":"BftProcessorExecutor-QBFT-0","class":"QbftBesuControllerBuilder","message":"Imported #705 / 0 tx / 0 pending / 0 (0.0%) gas / (0x9ab3ec4e1a1695d367501af2ed00a98a0382db489d809f6b1de23d9a4d19f258)","throwable":""}
{"timestamp":"2025-10-22T13:38:36,017","container":"8a8e46c31ccc","level":"INFO","thread":"BftProcessorExecutor-QBFT-0","class":"QbftBesuControllerBuilder","message":"Imported #706 / 0 tx / 0 pending / 0 (0.0%) gas / (0xf901767a9da0578f2603a14f82900d5766a0c07430eef653aa983922bf067265)","throwable":""}
{"timestamp":"2025-10-22T13:38:44,029","container":"8a8e46c31ccc","level":"INFO","thread":"BftProcessorExecutor-QBFT-0","class":"QbftBesuControllerBuilder","message":"Imported #707 / 0 tx / 0 pending / 0 (0.0%) gas / (0x124413cd10976bb425a5bcbb445bb240168a9558be55450685b0aa699444bd84)","throwable":""}
{"timestamp":"2025-10-22T13:38:52,014","container":"8a8e46c31ccc","level":"INFO","thread":"BftProcessorExecutor-QBFT-0","class":"QbftBesuControllerBuilder","message":"Produced #708 / 0 tx / 0 pending / 0 (0.0%) gas / (0x905df7f559ad245a5317ca7f9b621e9dfc369291f83284d5cdc7382a23e21625)","throwable":""}
{"timestamp":"2025-10-22T13:39:00,017","container":"8a8e46c31ccc","level":"INFO","thread":"BftProcessorExecutor-QBFT-0","class":"QbftBesuControllerBuilder","message":"Imported #709 / 0 tx / 0 pending / 0 (0.0%) gas / (0x3e9db802f0df726f0d813cc7ffa5411db46661e728a8cb8bbc72483682fa9951)","throwable":""}
{"timestamp":"2025-10-22T13:39:08,016","container":"8a8e46c31ccc","level":"INFO","thread":"EthScheduler-Workers-0","class":"PersistBlockTask","message":"Block 710 (0x26388ba9a8c9a9f0caff469f70d178dec70d9da8f76ee75b5f165ed72042d73e) is already imported","throwable":""}
{"timestamp":"2025-10-22T13:39:08,016","container":"8a8e46c31ccc","level":"INFO","thread":"BftProcessorExecutor-QBFT-0","class":"QbftBesuControllerBuilder","message":"Imported #710 / 0 tx / 0 pending / 0 (0.0%) gas / (0x26388ba9a8c9a9f0caff469f70d178dec70d9da8f76ee75b5f165ed72042d73e)","throwable":""}
{"timestamp":"2025-10-22T13:39:16,013","container":"8a8e46c31ccc","level":"INFO","thread":"EthScheduler-Workers-0","class":"PersistBlockTask","message":"Block 711 (0xf66cdb27ccd301235cb3a3f0564c74abea15c5c8284f567fcb995d87fe3a57af) is already imported","throwable":""}
{"timestamp":"2025-10-22T13:39:16,014","container":"8a8e46c31ccc","level":"INFO","thread":"BftProcessorExecutor-QBFT-0","class":"QbftBesuControllerBuilder","message":"Imported #711 / 0 tx / 0 pending / 0 (0.0%) gas / (0xf66cdb27ccd301235cb3a3f0564c74abea15c5c8284f567fcb995d87fe3a57af)","throwable":""}
{"timestamp":"2025-10-22T13:39:24,020","container":"8a8e46c31ccc","level":"INFO","thread":"EthScheduler-Workers-0","class":"PersistBlockTask","message":"Block 712 (0x91fc69843820fa6fca5d0783c866fe7c2e516f5cd41d955b9353fe930793d0f4) is already imported","throwable":""}
{"timestamp":"2025-10-22T13:39:24,020","container":"8a8e46c31ccc","level":"INFO","thread":"BftProcessorExecutor-QBFT-0","class":"QbftBesuControllerBuilder","message":"Produced #712 / 0 tx / 0 pending / 0 (0.0%) gas / (0x91fc69843820fa6fca5d0783c866fe7c2e516f5cd41d955b9353fe930793d0f4)","throwable":""}
{"timestamp":"2025-10-22T13:39:32,024","container":"8a8e46c31ccc","level":"INFO","thread":"BftProcessorExecutor-QBFT-0","class":"QbftBesuControllerBuilder","message":"Imported #713 / 0 tx / 0 pending / 0 (0.0%) gas / (0x9c820b26bad560997ce3b59106055d8c40b9d967d4fb38dbc7a1aad448938a04)","throwable":""}
{"timestamp":"2025-10-22T13:39:32,025","container":"8a8e46c31ccc","level":"INFO","thread":"EthScheduler-Workers-0","class":"PersistBlockTask","message":"Block 713 (0x9c820b26bad560997ce3b59106055d8c40b9d967d4fb38dbc7a1aad448938a04) is already imported","throwable":""}
{"timestamp":"2025-10-22T13:39:40,025","container":"8a8e46c31ccc","level":"INFO","thread":"BftProcessorExecutor-QBFT-0","class":"QbftBesuControllerBuilder","message":"Imported #714 / 0 tx / 0 pending / 0 (0.0%) gas / (0x8398fbef4e8865d0da1e132d819f060b926af9efec84c127a2327cf20907bc9d)","throwable":""}
{"timestamp":"2025-10-22T13:39:48,010","container":"8a8e46c31ccc","level":"INFO","thread":"BftProcessorExecutor-QBFT-0","class":"QbftBesuControllerBuilder","message":"Imported #715 / 0 tx / 0 pending / 0 (0.0%) gas / (0x0e32bda191f980cc59db2897e21e58e513063930f2879eaa21dac720f3ed8d86)","throwable":""}
{"timestamp":"2025-10-22T13:39:56,016","container":"8a8e46c31ccc","level":"INFO","thread":"BftProcessorExecutor-QBFT-0","class":"QbftBesuControllerBuilder","message":"Produced #716 / 0 tx / 0 pending / 0 (0.0%) gas / (0x3f0935bcd1f14ad990ac8859807cba94435172bcd90db73d8e5ae571ee4c2903)","throwable":""}
{"timestamp":"2025-10-22T13:39:56,017","container":"8a8e46c31ccc","level":"INFO","thread":"EthScheduler-Workers-0","class":"PersistBlockTask","message":"Block 716 (0x3f0935bcd1f14ad990ac8859807cba94435172bcd90db73d8e5ae571ee4c2903) is already imported","throwable":""}
{"timestamp":"2025-10-22T13:40:04,011","container":"8a8e46c31ccc","level":"INFO","thread":"BftProcessorExecutor-QBFT-0","class":"QbftBesuControllerBuilder","message":"Imported #717 / 0 tx / 0 pending / 0 (0.0%) gas / (0xfb98f137b40dca4da826f15bc8b4afa4b6e8f77f513c59dbb4b3d68d00104f2c)","throwable":""}
{"timestamp":"2025-10-22T13:40:12,011","container":"8a8e46c31ccc","level":"INFO","thread":"EthScheduler-Workers-0","class":"PersistBlockTask","message":"Block 718 (0x17c4cac0af7dff61fba24b841543bd6e245ff860619a9183bc8c8653da0ea9b2) is already imported","throwable":""}
{"timestamp":"2025-10-22T13:40:12,012","container":"8a8e46c31ccc","level":"INFO","thread":"BftProcessorExecutor-QBFT-0","class":"QbftBesuControllerBuilder","message":"Imported #718 / 0 tx / 0 pending / 0 (0.0%) gas / (0x17c4cac0af7dff61fba24b841543bd6e245ff860619a9183bc8c8653da0ea9b2)","throwable":""}
{"timestamp":"2025-10-22T13:40:20,013","container":"8a8e46c31ccc","level":"INFO","thread":"EthScheduler-Workers-0","class":"PersistBlockTask","message":"Block 719 (0x0da62c17522ebbb26288350ba62a3e682b08e631993e08187c5729d6da447e8b) is already imported","throwable":""}
{"timestamp":"2025-10-22T13:40:20,013","container":"8a8e46c31ccc","level":"INFO","thread":"BftProcessorExecutor-QBFT-0","class":"QbftBesuControllerBuilder","message":"Imported #719 / 0 tx / 0 pending / 0 (0.0%) gas / (0x0da62c17522ebbb26288350ba62a3e682b08e631993e08187c5729d6da447e8b)","throwable":""}
{"timestamp":"2025-10-22T13:40:28,168","container":"8a8e46c31ccc","level":"INFO","thread":"BftProcessorExecutor-QBFT-0","class":"QbftBesuControllerBuilder","message":"Produced #720 / 1 tx / 0 pending / 4,391,337 (0.0%) gas / (0x211e0f8fbb5c423b2c17b063567408fc75d9ebd0ae3d001ddbea9cfaf201a457)","throwable":""}
{"timestamp":"2025-10-22T13:40:36,008","container":"8a8e46c31ccc","level":"INFO","thread":"BftProcessorExecutor-QBFT-0","class":"QbftBesuControllerBuilder","message":"Imported #721 / 0 tx / 0 pending / 0 (0.0%) gas / (0x66c400fab06e7b86b0f651344b569618f69896a7614b93f96cd3db15fa77b955)","throwable":""}
{"timestamp":"2025-10-22T13:40:44,078","container":"8a8e46c31ccc","level":"INFO","thread":"BftProcessorExecutor-QBFT-0","class":"QbftBesuControllerBuilder","message":"Imported #722 / 1 tx / 0 pending / 34,078 (0.0%) gas / (0x859e6f5c8ee305c894ba8856fdd86005e8f3f7d0f21eb5c52e3f86349aa165a8)","throwable":""}
{"timestamp":"2025-10-22T13:40:52,029","container":"8a8e46c31ccc","level":"INFO","thread":"EthScheduler-Workers-0","class":"PersistBlockTask","message":"Block 723 (0xa7eb8171837d7b9e33128838ebdb4d4654f1c4d69181599613c9c0f91a3b2462) is already imported","throwable":""}
{"timestamp":"2025-10-22T13:40:52,030","container":"8a8e46c31ccc","level":"INFO","thread":"BftProcessorExecutor-QBFT-0","class":"QbftBesuControllerBuilder","message":"Imported #723 / 1 tx / 0 pending / 34,078 (0.0%) gas / (0xa7eb8171837d7b9e33128838ebdb4d4654f1c4d69181599613c9c0f91a3b2462)","throwable":""}
{"timestamp":"2025-10-22T13:41:00,016","container":"8a8e46c31ccc","level":"INFO","thread":"BftProcessorExecutor-QBFT-0","class":"QbftBesuControllerBuilder","message":"Produced #724 / 0 tx / 0 pending / 0 (0.0%) gas / (0x70218946bdfb7c7fd2870b6bee54cab0d322388c8cc4f7369d0169b696b0c9be)","throwable":""}
{"timestamp":"2025-10-22T13:41:08,021","container":"8a8e46c31ccc","level":"INFO","thread":"EthScheduler-Workers-0","class":"PersistBlockTask","message":"Imported #725 / 0 tx / 0 om / 0 (0.0%) gas / (0x9c32b2fce9855b45c985ee1aeaf194ad5e629c60c6df6aa5d127b92558554e1b) in 0.004s. Peers: 5","throwable":""}
{"timestamp":"2025-10-22T13:41:08,021","container":"8a8e46c31ccc","level":"INFO","thread":"BftProcessorExecutor-QBFT-0","class":"QbftBesuControllerBuilder","message":"Imported #725 / 0 tx / 0 pending / 0 (0.0%) gas / (0x9c32b2fce9855b45c985ee1aeaf194ad5e629c60c6df6aa5d127b92558554e1b)","throwable":""}
{"timestamp":"2025-10-22T13:41:16,013","container":"8a8e46c31ccc","level":"INFO","thread":"BftProcessorExecutor-QBFT-0","class":"QbftBesuControllerBuilder","message":"Imported #726 / 0 tx / 0 pending / 0 (0.0%) gas / (0x598c733a0cf871ed5b8d6b166b220e9f634e682e462bfd2ba0c835724ed6971b)","throwable":""}
{"timestamp":"2025-10-22T13:41:16,013","container":"8a8e46c31ccc","level":"INFO","thread":"EthScheduler-Workers-0","class":"PersistBlockTask","message":"Block 726 (0x598c733a0cf871ed5b8d6b166b220e9f634e682e462bfd2ba0c835724ed6971b) is already imported","throwable":""}
{"timestamp":"2025-10-22T13:41:24,016","container":"8a8e46c31ccc","level":"INFO","thread":"BftProcessorExecutor-QBFT-0","class":"QbftBesuControllerBuilder","message":"Imported #727 / 0 tx / 0 pending / 0 (0.0%) gas / (0x8481d7783026c78d294716349bc516d03b8a93af75b5e83080a2669c569562fd)","throwable":""}
{"timestamp":"2025-10-22T13:41:32,016","container":"8a8e46c31ccc","level":"INFO","thread":"BftProcessorExecutor-QBFT-0","class":"QbftBesuControllerBuilder","message":"Produced #728 / 0 tx / 0 pending / 0 (0.0%) gas / (0x2e391d3191682e0c76345eef551b828f2d727926985ffbe8bb93b44a915a4275)","throwable":""}
{"timestamp":"2025-10-22T13:41:40,011","container":"8a8e46c31ccc","level":"INFO","thread":"BftProcessorExecutor-QBFT-0","class":"QbftBesuControllerBuilder","message":"Imported #729 / 0 tx / 0 pending / 0 (0.0%) gas / (0xba046f430db50ff1b649ab271e85b28e10aaa2e6e13a175045605b7524875ff9)","throwable":""}
{"timestamp":"2025-10-22T13:41:48,014","container":"8a8e46c31ccc","level":"INFO","thread":"BftProcessorExecutor-QBFT-0","class":"QbftBesuControllerBuilder","message":"Imported #730 / 0 tx / 0 pending / 0 (0.0%) gas / (0x506c4e7571afe7c758734736c68c3cc9a4466c6de063571064aaf76ab57ffbf6)","throwable":""}
{"timestamp":"2025-10-22T13:41:48,015","container":"8a8e46c31ccc","level":"INFO","thread":"EthScheduler-Workers-0","class":"PersistBlockTask","message":"Block 730 (0x506c4e7571afe7c758734736c68c3cc9a4466c6de063571064aaf76ab57ffbf6) is already imported","throwable":""}
{"timestamp":"2025-10-22T13:41:56,017","container":"8a8e46c31ccc","level":"INFO","thread":"EthScheduler-Workers-0","class":"PersistBlockTask","message":"Imported #731 / 0 tx / 0 om / 0 (0.0%) gas / (0x899adbf4f5f14a2dae5b8d23d29c880dfa13e05d1d3a67759b36851a0d4fa8cf) in 0.002s. Peers: 5","throwable":""}
{"timestamp":"2025-10-22T13:41:56,017","container":"8a8e46c31ccc","level":"INFO","thread":"BftProcessorExecutor-QBFT-0","class":"QbftBesuControllerBuilder","message":"Imported #731 / 0 tx / 0 pending / 0 (0.0%) gas / (0x899adbf4f5f14a2dae5b8d23d29c880dfa13e05d1d3a67759b36851a0d4fa8cf)","throwable":""}
{"timestamp":"2025-10-22T13:42:04,015","container":"8a8e46c31ccc","level":"INFO","thread":"BftProcessorExecutor-QBFT-0","class":"QbftBesuControllerBuilder","message":"Produced #732 / 0 tx / 0 pending / 0 (0.0%) gas / (0x49c851b7dfe8860dda2b58f75b854ed26e664e3128bc2977984efd60dcabf20c)","throwable":""}
{"timestamp":"2025-10-22T13:42:04,015","container":"8a8e46c31ccc","level":"INFO","thread":"EthScheduler-Workers-0","class":"PersistBlockTask","message":"Block 732 (0x49c851b7dfe8860dda2b58f75b854ed26e664e3128bc2977984efd60dcabf20c) is already imported","throwable":""}
{"timestamp":"2025-10-22T13:42:12,016","container":"8a8e46c31ccc","level":"INFO","thread":"EthScheduler-Workers-0","class":"PersistBlockTask","message":"Imported #733 / 0 tx / 0 om / 0 (0.0%) gas / (0xfb30710de63aa68d811497a0f058558e694a32e989c44496c72b510bf621dc14) in 0.001s. Peers: 5","throwable":""}
{"timestamp":"2025-10-22T13:42:20,018","container":"8a8e46c31ccc","level":"INFO","thread":"EthScheduler-Workers-0","class":"PersistBlockTask","message":"Block 734 (0x5203cf4eb4d1b7054e9748d44920ecbc20609b318236dcbae1d7b32ebac84af4) is already imported","throwable":""}
{"timestamp":"2025-10-22T13:42:20,019","container":"8a8e46c31ccc","level":"INFO","thread":"BftProcessorExecutor-QBFT-0","class":"QbftBesuControllerBuilder","message":"Imported #734 / 0 tx / 0 pending / 0 (0.0%) gas / (0x5203cf4eb4d1b7054e9748d44920ecbc20609b318236dcbae1d7b32ebac84af4)","throwable":""}
{"timestamp":"2025-10-22T13:42:28,016","container":"8a8e46c31ccc","level":"INFO","thread":"BftProcessorExecutor-QBFT-0","class":"QbftBesuControllerBuilder","message":"Imported #735 / 0 tx / 0 pending / 0 (0.0%) gas / (0x1452612ba97ec1c626dd35329ee5239aff768e5396a290b1b16be34ab41b5740)","throwable":""}
{"timestamp":"2025-10-22T13:42:36,009","container":"8a8e46c31ccc","level":"INFO","thread":"BftProcessorExecutor-QBFT-0","class":"QbftBesuControllerBuilder","message":"Produced #736 / 0 tx / 0 pending / 0 (0.0%) gas / (0x0833769f9e8f6c63cffaac9a67bf900cd2026e85a54c4cc5de16e6cae7277a9f)","throwable":""}
{"timestamp":"2025-10-22T13:42:44,016","container":"8a8e46c31ccc","level":"INFO","thread":"BftProcessorExecutor-QBFT-0","class":"QbftBesuControllerBuilder","message":"Imported #737 / 0 tx / 0 pending / 0 (0.0%) gas / (0xd3e1f01ce7b4d6422c71de4a5dfb309a45ae808385405e66b03e2ca75e1546e8)","throwable":""}
{"timestamp":"2025-10-22T13:42:52,011","container":"8a8e46c31ccc","level":"INFO","thread":"BftProcessorExecutor-QBFT-0","class":"QbftBesuControllerBuilder","message":"Imported #738 / 0 tx / 0 pending / 0 (0.0%) gas / (0xe14f97900bf1fcbbbe38213b4aca0c633f35c6ddd025c829c9a60c3093f887e4)","throwable":""}
{"timestamp":"2025-10-22T13:43:00,017","container":"8a8e46c31ccc","level":"INFO","thread":"EthScheduler-Workers-0","class":"PersistBlockTask","message":"Imported #739 / 0 tx / 0 om / 0 (0.0%) gas / (0x810af6bb0d273cf9c5476d30e6555752d4e51c080c09ae9bf29675daf650d164) in 0.002s. Peers: 5","throwable":""}
{"timestamp":"2025-10-22T13:43:08,010","container":"8a8e46c31ccc","level":"INFO","thread":"BftProcessorExecutor-QBFT-0","class":"QbftBesuControllerBuilder","message":"Produced #740 / 0 tx / 0 pending / 0 (0.0%) gas / (0x59db48eae4d421ad12bb114bee7e0226cb592cb710594e9583b8904fde61404f)","throwable":""}
{"timestamp":"2025-10-22T13:43:16,020","container":"8a8e46c31ccc","level":"INFO","thread":"BftProcessorExecutor-QBFT-0","class":"QbftBesuControllerBuilder","message":"Imported #741 / 0 tx / 0 pending / 0 (0.0%) gas / (0x0f77e7167e0dbd27094e39fe89461f3e0f37303caf28e1c5400eceabf18d5dee)","throwable":""}
{"timestamp":"2025-10-22T13:43:24,015","container":"8a8e46c31ccc","level":"INFO","thread":"BftProcessorExecutor-QBFT-0","class":"QbftBesuControllerBuilder","message":"Imported #742 / 0 tx / 0 pending / 0 (0.0%) gas / (0x083034d212dda20258c84e429097e4191e620a43aa55a4c48173251df01d0f06)","throwable":""}
{"timestamp":"2025-10-22T13:43:32,021","container":"8a8e46c31ccc","level":"INFO","thread":"BftProcessorExecutor-QBFT-0","class":"QbftBesuControllerBuilder","message":"Imported #743 / 0 tx / 0 pending / 0 (0.0%) gas / (0x28dbb3347c0dd839d9119b774d241889aee09c1f9ab5f120c0206c2125ba348d)","throwable":""}
{"timestamp":"2025-10-22T13:43:40,013","container":"8a8e46c31ccc","level":"INFO","thread":"BftProcessorExecutor-QBFT-0","class":"QbftBesuControllerBuilder","message":"Produced #744 / 0 tx / 0 pending / 0 (0.0%) gas / (0x863474053c116eb7d2c5eb4533654a404cfd24d71097509727eb931882df680b)","throwable":""}
{"timestamp":"2025-10-22T13:43:48,009","container":"8a8e46c31ccc","level":"INFO","thread":"BftProcessorExecutor-QBFT-0","class":"QbftBesuControllerBuilder","message":"Imported #745 / 0 tx / 0 pending / 0 (0.0%) gas / (0xe86d76d89503f46bd612859407568526dd12150a1d45f1e387f0587bb47aebef)","throwable":""}
{"timestamp":"2025-10-22T13:43:56,013","container":"8a8e46c31ccc","level":"INFO","thread":"BftProcessorExecutor-QBFT-0","class":"QbftBesuControllerBuilder","message":"Imported #746 / 0 tx / 0 pending / 0 (0.0%) gas / (0xac4066577d82f6be5e7b9e09e1ff621e97eed3040d3f61d2e128c249113aaf52)","throwable":""}
{"timestamp":"2025-10-22T13:44:04,011","container":"8a8e46c31ccc","level":"INFO","thread":"BftProcessorExecutor-QBFT-0","class":"QbftBesuControllerBuilder","message":"Imported #747 / 0 tx / 0 pending / 0 (0.0%) gas / (0xe2c230057fdae2e2b3ceef92827ac646d0e5381c0e0ad749b4972e9095b411bc)","throwable":""}
{"timestamp":"2025-10-22T13:44:04,011","container":"8a8e46c31ccc","level":"INFO","thread":"EthScheduler-Workers-0","class":"PersistBlockTask","message":"Block 747 (0xe2c230057fdae2e2b3ceef92827ac646d0e5381c0e0ad749b4972e9095b411bc) is already imported","throwable":""}
{"timestamp":"2025-10-22T13:44:12,011","container":"8a8e46c31ccc","level":"INFO","thread":"BftProcessorExecutor-QBFT-0","class":"QbftBesuControllerBuilder","message":"Produced #748 / 0 tx / 0 pending / 0 (0.0%) gas / (0x54ed75a62edb513ec2f0bfb93743a049e6187d119cfe88fd7d9e83692c68809b)","throwable":""}
{"timestamp":"2025-10-22T13:44:20,012","container":"8a8e46c31ccc","level":"INFO","thread":"BftProcessorExecutor-QBFT-0","class":"QbftBesuControllerBuilder","message":"Imported #749 / 0 tx / 0 pending / 0 (0.0%) gas / (0xe273ff267e6907362af6d01e71628c29b06c08999e07369c914ea406db583bce)","throwable":""}
{"timestamp":"2025-10-22T13:44:28,015","container":"8a8e46c31ccc","level":"INFO","thread":"EthScheduler-Workers-0","class":"PersistBlockTask","message":"Block 750 (0xdc9048a7e6851f5888d937ad05de4ea26f117d03c3cf2471356dcbc6e6d0f3cc) is already imported","throwable":""}
{"timestamp":"2025-10-22T13:44:28,015","container":"8a8e46c31ccc","level":"INFO","thread":"BftProcessorExecutor-QBFT-0","class":"QbftBesuControllerBuilder","message":"Imported #750 / 0 tx / 0 pending / 0 (0.0%) gas / (0xdc9048a7e6851f5888d937ad05de4ea26f117d03c3cf2471356dcbc6e6d0f3cc)","throwable":""}
{"timestamp":"2025-10-22T13:44:36,016","container":"8a8e46c31ccc","level":"INFO","thread":"BftProcessorExecutor-QBFT-0","class":"QbftBesuControllerBuilder","message":"Imported #751 / 0 tx / 0 pending / 0 (0.0%) gas / (0x3ad87b29a2b554eb19195f42f0833aca290da97c8bd224f1d942bf7817cee33a)","throwable":""}
{"timestamp":"2025-10-22T13:44:44,022","container":"8a8e46c31ccc","level":"INFO","thread":"BftProcessorExecutor-QBFT-0","class":"QbftBesuControllerBuilder","message":"Produced #752 / 0 tx / 0 pending / 0 (0.0%) gas / (0xca887ac08b8bf696d5a43dbae5a2deb9410a9238ba6fddfeff4d21c7d00f7186)","throwable":""}
{"timestamp":"2025-10-22T13:44:52,024","container":"8a8e46c31ccc","level":"INFO","thread":"EthScheduler-Workers-0","class":"PersistBlockTask","message":"Block 753 (0x0ae19b7e3bd9edcccc3f9245474790db940527171d3207faa72b5a82749103b6) is already imported","throwable":""}
{"timestamp":"2025-10-22T13:44:52,024","container":"8a8e46c31ccc","level":"INFO","thread":"BftProcessorExecutor-QBFT-0","class":"QbftBesuControllerBuilder","message":"Imported #753 / 0 tx / 0 pending / 0 (0.0%) gas / (0x0ae19b7e3bd9edcccc3f9245474790db940527171d3207faa72b5a82749103b6)","throwable":""}
{"timestamp":"2025-10-22T13:45:00,010","container":"8a8e46c31ccc","level":"INFO","thread":"BftProcessorExecutor-QBFT-0","class":"QbftBesuControllerBuilder","message":"Imported #754 / 0 tx / 0 pending / 0 (0.0%) gas / (0x7649ac2184f6052bec19d9e4d67186820280eb4afbc5a699a5ee2f39d83425d7)","throwable":""}
{"timestamp":"2025-10-22T13:45:08,015","container":"8a8e46c31ccc","level":"INFO","thread":"EthScheduler-Workers-0","class":"PersistBlockTask","message":"Block 755 (0x319b87639d0188c815c97c53fdd5fc4cec38355c112f629a2b55fdc1ab01726e) is already imported","throwable":""}
{"timestamp":"2025-10-22T13:45:08,015","container":"8a8e46c31ccc","level":"INFO","thread":"BftProcessorExecutor-QBFT-0","class":"QbftBesuControllerBuilder","message":"Imported #755 / 0 tx / 0 pending / 0 (0.0%) gas / (0x319b87639d0188c815c97c53fdd5fc4cec38355c112f629a2b55fdc1ab01726e)","throwable":""}
{"timestamp":"2025-10-22T13:45:16,016","container":"8a8e46c31ccc","level":"INFO","thread":"BftProcessorExecutor-QBFT-0","class":"QbftBesuControllerBuilder","message":"Produced #756 / 0 tx / 0 pending / 0 (0.0%) gas / (0xf4d51fa58a4fc54197911be5249e729da46c2c00ef4690e4f9009038b67af8e3)","throwable":""}
{"timestamp":"2025-10-22T13:45:24,013","container":"8a8e46c31ccc","level":"INFO","thread":"EthScheduler-Workers-0","class":"PersistBlockTask","message":"Block 757 (0x3a47db57357d1931464818a331d2566b17364989f4ad0e189233a62bd24e2f8b) is already imported","throwable":""}
{"timestamp":"2025-10-22T13:45:24,013","container":"8a8e46c31ccc","level":"INFO","thread":"BftProcessorExecutor-QBFT-0","class":"QbftBesuControllerBuilder","message":"Imported #757 / 0 tx / 0 pending / 0 (0.0%) gas / (0x3a47db57357d1931464818a331d2566b17364989f4ad0e189233a62bd24e2f8b)","throwable":""}
{"timestamp":"2025-10-22T13:45:32,009","container":"8a8e46c31ccc","level":"INFO","thread":"BftProcessorExecutor-QBFT-0","class":"QbftBesuControllerBuilder","message":"Imported #758 / 0 tx / 0 pending / 0 (0.0%) gas / (0x7277f199602acf7ac29561819011928ada37289f68b17e7630054bf58ed706ae)","throwable":""}
{"timestamp":"2025-10-22T13:45:40,012","container":"8a8e46c31ccc","level":"INFO","thread":"BftProcessorExecutor-QBFT-0","class":"QbftBesuControllerBuilder","message":"Imported #759 / 0 tx / 0 pending / 0 (0.0%) gas / (0x1c131d6106afa0fa080d5ed4e5c95f3e509a86d476e8d5c310ad41cf90e33fe8)","throwable":""}
{"timestamp":"2025-10-22T13:45:48,012","container":"8a8e46c31ccc","level":"INFO","thread":"BftProcessorExecutor-QBFT-0","class":"QbftBesuControllerBuilder","message":"Produced #760 / 0 tx / 0 pending / 0 (0.0%) gas / (0xadfa71de6a063b8d918dc44400441faff321b5afc7d0a5541c5a6f04c4caf229)","throwable":""}
{"timestamp":"2025-10-22T13:45:56,015","container":"8a8e46c31ccc","level":"INFO","thread":"BftProcessorExecutor-QBFT-0","class":"QbftBesuControllerBuilder","message":"Imported #761 / 0 tx / 0 pending / 0 (0.0%) gas / (0x69efe891202e355a8f97acfdf632da10fb3538ae9607f2caa427424644f24588)","throwable":""}
{"timestamp":"2025-10-22T13:46:04,012","container":"8a8e46c31ccc","level":"INFO","thread":"BftProcessorExecutor-QBFT-0","class":"QbftBesuControllerBuilder","message":"Imported #762 / 0 tx / 0 pending / 0 (0.0%) gas / (0xf39d52d7700fb564b3129bc4a58b99e9c7c87b6a6c7fe35bad69fc9f71188580)","throwable":""}
{"timestamp":"2025-10-22T13:46:12,013","container":"8a8e46c31ccc","level":"INFO","thread":"BftProcessorExecutor-QBFT-0","class":"QbftBesuControllerBuilder","message":"Imported #763 / 0 tx / 0 pending / 0 (0.0%) gas / (0x5ef89f99bebf2bcc7d59712ed4db06f05d1d7a297818ebcb51bf5841be369a51)","throwable":""}
{"timestamp":"2025-10-22T13:46:20,008","container":"8a8e46c31ccc","level":"INFO","thread":"BftProcessorExecutor-QBFT-0","class":"QbftBesuControllerBuilder","message":"Produced #764 / 0 tx / 0 pending / 0 (0.0%) gas / (0xed467505035daa6b38e7402ff545c46dadc03e2d2e29f8577c3a4a9382cbcae0)","throwable":""}
{"timestamp":"2025-10-22T13:46:28,014","container":"8a8e46c31ccc","level":"INFO","thread":"BftProcessorExecutor-QBFT-0","class":"QbftBesuControllerBuilder","message":"Imported #765 / 0 tx / 0 pending / 0 (0.0%) gas / (0x4b4555b5b5768196093de9c3e03980b2979b02b86451c2436997e9f7261e0156)","throwable":""}
{"timestamp":"2025-10-22T13:46:36,043","container":"8a8e46c31ccc","level":"INFO","thread":"BftProcessorExecutor-QBFT-0","class":"QbftBesuControllerBuilder","message":"Imported #766 / 1 tx / 0 pending / 34,078 (0.0%) gas / (0x46480644133f02bd1e4d8b7b0335d96b776e04172ffa4b52d5125377e735e304)","throwable":""}
{"timestamp":"2025-10-22T13:46:44,023","container":"8a8e46c31ccc","level":"INFO","thread":"BftProcessorExecutor-QBFT-0","class":"QbftBesuControllerBuilder","message":"Imported #767 / 1 tx / 0 pending / 34,078 (0.0%) gas / (0xeb7b191c6f39faf7dcc8921f389995ca014ec0e3ddd8952b08a50b49fddfe634)","throwable":""}
{"timestamp":"2025-10-22T13:46:52,034","container":"8a8e46c31ccc","level":"INFO","thread":"EthScheduler-Workers-0","class":"PersistBlockTask","message":"Block 768 (0x8c587258b658a9829871bec39a180a4a04e67d1736b3c35adb8cf66bcf17f279) is already imported","throwable":""}
{"timestamp":"2025-10-22T13:46:52,034","container":"8a8e46c31ccc","level":"INFO","thread":"BftProcessorExecutor-QBFT-0","class":"QbftBesuControllerBuilder","message":"Produced #768 / 1 tx / 0 pending / 34,030 (0.0%) gas / (0x8c587258b658a9829871bec39a180a4a04e67d1736b3c35adb8cf66bcf17f279)","throwable":""}
{"timestamp":"2025-10-22T13:47:00,014","container":"8a8e46c31ccc","level":"INFO","thread":"BftProcessorExecutor-QBFT-0","class":"QbftBesuControllerBuilder","message":"Imported #769 / 0 tx / 0 pending / 0 (0.0%) gas / (0xbff80418498a94fd3d2967943d0d593406f6288c61d27317e4f8223a79ebbb2d)","throwable":""}
{"timestamp":"2025-10-22T13:47:08,013","container":"8a8e46c31ccc","level":"INFO","thread":"BftProcessorExecutor-QBFT-0","class":"QbftBesuControllerBuilder","message":"Imported #770 / 0 tx / 0 pending / 0 (0.0%) gas / (0xb76c466d25f79270c092f26476c6b367f01010b2b08ce22bbba92f164360891d)","throwable":""}
{"timestamp":"2025-10-22T13:47:16,012","container":"8a8e46c31ccc","level":"INFO","thread":"EthScheduler-Workers-0","class":"PersistBlockTask","message":"Block 771 (0xefefa836166c5be57078f98047d014e89fb47ceeae3125c5134a35abd81ef490) is already imported","throwable":""}
{"timestamp":"2025-10-22T13:47:16,014","container":"8a8e46c31ccc","level":"INFO","thread":"BftProcessorExecutor-QBFT-0","class":"QbftBesuControllerBuilder","message":"Imported #771 / 0 tx / 0 pending / 0 (0.0%) gas / (0xefefa836166c5be57078f98047d014e89fb47ceeae3125c5134a35abd81ef490)","throwable":""}
{"timestamp":"2025-10-22T13:47:24,013","container":"8a8e46c31ccc","level":"INFO","thread":"BftProcessorExecutor-QBFT-0","class":"QbftBesuControllerBuilder","message":"Produced #772 / 0 tx / 0 pending / 0 (0.0%) gas / (0xaa6f7d947ca089192799fdbbf9987464bfd94e90c74dd540407f3a9110abf467)","throwable":""}
{"timestamp":"2025-10-22T13:47:32,010","container":"8a8e46c31ccc","level":"INFO","thread":"BftProcessorExecutor-QBFT-0","class":"QbftBesuControllerBuilder","message":"Imported #773 / 0 tx / 0 pending / 0 (0.0%) gas / (0x647e46c97d24d71d3763b414d28214afe3fb11aa0034c16185e4ede902efed9f)","throwable":""}
{"timestamp":"2025-10-22T13:47:40,011","container":"8a8e46c31ccc","level":"INFO","thread":"BftProcessorExecutor-QBFT-0","class":"QbftBesuControllerBuilder","message":"Imported #774 / 0 tx / 0 pending / 0 (0.0%) gas / (0xa9ff0861e9e6b6703bc6d9b6236e5529d73b519ee9110377111da90db1622612)","throwable":""}
{"timestamp":"2025-10-22T13:47:48,012","container":"8a8e46c31ccc","level":"INFO","thread":"BftProcessorExecutor-QBFT-0","class":"QbftBesuControllerBuilder","message":"Imported #775 / 0 tx / 0 pending / 0 (0.0%) gas / (0x504bd0bbfb91e56a8f10c1a04483909eaa9d92cf5f6466cb35d0066dff3b1647)","throwable":""}
{"timestamp":"2025-10-22T13:47:56,014","container":"8a8e46c31ccc","level":"INFO","thread":"EthScheduler-Workers-0","class":"PersistBlockTask","message":"Block 776 (0x89c6e07deed8658e8e48d2e2c30c58c74474bc1d952a03b47ed054291be83a4e) is already imported","throwable":""}
{"timestamp":"2025-10-22T13:47:56,014","container":"8a8e46c31ccc","level":"INFO","thread":"BftProcessorExecutor-QBFT-0","class":"QbftBesuControllerBuilder","message":"Produced #776 / 0 tx / 0 pending / 0 (0.0%) gas / (0x89c6e07deed8658e8e48d2e2c30c58c74474bc1d952a03b47ed054291be83a4e)","throwable":""}
{"timestamp":"2025-10-22T13:48:04,013","container":"8a8e46c31ccc","level":"INFO","thread":"BftProcessorExecutor-QBFT-0","class":"QbftBesuControllerBuilder","message":"Imported #777 / 0 tx / 0 pending / 0 (0.0%) gas / (0x13c64e3ee5c8f13aa0d4299c4b26e4599ef558de1a8c70cfd0e604a9352a5207)","throwable":""}
{"timestamp":"2025-10-22T13:48:12,015","container":"8a8e46c31ccc","level":"INFO","thread":"BftProcessorExecutor-QBFT-0","class":"QbftBesuControllerBuilder","message":"Imported #778 / 0 tx / 0 pending / 0 (0.0%) gas / (0x1a5b574d1056a52f797696f43970fcfa1e7e77e0f31feb39b42515472476cf2d)","throwable":""}
{"timestamp":"2025-10-22T13:48:12,015","container":"8a8e46c31ccc","level":"INFO","thread":"EthScheduler-Workers-0","class":"PersistBlockTask","message":"Block 778 (0x1a5b574d1056a52f797696f43970fcfa1e7e77e0f31feb39b42515472476cf2d) is already imported","throwable":""}
{"timestamp":"2025-10-22T13:48:20,013","container":"8a8e46c31ccc","level":"INFO","thread":"BftProcessorExecutor-QBFT-0","class":"QbftBesuControllerBuilder","message":"Imported #779 / 0 tx / 0 pending / 0 (0.0%) gas / (0x84856aa3d1eaaaa6c9a3615899a7717581b9a46d056924a2012a2085b0675ccf)","throwable":""}
{"timestamp":"2025-10-22T13:48:28,014","container":"8a8e46c31ccc","level":"INFO","thread":"BftProcessorExecutor-QBFT-0","class":"QbftBesuControllerBuilder","message":"Produced #780 / 0 tx / 0 pending / 0 (0.0%) gas / (0xd0f8dae0d4df6da91241aa54553ff6cc8d15339f17572bdffa70ed2736ac1d1e)","throwable":""}
{"timestamp":"2025-10-22T13:48:36,016","container":"8a8e46c31ccc","level":"INFO","thread":"BftProcessorExecutor-QBFT-0","class":"QbftBesuControllerBuilder","message":"Imported #781 / 0 tx / 0 pending / 0 (0.0%) gas / (0xfff716bcd636aa969f08dedba109e97132152703e4e2217f58bf6b3aeb7f1500)","throwable":""}
{"timestamp":"2025-10-22T13:48:36,016","container":"8a8e46c31ccc","level":"INFO","thread":"EthScheduler-Workers-0","class":"PersistBlockTask","message":"Block 781 (0xfff716bcd636aa969f08dedba109e97132152703e4e2217f58bf6b3aeb7f1500) is already imported","throwable":""}
{"timestamp":"2025-10-22T13:48:44,017","container":"8a8e46c31ccc","level":"INFO","thread":"BftProcessorExecutor-QBFT-0","class":"QbftBesuControllerBuilder","message":"Imported #782 / 0 tx / 0 pending / 0 (0.0%) gas / (0xe9019945b0d64b5f413550f93f98e2eeeca3aeeb0f6aa0f26ba5056df6368a6f)","throwable":""}
{"timestamp":"2025-10-22T13:48:52,011","container":"8a8e46c31ccc","level":"INFO","thread":"BftProcessorExecutor-QBFT-0","class":"QbftBesuControllerBuilder","message":"Imported #783 / 0 tx / 0 pending / 0 (0.0%) gas / (0x5bdc15ae5e14deea75e78c042bd1d0d5867da63ce54a75050b7b1c834238456b)","throwable":""}
{"timestamp":"2025-10-22T13:49:00,016","container":"8a8e46c31ccc","level":"INFO","thread":"BftProcessorExecutor-QBFT-0","class":"QbftBesuControllerBuilder","message":"Produced #784 / 0 tx / 0 pending / 0 (0.0%) gas / (0x6c83f1a8d84ba6ff5432946481e12db05f1a588597edfafa30d0f6956465a3ff)","throwable":""}
{"timestamp":"2025-10-22T13:49:08,013","container":"8a8e46c31ccc","level":"INFO","thread":"BftProcessorExecutor-QBFT-0","class":"QbftBesuControllerBuilder","message":"Imported #785 / 0 tx / 0 pending / 0 (0.0%) gas / (0xc256991241143787c35042a4f5074a69f31e959ab5ba20aa4a584e4802dad2f2)","throwable":""}
{"timestamp":"2025-10-22T13:49:16,017","container":"8a8e46c31ccc","level":"INFO","thread":"BftProcessorExecutor-QBFT-0","class":"QbftBesuControllerBuilder","message":"Imported #786 / 0 tx / 0 pending / 0 (0.0%) gas / (0xbc692258cfcdd16922526013b2f90374c11502870bfdf9c66efd95080c6c6a87)","throwable":""}
{"timestamp":"2025-10-22T13:49:24,012","container":"8a8e46c31ccc","level":"INFO","thread":"BftProcessorExecutor-QBFT-0","class":"QbftBesuControllerBuilder","message":"Imported #787 / 0 tx / 0 pending / 0 (0.0%) gas / (0x164082782336539a8ee5e0737d734a5570a6cb77c610b794baad051e0f6949f0)","throwable":""}
{"timestamp":"2025-10-22T13:49:32,013","container":"8a8e46c31ccc","level":"INFO","thread":"BftProcessorExecutor-QBFT-0","class":"QbftBesuControllerBuilder","message":"Produced #788 / 0 tx / 0 pending / 0 (0.0%) gas / (0x94bc8b00103ad392b85312161695987b1b1da9c3cccf009e300b772a66a70275)","throwable":""}
{"timestamp":"2025-10-22T13:49:40,012","container":"8a8e46c31ccc","level":"INFO","thread":"BftProcessorExecutor-QBFT-0","class":"QbftBesuControllerBuilder","message":"Imported #789 / 0 tx / 0 pending / 0 (0.0%) gas / (0xa945b08833cce4dc3cc9c6135fcbae0cde7d6e06cad93eca025f3d56c0d2e3dc)","throwable":""}
{"timestamp":"2025-10-22T13:49:48,015","container":"8a8e46c31ccc","level":"INFO","thread":"EthScheduler-Workers-0","class":"PersistBlockTask","message":"Imported #790 / 0 tx / 0 om / 0 (0.0%) gas / (0x31cf584b36535827e20a19963e750f9a5ed13a745b1d6de29aa63f192f910bf8) in 0.001s. Peers: 5","throwable":""}
{"timestamp":"2025-10-22T13:49:56,020","container":"8a8e46c31ccc","level":"INFO","thread":"EthScheduler-Workers-0","class":"PersistBlockTask","message":"Block 791 (0x328448ff940dbb2b9d5afd849c97610b33be15bb54a48b7be5e8dff72956f36f) is already imported","throwable":""}
{"timestamp":"2025-10-22T13:49:56,020","container":"8a8e46c31ccc","level":"INFO","thread":"BftProcessorExecutor-QBFT-0","class":"QbftBesuControllerBuilder","message":"Imported #791 / 0 tx / 0 pending / 0 (0.0%) gas / (0x328448ff940dbb2b9d5afd849c97610b33be15bb54a48b7be5e8dff72956f36f)","throwable":""}
{"timestamp":"2025-10-22T13:50:04,012","container":"8a8e46c31ccc","level":"INFO","thread":"BftProcessorExecutor-QBFT-0","class":"QbftBesuControllerBuilder","message":"Produced #792 / 0 tx / 0 pending / 0 (0.0%) gas / (0x6ff7850879d7c933a75261020e58f328faee1c99c99b46e152ece22ce2d7ddbe)","throwable":""}
{"timestamp":"2025-10-22T13:50:12,018","container":"8a8e46c31ccc","level":"INFO","thread":"BftProcessorExecutor-QBFT-0","class":"QbftBesuControllerBuilder","message":"Imported #793 / 0 tx / 0 pending / 0 (0.0%) gas / (0xa7ca8fa3e0b4893ef2b336980e494ef523dced898a96f35eb9cb4f5c5859eb2d)","throwable":""}
{"timestamp":"2025-10-22T13:50:20,015","container":"8a8e46c31ccc","level":"INFO","thread":"EthScheduler-Workers-0","class":"PersistBlockTask","message":"Imported #794 / 0 tx / 0 om / 0 (0.0%) gas / (0x1d5b6da5cc9141f5d5f903b0f70257e6c65969d8bb70048ade52e4d9290f6191) in 0.001s. Peers: 5","throwable":""}
{"timestamp":"2025-10-22T13:50:20,017","container":"8a8e46c31ccc","level":"INFO","thread":"BftProcessorExecutor-QBFT-0","class":"QbftBesuControllerBuilder","message":"Imported #794 / 0 tx / 0 pending / 0 (0.0%) gas / (0x1d5b6da5cc9141f5d5f903b0f70257e6c65969d8bb70048ade52e4d9290f6191)","throwable":""}
{"timestamp":"2025-10-22T13:50:28,018","container":"8a8e46c31ccc","level":"INFO","thread":"BftProcessorExecutor-QBFT-0","class":"QbftBesuControllerBuilder","message":"Imported #795 / 0 tx / 0 pending / 0 (0.0%) gas / (0x97e55a050657503b1568b28d687bd76381361f3cc9fb8e4c6c0377bc5cedb09f)","throwable":""}
{"timestamp":"2025-10-22T13:50:36,012","container":"8a8e46c31ccc","level":"INFO","thread":"BftProcessorExecutor-QBFT-0","class":"QbftBesuControllerBuilder","message":"Produced #796 / 0 tx / 0 pending / 0 (0.0%) gas / (0x2e25b4676ad2b22298cf9b444a9b7ed70866044bcca0199cfa1d7f6448d95c32)","throwable":""}
{"timestamp":"2025-10-22T13:50:44,012","container":"8a8e46c31ccc","level":"INFO","thread":"BftProcessorExecutor-QBFT-0","class":"QbftBesuControllerBuilder","message":"Imported #797 / 0 tx / 0 pending / 0 (0.0%) gas / (0x68574eb4d4152ff8f42cbccaa392358f8eb15cd7452b49d6de135d838c482744)","throwable":""}
{"timestamp":"2025-10-22T13:50:52,014","container":"8a8e46c31ccc","level":"INFO","thread":"BftProcessorExecutor-QBFT-0","class":"QbftBesuControllerBuilder","message":"Imported #798 / 0 tx / 0 pending / 0 (0.0%) gas / (0xe6ce17fb83f1662b1c3d73fd737e0bf0585237283d5a0d718d6b9083f4058ef8)","throwable":""}
{"timestamp":"2025-10-22T13:51:00,020","container":"8a8e46c31ccc","level":"INFO","thread":"BftProcessorExecutor-QBFT-0","class":"QbftBesuControllerBuilder","message":"Imported #799 / 0 tx / 0 pending / 0 (0.0%) gas / (0x149f2d36bbbb2d01c8f5510731fc5369d247b2112f3a33520d5fec064a1e3039)","throwable":""}
{"timestamp":"2025-10-22T13:51:08,012","container":"8a8e46c31ccc","level":"INFO","thread":"BftProcessorExecutor-QBFT-0","class":"QbftBesuControllerBuilder","message":"Produced #800 / 0 tx / 0 pending / 0 (0.0%) gas / (0x29122928bec30038cf9dcf29dec7640d6fea10b0747ad920790e1dfbcf24aefb)","throwable":""}
{"timestamp":"2025-10-22T13:51:16,011","container":"8a8e46c31ccc","level":"INFO","thread":"BftProcessorExecutor-QBFT-0","class":"QbftBesuControllerBuilder","message":"Imported #801 / 0 tx / 0 pending / 0 (0.0%) gas / (0x9eb0228bb63498f11ebfa25bd4984c49bd230e071e4fd84c3b30ef8e1337656d)","throwable":""}
{"timestamp":"2025-10-22T13:51:24,010","container":"8a8e46c31ccc","level":"INFO","thread":"BftProcessorExecutor-QBFT-0","class":"QbftBesuControllerBuilder","message":"Imported #802 / 0 tx / 0 pending / 0 (0.0%) gas / (0x65b986f3c3f4cd9a81884266835d572dedd83005640270d8cdf99467b6f81f6e)","throwable":""}
{"timestamp":"2025-10-22T13:51:32,019","container":"8a8e46c31ccc","level":"INFO","thread":"EthScheduler-Workers-0","class":"PersistBlockTask","message":"Block 803 (0x6d4bb076edd24b0174cf6685e3c4afdcb15703fdd220cca764f1fe11d3b3199b) is already imported","throwable":""}
{"timestamp":"2025-10-22T13:51:32,020","container":"8a8e46c31ccc","level":"INFO","thread":"BftProcessorExecutor-QBFT-0","class":"QbftBesuControllerBuilder","message":"Imported #803 / 0 tx / 0 pending / 0 (0.0%) gas / (0x6d4bb076edd24b0174cf6685e3c4afdcb15703fdd220cca764f1fe11d3b3199b)","throwable":""}
{"timestamp":"2025-10-22T13:51:40,016","container":"8a8e46c31ccc","level":"INFO","thread":"EthScheduler-Workers-0","class":"PersistBlockTask","message":"Block 804 (0x754320dc035e39e5b0a668e8818bcbc092555bf18c7a6bad9cea76e87c84a5e8) is already imported","throwable":""}
{"timestamp":"2025-10-22T13:51:40,016","container":"8a8e46c31ccc","level":"INFO","thread":"BftProcessorExecutor-QBFT-0","class":"QbftBesuControllerBuilder","message":"Produced #804 / 0 tx / 0 pending / 0 (0.0%) gas / (0x754320dc035e39e5b0a668e8818bcbc092555bf18c7a6bad9cea76e87c84a5e8)","throwable":""}
{"timestamp":"2025-10-22T13:51:48,009","container":"8a8e46c31ccc","level":"INFO","thread":"BftProcessorExecutor-QBFT-0","class":"QbftBesuControllerBuilder","message":"Imported #805 / 0 tx / 0 pending / 0 (0.0%) gas / (0xec9e9a820333e4f1098e78f08eef87875ae79222f08d913a648767176c0d9584)","throwable":""}
{"timestamp":"2025-10-22T13:51:56,009","container":"8a8e46c31ccc","level":"INFO","thread":"BftProcessorExecutor-QBFT-0","class":"QbftBesuControllerBuilder","message":"Imported #806 / 0 tx / 0 pending / 0 (0.0%) gas / (0xf13158f708165a3eb98f210c3981d1fa7bd3b6ce067001d21fa373b08825094e)","throwable":""}
{"timestamp":"2025-10-22T13:52:04,013","container":"8a8e46c31ccc","level":"INFO","thread":"BftProcessorExecutor-QBFT-0","class":"QbftBesuControllerBuilder","message":"Imported #807 / 0 tx / 0 pending / 0 (0.0%) gas / (0xd5ba071aeefe1ea15434674ed841b1d14116c9ee1ce4b83364dad4ae0aea46f3)","throwable":""}
{"timestamp":"2025-10-22T13:52:12,013","container":"8a8e46c31ccc","level":"INFO","thread":"EthScheduler-Workers-0","class":"PersistBlockTask","message":"Block 808 (0x35252094922c785b14c47d121100bbd3eefdf0009d638a19f95f97fdb6f61b4b) is already imported","throwable":""}
{"timestamp":"2025-10-22T13:52:12,013","container":"8a8e46c31ccc","level":"INFO","thread":"BftProcessorExecutor-QBFT-0","class":"QbftBesuControllerBuilder","message":"Produced #808 / 0 tx / 0 pending / 0 (0.0%) gas / (0x35252094922c785b14c47d121100bbd3eefdf0009d638a19f95f97fdb6f61b4b)","throwable":""}
{"timestamp":"2025-10-22T13:52:20,011","container":"8a8e46c31ccc","level":"INFO","thread":"BftProcessorExecutor-QBFT-0","class":"QbftBesuControllerBuilder","message":"Imported #809 / 0 tx / 0 pending / 0 (0.0%) gas / (0x23fe5f9d4ced54eb1f88b2828889f56f4f3008c6c2831a08010aa4c1302a32db)","throwable":""}
{"timestamp":"2025-10-22T13:52:28,010","container":"8a8e46c31ccc","level":"INFO","thread":"BftProcessorExecutor-QBFT-0","class":"QbftBesuControllerBuilder","message":"Imported #810 / 0 tx / 0 pending / 0 (0.0%) gas / (0x479ba5201b7d9e10becdfc0e29dba95c8261ef7c2d223183c98f16e720421178)","throwable":""}
{"timestamp":"2025-10-22T13:52:36,014","container":"8a8e46c31ccc","level":"INFO","thread":"BftProcessorExecutor-QBFT-0","class":"QbftBesuControllerBuilder","message":"Imported #811 / 0 tx / 0 pending / 0 (0.0%) gas / (0x258d939104dcc90a776026b11169ef398dc7c395709151dbca0ebfee8d1ccf02)","throwable":""}
{"timestamp":"2025-10-22T13:52:44,014","container":"8a8e46c31ccc","level":"INFO","thread":"EthScheduler-Workers-0","class":"PersistBlockTask","message":"Imported #812 / 0 tx / 0 om / 0 (0.0%) gas / (0xde2becfea2b9394c8191c8ad15ee77d315420e12fc6069e43b6307397d91cc99) in 0.001s. Peers: 5","throwable":""}
{"timestamp":"2025-10-22T13:52:44,019","container":"8a8e46c31ccc","level":"INFO","thread":"BftProcessorExecutor-QBFT-0","class":"QbftBesuControllerBuilder","message":"Produced #812 / 0 tx / 0 pending / 0 (0.0%) gas / (0xde2becfea2b9394c8191c8ad15ee77d315420e12fc6069e43b6307397d91cc99)","throwable":""}
{"timestamp":"2025-10-22T13:52:52,015","container":"8a8e46c31ccc","level":"INFO","thread":"BftProcessorExecutor-QBFT-0","class":"QbftBesuControllerBuilder","message":"Imported #813 / 0 tx / 0 pending / 0 (0.0%) gas / (0x31eb245963206d3a8251766ed0c5a84b3efd57cd3974ec7ccf6877e68cd56a98)","throwable":""}
{"timestamp":"2025-10-22T13:53:00,017","container":"8a8e46c31ccc","level":"INFO","thread":"BftProcessorExecutor-QBFT-0","class":"QbftBesuControllerBuilder","message":"Imported #814 / 0 tx / 0 pending / 0 (0.0%) gas / (0x69f2e0107ca9f7b4d42dd5eb9bd5c1534f98f4e9f8748c596f74525c2206257a)","throwable":""}
{"timestamp":"2025-10-22T13:53:08,019","container":"8a8e46c31ccc","level":"INFO","thread":"EthScheduler-Workers-0","class":"PersistBlockTask","message":"Block 815 (0x9cf8c21d64bd4c9928e655c416276e21cac0634d2daede6662198f67acbe6e24) is already imported","throwable":""}
{"timestamp":"2025-10-22T13:53:08,020","container":"8a8e46c31ccc","level":"INFO","thread":"BftProcessorExecutor-QBFT-0","class":"QbftBesuControllerBuilder","message":"Imported #815 / 1 tx / 0 pending / 34,078 (0.0%) gas / (0x9cf8c21d64bd4c9928e655c416276e21cac0634d2daede6662198f67acbe6e24)","throwable":""}
{"timestamp":"2025-10-22T13:53:16,016","container":"8a8e46c31ccc","level":"INFO","thread":"BftProcessorExecutor-QBFT-0","class":"QbftBesuControllerBuilder","message":"Produced #816 / 1 tx / 0 pending / 34,078 (0.0%) gas / (0x6ac837bf7072835eceb4e555d1316051ba16f795455a17e6984e2c7aef5dafd8)","throwable":""}
{"timestamp":"2025-10-22T13:53:24,014","container":"8a8e46c31ccc","level":"INFO","thread":"BftProcessorExecutor-QBFT-0","class":"QbftBesuControllerBuilder","message":"Imported #817 / 0 tx / 0 pending / 0 (0.0%) gas / (0x17e27a55674be7234d389de9e5c2d97f20f251a971576dadf998a9e7f3392d72)","throwable":""}
{"timestamp":"2025-10-22T13:53:32,013","container":"8a8e46c31ccc","level":"INFO","thread":"EthScheduler-Workers-0","class":"PersistBlockTask","message":"Block 818 (0x751adf4265636307b82cd2ee7acb121116adfcedf2fda3c2801962d7b9bee7ba) is already imported","throwable":""}
{"timestamp":"2025-10-22T13:53:32,013","container":"8a8e46c31ccc","level":"INFO","thread":"BftProcessorExecutor-QBFT-0","class":"QbftBesuControllerBuilder","message":"Imported #818 / 0 tx / 0 pending / 0 (0.0%) gas / (0x751adf4265636307b82cd2ee7acb121116adfcedf2fda3c2801962d7b9bee7ba)","throwable":""}
{"timestamp":"2025-10-22T13:53:40,012","container":"8a8e46c31ccc","level":"INFO","thread":"BftProcessorExecutor-QBFT-0","class":"QbftBesuControllerBuilder","message":"Imported #819 / 0 tx / 0 pending / 0 (0.0%) gas / (0x517cb992ac79ed2c9e29bf1d79b39eb20f55079e5eea4255e4fcb31e573e244a)","throwable":""}
{"timestamp":"2025-10-22T13:53:48,009","container":"8a8e46c31ccc","level":"INFO","thread":"BftProcessorExecutor-QBFT-0","class":"QbftBesuControllerBuilder","message":"Produced #820 / 0 tx / 0 pending / 0 (0.0%) gas / (0xb30670c8706475d567334262b6e210575e3ac6e45d35bb803f1f2e3d4173f99c)","throwable":""}
{"timestamp":"2025-10-22T13:53:56,020","container":"8a8e46c31ccc","level":"INFO","thread":"EthScheduler-Workers-0","class":"PersistBlockTask","message":"Block 821 (0x932fe577a22bc3e06a38f80e28f873d0b94ce89f66fea201c68c57429e9ef629) is already imported","throwable":""}
{"timestamp":"2025-10-22T13:53:56,022","container":"8a8e46c31ccc","level":"INFO","thread":"BftProcessorExecutor-QBFT-0","class":"QbftBesuControllerBuilder","message":"Imported #821 / 0 tx / 0 pending / 0 (0.0%) gas / (0x932fe577a22bc3e06a38f80e28f873d0b94ce89f66fea201c68c57429e9ef629)","throwable":""}
{"timestamp":"2025-10-22T13:54:04,014","container":"8a8e46c31ccc","level":"INFO","thread":"BftProcessorExecutor-QBFT-0","class":"QbftBesuControllerBuilder","message":"Imported #822 / 0 tx / 0 pending / 0 (0.0%) gas / (0xd6ff375e2da90fed394c3b643cc75d2227cc7013349c4046c052b34141b78c71)","throwable":""}
{"timestamp":"2025-10-22T13:54:12,011","container":"8a8e46c31ccc","level":"INFO","thread":"BftProcessorExecutor-QBFT-0","class":"QbftBesuControllerBuilder","message":"Imported #823 / 0 tx / 0 pending / 0 (0.0%) gas / (0xcf4dfda9ff7df9dca90d068a5ee9edfc29fe7a8d7fe810866c7944aeab6e069f)","throwable":""}
{"timestamp":"2025-10-22T13:54:20,017","container":"8a8e46c31ccc","level":"INFO","thread":"BftProcessorExecutor-QBFT-0","class":"QbftBesuControllerBuilder","message":"Produced #824 / 0 tx / 0 pending / 0 (0.0%) gas / (0xced1124294e30945a43938fadbc878cc555e4a5551749b8b299c488cb556c383)","throwable":""}
{"timestamp":"2025-10-22T13:54:28,015","container":"8a8e46c31ccc","level":"INFO","thread":"BftProcessorExecutor-QBFT-0","class":"QbftBesuControllerBuilder","message":"Imported #825 / 0 tx / 0 pending / 0 (0.0%) gas / (0x5cfea232201c56c5e5fe3869174347af1455cca7155cdd712556e16acb6aaf41)","throwable":""}
{"timestamp":"2025-10-22T13:54:36,017","container":"8a8e46c31ccc","level":"INFO","thread":"BftProcessorExecutor-QBFT-0","class":"QbftBesuControllerBuilder","message":"Imported #826 / 0 tx / 0 pending / 0 (0.0%) gas / (0x56371f8d7b3336e4b2261c779a114a2926f54923969f432b116ca50b5ca30c53)","throwable":""}
{"timestamp":"2025-10-22T13:54:44,013","container":"8a8e46c31ccc","level":"INFO","thread":"BftProcessorExecutor-QBFT-0","class":"QbftBesuControllerBuilder","message":"Imported #827 / 0 tx / 0 pending / 0 (0.0%) gas / (0x9ca6fc2e0c2c5dab2c625134b5249a463aacfb2c8f8a8239864f2e2707806837)","throwable":""}
{"timestamp":"2025-10-22T13:54:52,014","container":"8a8e46c31ccc","level":"INFO","thread":"BftProcessorExecutor-QBFT-0","class":"QbftBesuControllerBuilder","message":"Produced #828 / 0 tx / 0 pending / 0 (0.0%) gas / (0x2a303e47429bf6459a6d4094d29a8a6f5b2949479a7c28b06c84de2053f83dd9)","throwable":""}
{"timestamp":"2025-10-22T13:55:00,016","container":"8a8e46c31ccc","level":"INFO","thread":"EthScheduler-Workers-0","class":"PersistBlockTask","message":"Block 829 (0x41f7441ab4eb1019d2aff07e3bb844f8cb6012f7e0b9b1b6c4c2717c3044eb06) is already imported","throwable":""}
{"timestamp":"2025-10-22T13:55:00,019","container":"8a8e46c31ccc","level":"INFO","thread":"BftProcessorExecutor-QBFT-0","class":"QbftBesuControllerBuilder","message":"Imported #829 / 0 tx / 0 pending / 0 (0.0%) gas / (0x41f7441ab4eb1019d2aff07e3bb844f8cb6012f7e0b9b1b6c4c2717c3044eb06)","throwable":""}
{"timestamp":"2025-10-22T13:55:08,011","container":"8a8e46c31ccc","level":"INFO","thread":"BftProcessorExecutor-QBFT-0","class":"QbftBesuControllerBuilder","message":"Imported #830 / 0 tx / 0 pending / 0 (0.0%) gas / (0x423c08e1b9d7d3c0388eb5433b4315521a4cda9d77cf25c22c04c2db3e5b24e5)","throwable":""}
{"timestamp":"2025-10-22T13:55:08,011","container":"8a8e46c31ccc","level":"INFO","thread":"EthScheduler-Workers-0","class":"PersistBlockTask","message":"Block 830 (0x423c08e1b9d7d3c0388eb5433b4315521a4cda9d77cf25c22c04c2db3e5b24e5) is already imported","throwable":""}
{"timestamp":"2025-10-22T13:55:16,013","container":"8a8e46c31ccc","level":"INFO","thread":"EthScheduler-Workers-0","class":"PersistBlockTask","message":"Block 831 (0x45d0a05f63fce3287e66f34a0a8b617ec00b54c372a64ebb532e2c787ff3cf7c) is already imported","throwable":""}
{"timestamp":"2025-10-22T13:55:16,014","container":"8a8e46c31ccc","level":"INFO","thread":"BftProcessorExecutor-QBFT-0","class":"QbftBesuControllerBuilder","message":"Imported #831 / 0 tx / 0 pending / 0 (0.0%) gas / (0x45d0a05f63fce3287e66f34a0a8b617ec00b54c372a64ebb532e2c787ff3cf7c)","throwable":""}
{"timestamp":"2025-10-22T13:55:24,013","container":"8a8e46c31ccc","level":"INFO","thread":"BftProcessorExecutor-QBFT-0","class":"QbftBesuControllerBuilder","message":"Produced #832 / 0 tx / 0 pending / 0 (0.0%) gas / (0x5916e402bf0af577ac38702c6edddee20132f4a1731d2d3351424d010083f3e5)","throwable":""}
{"timestamp":"2025-10-22T13:55:32,009","container":"8a8e46c31ccc","level":"INFO","thread":"EthScheduler-Workers-0","class":"PersistBlockTask","message":"Block 833 (0xa00d22c6a84087e20ee473c14792b6df657b9448f79b96c6e64be12c3f632bc5) is already imported","throwable":""}
{"timestamp":"2025-10-22T13:55:32,009","container":"8a8e46c31ccc","level":"INFO","thread":"BftProcessorExecutor-QBFT-0","class":"QbftBesuControllerBuilder","message":"Imported #833 / 0 tx / 0 pending / 0 (0.0%) gas / (0xa00d22c6a84087e20ee473c14792b6df657b9448f79b96c6e64be12c3f632bc5)","throwable":""}
{"timestamp":"2025-10-22T13:55:40,014","container":"8a8e46c31ccc","level":"INFO","thread":"EthScheduler-Workers-0","class":"PersistBlockTask","message":"Imported #834 / 0 tx / 0 om / 0 (0.0%) gas / (0x81a566c5f8e105796de5b8c7ef68f602b3a77906ede1ffc8fde4bce79494c96d) in 0.001s. Peers: 5","throwable":""}
{"timestamp":"2025-10-22T13:55:40,014","container":"8a8e46c31ccc","level":"INFO","thread":"BftProcessorExecutor-QBFT-0","class":"QbftBesuControllerBuilder","message":"Imported #834 / 0 tx / 0 pending / 0 (0.0%) gas / (0x81a566c5f8e105796de5b8c7ef68f602b3a77906ede1ffc8fde4bce79494c96d)","throwable":""}
{"timestamp":"2025-10-22T13:55:48,013","container":"8a8e46c31ccc","level":"INFO","thread":"BftProcessorExecutor-QBFT-0","class":"QbftBesuControllerBuilder","message":"Imported #835 / 0 tx / 0 pending / 0 (0.0%) gas / (0x3abcafef7982adfc298b83a94f7f15f169e4d9d689bafe8411c93df2aa842322)","throwable":""}
{"timestamp":"2025-10-22T13:55:56,011","container":"8a8e46c31ccc","level":"INFO","thread":"BftProcessorExecutor-QBFT-0","class":"QbftBesuControllerBuilder","message":"Produced #836 / 0 tx / 0 pending / 0 (0.0%) gas / (0x16988e22435ce8e296f25344416955d170217b44d08f813723f57c2e01fe37f1)","throwable":""}
{"timestamp":"2025-10-22T13:55:56,012","container":"8a8e46c31ccc","level":"INFO","thread":"EthScheduler-Workers-0","class":"PersistBlockTask","message":"Block 836 (0x16988e22435ce8e296f25344416955d170217b44d08f813723f57c2e01fe37f1) is already imported","throwable":""}
{"timestamp":"2025-10-22T13:56:04,015","container":"8a8e46c31ccc","level":"INFO","thread":"EthScheduler-Workers-0","class":"PersistBlockTask","message":"Block 837 (0xaaed62d81690238367b204aacea2cb93637249293c23fac2a6445b819a160941) is already imported","throwable":""}
{"timestamp":"2025-10-22T13:56:04,015","container":"8a8e46c31ccc","level":"INFO","thread":"BftProcessorExecutor-QBFT-0","class":"QbftBesuControllerBuilder","message":"Imported #837 / 0 tx / 0 pending / 0 (0.0%) gas / (0xaaed62d81690238367b204aacea2cb93637249293c23fac2a6445b819a160941)","throwable":""}
{"timestamp":"2025-10-22T13:56:12,021","container":"8a8e46c31ccc","level":"INFO","thread":"BftProcessorExecutor-QBFT-0","class":"QbftBesuControllerBuilder","message":"Imported #838 / 0 tx / 0 pending / 0 (0.0%) gas / (0x0d4023734501e308de3670cbb8ab7ed512b1095f26aba6b000ade59ad5640127)","throwable":""}
{"timestamp":"2025-10-22T13:56:12,021","container":"8a8e46c31ccc","level":"INFO","thread":"EthScheduler-Workers-0","class":"PersistBlockTask","message":"Block 838 (0x0d4023734501e308de3670cbb8ab7ed512b1095f26aba6b000ade59ad5640127) is already imported","throwable":""}
{"timestamp":"2025-10-22T13:56:20,011","container":"8a8e46c31ccc","level":"INFO","thread":"BftProcessorExecutor-QBFT-0","class":"QbftBesuControllerBuilder","message":"Imported #839 / 0 tx / 0 pending / 0 (0.0%) gas / (0xdf16d65ed125f2f958ed68f3c777d206e263c7437f25fe198c983f8e6a188de7)","throwable":""}
{"timestamp":"2025-10-22T13:56:28,011","container":"8a8e46c31ccc","level":"INFO","thread":"BftProcessorExecutor-QBFT-0","class":"QbftBesuControllerBuilder","message":"Produced #840 / 0 tx / 0 pending / 0 (0.0%) gas / (0x86f58fd00a7b597720c48f67a39a78fc91b33218d7951fad1a2101847d0dcba0)","throwable":""}
{"timestamp":"2025-10-22T13:56:28,011","container":"8a8e46c31ccc","level":"INFO","thread":"EthScheduler-Workers-0","class":"PersistBlockTask","message":"Block 840 (0x86f58fd00a7b597720c48f67a39a78fc91b33218d7951fad1a2101847d0dcba0) is already imported","throwable":""}
{"timestamp":"2025-10-22T13:56:36,015","container":"8a8e46c31ccc","level":"INFO","thread":"BftProcessorExecutor-QBFT-0","class":"QbftBesuControllerBuilder","message":"Imported #841 / 0 tx / 0 pending / 0 (0.0%) gas / (0x2dcd00142a328925ca8239ec4d0573c09a75744071bfe4cac16110a7a368307c)","throwable":""}
{"timestamp":"2025-10-22T13:56:44,018","container":"8a8e46c31ccc","level":"INFO","thread":"BftProcessorExecutor-QBFT-0","class":"QbftBesuControllerBuilder","message":"Imported #842 / 0 tx / 0 pending / 0 (0.0%) gas / (0xa5e02e790dacfa7bae99de3181acb3aecaf97bbf0af705d09229cea704934b07)","throwable":""}
{"timestamp":"2025-10-22T13:56:52,017","container":"8a8e46c31ccc","level":"INFO","thread":"EthScheduler-Workers-0","class":"PersistBlockTask","message":"Block 843 (0xc358c6babc86cf11b45f4cc6e949aa6aeb6384ae5ff249bb93db9143a47b4200) is already imported","throwable":""}
{"timestamp":"2025-10-22T13:56:52,017","container":"8a8e46c31ccc","level":"INFO","thread":"BftProcessorExecutor-QBFT-0","class":"QbftBesuControllerBuilder","message":"Imported #843 / 0 tx / 0 pending / 0 (0.0%) gas / (0xc358c6babc86cf11b45f4cc6e949aa6aeb6384ae5ff249bb93db9143a47b4200)","throwable":""}
{"timestamp":"2025-10-22T13:57:00,012","container":"8a8e46c31ccc","level":"INFO","thread":"BftProcessorExecutor-QBFT-0","class":"QbftBesuControllerBuilder","message":"Produced #844 / 0 tx / 0 pending / 0 (0.0%) gas / (0x353ac9d455f5ee68f3362d88c83839a5a0fb8ca0e210b3d951111827a5f5c334)","throwable":""}
{"timestamp":"2025-10-22T13:57:08,017","container":"8a8e46c31ccc","level":"INFO","thread":"BftProcessorExecutor-QBFT-0","class":"QbftBesuControllerBuilder","message":"Imported #845 / 0 tx / 0 pending / 0 (0.0%) gas / (0x2857de8b541c025dc82dbd115b5b931794a73143be34d3d2ce004b1f1253e1f8)","throwable":""}
{"timestamp":"2025-10-22T13:57:16,011","container":"8a8e46c31ccc","level":"INFO","thread":"BftProcessorExecutor-QBFT-0","class":"QbftBesuControllerBuilder","message":"Imported #846 / 0 tx / 0 pending / 0 (0.0%) gas / (0xd28b7bfbfddf7a208963dcb930ef1bf1daf87f578dd9b10624c90ef9f5fb6e30)","throwable":""}
{"timestamp":"2025-10-22T13:57:16,011","container":"8a8e46c31ccc","level":"INFO","thread":"EthScheduler-Workers-0","class":"PersistBlockTask","message":"Block 846 (0xd28b7bfbfddf7a208963dcb930ef1bf1daf87f578dd9b10624c90ef9f5fb6e30) is already imported","throwable":""}
{"timestamp":"2025-10-22T13:57:24,010","container":"8a8e46c31ccc","level":"INFO","thread":"BftProcessorExecutor-QBFT-0","class":"QbftBesuControllerBuilder","message":"Imported #847 / 0 tx / 0 pending / 0 (0.0%) gas / (0x893e516972e26bb8af680176e118781d7c1822788d07225e636bfff1348bbb17)","throwable":""}
{"timestamp":"2025-10-22T13:57:32,012","container":"8a8e46c31ccc","level":"INFO","thread":"BftProcessorExecutor-QBFT-0","class":"QbftBesuControllerBuilder","message":"Produced #848 / 0 tx / 0 pending / 0 (0.0%) gas / (0x6f015c87ff311e48d0520c38cad6c52cf19f89f08429422dcf88fa9270c9f502)","throwable":""}
{"timestamp":"2025-10-22T13:57:40,012","container":"8a8e46c31ccc","level":"INFO","thread":"EthScheduler-Workers-0","class":"PersistBlockTask","message":"Block 849 (0xb404dba72013ba5035f4e8e20be0183b0b24599c59560a7c38fd6f55e11e7346) is already imported","throwable":""}
{"timestamp":"2025-10-22T13:57:40,012","container":"8a8e46c31ccc","level":"INFO","thread":"BftProcessorExecutor-QBFT-0","class":"QbftBesuControllerBuilder","message":"Imported #849 / 0 tx / 0 pending / 0 (0.0%) gas / (0xb404dba72013ba5035f4e8e20be0183b0b24599c59560a7c38fd6f55e11e7346)","throwable":""}
{"timestamp":"2025-10-22T13:57:48,015","container":"8a8e46c31ccc","level":"INFO","thread":"BftProcessorExecutor-QBFT-0","class":"QbftBesuControllerBuilder","message":"Imported #850 / 0 tx / 0 pending / 0 (0.0%) gas / (0x631756de12455b360f6b03fa7f2838b1376c265232a3372353dd90fa2f6c5d96)","throwable":""}
{"timestamp":"2025-10-22T13:57:48,015","container":"8a8e46c31ccc","level":"INFO","thread":"EthScheduler-Workers-0","class":"PersistBlockTask","message":"Block 850 (0x631756de12455b360f6b03fa7f2838b1376c265232a3372353dd90fa2f6c5d96) is already imported","throwable":""}
{"timestamp":"2025-10-22T13:57:56,011","container":"8a8e46c31ccc","level":"INFO","thread":"BftProcessorExecutor-QBFT-0","class":"QbftBesuControllerBuilder","message":"Imported #851 / 0 tx / 0 pending / 0 (0.0%) gas / (0xc2d42c56a032f03725e4de39ed9401876bf0fbb9bd6bcd429107b3d02d3e5e5d)","throwable":""}
{"timestamp":"2025-10-22T13:58:04,017","container":"8a8e46c31ccc","level":"INFO","thread":"BftProcessorExecutor-QBFT-0","class":"QbftBesuControllerBuilder","message":"Produced #852 / 0 tx / 0 pending / 0 (0.0%) gas / (0xfe3414ccf59556c518a9d15bea0737abfa9dfa04a5d034500d2c6308b9a6eeee)","throwable":""}
{"timestamp":"2025-10-22T13:58:12,019","container":"8a8e46c31ccc","level":"INFO","thread":"BftProcessorExecutor-QBFT-0","class":"QbftBesuControllerBuilder","message":"Imported #853 / 0 tx / 0 pending / 0 (0.0%) gas / (0xdda46393ff39b6abca3bfb081f5908fbff2cbd6465a4951a0abe6be52269766e)","throwable":""}
{"timestamp":"2025-10-22T13:58:20,012","container":"8a8e46c31ccc","level":"INFO","thread":"BftProcessorExecutor-QBFT-0","class":"QbftBesuControllerBuilder","message":"Imported #854 / 0 tx / 0 pending / 0 (0.0%) gas / (0x8901a7ce66cb956ddabd87745dd2f06be20d87253f89a85cc97e719a05a3b184)","throwable":""}
{"timestamp":"2025-10-22T13:58:20,015","container":"8a8e46c31ccc","level":"INFO","thread":"EthScheduler-Workers-0","class":"PersistBlockTask","message":"Block 854 (0x8901a7ce66cb956ddabd87745dd2f06be20d87253f89a85cc97e719a05a3b184) is already imported","throwable":""}
{"timestamp":"2025-10-22T13:58:28,015","container":"8a8e46c31ccc","level":"INFO","thread":"BftProcessorExecutor-QBFT-0","class":"QbftBesuControllerBuilder","message":"Imported #855 / 0 tx / 0 pending / 0 (0.0%) gas / (0xc676df57a13340d5c6fbb855ac7c75ff5f0d10ac1aec5080ee9c94097c572c46)","throwable":""}
{"timestamp":"2025-10-22T13:58:36,013","container":"8a8e46c31ccc","level":"INFO","thread":"BftProcessorExecutor-QBFT-0","class":"QbftBesuControllerBuilder","message":"Produced #856 / 0 tx / 0 pending / 0 (0.0%) gas / (0x0e858052600a9b4b4dbdec55e2241aa98350ea386a71c7c5fdcb6862f37c5daa)","throwable":""}
{"timestamp":"2025-10-22T13:58:44,009","container":"8a8e46c31ccc","level":"INFO","thread":"BftProcessorExecutor-QBFT-0","class":"QbftBesuControllerBuilder","message":"Imported #857 / 0 tx / 0 pending / 0 (0.0%) gas / (0x00d70fd2373b9ae6479605b6cb417b4803aa5504a493696f3ad569f77f7d0943)","throwable":""}
{"timestamp":"2025-10-22T13:58:52,012","container":"8a8e46c31ccc","level":"INFO","thread":"BftProcessorExecutor-QBFT-0","class":"QbftBesuControllerBuilder","message":"Imported #858 / 0 tx / 0 pending / 0 (0.0%) gas / (0xb60993c9def2a2ea377bc97c46e46ad5e7a42b248ef9e70fdb590ecfd9a7ae63)","throwable":""}
{"timestamp":"2025-10-22T13:59:00,009","container":"8a8e46c31ccc","level":"INFO","thread":"BftProcessorExecutor-QBFT-0","class":"QbftBesuControllerBuilder","message":"Imported #859 / 0 tx / 0 pending / 0 (0.0%) gas / (0xd71a603f27033e66a367550ba8654f23e29578ed84679124f06152f52cd9c69c)","throwable":""}
{"timestamp":"2025-10-22T13:59:08,012","container":"8a8e46c31ccc","level":"INFO","thread":"BftProcessorExecutor-QBFT-0","class":"QbftBesuControllerBuilder","message":"Produced #860 / 0 tx / 0 pending / 0 (0.0%) gas / (0x6bfed086889fdd80b769ffa9de37a886ec93275b0171d5e3eadd15f592f4f13b)","throwable":""}
{"timestamp":"2025-10-22T13:59:16,012","container":"8a8e46c31ccc","level":"INFO","thread":"BftProcessorExecutor-QBFT-0","class":"QbftBesuControllerBuilder","message":"Imported #861 / 0 tx / 0 pending / 0 (0.0%) gas / (0x4b02b4a489ad76b5aeaf9ee598000f9867e4b3c9a09d35c84d25246086e0a567)","throwable":""}
{"timestamp":"2025-10-22T13:59:24,015","container":"8a8e46c31ccc","level":"INFO","thread":"EthScheduler-Workers-0","class":"PersistBlockTask","message":"Block 862 (0x8bbf4f1d177d739cfeae3812705357bf9f83465c1d8fae9cb13d1fa0b1a8b948) is already imported","throwable":""}
{"timestamp":"2025-10-22T13:59:24,015","container":"8a8e46c31ccc","level":"INFO","thread":"BftProcessorExecutor-QBFT-0","class":"QbftBesuControllerBuilder","message":"Imported #862 / 0 tx / 0 pending / 0 (0.0%) gas / (0x8bbf4f1d177d739cfeae3812705357bf9f83465c1d8fae9cb13d1fa0b1a8b948)","throwable":""}
{"timestamp":"2025-10-22T13:59:32,015","container":"8a8e46c31ccc","level":"INFO","thread":"BftProcessorExecutor-QBFT-0","class":"QbftBesuControllerBuilder","message":"Imported #863 / 0 tx / 0 pending / 0 (0.0%) gas / (0x6408231b83acbc7f0944a3293309ba97857d82726ed456d2c9ab6860bd0a64ec)","throwable":""}
{"timestamp":"2025-10-22T13:59:40,012","container":"8a8e46c31ccc","level":"INFO","thread":"BftProcessorExecutor-QBFT-0","class":"QbftBesuControllerBuilder","message":"Produced #864 / 0 tx / 0 pending / 0 (0.0%) gas / (0x96c3f4a328a33261d6021b458f983d258c662bb936c676270a9f44bb042884e9)","throwable":""}
{"timestamp":"2025-10-22T13:59:48,014","container":"8a8e46c31ccc","level":"INFO","thread":"EthScheduler-Workers-0","class":"PersistBlockTask","message":"Block 865 (0xe5950ede2a909d7dcb62477429adacb0a19e46b0bacedc2f7b3d1d982736b71f) is already imported","throwable":""}
{"timestamp":"2025-10-22T13:59:48,014","container":"8a8e46c31ccc","level":"INFO","thread":"BftProcessorExecutor-QBFT-0","class":"QbftBesuControllerBuilder","message":"Imported #865 / 0 tx / 0 pending / 0 (0.0%) gas / (0xe5950ede2a909d7dcb62477429adacb0a19e46b0bacedc2f7b3d1d982736b71f)","throwable":""}
{"timestamp":"2025-10-22T13:59:56,012","container":"8a8e46c31ccc","level":"INFO","thread":"EthScheduler-Workers-0","class":"PersistBlockTask","message":"Block 866 (0x5fd10a56d90617af7e10fa75146e612f7aa9b7b2685f7135ac26696986fc57c0) is already imported","throwable":""}
{"timestamp":"2025-10-22T13:59:56,012","container":"8a8e46c31ccc","level":"INFO","thread":"BftProcessorExecutor-QBFT-0","class":"QbftBesuControllerBuilder","message":"Imported #866 / 0 tx / 0 pending / 0 (0.0%) gas / (0x5fd10a56d90617af7e10fa75146e612f7aa9b7b2685f7135ac26696986fc57c0)","throwable":""}
{"timestamp":"2025-10-22T14:00:04,018","container":"8a8e46c31ccc","level":"INFO","thread":"BftProcessorExecutor-QBFT-0","class":"QbftBesuControllerBuilder","message":"Imported #867 / 0 tx / 0 pending / 0 (0.0%) gas / (0x6bb9d6f81dc43f9dcde3070f1ace418dfd182a31ef7001fd9f86492f927e0625)","throwable":""}
{"timestamp":"2025-10-22T14:00:12,009","container":"8a8e46c31ccc","level":"INFO","thread":"BftProcessorExecutor-QBFT-0","class":"QbftBesuControllerBuilder","message":"Produced #868 / 0 tx / 0 pending / 0 (0.0%) gas / (0x8845002296333207b95762802413c757523c5ce75c1b8578ddcacb9d5959eaf3)","throwable":""}
{"timestamp":"2025-10-22T14:00:20,014","container":"8a8e46c31ccc","level":"INFO","thread":"BftProcessorExecutor-QBFT-0","class":"QbftBesuControllerBuilder","message":"Imported #869 / 0 tx / 0 pending / 0 (0.0%) gas / (0xdfe596f29aaa546127b898301e887d3cf25d9ae9091c6ba19f4e3a3b5732a966)","throwable":""}
{"timestamp":"2025-10-22T14:00:28,019","container":"8a8e46c31ccc","level":"INFO","thread":"BftProcessorExecutor-QBFT-0","class":"QbftBesuControllerBuilder","message":"Imported #870 / 0 tx / 0 pending / 0 (0.0%) gas / (0x9888980a6f389d2c0c6725705cd8bef679f01c9f691cf3c1253f2590e136cf18)","throwable":""}
{"timestamp":"2025-10-22T14:00:36,020","container":"8a8e46c31ccc","level":"INFO","thread":"EthScheduler-Workers-0","class":"PersistBlockTask","message":"Imported #871 / 0 tx / 0 om / 0 (0.0%) gas / (0x60717e156991c34e0acb2b379f2f6fd82b3f9197b3a8c8c0c2d4cec3036667a9) in 0.001s. Peers: 5","throwable":""}
{"timestamp":"2025-10-22T14:00:44,020","container":"8a8e46c31ccc","level":"INFO","thread":"BftProcessorExecutor-QBFT-0","class":"QbftBesuControllerBuilder","message":"Produced #872 / 0 tx / 0 pending / 0 (0.0%) gas / (0x2edb13e1eedf8bd9e2d79805340beb5a3773f67a839ca7876f44c9c490a8e4c9)","throwable":""}
{"timestamp":"2025-10-22T14:00:52,017","container":"8a8e46c31ccc","level":"INFO","thread":"BftProcessorExecutor-QBFT-0","class":"QbftBesuControllerBuilder","message":"Imported #873 / 0 tx / 0 pending / 0 (0.0%) gas / (0x473e6ef3bc728f27d0dc0335f2d8caac72393a97856089fe1b06714796a713f8)","throwable":""}
{"timestamp":"2025-10-22T14:01:00,021","container":"8a8e46c31ccc","level":"INFO","thread":"BftProcessorExecutor-QBFT-0","class":"QbftBesuControllerBuilder","message":"Imported #874 / 0 tx / 0 pending / 0 (0.0%) gas / (0xa5cf97fd3441629b94c44e20f8f5bc02325d416f5b9e18f199ace514781d48b6)","throwable":""}
{"timestamp":"2025-10-22T14:01:00,023","container":"8a8e46c31ccc","level":"INFO","thread":"EthScheduler-Workers-0","class":"PersistBlockTask","message":"Block 874 (0xa5cf97fd3441629b94c44e20f8f5bc02325d416f5b9e18f199ace514781d48b6) is already imported","throwable":""}
{"timestamp":"2025-10-22T14:01:08,011","container":"8a8e46c31ccc","level":"INFO","thread":"BftProcessorExecutor-QBFT-0","class":"QbftBesuControllerBuilder","message":"Imported #875 / 0 tx / 0 pending / 0 (0.0%) gas / (0xc4208804f56e20cb300f3dc1772c5970cca17485a05181e99bfffb455df485f0)","throwable":""}
{"timestamp":"2025-10-22T14:01:16,009","container":"8a8e46c31ccc","level":"INFO","thread":"BftProcessorExecutor-QBFT-0","class":"QbftBesuControllerBuilder","message":"Produced #876 / 0 tx / 0 pending / 0 (0.0%) gas / (0xce7c7161ded9e90516b80024e18b61a962749ace338ecc4c58bdba8dcc1d94b8)","throwable":""}
{"timestamp":"2025-10-22T14:01:24,018","container":"8a8e46c31ccc","level":"INFO","thread":"BftProcessorExecutor-QBFT-0","class":"QbftBesuControllerBuilder","message":"Imported #877 / 1 tx / 0 pending / 34,078 (0.0%) gas / (0xe1ae6bcdc0d558e7245c9c95edfd12fbefa1dc0b5df83aff8e26ee3b543e5538)","throwable":""}
{"timestamp":"2025-10-22T14:01:32,021","container":"8a8e46c31ccc","level":"INFO","thread":"EthScheduler-Workers-0","class":"PersistBlockTask","message":"Imported #878 / 0 tx / 0 om / 0 (0.0%) gas / (0xfcf851195fe7a4b5b828150589449aaa807c1cc102bf97e63b55e69f2d8c9c89) in 0.001s. Peers: 5","throwable":""}
{"timestamp":"2025-10-22T14:01:40,013","container":"8a8e46c31ccc","level":"INFO","thread":"EthScheduler-Workers-0","class":"PersistBlockTask","message":"Block 879 (0xac8281605ff0b949da229e27d22381aecc8af28de8e9ba9070ca01fd4b7c217f) is already imported","throwable":""}
{"timestamp":"2025-10-22T14:01:40,013","container":"8a8e46c31ccc","level":"INFO","thread":"BftProcessorExecutor-QBFT-0","class":"QbftBesuControllerBuilder","message":"Imported #879 / 0 tx / 0 pending / 0 (0.0%) gas / (0xac8281605ff0b949da229e27d22381aecc8af28de8e9ba9070ca01fd4b7c217f)","throwable":""}
{"timestamp":"2025-10-22T14:01:48,011","container":"8a8e46c31ccc","level":"INFO","thread":"BftProcessorExecutor-QBFT-0","class":"QbftBesuControllerBuilder","message":"Produced #880 / 0 tx / 0 pending / 0 (0.0%) gas / (0x8b820798e09fcff6b28c7cca2bad499d734c1a8387246ec50f9f769fdbbcd1bc)","throwable":""}
{"timestamp":"2025-10-22T14:01:48,011","container":"8a8e46c31ccc","level":"INFO","thread":"EthScheduler-Workers-0","class":"PersistBlockTask","message":"Block 880 (0x8b820798e09fcff6b28c7cca2bad499d734c1a8387246ec50f9f769fdbbcd1bc) is already imported","throwable":""}
{"timestamp":"2025-10-22T14:01:56,012","container":"8a8e46c31ccc","level":"INFO","thread":"BftProcessorExecutor-QBFT-0","class":"QbftBesuControllerBuilder","message":"Imported #881 / 0 tx / 0 pending / 0 (0.0%) gas / (0x9a9a157a66771851fc142301e036c0adbc72d1c0a8b1ac252146966fa3bc6c70)","throwable":""}
{"timestamp":"2025-10-22T14:02:04,011","container":"8a8e46c31ccc","level":"INFO","thread":"EthScheduler-Workers-0","class":"PersistBlockTask","message":"Block 882 (0x84df2ef6addcef0b28fa011e3a5378d0d3a0188cdd20dc66be28c24fcfb69e7d) is already imported","throwable":""}
{"timestamp":"2025-10-22T14:02:04,011","container":"8a8e46c31ccc","level":"INFO","thread":"BftProcessorExecutor-QBFT-0","class":"QbftBesuControllerBuilder","message":"Imported #882 / 0 tx / 0 pending / 0 (0.0%) gas / (0x84df2ef6addcef0b28fa011e3a5378d0d3a0188cdd20dc66be28c24fcfb69e7d)","throwable":""}
{"timestamp":"2025-10-22T14:02:12,011","container":"8a8e46c31ccc","level":"INFO","thread":"BftProcessorExecutor-QBFT-0","class":"QbftBesuControllerBuilder","message":"Imported #883 / 0 tx / 0 pending / 0 (0.0%) gas / (0x2fd04a5dde8c0165e05059057d8c83580e230f2837a859542ca8c2c97322e43c)","throwable":""}
{"timestamp":"2025-10-22T14:02:20,020","container":"8a8e46c31ccc","level":"INFO","thread":"EthScheduler-Workers-0","class":"PersistBlockTask","message":"Block 884 (0x0e0aa07dd5c755bf35717e8dfbcc3e61c1af973a5ab782da50eadc9d3da72c9e) is already imported","throwable":""}
{"timestamp":"2025-10-22T14:02:20,021","container":"8a8e46c31ccc","level":"INFO","thread":"BftProcessorExecutor-QBFT-0","class":"QbftBesuControllerBuilder","message":"Produced #884 / 0 tx / 0 pending / 0 (0.0%) gas / (0x0e0aa07dd5c755bf35717e8dfbcc3e61c1af973a5ab782da50eadc9d3da72c9e)","throwable":""}
{"timestamp":"2025-10-22T14:02:28,011","container":"8a8e46c31ccc","level":"INFO","thread":"EthScheduler-Workers-0","class":"PersistBlockTask","message":"Block 885 (0x15458d5e6fe9e0f583582d360bfffdca1ff2d4e1e9616a4fdd1e433f0f2391f6) is already imported","throwable":""}
{"timestamp":"2025-10-22T14:02:28,011","container":"8a8e46c31ccc","level":"INFO","thread":"BftProcessorExecutor-QBFT-0","class":"QbftBesuControllerBuilder","message":"Imported #885 / 0 tx / 0 pending / 0 (0.0%) gas / (0x15458d5e6fe9e0f583582d360bfffdca1ff2d4e1e9616a4fdd1e433f0f2391f6)","throwable":""}
{"timestamp":"2025-10-22T14:02:36,007","container":"8a8e46c31ccc","level":"INFO","thread":"BftProcessorExecutor-QBFT-0","class":"QbftBesuControllerBuilder","message":"Imported #886 / 0 tx / 0 pending / 0 (0.0%) gas / (0xb1a0e9936e97c147f73962efa8ea6cdc301b018864363aaf63e1076f4f34cf93)","throwable":""}
{"timestamp":"2025-10-22T14:02:44,015","container":"8a8e46c31ccc","level":"INFO","thread":"BftProcessorExecutor-QBFT-0","class":"QbftBesuControllerBuilder","message":"Imported #887 / 0 tx / 0 pending / 0 (0.0%) gas / (0xf7fcefb7914a936beca41657dc686c1795c1f429abcfe047b944b7628fcef6fb)","throwable":""}
{"timestamp":"2025-10-22T14:02:52,015","container":"8a8e46c31ccc","level":"INFO","thread":"BftProcessorExecutor-QBFT-0","class":"QbftBesuControllerBuilder","message":"Produced #888 / 0 tx / 0 pending / 0 (0.0%) gas / (0x349a32134619e57639393adc4e68b7b49bad27f383c93f1d790f9e367f9c6ffb)","throwable":""}
{"timestamp":"2025-10-22T14:03:00,018","container":"8a8e46c31ccc","level":"INFO","thread":"BftProcessorExecutor-QBFT-0","class":"QbftBesuControllerBuilder","message":"Imported #889 / 0 tx / 0 pending / 0 (0.0%) gas / (0xcc0855995e95a0a0f3d003b4ec563dbf5d13d2b23297aaa805d81bfff2f58253)","throwable":""}
{"timestamp":"2025-10-22T14:03:08,011","container":"8a8e46c31ccc","level":"INFO","thread":"EthScheduler-Workers-0","class":"PersistBlockTask","message":"Block 890 (0xaae88bb79bbf1734a70aa0d80f053a4fe34a7645127d2780ad06991c8ec6900a) is already imported","throwable":""}
{"timestamp":"2025-10-22T14:03:08,011","container":"8a8e46c31ccc","level":"INFO","thread":"BftProcessorExecutor-QBFT-0","class":"QbftBesuControllerBuilder","message":"Imported #890 / 0 tx / 0 pending / 0 (0.0%) gas / (0xaae88bb79bbf1734a70aa0d80f053a4fe34a7645127d2780ad06991c8ec6900a)","throwable":""}
{"timestamp":"2025-10-22T14:03:16,009","container":"8a8e46c31ccc","level":"INFO","thread":"BftProcessorExecutor-QBFT-0","class":"QbftBesuControllerBuilder","message":"Imported #891 / 0 tx / 0 pending / 0 (0.0%) gas / (0xac3bca8c67bbc6c512019a9f00b7f34c4aec7714d2de02291b9500fb2c1cac35)","throwable":""}
{"timestamp":"2025-10-22T14:03:24,012","container":"8a8e46c31ccc","level":"INFO","thread":"BftProcessorExecutor-QBFT-0","class":"QbftBesuControllerBuilder","message":"Produced #892 / 0 tx / 0 pending / 0 (0.0%) gas / (0x01c3150bb032df7482a37c3f80d50b41732da0635bdafbf44b42c6722f4d9c0d)","throwable":""}
{"timestamp":"2025-10-22T14:03:24,012","container":"8a8e46c31ccc","level":"INFO","thread":"EthScheduler-Workers-0","class":"PersistBlockTask","message":"Block 892 (0x01c3150bb032df7482a37c3f80d50b41732da0635bdafbf44b42c6722f4d9c0d) is already imported","throwable":""}
{"timestamp":"2025-10-22T14:03:32,012","container":"8a8e46c31ccc","level":"INFO","thread":"BftProcessorExecutor-QBFT-0","class":"QbftBesuControllerBuilder","message":"Imported #893 / 0 tx / 0 pending / 0 (0.0%) gas / (0x627955590abfedfa5bf045843ab3f28e2a5cf1eb9a564acacdf8af9b5b662b13)","throwable":""}
{"timestamp":"2025-10-22T14:03:40,020","container":"8a8e46c31ccc","level":"INFO","thread":"EthScheduler-Workers-0","class":"PersistBlockTask","message":"Block 894 (0x9a6bad562065cf20a6ca32c08b9887c5b18219c9dd056e7987a883cf0e47bcf3) is already imported","throwable":""}
{"timestamp":"2025-10-22T14:03:40,021","container":"8a8e46c31ccc","level":"INFO","thread":"BftProcessorExecutor-QBFT-0","class":"QbftBesuControllerBuilder","message":"Imported #894 / 0 tx / 0 pending / 0 (0.0%) gas / (0x9a6bad562065cf20a6ca32c08b9887c5b18219c9dd056e7987a883cf0e47bcf3)","throwable":""}
{"timestamp":"2025-10-22T14:03:48,010","container":"8a8e46c31ccc","level":"INFO","thread":"EthScheduler-Workers-0","class":"PersistBlockTask","message":"Block 895 (0x57d67dc96be32a8310a812ffd30509cf53d70592dd2ed0445edc081886f8732b) is already imported","throwable":""}
{"timestamp":"2025-10-22T14:03:48,010","container":"8a8e46c31ccc","level":"INFO","thread":"BftProcessorExecutor-QBFT-0","class":"QbftBesuControllerBuilder","message":"Imported #895 / 0 tx / 0 pending / 0 (0.0%) gas / (0x57d67dc96be32a8310a812ffd30509cf53d70592dd2ed0445edc081886f8732b)","throwable":""}
{"timestamp":"2025-10-22T14:03:56,008","container":"8a8e46c31ccc","level":"INFO","thread":"BftProcessorExecutor-QBFT-0","class":"QbftBesuControllerBuilder","message":"Produced #896 / 0 tx / 0 pending / 0 (0.0%) gas / (0xbee198838cad901136c7c2cb7dbd4a50b56fe8902ab96f594fb7de7fefa93c96)","throwable":""}
{"timestamp":"2025-10-22T14:04:04,012","container":"8a8e46c31ccc","level":"INFO","thread":"BftProcessorExecutor-QBFT-0","class":"QbftBesuControllerBuilder","message":"Imported #897 / 0 tx / 0 pending / 0 (0.0%) gas / (0x24ea7d2b3de01d6176d13ae6e737e6f6430697e9ff9baed2c214cf518443e504)","throwable":""}
{"timestamp":"2025-10-22T14:04:12,010","container":"8a8e46c31ccc","level":"INFO","thread":"BftProcessorExecutor-QBFT-0","class":"QbftBesuControllerBuilder","message":"Imported #898 / 0 tx / 0 pending / 0 (0.0%) gas / (0x2399e9be34cfd736239a47dc208608b1899772d4eca2ef328254f6f7be3db550)","throwable":""}
{"timestamp":"2025-10-22T14:04:20,016","container":"8a8e46c31ccc","level":"INFO","thread":"EthScheduler-Workers-0","class":"PersistBlockTask","message":"Imported #899 / 0 tx / 0 om / 0 (0.0%) gas / (0xd58464a51f2679c8d038647aaed91607b5ae388d03f0f44062be3a99223dd955) in 0.001s. Peers: 5","throwable":""}
{"timestamp":"2025-10-22T14:04:20,017","container":"8a8e46c31ccc","level":"INFO","thread":"BftProcessorExecutor-QBFT-0","class":"QbftBesuControllerBuilder","message":"Imported #899 / 0 tx / 0 pending / 0 (0.0%) gas / (0xd58464a51f2679c8d038647aaed91607b5ae388d03f0f44062be3a99223dd955)","throwable":""}
{"timestamp":"2025-10-22T14:04:28,014","container":"8a8e46c31ccc","level":"INFO","thread":"BftProcessorExecutor-QBFT-0","class":"QbftBesuControllerBuilder","message":"Produced #900 / 0 tx / 0 pending / 0 (0.0%) gas / (0x1f88134ceade0a2038470339d57011c60403cee0575efdcd48c767dd700ee2e9)","throwable":""}
{"timestamp":"2025-10-22T14:04:36,010","container":"8a8e46c31ccc","level":"INFO","thread":"BftProcessorExecutor-QBFT-0","class":"QbftBesuControllerBuilder","message":"Imported #901 / 0 tx / 0 pending / 0 (0.0%) gas / (0x68817d953bb28f34fcd4f79b44ce4f55765d73ac24e5716d62af80f6f5bbf285)","throwable":""}
{"timestamp":"2025-10-22T14:04:36,012","container":"8a8e46c31ccc","level":"INFO","thread":"EthScheduler-Workers-0","class":"PersistBlockTask","message":"Block 901 (0x68817d953bb28f34fcd4f79b44ce4f55765d73ac24e5716d62af80f6f5bbf285) is already imported","throwable":""}
{"timestamp":"2025-10-22T14:04:44,014","container":"8a8e46c31ccc","level":"INFO","thread":"BftProcessorExecutor-QBFT-0","class":"QbftBesuControllerBuilder","message":"Imported #902 / 0 tx / 0 pending / 0 (0.0%) gas / (0xa625e14fdb5d2efd7c46be9f9f3642c761d7a44033e7147af3be4f83d0946577)","throwable":""}
{"timestamp":"2025-10-22T14:04:52,014","container":"8a8e46c31ccc","level":"INFO","thread":"EthScheduler-Workers-0","class":"PersistBlockTask","message":"Block 903 (0xfce25789b81a8631d235e668729712e45f945c1c93e5ad01e57dae2298003f0e) is already imported","throwable":""}
{"timestamp":"2025-10-22T14:04:52,016","container":"8a8e46c31ccc","level":"INFO","thread":"BftProcessorExecutor-QBFT-0","class":"QbftBesuControllerBuilder","message":"Imported #903 / 0 tx / 0 pending / 0 (0.0%) gas / (0xfce25789b81a8631d235e668729712e45f945c1c93e5ad01e57dae2298003f0e)","throwable":""}
{"timestamp":"2025-10-22T14:05:00,018","container":"8a8e46c31ccc","level":"INFO","thread":"BftProcessorExecutor-QBFT-0","class":"QbftBesuControllerBuilder","message":"Produced #904 / 0 tx / 0 pending / 0 (0.0%) gas / (0xca5fdf5332fc5f7d03b59d9fb97e3ec582c856d08d5703f13f96af639abbcbe7)","throwable":""}
{"timestamp":"2025-10-22T14:05:08,014","container":"8a8e46c31ccc","level":"INFO","thread":"BftProcessorExecutor-QBFT-0","class":"QbftBesuControllerBuilder","message":"Imported #905 / 0 tx / 0 pending / 0 (0.0%) gas / (0xf63f328fce6b2522b2d34c59c08db11f1b5325605eebe067fa7ac2f002d9275c)","throwable":""}
{"timestamp":"2025-10-22T14:05:16,014","container":"8a8e46c31ccc","level":"INFO","thread":"EthScheduler-Workers-0","class":"PersistBlockTask","message":"Imported #906 / 0 tx / 0 om / 0 (0.0%) gas / (0x30b002469b3478370b11f92e0c3fbf9feb2f984cf527fa88630d8378ac6206e9) in 0.001s. Peers: 5","throwable":""}
{"timestamp":"2025-10-22T14:05:24,015","container":"8a8e46c31ccc","level":"INFO","thread":"EthScheduler-Workers-0","class":"PersistBlockTask","message":"Block 907 (0x7dc8a96918160f99c7be1a27325134bc70106104714f05478325075033f134ee) is already imported","throwable":""}
{"timestamp":"2025-10-22T14:05:24,015","container":"8a8e46c31ccc","level":"INFO","thread":"BftProcessorExecutor-QBFT-0","class":"QbftBesuControllerBuilder","message":"Imported #907 / 0 tx / 0 pending / 0 (0.0%) gas / (0x7dc8a96918160f99c7be1a27325134bc70106104714f05478325075033f134ee)","throwable":""}
{"timestamp":"2025-10-22T14:05:32,008","container":"8a8e46c31ccc","level":"INFO","thread":"BftProcessorExecutor-QBFT-0","class":"QbftBesuControllerBuilder","message":"Produced #908 / 0 tx / 0 pending / 0 (0.0%) gas / (0x7d912f417627b927e45e9a52b9acac025301aa96dc84ab0d80ada289e8cb6d05)","throwable":""}
{"timestamp":"2025-10-22T14:05:40,010","container":"8a8e46c31ccc","level":"INFO","thread":"BftProcessorExecutor-QBFT-0","class":"QbftBesuControllerBuilder","message":"Imported #909 / 0 tx / 0 pending / 0 (0.0%) gas / (0x362fbf5669f9d46b907d888a956edc5b03a6db170cc5b3a8916da26036422dfc)","throwable":""}
{"timestamp":"2025-10-22T14:05:48,011","container":"8a8e46c31ccc","level":"INFO","thread":"BftProcessorExecutor-QBFT-0","class":"QbftBesuControllerBuilder","message":"Imported #910 / 0 tx / 0 pending / 0 (0.0%) gas / (0xbb9be38908dbcc1842a04de65c9a36f39d8a98129425058baf7619aab09a241e)","throwable":""}
{"timestamp":"2025-10-22T14:05:56,012","container":"8a8e46c31ccc","level":"INFO","thread":"BftProcessorExecutor-QBFT-0","class":"QbftBesuControllerBuilder","message":"Imported #911 / 0 tx / 0 pending / 0 (0.0%) gas / (0xf899d6acac9b1c3991b588f9e8523e200aabb42cce9d4f03c1c74a564013208a)","throwable":""}
{"timestamp":"2025-10-22T14:06:04,016","container":"8a8e46c31ccc","level":"INFO","thread":"BftProcessorExecutor-QBFT-0","class":"QbftBesuControllerBuilder","message":"Produced #912 / 0 tx / 0 pending / 0 (0.0%) gas / (0xd919f0e4b7c0dd3a6b77f7fcea1b94e4842524108e730cb307ee48a4051ef077)","throwable":""}
{"timestamp":"2025-10-22T14:06:12,015","container":"8a8e46c31ccc","level":"INFO","thread":"EthScheduler-Workers-0","class":"PersistBlockTask","message":"Block 913 (0x2691b5ba4ec61ae20cd4e8f5bc4d746ef983c530299ac031eef1fb189d5b7831) is already imported","throwable":""}
{"timestamp":"2025-10-22T14:06:12,015","container":"8a8e46c31ccc","level":"INFO","thread":"BftProcessorExecutor-QBFT-0","class":"QbftBesuControllerBuilder","message":"Imported #913 / 0 tx / 0 pending / 0 (0.0%) gas / (0x2691b5ba4ec61ae20cd4e8f5bc4d746ef983c530299ac031eef1fb189d5b7831)","throwable":""}
{"timestamp":"2025-10-22T14:06:20,014","container":"8a8e46c31ccc","level":"INFO","thread":"BftProcessorExecutor-QBFT-0","class":"QbftBesuControllerBuilder","message":"Imported #914 / 0 tx / 0 pending / 0 (0.0%) gas / (0x5267c5d42fccadece83904fe957a0679b212283d064037261ff3d0ebcae83848)","throwable":""}
{"timestamp":"2025-10-22T14:06:28,014","container":"8a8e46c31ccc","level":"INFO","thread":"BftProcessorExecutor-QBFT-0","class":"QbftBesuControllerBuilder","message":"Imported #915 / 0 tx / 0 pending / 0 (0.0%) gas / (0xdffe52a6b405ac6638cee8012ce279b8f35cc63327a0ced9bbf3d326a4639f64)","throwable":""}
{"timestamp":"2025-10-22T14:06:36,026","container":"8a8e46c31ccc","level":"INFO","thread":"BftProcessorExecutor-QBFT-0","class":"QbftBesuControllerBuilder","message":"Produced #916 / 1 tx / 0 pending / 34,078 (0.0%) gas / (0x24c6edabf36cccdb077535d6bd148e43f987aaf68a4448ca4d26ae057a543479)","throwable":""}
{"timestamp":"2025-10-22T14:06:44,017","container":"8a8e46c31ccc","level":"INFO","thread":"EthScheduler-Workers-0","class":"PersistBlockTask","message":"Imported #917 / 0 tx / 0 om / 0 (0.0%) gas / (0x1d24d9e3b5b6604a9ba5afc7800178708b64300791c9ee445fb28c1e65cc7d99) in 0.001s. Peers: 5","throwable":""}
{"timestamp":"2025-10-22T14:06:52,022","container":"8a8e46c31ccc","level":"INFO","thread":"EthScheduler-Workers-0","class":"PersistBlockTask","message":"Imported #918 / 0 tx / 0 om / 0 (0.0%) gas / (0x56c436e8e9997990c2ad7713ceba274552e4b6c648bbee19360fec8aba4bf510) in 0.006s. Peers: 5","throwable":""}
{"timestamp":"2025-10-22T14:07:00,020","container":"8a8e46c31ccc","level":"INFO","thread":"BftProcessorExecutor-QBFT-0","class":"QbftBesuControllerBuilder","message":"Imported #919 / 0 tx / 0 pending / 0 (0.0%) gas / (0x09e0aee4aa69d3d950bdb0d3dd9bd5365fd74d179b8aedba23c1eb2a74bf83fe)","throwable":""}
{"timestamp":"2025-10-22T14:07:00,021","container":"8a8e46c31ccc","level":"INFO","thread":"EthScheduler-Workers-0","class":"PersistBlockTask","message":"Block 919 (0x09e0aee4aa69d3d950bdb0d3dd9bd5365fd74d179b8aedba23c1eb2a74bf83fe) is already imported","throwable":""}
{"timestamp":"2025-10-22T14:07:08,020","container":"8a8e46c31ccc","level":"INFO","thread":"EthScheduler-Workers-0","class":"PersistBlockTask","message":"Block 920 (0x372f424b28f09572363b81c55074bb31a059a83c9d4b439926e5d29d5a75a76d) is already imported","throwable":""}
{"timestamp":"2025-10-22T14:07:08,020","container":"8a8e46c31ccc","level":"INFO","thread":"BftProcessorExecutor-QBFT-0","class":"QbftBesuControllerBuilder","message":"Produced #920 / 0 tx / 0 pending / 0 (0.0%) gas / (0x372f424b28f09572363b81c55074bb31a059a83c9d4b439926e5d29d5a75a76d)","throwable":""}
{"timestamp":"2025-10-22T14:07:16,013","container":"8a8e46c31ccc","level":"INFO","thread":"BftProcessorExecutor-QBFT-0","class":"QbftBesuControllerBuilder","message":"Imported #921 / 0 tx / 0 pending / 0 (0.0%) gas / (0xd68a251763337811e78607a0f7dcc47a502ae2e74e09035ddf079b1f5359541b)","throwable":""}
{"timestamp":"2025-10-22T14:07:24,015","container":"8a8e46c31ccc","level":"INFO","thread":"EthScheduler-Workers-0","class":"PersistBlockTask","message":"Imported #922 / 0 tx / 0 om / 0 (0.0%) gas / (0xd180a828e05db23b4227d566b42fef5d6e75a8f87328ca9420db25befb456518) in 0.001s. Peers: 5","throwable":""}
{"timestamp":"2025-10-22T14:07:32,019","container":"8a8e46c31ccc","level":"INFO","thread":"EthScheduler-Workers-0","class":"PersistBlockTask","message":"Block 923 (0x6805dcec23ba6d765b0b8bc3e4e06bca2a670e03e7f85dbe5dfcce5b8d579aaf) is already imported","throwable":""}
{"timestamp":"2025-10-22T14:07:32,019","container":"8a8e46c31ccc","level":"INFO","thread":"BftProcessorExecutor-QBFT-0","class":"QbftBesuControllerBuilder","message":"Imported #923 / 0 tx / 0 pending / 0 (0.0%) gas / (0x6805dcec23ba6d765b0b8bc3e4e06bca2a670e03e7f85dbe5dfcce5b8d579aaf)","throwable":""}
{"timestamp":"2025-10-22T14:07:40,012","container":"8a8e46c31ccc","level":"INFO","thread":"BftProcessorExecutor-QBFT-0","class":"QbftBesuControllerBuilder","message":"Produced #924 / 0 tx / 0 pending / 0 (0.0%) gas / (0xc78a93b547e9904145180a4cbd79257a35eb9c40d4cabbb8251fd1142f36fc46)","throwable":""}
{"timestamp":"2025-10-22T14:07:48,015","container":"8a8e46c31ccc","level":"INFO","thread":"BftProcessorExecutor-QBFT-0","class":"QbftBesuControllerBuilder","message":"Imported #925 / 0 tx / 0 pending / 0 (0.0%) gas / (0xfc444ef279aa499b4a9bcee9197066473617e7631017c5f8e1a35148ffca4319)","throwable":""}
{"timestamp":"2025-10-22T14:07:56,017","container":"8a8e46c31ccc","level":"INFO","thread":"BftProcessorExecutor-QBFT-0","class":"QbftBesuControllerBuilder","message":"Imported #926 / 0 tx / 0 pending / 0 (0.0%) gas / (0x0650e3520f154b221471c79bc42220afe2bfe5814ae0f5cc2af326f9e839619b)","throwable":""}
{"timestamp":"2025-10-22T14:08:04,013","container":"8a8e46c31ccc","level":"INFO","thread":"BftProcessorExecutor-QBFT-0","class":"QbftBesuControllerBuilder","message":"Imported #927 / 0 tx / 0 pending / 0 (0.0%) gas / (0xb660cc063b0d64fc3c89444fefad688f7296006b695178a347b9185579aa0948)","throwable":""}
{"timestamp":"2025-10-22T14:08:12,010","container":"8a8e46c31ccc","level":"INFO","thread":"BftProcessorExecutor-QBFT-0","class":"QbftBesuControllerBuilder","message":"Produced #928 / 0 tx / 0 pending / 0 (0.0%) gas / (0x42f0b7a32f7f223f6ccebab3d75a079cdc4e0520f065722e12263370933abe97)","throwable":""}
{"timestamp":"2025-10-22T14:08:20,019","container":"8a8e46c31ccc","level":"INFO","thread":"BftProcessorExecutor-QBFT-0","class":"QbftBesuControllerBuilder","message":"Imported #929 / 0 tx / 0 pending / 0 (0.0%) gas / (0x770f8fa9c8211034c2046b2444efc3e46d5b9592e1ed566661a1a480e442f5e5)","throwable":""}
{"timestamp":"2025-10-22T14:08:28,017","container":"8a8e46c31ccc","level":"INFO","thread":"BftProcessorExecutor-QBFT-0","class":"QbftBesuControllerBuilder","message":"Imported #930 / 0 tx / 0 pending / 0 (0.0%) gas / (0x880836cc586f7d01c8f6ec4e165a93d820cd3910a08e6255c763725ba1fd2c66)","throwable":""}
{"timestamp":"2025-10-22T14:08:36,013","container":"8a8e46c31ccc","level":"INFO","thread":"BftProcessorExecutor-QBFT-0","class":"QbftBesuControllerBuilder","message":"Imported #931 / 0 tx / 0 pending / 0 (0.0%) gas / (0xcad4cb3a15b6dfaaf446673793b7f342729e7460e81c0a4629080c11bc1b629b)","throwable":""}
{"timestamp":"2025-10-22T14:08:44,019","container":"8a8e46c31ccc","level":"INFO","thread":"BftProcessorExecutor-QBFT-0","class":"QbftBesuControllerBuilder","message":"Produced #932 / 1 tx / 0 pending / 34,078 (0.0%) gas / (0x2e27b964156e192b5a185f0c33d23f539068acf10fa2e6a4d83085c939835e1a)","throwable":""}
{"timestamp":"2025-10-22T14:08:52,025","container":"8a8e46c31ccc","level":"INFO","thread":"BftProcessorExecutor-QBFT-0","class":"QbftBesuControllerBuilder","message":"Imported #933 / 0 tx / 0 pending / 0 (0.0%) gas / (0x307deac78f005c7276b0bf55d9e3a6b1c81ab93d775382fc797bb6f2d8cf7e1b)","throwable":""}
{"timestamp":"2025-10-22T14:09:00,017","container":"8a8e46c31ccc","level":"INFO","thread":"BftProcessorExecutor-QBFT-0","class":"QbftBesuControllerBuilder","message":"Imported #934 / 0 tx / 0 pending / 0 (0.0%) gas / (0x689f144d82f1affbc56f5d51d0471c98d65fe3e35b644cc387aa3199f52ecfd8)","throwable":""}
{"timestamp":"2025-10-22T14:09:08,014","container":"8a8e46c31ccc","level":"INFO","thread":"BftProcessorExecutor-QBFT-0","class":"QbftBesuControllerBuilder","message":"Imported #935 / 0 tx / 0 pending / 0 (0.0%) gas / (0xabcc7d1d53c0093c9add99e873e874d771a3b15cd16a6948ea5367de2ef56b59)","throwable":""}
{"timestamp":"2025-10-22T14:09:16,013","container":"8a8e46c31ccc","level":"INFO","thread":"BftProcessorExecutor-QBFT-0","class":"QbftBesuControllerBuilder","message":"Produced #936 / 0 tx / 0 pending / 0 (0.0%) gas / (0xcb47f78bbef88c310bc65ac8409f7f732098aee6d57fe731862cd1a3e1923ac8)","throwable":""}
{"timestamp":"2025-10-22T14:09:24,015","container":"8a8e46c31ccc","level":"INFO","thread":"BftProcessorExecutor-QBFT-0","class":"QbftBesuControllerBuilder","message":"Imported #937 / 0 tx / 0 pending / 0 (0.0%) gas / (0x2828e916cfd26e08be5f3de3980799d51356d5e2400a28dc8a42375343787591)","throwable":""}
{"timestamp":"2025-10-22T14:09:24,015","container":"8a8e46c31ccc","level":"INFO","thread":"EthScheduler-Workers-0","class":"PersistBlockTask","message":"Block 937 (0x2828e916cfd26e08be5f3de3980799d51356d5e2400a28dc8a42375343787591) is already imported","throwable":""}
{"timestamp":"2025-10-22T14:09:32,013","container":"8a8e46c31ccc","level":"INFO","thread":"BftProcessorExecutor-QBFT-0","class":"QbftBesuControllerBuilder","message":"Imported #938 / 0 tx / 0 pending / 0 (0.0%) gas / (0x6a55920c29036e2c4e092fca14f9da8c85b83b92554ff981dff3b943af78bb6b)","throwable":""}
{"timestamp":"2025-10-22T14:09:40,011","container":"8a8e46c31ccc","level":"INFO","thread":"BftProcessorExecutor-QBFT-0","class":"QbftBesuControllerBuilder","message":"Imported #939 / 0 tx / 0 pending / 0 (0.0%) gas / (0xec307e105cf7460b119113f28c94c57d9ae7f336a78bfff50816ec938a7639d4)","throwable":""}
{"timestamp":"2025-10-22T14:09:48,016","container":"8a8e46c31ccc","level":"INFO","thread":"BftProcessorExecutor-QBFT-0","class":"QbftBesuControllerBuilder","message":"Produced #940 / 0 tx / 0 pending / 0 (0.0%) gas / (0x341ade5d12a5e8b07f0e9660e455f462956d1304423e6d62d3546ae97e303d83)","throwable":""}
{"timestamp":"2025-10-22T14:09:56,022","container":"8a8e46c31ccc","level":"INFO","thread":"BftProcessorExecutor-QBFT-0","class":"QbftBesuControllerBuilder","message":"Imported #941 / 0 tx / 0 pending / 0 (0.0%) gas / (0x7a3fcd2ca63201525c4ad3bfe82a51a87bfd913e093cc01c1b151033fec867d8)","throwable":""}
{"timestamp":"2025-10-22T14:10:04,025","container":"8a8e46c31ccc","level":"INFO","thread":"BftProcessorExecutor-QBFT-0","class":"QbftBesuControllerBuilder","message":"Imported #942 / 1 tx / 0 pending / 4,314,665 (0.0%) gas / (0x19a0aaf478352f7ec3c8872e11b233c1e5eedfb6348958d57057c108be1f201e)","throwable":""}
{"timestamp":"2025-10-22T14:10:12,014","container":"8a8e46c31ccc","level":"INFO","thread":"BftProcessorExecutor-QBFT-0","class":"QbftBesuControllerBuilder","message":"Imported #943 / 0 tx / 0 pending / 0 (0.0%) gas / (0x71587bce5117b29c99358cdb31632f4a46c9fc8ba99f4f59cca45872b1c89b74)","throwable":""}
{"timestamp":"2025-10-22T14:10:20,013","container":"8a8e46c31ccc","level":"INFO","thread":"BftProcessorExecutor-QBFT-0","class":"QbftBesuControllerBuilder","message":"Produced #944 / 0 tx / 0 pending / 0 (0.0%) gas / (0xe7cd8744893a7b02a280436409c45bf81269e79261eab7a2766aa9d8e86561e8)","throwable":""}
{"timestamp":"2025-10-22T14:10:28,013","container":"8a8e46c31ccc","level":"INFO","thread":"BftProcessorExecutor-QBFT-0","class":"QbftBesuControllerBuilder","message":"Imported #945 / 0 tx / 0 pending / 0 (0.0%) gas / (0xba56dfbe8889e9dc6f3c370e5ccb6dce13394710ebcfc9c404fed35d0b01fb7d)","throwable":""}
{"timestamp":"2025-10-22T14:10:28,013","container":"8a8e46c31ccc","level":"INFO","thread":"EthScheduler-Workers-0","class":"PersistBlockTask","message":"Block 945 (0xba56dfbe8889e9dc6f3c370e5ccb6dce13394710ebcfc9c404fed35d0b01fb7d) is already imported","throwable":""}
{"timestamp":"2025-10-22T14:10:36,070","container":"8a8e46c31ccc","level":"INFO","thread":"EthScheduler-Workers-0","class":"PersistBlockTask","message":"Block 946 (0x78b15835ed7425ea1c514681e0075ba5009173dd34a1cd41a6b0a058224158cb) is already imported","throwable":""}
{"timestamp":"2025-10-22T14:10:36,070","container":"8a8e46c31ccc","level":"INFO","thread":"BftProcessorExecutor-QBFT-0","class":"QbftBesuControllerBuilder","message":"Imported #946 / 1 tx / 0 pending / 349,475 (0.0%) gas / (0x78b15835ed7425ea1c514681e0075ba5009173dd34a1cd41a6b0a058224158cb)","throwable":""}
{"timestamp":"2025-10-22T14:10:44,015","container":"8a8e46c31ccc","level":"INFO","thread":"BftProcessorExecutor-QBFT-0","class":"QbftBesuControllerBuilder","message":"Imported #947 / 0 tx / 0 pending / 0 (0.0%) gas / (0xa5abb7d362df08c4f69503419e1a77ec3ec55c6844b868e888fcf46815011e31)","throwable":""}
{"timestamp":"2025-10-22T14:10:52,016","container":"8a8e46c31ccc","level":"INFO","thread":"BftProcessorExecutor-QBFT-0","class":"QbftBesuControllerBuilder","message":"Produced #948 / 0 tx / 0 pending / 0 (0.0%) gas / (0x91847318479425a1b1e6bb0d44767aeb744d7a0d91d02641960aa012525443a0)","throwable":""}
{"timestamp":"2025-10-22T14:11:00,014","container":"8a8e46c31ccc","level":"INFO","thread":"BftProcessorExecutor-QBFT-0","class":"QbftBesuControllerBuilder","message":"Imported #949 / 0 tx / 0 pending / 0 (0.0%) gas / (0x020433a6d01f09b8d260662d9d33cc90b6140ee3ad920199a4d6530c1d427cda)","throwable":""}
{"timestamp":"2025-10-22T14:11:08,015","container":"8a8e46c31ccc","level":"INFO","thread":"BftProcessorExecutor-QBFT-0","class":"QbftBesuControllerBuilder","message":"Imported #950 / 0 tx / 0 pending / 0 (0.0%) gas / (0x3d0eebd9bbc82c7baf5e270de2c961930e4c220a17260156f116db0c795076ac)","throwable":""}
{"timestamp":"2025-10-22T14:11:16,016","container":"8a8e46c31ccc","level":"INFO","thread":"BftProcessorExecutor-QBFT-0","class":"QbftBesuControllerBuilder","message":"Imported #951 / 0 tx / 0 pending / 0 (0.0%) gas / (0x147be077046b2b41c1e181757d8f224d0d68d4d8cfa8ae1e3ef605e2f9d9912f)","throwable":""}
{"timestamp":"2025-10-22T14:11:24,016","container":"8a8e46c31ccc","level":"INFO","thread":"BftProcessorExecutor-QBFT-0","class":"QbftBesuControllerBuilder","message":"Produced #952 / 0 tx / 0 pending / 0 (0.0%) gas / (0x361747c1efc2845d911c4e8845764fe218584edcc30f72955063e694dea95af0)","throwable":""}
{"timestamp":"2025-10-22T14:11:32,017","container":"8a8e46c31ccc","level":"INFO","thread":"BftProcessorExecutor-QBFT-0","class":"QbftBesuControllerBuilder","message":"Imported #953 / 0 tx / 0 pending / 0 (0.0%) gas / (0x84fcf9cb236a75e7848315f8ead2f0aeed9c5a6d5e1a7013fc9ec59751792458)","throwable":""}
{"timestamp":"2025-10-22T14:11:40,013","container":"8a8e46c31ccc","level":"INFO","thread":"EthScheduler-Workers-0","class":"PersistBlockTask","message":"Block 954 (0xfbf510faef3ed35cc47f1e53b283d523e07de8e6685bf0e80148c0eb08670f16) is already imported","throwable":""}
{"timestamp":"2025-10-22T14:11:40,013","container":"8a8e46c31ccc","level":"INFO","thread":"BftProcessorExecutor-QBFT-0","class":"QbftBesuControllerBuilder","message":"Imported #954 / 0 tx / 0 pending / 0 (0.0%) gas / (0xfbf510faef3ed35cc47f1e53b283d523e07de8e6685bf0e80148c0eb08670f16)","throwable":""}
{"timestamp":"2025-10-22T14:11:48,016","container":"8a8e46c31ccc","level":"INFO","thread":"EthScheduler-Workers-0","class":"PersistBlockTask","message":"Block 955 (0xd57b2812f0cc5ed3f9337357ff82708141ca4eab56f2f07cedfa4db3349d03fd) is already imported","throwable":""}
{"timestamp":"2025-10-22T14:11:48,016","container":"8a8e46c31ccc","level":"INFO","thread":"BftProcessorExecutor-QBFT-0","class":"QbftBesuControllerBuilder","message":"Imported #955 / 0 tx / 0 pending / 0 (0.0%) gas / (0xd57b2812f0cc5ed3f9337357ff82708141ca4eab56f2f07cedfa4db3349d03fd)","throwable":""}
{"timestamp":"2025-10-22T14:11:56,014","container":"8a8e46c31ccc","level":"INFO","thread":"BftProcessorExecutor-QBFT-0","class":"QbftBesuControllerBuilder","message":"Produced #956 / 0 tx / 0 pending / 0 (0.0%) gas / (0xb092b25c687200cf661a99185b9a695842ea2cee3151a4b40c4027c337693391)","throwable":""}
{"timestamp":"2025-10-22T14:12:04,013","container":"8a8e46c31ccc","level":"INFO","thread":"BftProcessorExecutor-QBFT-0","class":"QbftBesuControllerBuilder","message":"Imported #957 / 0 tx / 0 pending / 0 (0.0%) gas / (0xef7065311383401ebcfbea7405d919a2872f0c3925cfe963ffac8d9ccf681d85)","throwable":""}
{"timestamp":"2025-10-22T14:12:12,016","container":"8a8e46c31ccc","level":"INFO","thread":"BftProcessorExecutor-QBFT-0","class":"QbftBesuControllerBuilder","message":"Imported #958 / 0 tx / 0 pending / 0 (0.0%) gas / (0x63b94e8da1ca25a302a21c2e0329257ed92138f6a334c60382764aa595b66e97)","throwable":""}
{"timestamp":"2025-10-22T14:12:20,014","container":"8a8e46c31ccc","level":"INFO","thread":"BftProcessorExecutor-QBFT-0","class":"QbftBesuControllerBuilder","message":"Imported #959 / 0 tx / 0 pending / 0 (0.0%) gas / (0x585bf790145ab6300cb9001459f6aab402640a01bb9e5f5adb2e89c886779c57)","throwable":""}
{"timestamp":"2025-10-22T14:12:28,020","container":"8a8e46c31ccc","level":"INFO","thread":"EthScheduler-Workers-0","class":"PersistBlockTask","message":"Block 960 (0xd7ed10aef1ed6dd41d63e46dd86b77a5f9beed39167803d450c3ee8c55c106d3) is already imported","throwable":""}
{"timestamp":"2025-10-22T14:12:28,020","container":"8a8e46c31ccc","level":"INFO","thread":"BftProcessorExecutor-QBFT-0","class":"QbftBesuControllerBuilder","message":"Produced #960 / 0 tx / 0 pending / 0 (0.0%) gas / (0xd7ed10aef1ed6dd41d63e46dd86b77a5f9beed39167803d450c3ee8c55c106d3)","throwable":""}
{"timestamp":"2025-10-22T14:12:36,024","container":"8a8e46c31ccc","level":"INFO","thread":"EthScheduler-Workers-0","class":"PersistBlockTask","message":"Block 961 (0x5b514d3711e306b883079c48d7d536b780be348e926887801a94a3799433b078) is already imported","throwable":""}
{"timestamp":"2025-10-22T14:12:36,025","container":"8a8e46c31ccc","level":"INFO","thread":"BftProcessorExecutor-QBFT-0","class":"QbftBesuControllerBuilder","message":"Imported #961 / 0 tx / 0 pending / 0 (0.0%) gas / (0x5b514d3711e306b883079c48d7d536b780be348e926887801a94a3799433b078)","throwable":""}
{"timestamp":"2025-10-22T14:12:44,011","container":"8a8e46c31ccc","level":"INFO","thread":"EthScheduler-Workers-0","class":"PersistBlockTask","message":"Block 962 (0x42bb13f41a7d50d76de4e643b6183eee65e3bddfea62bf00ff25aca599f8b303) is already imported","throwable":""}
{"timestamp":"2025-10-22T14:12:44,012","container":"8a8e46c31ccc","level":"INFO","thread":"BftProcessorExecutor-QBFT-0","class":"QbftBesuControllerBuilder","message":"Imported #962 / 0 tx / 0 pending / 0 (0.0%) gas / (0x42bb13f41a7d50d76de4e643b6183eee65e3bddfea62bf00ff25aca599f8b303)","throwable":""}
{"timestamp":"2025-10-22T14:12:52,019","container":"8a8e46c31ccc","level":"INFO","thread":"EthScheduler-Workers-0","class":"PersistBlockTask","message":"Block 963 (0x2046a267f214e2e7735467b4e14a9f22f3b5b1e79b556dce54aff336b1a18ffe) is already imported","throwable":""}
{"timestamp":"2025-10-22T14:12:52,019","container":"8a8e46c31ccc","level":"INFO","thread":"BftProcessorExecutor-QBFT-0","class":"QbftBesuControllerBuilder","message":"Imported #963 / 0 tx / 0 pending / 0 (0.0%) gas / (0x2046a267f214e2e7735467b4e14a9f22f3b5b1e79b556dce54aff336b1a18ffe)","throwable":""}
{"timestamp":"2025-10-22T14:13:00,015","container":"8a8e46c31ccc","level":"INFO","thread":"BftProcessorExecutor-QBFT-0","class":"QbftBesuControllerBuilder","message":"Produced #964 / 0 tx / 0 pending / 0 (0.0%) gas / (0x080455fe330d24a473651e56890be6ace1b92d4f8591886cc0e327cd469b6e69)","throwable":""}
{"timestamp":"2025-10-22T14:13:08,017","container":"8a8e46c31ccc","level":"INFO","thread":"EthScheduler-Workers-0","class":"PersistBlockTask","message":"Block 965 (0x17ed7dab44984f6bea53cc728e8c37c131f2fd63e36860eaee41064a4a0a2eea) is already imported","throwable":""}
{"timestamp":"2025-10-22T14:13:08,017","container":"8a8e46c31ccc","level":"INFO","thread":"BftProcessorExecutor-QBFT-0","class":"QbftBesuControllerBuilder","message":"Imported #965 / 0 tx / 0 pending / 0 (0.0%) gas / (0x17ed7dab44984f6bea53cc728e8c37c131f2fd63e36860eaee41064a4a0a2eea)","throwable":""}
{"timestamp":"2025-10-22T14:13:16,018","container":"8a8e46c31ccc","level":"INFO","thread":"EthScheduler-Workers-0","class":"PersistBlockTask","message":"Block 966 (0x9916880c1bda0daa5fb4f80201d9c83c6e18b886999785544f63c3b17744b469) is already imported","throwable":""}
{"timestamp":"2025-10-22T14:13:16,018","container":"8a8e46c31ccc","level":"INFO","thread":"BftProcessorExecutor-QBFT-0","class":"QbftBesuControllerBuilder","message":"Imported #966 / 0 tx / 0 pending / 0 (0.0%) gas / (0x9916880c1bda0daa5fb4f80201d9c83c6e18b886999785544f63c3b17744b469)","throwable":""}
{"timestamp":"2025-10-22T14:13:24,021","container":"8a8e46c31ccc","level":"INFO","thread":"BftProcessorExecutor-QBFT-0","class":"QbftBesuControllerBuilder","message":"Imported #967 / 0 tx / 0 pending / 0 (0.0%) gas / (0x5b530593d1389fdeb883d7d1625214aa1bfb2984ed72b9306e784915af857079)","throwable":""}
{"timestamp":"2025-10-22T14:13:24,021","container":"8a8e46c31ccc","level":"INFO","thread":"EthScheduler-Workers-0","class":"PersistBlockTask","message":"Block 967 (0x5b530593d1389fdeb883d7d1625214aa1bfb2984ed72b9306e784915af857079) is already imported","throwable":""}
{"timestamp":"2025-10-22T14:13:32,014","container":"8a8e46c31ccc","level":"INFO","thread":"BftProcessorExecutor-QBFT-0","class":"QbftBesuControllerBuilder","message":"Produced #968 / 0 tx / 0 pending / 0 (0.0%) gas / (0x98fc75e000ecdb0c79d2e0cdb247cf7f03ff95146855b215adaf90a1fd2c95b4)","throwable":""}
{"timestamp":"2025-10-22T14:13:40,013","container":"8a8e46c31ccc","level":"INFO","thread":"BftProcessorExecutor-QBFT-0","class":"QbftBesuControllerBuilder","message":"Imported #969 / 0 tx / 0 pending / 0 (0.0%) gas / (0x69b754b79407ce8d95d447dff8c78266f02f20c8380d7eb5a809929c1977822f)","throwable":""}
{"timestamp":"2025-10-22T14:13:48,009","container":"8a8e46c31ccc","level":"INFO","thread":"EthScheduler-Workers-0","class":"PersistBlockTask","message":"Block 970 (0x08d3737dd7efbc9d529620fd8b4867341a85278e2352d610efb40daa20e29ee0) is already imported","throwable":""}
{"timestamp":"2025-10-22T14:13:48,009","container":"8a8e46c31ccc","level":"INFO","thread":"BftProcessorExecutor-QBFT-0","class":"QbftBesuControllerBuilder","message":"Imported #970 / 0 tx / 0 pending / 0 (0.0%) gas / (0x08d3737dd7efbc9d529620fd8b4867341a85278e2352d610efb40daa20e29ee0)","throwable":""}
{"timestamp":"2025-10-22T14:13:56,011","container":"8a8e46c31ccc","level":"INFO","thread":"EthScheduler-Workers-0","class":"PersistBlockTask","message":"Block 971 (0x47449fcc41b0a29336bd9ed42a2b5578bf75ca70705c69d7cf5b2eed93c7761c) is already imported","throwable":""}
{"timestamp":"2025-10-22T14:13:56,011","container":"8a8e46c31ccc","level":"INFO","thread":"BftProcessorExecutor-QBFT-0","class":"QbftBesuControllerBuilder","message":"Imported #971 / 0 tx / 0 pending / 0 (0.0%) gas / (0x47449fcc41b0a29336bd9ed42a2b5578bf75ca70705c69d7cf5b2eed93c7761c)","throwable":""}
{"timestamp":"2025-10-22T14:14:04,022","container":"8a8e46c31ccc","level":"INFO","thread":"BftProcessorExecutor-QBFT-0","class":"QbftBesuControllerBuilder","message":"Produced #972 / 0 tx / 0 pending / 0 (0.0%) gas / (0x955cd21bea3e2e799cb96e096ee73ddda99742429518a94e2d9333e809e57f20)","throwable":""}
{"timestamp":"2025-10-22T14:14:12,016","container":"8a8e46c31ccc","level":"INFO","thread":"EthScheduler-Workers-0","class":"PersistBlockTask","message":"Imported #973 / 0 tx / 0 om / 0 (0.0%) gas / (0x6f2cccbf4ac69e11787e4656d353a40bce296e2d11b9404e40b73a1afa7b2b78) in 0.001s. Peers: 5","throwable":""}
{"timestamp":"2025-10-22T14:14:12,017","container":"8a8e46c31ccc","level":"INFO","thread":"BftProcessorExecutor-QBFT-0","class":"QbftBesuControllerBuilder","message":"Imported #973 / 0 tx / 0 pending / 0 (0.0%) gas / (0x6f2cccbf4ac69e11787e4656d353a40bce296e2d11b9404e40b73a1afa7b2b78)","throwable":""}
{"timestamp":"2025-10-22T14:14:20,045","container":"8a8e46c31ccc","level":"INFO","thread":"EthScheduler-Workers-0","class":"PersistBlockTask","message":"Block 974 (0x803b697aae1998522600efba17ca3b3dba73cf0226a0914a91320ae941edcf2c) is already imported","throwable":""}
{"timestamp":"2025-10-22T14:14:20,045","container":"8a8e46c31ccc","level":"INFO","thread":"BftProcessorExecutor-QBFT-0","class":"QbftBesuControllerBuilder","message":"Imported #974 / 0 tx / 0 pending / 0 (0.0%) gas / (0x803b697aae1998522600efba17ca3b3dba73cf0226a0914a91320ae941edcf2c)","throwable":""}
{"timestamp":"2025-10-22T14:14:28,012","container":"8a8e46c31ccc","level":"INFO","thread":"BftProcessorExecutor-QBFT-0","class":"QbftBesuControllerBuilder","message":"Imported #975 / 0 tx / 0 pending / 0 (0.0%) gas / (0x2cb4c97c920c8595e055f01725430f8a46752ee88e66addab0897d0641215294)","throwable":""}
{"timestamp":"2025-10-22T14:14:36,013","container":"8a8e46c31ccc","level":"INFO","thread":"BftProcessorExecutor-QBFT-0","class":"QbftBesuControllerBuilder","message":"Produced #976 / 0 tx / 0 pending / 0 (0.0%) gas / (0xdc0b9971cbf77f67f14c12a9002a7e9857ee66ee3f7b959835def06afcf846ff)","throwable":""}
{"timestamp":"2025-10-22T14:14:44,015","container":"8a8e46c31ccc","level":"INFO","thread":"BftProcessorExecutor-QBFT-0","class":"QbftBesuControllerBuilder","message":"Imported #977 / 0 tx / 0 pending / 0 (0.0%) gas / (0xb29a7c429f150b253942d23ec97e43f25feca867834592bf2d9228b164ece096)","throwable":""}
{"timestamp":"2025-10-22T14:14:52,007","container":"8a8e46c31ccc","level":"INFO","thread":"BftProcessorExecutor-QBFT-0","class":"QbftBesuControllerBuilder","message":"Imported #978 / 0 tx / 0 pending / 0 (0.0%) gas / (0x56d081ca8d7bcc44cafe22a3816f4707302cc0f50e08577b160ea94b3202a6e4)","throwable":""}
{"timestamp":"2025-10-22T14:15:00,014","container":"8a8e46c31ccc","level":"INFO","thread":"BftProcessorExecutor-QBFT-0","class":"QbftBesuControllerBuilder","message":"Imported #979 / 0 tx / 0 pending / 0 (0.0%) gas / (0xfb2b205cc6011ca0d0ffd081b6c43a74c84c32f19fd8997cec65b10cbbefa404)","throwable":""}
{"timestamp":"2025-10-22T14:15:08,012","container":"8a8e46c31ccc","level":"INFO","thread":"BftProcessorExecutor-QBFT-0","class":"QbftBesuControllerBuilder","message":"Produced #980 / 0 tx / 0 pending / 0 (0.0%) gas / (0x17438af0f1147c1dc7c29cda9cb689f52195cac0a9e4dace808db66242a46fc1)","throwable":""}
{"timestamp":"2025-10-22T14:15:16,007","container":"8a8e46c31ccc","level":"INFO","thread":"BftProcessorExecutor-QBFT-0","class":"QbftBesuControllerBuilder","message":"Imported #981 / 0 tx / 0 pending / 0 (0.0%) gas / (0x33f8d63a3a52cb5fcf1bc9754d2fd2d2133b6e7c8ea50c01568115c44623eebd)","throwable":""}
{"timestamp":"2025-10-22T14:15:24,018","container":"8a8e46c31ccc","level":"INFO","thread":"BftProcessorExecutor-QBFT-0","class":"QbftBesuControllerBuilder","message":"Imported #982 / 0 tx / 0 pending / 0 (0.0%) gas / (0x3921f6e8aac5cb3bda585732fa51093ae004faa94a34c228fcaa7098af926562)","throwable":""}
{"timestamp":"2025-10-22T14:15:32,016","container":"8a8e46c31ccc","level":"INFO","thread":"BftProcessorExecutor-QBFT-0","class":"QbftBesuControllerBuilder","message":"Imported #983 / 0 tx / 0 pending / 0 (0.0%) gas / (0xaafbe280a37002371ff13ee180dbd1688fefa3b54a1374b67c6c933f674a5343)","throwable":""}
{"timestamp":"2025-10-22T14:15:40,013","container":"8a8e46c31ccc","level":"INFO","thread":"BftProcessorExecutor-QBFT-0","class":"QbftBesuControllerBuilder","message":"Produced #984 / 0 tx / 0 pending / 0 (0.0%) gas / (0x3577fe7660d3ceefe491d86ed6a736d9e159a115709f91c40afd2d6b7512f811)","throwable":""}
{"timestamp":"2025-10-22T14:15:48,017","container":"8a8e46c31ccc","level":"INFO","thread":"EthScheduler-Workers-0","class":"PersistBlockTask","message":"Block 985 (0xb25919dc272d5664a8efccef1288fdde2bf28c62a62634668bc0fdd62bcde273) is already imported","throwable":""}
{"timestamp":"2025-10-22T14:15:48,017","container":"8a8e46c31ccc","level":"INFO","thread":"BftProcessorExecutor-QBFT-0","class":"QbftBesuControllerBuilder","message":"Imported #985 / 0 tx / 0 pending / 0 (0.0%) gas / (0xb25919dc272d5664a8efccef1288fdde2bf28c62a62634668bc0fdd62bcde273)","throwable":""}
{"timestamp":"2025-10-22T14:15:56,009","container":"8a8e46c31ccc","level":"INFO","thread":"BftProcessorExecutor-QBFT-0","class":"QbftBesuControllerBuilder","message":"Imported #986 / 0 tx / 0 pending / 0 (0.0%) gas / (0x68c4c38e031566e86ff4de83fa9bbb29ad2d2df1f9834775a979715720fbd7fb)","throwable":""}
{"timestamp":"2025-10-22T14:16:04,020","container":"8a8e46c31ccc","level":"INFO","thread":"BftProcessorExecutor-QBFT-0","class":"QbftBesuControllerBuilder","message":"Imported #987 / 1 tx / 0 pending / 4,316,353 (0.0%) gas / (0xd7eb9f885809d17729fac05bc5d8795485bb626a7b0adc99f40df466b0d9ddc5)","throwable":""}
{"timestamp":"2025-10-22T14:16:12,013","container":"8a8e46c31ccc","level":"INFO","thread":"BftProcessorExecutor-QBFT-0","class":"QbftBesuControllerBuilder","message":"Produced #988 / 0 tx / 0 pending / 0 (0.0%) gas / (0xdc3ae8c15f6e3bd74b8f1df98ddc93a2622f466e4a3c8779e11db472c164b6d2)","throwable":""}
{"timestamp":"2025-10-22T14:16:20,009","container":"8a8e46c31ccc","level":"INFO","thread":"BftProcessorExecutor-QBFT-0","class":"QbftBesuControllerBuilder","message":"Imported #989 / 0 tx / 0 pending / 0 (0.0%) gas / (0xb0ab9fca340cf60727b4ad53fa64d2f670414770a3869ca61a705d6200be0326)","throwable":""}
{"timestamp":"2025-10-22T14:16:28,028","container":"8a8e46c31ccc","level":"INFO","thread":"EthScheduler-Workers-0","class":"PersistBlockTask","message":"Block 990 (0xc68663340bd6992796e54b6ffeee42d48be5d337c487f12fd6c2f680bf29cf4d) is already imported","throwable":""}
{"timestamp":"2025-10-22T14:16:28,028","container":"8a8e46c31ccc","level":"INFO","thread":"BftProcessorExecutor-QBFT-0","class":"QbftBesuControllerBuilder","message":"Imported #990 / 1 tx / 0 pending / 349,475 (0.0%) gas / (0xc68663340bd6992796e54b6ffeee42d48be5d337c487f12fd6c2f680bf29cf4d)","throwable":""}
{"timestamp":"2025-10-22T14:16:36,009","container":"8a8e46c31ccc","level":"INFO","thread":"BftProcessorExecutor-QBFT-0","class":"QbftBesuControllerBuilder","message":"Imported #991 / 0 tx / 0 pending / 0 (0.0%) gas / (0xa6c5c0e727305b32b8ef21c87a85efc8778f2e4ea8244bc9feacbdcc532467ab)","throwable":""}
{"timestamp":"2025-10-22T14:16:44,010","container":"8a8e46c31ccc","level":"INFO","thread":"BftProcessorExecutor-QBFT-0","class":"QbftBesuControllerBuilder","message":"Produced #992 / 0 tx / 0 pending / 0 (0.0%) gas / (0x4055bb3288ca2b7476e74d59298216d9e8e0b3b8acd920e44595db0e6124ebf3)","throwable":""}
{"timestamp":"2025-10-22T14:16:52,042","container":"8a8e46c31ccc","level":"INFO","thread":"EthScheduler-Workers-0","class":"PersistBlockTask","message":"Block 993 (0x08285d5b323548d7fb54d033be0ddbda9e62c1b2623a5f1fce7ab7aaeda98896) is already imported","throwable":""}
{"timestamp":"2025-10-22T14:16:52,042","container":"8a8e46c31ccc","level":"INFO","thread":"BftProcessorExecutor-QBFT-0","class":"QbftBesuControllerBuilder","message":"Imported #993 / 1 tx / 0 pending / 355,075 (0.0%) gas / (0x08285d5b323548d7fb54d033be0ddbda9e62c1b2623a5f1fce7ab7aaeda98896)","throwable":""}
{"timestamp":"2025-10-22T14:17:00,013","container":"8a8e46c31ccc","level":"INFO","thread":"BftProcessorExecutor-QBFT-0","class":"QbftBesuControllerBuilder","message":"Imported #994 / 0 tx / 0 pending / 0 (0.0%) gas / (0x3a405f7f01ae46f3bdf7400ed39110448a638d5af89b01d912fef78dfa208260)","throwable":""}
{"timestamp":"2025-10-22T14:17:08,028","container":"8a8e46c31ccc","level":"INFO","thread":"BftProcessorExecutor-QBFT-0","class":"QbftBesuControllerBuilder","message":"Imported #995 / 1 tx / 0 pending / 355,075 (0.0%) gas / (0xeeb351b7f0255f9ad21cb355ccb5f2064bb1f88f1eb0b381dc2437b06e70c3a3)","throwable":""}
{"timestamp":"2025-10-22T14:17:16,013","container":"8a8e46c31ccc","level":"INFO","thread":"BftProcessorExecutor-QBFT-0","class":"QbftBesuControllerBuilder","message":"Produced #996 / 0 tx / 0 pending / 0 (0.0%) gas / (0x2c50adfacb81fa6db106242779b1b0b45c1f369b00beaa5bd55d97be50d6b4e4)","throwable":""}
{"timestamp":"2025-10-22T14:17:24,013","container":"8a8e46c31ccc","level":"INFO","thread":"EthScheduler-Workers-0","class":"PersistBlockTask","message":"Block 997 (0x15280befe70b539ac184ac3c0aa32bff6a9368d25559ea1b0d56882b7671c9b5) is already imported","throwable":""}
{"timestamp":"2025-10-22T14:17:24,015","container":"8a8e46c31ccc","level":"INFO","thread":"BftProcessorExecutor-QBFT-0","class":"QbftBesuControllerBuilder","message":"Imported #997 / 0 tx / 0 pending / 0 (0.0%) gas / (0x15280befe70b539ac184ac3c0aa32bff6a9368d25559ea1b0d56882b7671c9b5)","throwable":""}
{"timestamp":"2025-10-22T14:17:32,017","container":"8a8e46c31ccc","level":"INFO","thread":"EthScheduler-Workers-0","class":"PersistBlockTask","message":"Block 998 (0xd47a2af1db8ed8de989603fd9ba0eee60451bce1529f055ca8bc26bf9a6113b6) is already imported","throwable":""}
{"timestamp":"2025-10-22T14:17:32,018","container":"8a8e46c31ccc","level":"INFO","thread":"BftProcessorExecutor-QBFT-0","class":"QbftBesuControllerBuilder","message":"Imported #998 / 0 tx / 0 pending / 0 (0.0%) gas / (0xd47a2af1db8ed8de989603fd9ba0eee60451bce1529f055ca8bc26bf9a6113b6)","throwable":""}
{"timestamp":"2025-10-22T14:17:40,017","container":"8a8e46c31ccc","level":"INFO","thread":"BftProcessorExecutor-QBFT-0","class":"QbftBesuControllerBuilder","message":"Imported #999 / 0 tx / 0 pending / 0 (0.0%) gas / (0xe131647e3766afa8b1784d6cc9dfa3517d9b0dc797d96e60e6f1b845000bf069)","throwable":""}
{"timestamp":"2025-10-22T14:17:48,008","container":"8a8e46c31ccc","level":"INFO","thread":"BftProcessorExecutor-QBFT-0","class":"QbftBesuControllerBuilder","message":"Produced #1,000 / 0 tx / 0 pending / 0 (0.0%) gas / (0x8bab71700d4d2372d10199f7415ff1c5552a7e6dd6c0f41a437d30faaa42be36)","throwable":""}
{"timestamp":"2025-10-22T14:17:56,007","container":"8a8e46c31ccc","level":"INFO","thread":"BftProcessorExecutor-QBFT-0","class":"QbftBesuControllerBuilder","message":"Imported #1,001 / 0 tx / 0 pending / 0 (0.0%) gas / (0x5d5a9e7be7828f3e4e2bc0766de3c2f0dc0864df0f25ad177aaef4350ab89087)","throwable":""}
{"timestamp":"2025-10-22T14:18:04,031","container":"8a8e46c31ccc","level":"INFO","thread":"BftProcessorExecutor-QBFT-0","class":"QbftBesuControllerBuilder","message":"Imported #1,002 / 0 tx / 0 pending / 0 (0.0%) gas / (0xd4691e05f8586cf9393de5353db3e1e1a804c5d9c7760d200770e3dce7937498)","throwable":""}
{"timestamp":"2025-10-22T14:18:12,011","container":"8a8e46c31ccc","level":"INFO","thread":"BftProcessorExecutor-QBFT-0","class":"QbftBesuControllerBuilder","message":"Imported #1,003 / 0 tx / 0 pending / 0 (0.0%) gas / (0x4b1b4c9a0ecd7aa539b1ca2c523922b89240f6daa9992f09324074e3f664ea2b)","throwable":""}
{"timestamp":"2025-10-22T14:18:20,013","container":"8a8e46c31ccc","level":"INFO","thread":"BftProcessorExecutor-QBFT-0","class":"QbftBesuControllerBuilder","message":"Produced #1,004 / 0 tx / 0 pending / 0 (0.0%) gas / (0xce468c61140f4b4ecbc43574ba8d3be818604211644bc1fb72b368e1be951356)","throwable":""}
{"timestamp":"2025-10-22T14:18:20,015","container":"8a8e46c31ccc","level":"INFO","thread":"EthScheduler-Workers-0","class":"PersistBlockTask","message":"Block 1004 (0xce468c61140f4b4ecbc43574ba8d3be818604211644bc1fb72b368e1be951356) is already imported","throwable":""}
{"timestamp":"2025-10-22T14:18:28,022","container":"8a8e46c31ccc","level":"INFO","thread":"BftProcessorExecutor-QBFT-0","class":"QbftBesuControllerBuilder","message":"Imported #1,005 / 0 tx / 0 pending / 0 (0.0%) gas / (0xf619d9f7162c560b0cf82ee5b49eaf2ab4baffade6de5abddc03f6104444c786)","throwable":""}
{"timestamp":"2025-10-22T14:18:36,015","container":"8a8e46c31ccc","level":"INFO","thread":"EthScheduler-Workers-0","class":"PersistBlockTask","message":"Block 1006 (0x297e618049aac14d415f6e087562a80c298404b0447289ab1d8856ed06afd203) is already imported","throwable":""}
{"timestamp":"2025-10-22T14:18:36,015","container":"8a8e46c31ccc","level":"INFO","thread":"BftProcessorExecutor-QBFT-0","class":"QbftBesuControllerBuilder","message":"Imported #1,006 / 0 tx / 0 pending / 0 (0.0%) gas / (0x297e618049aac14d415f6e087562a80c298404b0447289ab1d8856ed06afd203)","throwable":""}
{"timestamp":"2025-10-22T14:18:44,013","container":"8a8e46c31ccc","level":"INFO","thread":"BftProcessorExecutor-QBFT-0","class":"QbftBesuControllerBuilder","message":"Imported #1,007 / 0 tx / 0 pending / 0 (0.0%) gas / (0x18ea863652d7e3c7221f553c4eccb3e1142b2e6a2627bbe53f098dadfd360163)","throwable":""}
{"timestamp":"2025-10-22T14:18:52,010","container":"8a8e46c31ccc","level":"INFO","thread":"BftProcessorExecutor-QBFT-0","class":"QbftBesuControllerBuilder","message":"Produced #1,008 / 0 tx / 0 pending / 0 (0.0%) gas / (0xc531308a93ad7891216d2a7e8bb047eb49eb4428e646a81a1d2cefb6491ddd6b)","throwable":""}
{"timestamp":"2025-10-22T14:18:52,014","container":"8a8e46c31ccc","level":"INFO","thread":"EthScheduler-Workers-0","class":"PersistBlockTask","message":"Block 1008 (0xc531308a93ad7891216d2a7e8bb047eb49eb4428e646a81a1d2cefb6491ddd6b) is already imported","throwable":""}
{"timestamp":"2025-10-22T14:19:00,008","container":"8a8e46c31ccc","level":"INFO","thread":"BftProcessorExecutor-QBFT-0","class":"QbftBesuControllerBuilder","message":"Imported #1,009 / 0 tx / 0 pending / 0 (0.0%) gas / (0xd12df8719b93a5a0a0963fbf59e533ecf9de6171dd8502f400873b35377d4dd6)","throwable":""}
{"timestamp":"2025-10-22T14:19:08,020","container":"8a8e46c31ccc","level":"INFO","thread":"EthScheduler-Workers-0","class":"PersistBlockTask","message":"Block 1010 (0x0c5f19df40020b8f2e5c03fc9724d0dc5f960b8183b86f4faa703168ccd07561) is already imported","throwable":""}
{"timestamp":"2025-10-22T14:19:08,020","container":"8a8e46c31ccc","level":"INFO","thread":"BftProcessorExecutor-QBFT-0","class":"QbftBesuControllerBuilder","message":"Imported #1,010 / 0 tx / 0 pending / 0 (0.0%) gas / (0x0c5f19df40020b8f2e5c03fc9724d0dc5f960b8183b86f4faa703168ccd07561)","throwable":""}
{"timestamp":"2025-10-22T14:19:16,009","container":"8a8e46c31ccc","level":"INFO","thread":"BftProcessorExecutor-QBFT-0","class":"QbftBesuControllerBuilder","message":"Imported #1,011 / 0 tx / 0 pending / 0 (0.0%) gas / (0x9fd628402e3184fb9c5cedeb4c99432cd9b98c3ac2726b44f3eeece2d0f4d3d3)","throwable":""}
{"timestamp":"2025-10-22T14:19:24,020","container":"8a8e46c31ccc","level":"INFO","thread":"EthScheduler-Workers-0","class":"PersistBlockTask","message":"Block 1012 (0x59ef06da81b8344191d31ad69c59d52b2354643db2cdb425668655bfa1db82ef) is already imported","throwable":""}
{"timestamp":"2025-10-22T14:19:24,020","container":"8a8e46c31ccc","level":"INFO","thread":"BftProcessorExecutor-QBFT-0","class":"QbftBesuControllerBuilder","message":"Produced #1,012 / 0 tx / 0 pending / 0 (0.0%) gas / (0x59ef06da81b8344191d31ad69c59d52b2354643db2cdb425668655bfa1db82ef)","throwable":""}
{"timestamp":"2025-10-22T14:19:32,013","container":"8a8e46c31ccc","level":"INFO","thread":"BftProcessorExecutor-QBFT-0","class":"QbftBesuControllerBuilder","message":"Imported #1,013 / 0 tx / 0 pending / 0 (0.0%) gas / (0xe3953385aad04ecb47eb41f0ce00edb4934e3a02d90600266d31efb2d58e23ee)","throwable":""}
{"timestamp":"2025-10-22T14:19:40,010","container":"8a8e46c31ccc","level":"INFO","thread":"BftProcessorExecutor-QBFT-0","class":"QbftBesuControllerBuilder","message":"Imported #1,014 / 0 tx / 0 pending / 0 (0.0%) gas / (0x89dfe8d65a23da8ca51a9e3662fa47f25b318cfc1712c9ae6d9e9911e0ca8713)","throwable":""}
{"timestamp":"2025-10-22T14:19:48,026","container":"8a8e46c31ccc","level":"INFO","thread":"BftProcessorExecutor-QBFT-0","class":"QbftBesuControllerBuilder","message":"Imported #1,015 / 1 tx / 0 pending / 3,803,483 (0.0%) gas / (0x4eb201f0671c17b96ab93c9bac8f387aa373d56ee7042279d0bb89c06e2ec550)","throwable":""}
{"timestamp":"2025-10-22T14:19:56,023","container":"8a8e46c31ccc","level":"INFO","thread":"BftProcessorExecutor-QBFT-0","class":"QbftBesuControllerBuilder","message":"Produced #1,016 / 1 tx / 0 pending / 344,135 (0.0%) gas / (0x70ce1a09f0c2ede41b3c9da8372b93ce7e8b846d0334b6075f5aa8de78b28c45)","throwable":""}
{"timestamp":"2025-10-22T14:20:04,019","container":"8a8e46c31ccc","level":"INFO","thread":"EthScheduler-Workers-0","class":"PersistBlockTask","message":"Block 1017 (0x811391cea3e0eb0e69c755c575d1f26bc5585845acb65186d602fff304e90441) is already imported","throwable":""}
{"timestamp":"2025-10-22T14:20:04,019","container":"8a8e46c31ccc","level":"INFO","thread":"BftProcessorExecutor-QBFT-0","class":"QbftBesuControllerBuilder","message":"Imported #1,017 / 0 tx / 0 pending / 0 (0.0%) gas / (0x811391cea3e0eb0e69c755c575d1f26bc5585845acb65186d602fff304e90441)","throwable":""}
{"timestamp":"2025-10-22T14:20:12,010","container":"8a8e46c31ccc","level":"INFO","thread":"BftProcessorExecutor-QBFT-0","class":"QbftBesuControllerBuilder","message":"Imported #1,018 / 0 tx / 0 pending / 0 (0.0%) gas / (0xa868aec8d6f760256dd479886e0694c9fc8283df25182b00ba5ee830d4e2b865)","throwable":""}
{"timestamp":"2025-10-22T14:20:20,016","container":"8a8e46c31ccc","level":"INFO","thread":"EthScheduler-Workers-0","class":"PersistBlockTask","message":"Block 1019 (0x9c3d2076059aee4a1f54bb7d6644c6635bd2b4c56de4a9c8e791736e0adcb990) is already imported","throwable":""}
{"timestamp":"2025-10-22T14:20:20,016","container":"8a8e46c31ccc","level":"INFO","thread":"BftProcessorExecutor-QBFT-0","class":"QbftBesuControllerBuilder","message":"Imported #1,019 / 0 tx / 0 pending / 0 (0.0%) gas / (0x9c3d2076059aee4a1f54bb7d6644c6635bd2b4c56de4a9c8e791736e0adcb990)","throwable":""}
{"timestamp":"2025-10-22T14:20:28,015","container":"8a8e46c31ccc","level":"INFO","thread":"EthScheduler-Workers-0","class":"PersistBlockTask","message":"Block 1020 (0x57341e0a88455a80189f133e668ec2e21ca6a32709a394f776ce98f7e430633c) is already imported","throwable":""}
{"timestamp":"2025-10-22T14:20:28,029","container":"8a8e46c31ccc","level":"INFO","thread":"BftProcessorExecutor-QBFT-0","class":"QbftBesuControllerBuilder","message":"Produced #1,020 / 0 tx / 0 pending / 0 (0.0%) gas / (0x57341e0a88455a80189f133e668ec2e21ca6a32709a394f776ce98f7e430633c)","throwable":""}
{"timestamp":"2025-10-22T14:20:36,011","container":"8a8e46c31ccc","level":"INFO","thread":"BftProcessorExecutor-QBFT-0","class":"QbftBesuControllerBuilder","message":"Imported #1,021 / 0 tx / 0 pending / 0 (0.0%) gas / (0x327aa885bfbc88ea8d0a14ab9b86c21cde8f3fce8238054becaa8527f913fa45)","throwable":""}
{"timestamp":"2025-10-22T14:20:36,011","container":"8a8e46c31ccc","level":"INFO","thread":"EthScheduler-Workers-0","class":"PersistBlockTask","message":"Block 1021 (0x327aa885bfbc88ea8d0a14ab9b86c21cde8f3fce8238054becaa8527f913fa45) is already imported","throwable":""}
{"timestamp":"2025-10-22T14:20:44,024","container":"8a8e46c31ccc","level":"INFO","thread":"EthScheduler-Workers-0","class":"PersistBlockTask","message":"Block 1022 (0x932e1cfc54eadf38507afe31ac446ba5e878e924a251e89e26ee65071ecce330) is already imported","throwable":""}
{"timestamp":"2025-10-22T14:20:44,025","container":"8a8e46c31ccc","level":"INFO","thread":"BftProcessorExecutor-QBFT-0","class":"QbftBesuControllerBuilder","message":"Imported #1,022 / 1 tx / 0 pending / 4,316,353 (0.0%) gas / (0x932e1cfc54eadf38507afe31ac446ba5e878e924a251e89e26ee65071ecce330)","throwable":""}
{"timestamp":"2025-10-22T14:20:52,016","container":"8a8e46c31ccc","level":"INFO","thread":"BftProcessorExecutor-QBFT-0","class":"QbftBesuControllerBuilder","message":"Imported #1,023 / 1 tx / 0 pending / 349,475 (0.0%) gas / (0x8e26455bb2e24cbd5763fc54931515bc89f563dbb65cca8b9b8c0177328e98f1)","throwable":""}
{"timestamp":"2025-10-22T14:21:00,018","container":"8a8e46c31ccc","level":"INFO","thread":"BftProcessorExecutor-QBFT-0","class":"QbftBesuControllerBuilder","message":"Produced #1,024 / 0 tx / 0 pending / 0 (0.0%) gas / (0x5e6bb8edeb23b2c4e8c06c4501e50ef0ba4b6394de7355c8800f4c2232a8d870)","throwable":""}
