{"timestamp":"2025-10-01T13:54:37,541","container":"166713a672ce","level":"INFO","thread":"main","class":"Besu","message":"Starting Besu","throwable":""}
{"timestamp":"2025-10-01T13:54:38,865","container":"166713a672ce","level":"WARN","thread":"main","class":"Besu","message":"--min-gas-price has been ignored because --miner-enabled was not defined on the command line.","throwable":""}
{"timestamp":"2025-10-01T13:54:41,205","container":"166713a672ce","level":"INFO","thread":"main","class":"Besu","message":"
####################################################################################################
#                                                                                                  #
# Besu version 23.4.1                                                                              #
#                                                                                                  #
# Configuration:                                                                                   #
# Network: Custom genesis file specified                                                           #
# Network Id: 1337                                                                                 #
# Data storage: Forest                                                                             #
# Sync mode: Full                                                                                  #
# RPC HTTP APIs: EEA,WEB3,ETH,NET,TRACE,DEBUG,ADMIN,TXPOOL,PRIV,PERM,QBFT                          #
# RPC HTTP port: 8545                                                                              #
#                                                                                                  #
# Host:                                                                                            #
# Java: openjdk-java-17                                                                            #
# Maximum heap size: 1.91 GB                                                                       #
# OS: linux-x86_64                                                                                 #
# glibc: 2.35                                                                                      #
# jemalloc: 5.2.1-0-gea6b3e973b477b8061e0076bb257dbd7f3faa756                                      #
# Total memory: 7.62 GB                                                                            #
# CPU cores: 12                                                                                    #
#                                                                                                  #
####################################################################################################","throwable":""}
{"timestamp":"2025-10-01T13:54:41,206","container":"166713a672ce","level":"INFO","thread":"main","class":"Besu","message":"Connecting to 8 static nodes.","throwable":""}
{"timestamp":"2025-10-01T13:54:41,209","container":"166713a672ce","level":"INFO","thread":"main","class":"Besu","message":"Security Module: localfile","throwable":""}
{"timestamp":"2025-10-01T13:54:41,359","container":"166713a672ce","level":"INFO","thread":"main","class":"Besu","message":"Using the native implementation of alt bn128","throwable":""}
{"timestamp":"2025-10-01T13:54:41,438","container":"166713a672ce","level":"INFO","thread":"main","class":"Besu","message":"Using the native implementation of modexp","throwable":""}
{"timestamp":"2025-10-01T13:54:41,439","container":"166713a672ce","level":"INFO","thread":"main","class":"Besu","message":"Using the native implementation of the signature algorithm","throwable":""}
{"timestamp":"2025-10-01T13:54:41,448","container":"166713a672ce","level":"INFO","thread":"main","class":"Besu","message":"Using the native implementation of the blake2bf algorithm","throwable":""}
{"timestamp":"2025-10-01T13:54:41,511","container":"166713a672ce","level":"INFO","thread":"main","class":"RocksDBKeyValueStorageFactory","message":"No existing database detected at /opt/besu/data. Using version 1","throwable":""}
{"timestamp":"2025-10-01T13:54:44,577","container":"166713a672ce","level":"INFO","thread":"main","class":"KeyPairUtil","message":"Loaded public key 0x86fcc16f4730fbfd238dc17ea552854c0943923bb1d5e886e5601b8d884fb0519060e0023f495dd24ffe60a65660fb7fdcdebfceedd2b3673dfa63658825924b from /opt/besu/keys/nodekey","throwable":""}
{"timestamp":"2025-10-01T13:54:44,698","container":"166713a672ce","level":"WARN","thread":"main","class":"Besu","message":"Privacy is disabled. Cannot use EEA/PRIV API methods when not using Privacy.","throwable":""}
{"timestamp":"2025-10-01T13:54:46,318","container":"166713a672ce","level":"INFO","thread":"main","class":"ProtocolScheduleBuilder","message":"Protocol schedule created with milestones: [GrayGlacier: 0]","throwable":""}
{"timestamp":"2025-10-01T13:54:47,277","container":"166713a672ce","level":"INFO","thread":"main","class":"TransactionPoolFactory","message":"Enabling transaction pool","throwable":""}
{"timestamp":"2025-10-01T13:54:47,402","container":"166713a672ce","level":"INFO","thread":"main","class":"BesuControllerBuilder","message":"TTD difficulty is not present, creating initial sync phase for PoW","throwable":""}
{"timestamp":"2025-10-01T13:54:47,668","container":"166713a672ce","level":"INFO","thread":"main","class":"RunnerBuilder","message":"Detecting NAT service.","throwable":""}
{"timestamp":"2025-10-01T13:54:51,527","container":"166713a672ce","level":"INFO","thread":"main","class":"Runner","message":"Starting external services ... ","throwable":""}
{"timestamp":"2025-10-01T13:54:51,545","container":"166713a672ce","level":"INFO","thread":"main","class":"MetricsHttpService","message":"Starting metrics http service on 0.0.0.0:9545","throwable":""}
{"timestamp":"2025-10-01T13:54:52,013","container":"166713a672ce","level":"INFO","thread":"vert.x-eventloop-thread-1","class":"MetricsHttpService","message":"Metrics service started and listening on 0.0.0.0:9545","throwable":""}
{"timestamp":"2025-10-01T13:54:52,041","container":"166713a672ce","level":"INFO","thread":"main","class":"JsonRpcHttpService","message":"Starting JSON-RPC service on 0.0.0.0:8545","throwable":""}
{"timestamp":"2025-10-01T13:54:52,095","container":"166713a672ce","level":"INFO","thread":"vert.x-eventloop-thread-1","class":"JsonRpcHttpService","message":"JSON-RPC service started and listening on 0.0.0.0:8545","throwable":""}
{"timestamp":"2025-10-01T13:54:52,106","container":"166713a672ce","level":"INFO","thread":"main","class":"GraphQLHttpService","message":"Starting GraphQL HTTP service on 0.0.0.0:8547","throwable":""}
{"timestamp":"2025-10-01T13:54:52,119","container":"166713a672ce","level":"INFO","thread":"vert.x-eventloop-thread-1","class":"GraphQLHttpService","message":"GraphQL HTTP service started and listening on 0.0.0.0:8547","throwable":""}
{"timestamp":"2025-10-01T13:54:52,120","container":"166713a672ce","level":"INFO","thread":"main","class":"WebSocketService","message":"Starting Websocket service on 0.0.0.0:8546","throwable":""}
{"timestamp":"2025-10-01T13:54:52,136","container":"166713a672ce","level":"INFO","thread":"vert.x-eventloop-thread-1","class":"WebSocketService","message":"Websocket service started and listening on 0.0.0.0:8546","throwable":""}
{"timestamp":"2025-10-01T13:54:52,143","container":"166713a672ce","level":"INFO","thread":"main","class":"AutoTransactionLogBloomCachingService","message":"Starting auto transaction log bloom caching service.","throwable":""}
{"timestamp":"2025-10-01T13:54:52,149","container":"166713a672ce","level":"INFO","thread":"main","class":"LogBloomCacheMetadata","message":"Lookup cache metadata file in data directory: /opt/besu/data/caches","throwable":""}
{"timestamp":"2025-10-01T13:54:52,190","container":"166713a672ce","level":"INFO","thread":"main","class":"Runner","message":"Starting Ethereum main loop ... ","throwable":""}
{"timestamp":"2025-10-01T13:54:52,196","container":"166713a672ce","level":"INFO","thread":"main","class":"NatService","message":"No NAT environment detected so no service could be started","throwable":""}
{"timestamp":"2025-10-01T13:54:52,196","container":"166713a672ce","level":"INFO","thread":"main","class":"NetworkRunner","message":"Starting Network.","throwable":""}
{"timestamp":"2025-10-01T13:54:52,237","container":"166713a672ce","level":"INFO","thread":"nioEventLoopGroup-2-1","class":"RlpxAgent","message":"P2P RLPx agent started and listening on /[0:0:0:0:0:0:0:0]:30303.","throwable":""}
{"timestamp":"2025-10-01T13:54:52,245","container":"166713a672ce","level":"INFO","thread":"main","class":"PeerDiscoveryAgent","message":"Starting peer discovery agent on host=0.0.0.0, port=30303","throwable":""}
{"timestamp":"2025-10-01T13:54:52,348","container":"166713a672ce","level":"INFO","thread":"vert.x-eventloop-thread-1","class":"VertxPeerDiscoveryAgent","message":"Started peer discovery agent successfully, on effective host=0:0:0:0:0:0:0:0%0 and port=30303","throwable":""}
{"timestamp":"2025-10-01T13:54:52,362","container":"166713a672ce","level":"INFO","thread":"vert.x-eventloop-thread-1","class":"PeerDiscoveryAgent","message":"P2P peer discovery agent started and listening on /[0:0:0:0:0:0:0:0%0]:30303","throwable":""}
{"timestamp":"2025-10-01T13:54:52,612","container":"166713a672ce","level":"INFO","thread":"vert.x-eventloop-thread-1","class":"PeerDiscoveryAgent","message":"Writing node record to disk. NodeRecord{seq=1, publicKey=0x0386fcc16f4730fbfd238dc17ea552854c0943923bb1d5e886e5601b8d884fb051, udpAddress=Optional[/172.16.239.15:30303], tcpAddress=Optional[/172.16.239.15:30303], asBase64=-Je4QOxyHXxV6ZzNHKaPSqpf_YRL0lOyGp6TSjDkSB8AA9M2Hkfk-akqDQhAraJXRVy-xTEKDxFzctd2ohaZZrt-fqABg2V0aMfGhGpSrW2AgmlkgnY0gmlwhKwQ7w-Jc2VjcDI1NmsxoQOG_MFvRzD7_SONwX6lUoVMCUOSO7HV6IblYBuNiE-wUYN0Y3CCdl-DdWRwgnZf, nodeId=0x133b4f32d7750cdfd4048f04df8b560be949c229c821731554c33ead5e3888a4, customFields={tcp=30303, udp=30303, ip=0xac10ef0f, eth=[[0x6a52ad6d, 0x]], id=V4, secp256k1=0x0386fcc16f4730fbfd238dc17ea552854c0943923bb1d5e886e5601b8d884fb051}}","throwable":""}
{"timestamp":"2025-10-01T13:54:52,852","container":"166713a672ce","level":"INFO","thread":"main","class":"DefaultP2PNetwork","message":"Enode URL enode://86fcc16f4730fbfd238dc17ea552854c0943923bb1d5e886e5601b8d884fb0519060e0023f495dd24ffe60a65660fb7fdcdebfceedd2b3673dfa63658825924b@172.16.239.15:30303","throwable":""}
{"timestamp":"2025-10-01T13:54:52,859","container":"166713a672ce","level":"INFO","thread":"main","class":"DefaultP2PNetwork","message":"Node address 0xdf8b560be949c229c821731554c33ead5e3888a4","throwable":""}
{"timestamp":"2025-10-01T13:54:53,083","container":"166713a672ce","level":"INFO","thread":"main","class":"NetworkRunner","message":"Supported capabilities: [eth/62, eth/63, eth/64, eth/65, eth/66, eth/67, eth/68], [istanbul/100], [snap/1]","throwable":""}
{"timestamp":"2025-10-01T13:54:53,084","container":"166713a672ce","level":"INFO","thread":"main","class":"DefaultSynchronizer","message":"Starting synchronizer.","throwable":""}
{"timestamp":"2025-10-01T13:54:53,107","container":"166713a672ce","level":"INFO","thread":"main","class":"TransactionPoolFactory","message":"Enabling transaction handling following initial sync","throwable":""}
{"timestamp":"2025-10-01T13:54:53,126","container":"166713a672ce","level":"INFO","thread":"main","class":"FullSyncDownloader","message":"Starting full sync.","throwable":""}
{"timestamp":"2025-10-01T13:54:53,127","container":"166713a672ce","level":"INFO","thread":"main","class":"FullSyncTargetManager","message":"Unable to find sync target. Currently checking 0 peers for usefulness","throwable":""}
{"timestamp":"2025-10-01T13:54:58,919","container":"166713a672ce","level":"INFO","thread":"main","class":"Runner","message":"Ethereum main loop is up.","throwable":""}
{"timestamp":"2025-10-01T13:54:55,600","container":"166713a672ce","level":"INFO","thread":"nioEventLoopGroup-3-2","class":"FullSyncTargetManager","message":"Unable to find sync target. Currently checking 5 peers for usefulness","throwable":""}
{"timestamp":"2025-10-01T13:55:00,650","container":"166713a672ce","level":"INFO","thread":"EthScheduler-Timer-0","class":"FullSyncTargetManager","message":"Unable to find sync target. Currently checking 5 peers for usefulness","throwable":""}
{"timestamp":"2025-10-01T13:55:04,191","container":"166713a672ce","level":"INFO","thread":"EthScheduler-Workers-0","class":"PersistBlockTask","message":"Imported #1 / 0 tx / 0 om / 0 (0.0%) gas / (0x11d8eef705ef3aabc9c92ad3941acf8a9830cd546f01257010545d4dcccd9c9d) in 0.042s. Peers: 5","throwable":""}
{"timestamp":"2025-10-01T13:55:05,663","container":"166713a672ce","level":"INFO","thread":"EthScheduler-Timer-0","class":"FullSyncTargetManager","message":"Unable to find sync target. Currently checking 5 peers for usefulness","throwable":""}
{"timestamp":"2025-10-01T13:55:10,636","container":"166713a672ce","level":"INFO","thread":"EthScheduler-Timer-0","class":"FullSyncTargetManager","message":"Unable to find sync target. Currently checking 5 peers for usefulness","throwable":""}
{"timestamp":"2025-10-01T13:55:15,650","container":"166713a672ce","level":"INFO","thread":"EthScheduler-Timer-0","class":"FullSyncTargetManager","message":"Unable to find sync target. Currently checking 5 peers for usefulness","throwable":""}
{"timestamp":"2025-10-01T13:55:20,654","container":"166713a672ce","level":"INFO","thread":"EthScheduler-Timer-0","class":"FullSyncTargetManager","message":"Unable to find sync target. Currently checking 5 peers for usefulness","throwable":""}
{"timestamp":"2025-10-01T13:55:21,355","container":"166713a672ce","level":"INFO","thread":"EthScheduler-Workers-0","class":"PersistBlockTask","message":"Imported #2 / 0 tx / 0 om / 0 (0.0%) gas / (0x160abc94ab34ee7ecd99c91d9f110e9daa2114e1b720bec46c9b4230415b51a3) in 0.015s. Peers: 5","throwable":""}
{"timestamp":"2025-10-01T13:55:29,141","container":"166713a672ce","level":"INFO","thread":"EthScheduler-Workers-0","class":"PersistBlockTask","message":"Imported #3 / 0 tx / 0 om / 0 (0.0%) gas / (0x0724089f108e8c23250b8b35e318392abfc3c7b1b4ba8149b1276d3d09415f5a) in 0.014s. Peers: 5","throwable":""}
{"timestamp":"2025-10-01T13:55:37,201","container":"166713a672ce","level":"INFO","thread":"EthScheduler-Workers-0","class":"PersistBlockTask","message":"Imported #4 / 0 tx / 0 om / 0 (0.0%) gas / (0x7e77d55d2eccc4cfb5c960f9aa7b1c437519ed122960e389ce4e1a256517d8cd) in 0.017s. Peers: 5","throwable":""}
{"timestamp":"2025-10-01T13:55:45,131","container":"166713a672ce","level":"INFO","thread":"EthScheduler-Workers-0","class":"PersistBlockTask","message":"Imported #5 / 0 tx / 0 om / 0 (0.0%) gas / (0xaccb07f7d14ef12c6a57be646906e2312b1aec1bdd7f79ae437abf4a12d1d0b4) in 0.012s. Peers: 5","throwable":""}
{"timestamp":"2025-10-01T13:55:53,131","container":"166713a672ce","level":"INFO","thread":"EthScheduler-Workers-0","class":"PersistBlockTask","message":"Imported #6 / 0 tx / 0 om / 0 (0.0%) gas / (0xd5b8dd64d0f59e01048c067137927025a6236a5003fe4efe3c3b66bf54a9e4bb) in 0.012s. Peers: 5","throwable":""}
{"timestamp":"2025-10-01T13:56:14,789","container":"166713a672ce","level":"INFO","thread":"EthScheduler-Workers-0","class":"PersistBlockTask","message":"Imported #7 / 0 tx / 0 om / 0 (0.0%) gas / (0xe1151596effac92d95396f183e67be1bb9b9dac5aa6648d873ad58dea09ec9b1) in 0.154s. Peers: 5","throwable":""}
{"timestamp":"2025-10-01T13:56:16,376","container":"166713a672ce","level":"INFO","thread":"EthScheduler-Workers-0","class":"PersistBlockTask","message":"Imported #8 / 0 tx / 0 om / 0 (0.0%) gas / (0xb38c6d7ace49f84658bf988b92c23c5242c1db35b711d1ca1286512173f5c207) in 0.074s. Peers: 5","throwable":""}
{"timestamp":"2025-10-01T14:00:32,083","container":"166713a672ce","level":"WARN","thread":"vertx-blocked-thread-checker","class":"BlockedThreadChecker","message":"Thread Thread[vert.x-eventloop-thread-1,5,main] has been blocked for 4978 ms, time limit is 2000 ms","throwable":""}
{"timestamp":"2025-10-01T14:00:46,363","container":"166713a672ce","level":"WARN","thread":"vertx-blocked-thread-checker","class":"BlockedThreadChecker","message":"Thread Thread[vert.x-eventloop-thread-1,5,main] has been blocked for 2538 ms, time limit is 2000 ms","throwable":""}
{"timestamp":"2025-10-01T14:00:44,414","container":"166713a672ce","level":"INFO","thread":"EthScheduler-Workers-0","class":"PersistBlockTask","message":"Imported #9 / 0 tx / 0 om / 0 (0.0%) gas / (0xf2727fe869ff2d519b4ca84cefa0a4e253436da1b2f8bbc49274a230bdaa3321) in 0.157s. Peers: 5","throwable":""}
{"timestamp":"2025-10-01T14:00:51,053","container":"166713a672ce","level":"INFO","thread":"EthScheduler-Workers-0","class":"PersistBlockTask","message":"Imported #10 / 0 tx / 0 om / 0 (0.0%) gas / (0xf978129f8e29226598948c203beb13f73786515059163cf6641bd5982d39d370) in 0.003s. Peers: 5","throwable":""}
{"timestamp":"2025-10-01T14:00:59,074","container":"166713a672ce","level":"INFO","thread":"EthScheduler-Workers-0","class":"PersistBlockTask","message":"Imported #11 / 0 tx / 0 om / 0 (0.0%) gas / (0x8870446098349a7dd996931b0410173a9c1a7f0e1504afc4177a3a38fc7532ff) in 0.006s. Peers: 5","throwable":""}
{"timestamp":"2025-10-01T14:01:07,063","container":"166713a672ce","level":"INFO","thread":"EthScheduler-Workers-0","class":"PersistBlockTask","message":"Imported #12 / 0 tx / 0 om / 0 (0.0%) gas / (0xeab2ba5fb637b1c2c6235bcb46a51bfffe23f76bb1ce5459d0b8c29f3024f0c6) in 0.008s. Peers: 5","throwable":""}
{"timestamp":"2025-10-01T14:01:15,087","container":"166713a672ce","level":"INFO","thread":"EthScheduler-Workers-0","class":"PersistBlockTask","message":"Imported #13 / 0 tx / 0 om / 0 (0.0%) gas / (0x1190650c3717a17fa74156c9ba3e8af7ab5ce91f864c16861df487d1feaea2f5) in 0.017s. Peers: 5","throwable":""}
{"timestamp":"2025-10-01T14:01:28,860","container":"166713a672ce","level":"INFO","thread":"EthScheduler-Workers-0","class":"PersistBlockTask","message":"Imported #14 / 0 tx / 0 om / 0 (0.0%) gas / (0x05d88676b18ec25c3fb6e574929fc0fc7ea5100de1441f748ee2bc14538b4787) in 0.079s. Peers: 5","throwable":""}
{"timestamp":"2025-10-01T14:01:37,262","container":"166713a672ce","level":"INFO","thread":"EthScheduler-Workers-0","class":"PersistBlockTask","message":"Imported #15 / 0 tx / 0 om / 0 (0.0%) gas / (0xc4fe93167a2331fb1829f939b6c73c23f985f8cc895a957b4397ee8e4504edea) in 0.035s. Peers: 5","throwable":""}
{"timestamp":"2025-10-01T14:01:50,082","container":"166713a672ce","level":"INFO","thread":"EthScheduler-Workers-0","class":"PersistBlockTask","message":"Imported #16 / 0 tx / 0 om / 0 (0.0%) gas / (0xf89a5d2dc407a7f830e90a54f4d3bfc5b94e3b053dcd7a353b902c866e377a87) in 0.063s. Peers: 5","throwable":""}
{"timestamp":"2025-10-01T14:02:02,732","container":"166713a672ce","level":"INFO","thread":"EthScheduler-Workers-0","class":"PersistBlockTask","message":"Imported #17 / 0 tx / 0 om / 0 (0.0%) gas / (0xa4f2ae9059731e1c9ffb9068555cb3e89babd4726c1ead374c7a3aa80c4b5310) in 0.050s. Peers: 5","throwable":""}
{"timestamp":"2025-10-01T14:02:16,739","container":"166713a672ce","level":"INFO","thread":"EthScheduler-Workers-0","class":"PersistBlockTask","message":"Imported #18 / 0 tx / 0 om / 0 (0.0%) gas / (0x6b4ace132899e75e809a2eaca93e26d16ae18203c2e3ae5aaeee9927045855cf) in 0.049s. Peers: 5","throwable":""}
{"timestamp":"2025-10-01T14:02:24,479","container":"166713a672ce","level":"INFO","thread":"EthScheduler-Workers-0","class":"PersistBlockTask","message":"Imported #19 / 0 tx / 0 om / 0 (0.0%) gas / (0xc10a4078ceafa4715a5c5b709e63c3890792685dda08ec905bbd58c2afd7c93e) in 0.116s. Peers: 5","throwable":""}
{"timestamp":"2025-10-01T14:02:32,618","container":"166713a672ce","level":"INFO","thread":"EthScheduler-Workers-0","class":"PersistBlockTask","message":"Imported #20 / 0 tx / 0 om / 0 (0.0%) gas / (0xea10b813877d408939dbc0dae34d4b80f583e95f369f4b526928f0d74bf1db06) in 0.017s. Peers: 5","throwable":""}
{"timestamp":"2025-10-01T14:02:40,587","container":"166713a672ce","level":"INFO","thread":"EthScheduler-Workers-0","class":"PersistBlockTask","message":"Imported #21 / 0 tx / 0 om / 0 (0.0%) gas / (0x579e12d3e65a40697ef2995a1d90606e8db1c28382b625227f910f04c13ca083) in 0.015s. Peers: 5","throwable":""}
{"timestamp":"2025-10-01T14:02:48,636","container":"166713a672ce","level":"INFO","thread":"EthScheduler-Workers-0","class":"PersistBlockTask","message":"Imported #22 / 0 tx / 0 om / 0 (0.0%) gas / (0x5cadc2d23cdf82c860853356ebb9e090a253f18141300a2422efbb6a6278aca2) in 0.190s. Peers: 5","throwable":""}
{"timestamp":"2025-10-01T14:03:15,697","container":"166713a672ce","level":"INFO","thread":"EthScheduler-Workers-0","class":"PersistBlockTask","message":"Imported #23 / 0 tx / 0 om / 0 (0.0%) gas / (0x0a0b2736751e2cc13848220c685b9be70377c9b4f884a07371572dbb87b48b55) in 7.953s. Peers: 5","throwable":""}
{"timestamp":"2025-10-01T14:03:56,468","container":"166713a672ce","level":"WARN","thread":"vertx-blocked-thread-checker","class":"BlockedThreadChecker","message":"Thread Thread[vert.x-eventloop-thread-1,5,main] has been blocked for 4223 ms, time limit is 2000 ms","throwable":""}
{"timestamp":"2025-10-01T14:04:09,822","container":"166713a672ce","level":"WARN","thread":"vertx-blocked-thread-checker","class":"BlockedThreadChecker","message":"Thread Thread[vert.x-eventloop-thread-1,5,main] has been blocked for 4563 ms, time limit is 2000 ms","throwable":""}
{"timestamp":"2025-10-01T14:08:23,671","container":"166713a672ce","level":"INFO","thread":"EthScheduler-Timer-0","class":"FullSyncTargetManager","message":"Unable to find sync target. Currently checking 0 peers for usefulness","throwable":""}
{"timestamp":"2025-10-01T14:07:44,040","container":"166713a672ce","level":"WARN","thread":"vertx-blocked-thread-checker","class":"BlockedThreadChecker","message":"Thread Thread[vert.x-eventloop-thread-1,5,main] has been blocked for 16597 ms, time limit is 2000 ms","throwable":" io.vertx.core.VertxException: Thread blocked\n\tat java.base@17.0.7/jdk.internal.misc.Unsafe.allocateInstance(Native Method)\n\tat java.base@17.0.7/java.lang.invoke.DirectMethodHandle.allocateInstance(DirectMethodHandle.java:520)\n\tat java.base@17.0.7/java.lang.invoke.LambdaForm$DMH/0x0000000801558000.newInvokeSpecial(LambdaForm$DMH)\n\tat java.base@17.0.7/java.lang.invoke.LambdaForm$MH/0x0000000801558400.linkToTargetMethod(LambdaForm$MH)\n\tat app//io.vertx.core.impl.ContextBase.executeBlocking(ContextBase.java:130)\n\tat app//io.vertx.core.impl.ContextBase.executeBlocking(ContextBase.java:115)\n\tat app//io.vertx.core.impl.ContextInternal.executeBlocking(ContextInternal.java:153)\n\tat app//io.vertx.core.Vertx.executeBlocking(Vertx.java:591)\n\tat app//org.hyperledger.besu.ethereum.p2p.discovery.VertxPeerDiscoveryAgent$VertxAsyncExecutor.execute(VertxPeerDiscoveryAgent.java:316)\n\tat app//org.hyperledger.besu.ethereum.p2p.discovery.internal.PeerDiscoveryController.createPacket(PeerDiscoveryController.java:613)\n\tat app//org.hyperledger.besu.ethereum.p2p.discovery.internal.PeerDiscoveryController.sendPacket(PeerDiscoveryController.java:594)\n\tat app//org.hyperledger.besu.ethereum.p2p.discovery.internal.PeerDiscoveryController.lambda$findNodes$21(PeerDiscoveryController.java:632)\n\tat app//org.hyperledger.besu.ethereum.p2p.discovery.internal.PeerDiscoveryController$$Lambda$1487/0x00000008016bcfe0.accept(Unknown Source)\n\tat app//org.hyperledger.besu.ethereum.p2p.discovery.internal.PeerDiscoveryController$PeerInteractionState.execute(PeerDiscoveryController.java:787)\n\tat app//org.hyperledger.besu.ethereum.p2p.discovery.internal.PeerDiscoveryController.dispatchInteraction(PeerDiscoveryController.java:657)\n\tat app//org.hyperledger.besu.ethereum.p2p.discovery.internal.PeerDiscoveryController.findNodes(PeerDiscoveryController.java:636)\n\tat app//org.hyperledger.besu.ethereum.p2p.discovery.internal.PeerDiscoveryController$$Lambda$1334/0x000000080161ab90.findNeighbours(Unknown Source)\n\tat app//org.hyperledger.besu.ethereum.p2p.discovery.internal.RecursivePeerRefreshState.neighboursInitiateRound(RecursivePeerRefreshState.java:166)\n\tat app//org.hyperledger.besu.ethereum.p2p.discovery.internal.RecursivePeerRefreshState.bondingInitiateRound(RecursivePeerRefreshState.java:111)\n\tat app//org.hyperledger.besu.ethereum.p2p.discovery.internal.RecursivePeerRefreshState.neighboursCancelOutstandingRequests(RecursivePeerRefreshState.java:180)\n\tat app//org.hyperledger.besu.ethereum.p2p.discovery.internal.RecursivePeerRefreshState$$Lambda$1495/0x00000008016bef58.run(Unknown Source)\n\tat app//org.hyperledger.besu.ethereum.p2p.discovery.internal.RecursivePeerRefreshState.performIfNotCancelled(RecursivePeerRefreshState.java:133)\n\tat app//org.hyperledger.besu.ethereum.p2p.discovery.internal.RecursivePeerRefreshState.lambda$scheduleTimeout$0(RecursivePeerRefreshState.java:127)\n\tat app//org.hyperledger.besu.ethereum.p2p.discovery.internal.RecursivePeerRefreshState$$Lambda$1365/0x00000008016215e8.handle(Unknown Source)\n\tat app//org.hyperledger.besu.ethereum.p2p.discovery.internal.VertxTimerUtil.lambda$setTimer$1(VertxTimerUtil.java:34)\n\tat app//org.hyperledger.besu.ethereum.p2p.discovery.internal.VertxTimerUtil$$Lambda$1361/0x0000000801620d38.handle(Unknown Source)\n\tat app//io.vertx.core.impl.VertxImpl$InternalTimerHandler.handle(VertxImpl.java:932)\n\tat app//io.vertx.core.impl.VertxImpl$InternalTimerHandler.handle(VertxImpl.java:903)\n\tat app//io.vertx.core.impl.EventLoopContext.emit(EventLoopContext.java:55)\n\tat app//io.vertx.core.impl.ContextBase.emit(ContextBase.java:239)\n\tat app//io.vertx.core.impl.ContextInternal.emit(ContextInternal.java:194)\n\tat app//io.vertx.core.impl.VertxImpl$InternalTimerHandler.run(VertxImpl.java:921)\n\tat app//io.netty.util.concurrent.PromiseTask.runTask(PromiseTask.java:98)\n\tat app//io.netty.util.concurrent.ScheduledFutureTask.run(ScheduledFutureTask.java:153)\n\tat app//io.netty.util.concurrent.AbstractEventExecutor.runTask(AbstractEventExecutor.java:174)\n\tat app//io.netty.util.concurrent.AbstractEventExecutor.safeExecute(AbstractEventExecutor.java:167)\n\tat app//io.netty.util.concurrent.SingleThreadEventExecutor.runAllTasks(SingleThreadEventExecutor.java:470)\n\tat app//io.netty.channel.epoll.EpollEventLoop.run(EpollEventLoop.java:406)\n\tat app//io.netty.util.concurrent.SingleThreadEventExecutor$4.run(SingleThreadEventExecutor.java:997)\n\tat app//io.netty.util.internal.ThreadExecutorMap$2.run(ThreadExecutorMap.java:74)\n\tat app//io.netty.util.concurrent.FastThreadLocalRunnable.run(FastThreadLocalRunnable.java:30)\n\tat java.base@17.0.7/java.lang.Thread.run(Thread.java:833)\n"}
{"timestamp":"2025-10-01T14:08:25,426","container":"166713a672ce","level":"INFO","thread":"nioEventLoopGroup-3-9","class":"FullSyncTargetManager","message":"Unable to find sync target. Currently checking 1 peers for usefulness","throwable":""}
{"timestamp":"2025-10-01T14:08:25,479","container":"166713a672ce","level":"INFO","thread":"nioEventLoopGroup-3-3","class":"FullSyncTargetManager","message":"Unable to find sync target. Currently checking 2 peers for usefulness","throwable":""}
{"timestamp":"2025-10-01T14:08:37,447","container":"166713a672ce","level":"INFO","thread":"EthScheduler-Workers-0","class":"PersistBlockTask","message":"Imported #25 / 0 tx / 0 om / 0 (0.0%) gas / (0x6d374cc02d35a68dab018bb40ee490c50f768cfd2fc0a94d07d3ab6fe6e47496) in 0.003s. Peers: 5","throwable":""}
{"timestamp":"2025-10-01T14:08:45,044","container":"166713a672ce","level":"INFO","thread":"EthScheduler-Workers-0","class":"PersistBlockTask","message":"Imported #26 / 0 tx / 0 om / 0 (0.0%) gas / (0xeee243fd4f1a5c1f0d5d60f04f503d820ecedb943beb1e0f280a863a2a50cf68) in 0.007s. Peers: 5","throwable":""}
{"timestamp":"2025-10-01T14:08:53,045","container":"166713a672ce","level":"INFO","thread":"EthScheduler-Workers-0","class":"PersistBlockTask","message":"Imported #27 / 0 tx / 0 om / 0 (0.0%) gas / (0xfe18a59bc493c5834b61c2260595311c78aecf3b815528f4e30450b00eaea24e) in 0.002s. Peers: 5","throwable":""}
{"timestamp":"2025-10-01T14:09:01,051","container":"166713a672ce","level":"INFO","thread":"EthScheduler-Workers-0","class":"PersistBlockTask","message":"Imported #28 / 0 tx / 0 om / 0 (0.0%) gas / (0x4da252e2795f7d1543df83503b35de32cc9f8f9df2b9f26ce947558e636620c7) in 0.005s. Peers: 5","throwable":""}
{"timestamp":"2025-10-01T14:09:09,069","container":"166713a672ce","level":"INFO","thread":"EthScheduler-Workers-0","class":"PersistBlockTask","message":"Imported #29 / 0 tx / 0 om / 0 (0.0%) gas / (0x37342f5c911d89d40dfc36f27125ac369bfe4b8ae81eb48fadf60d5c589631e2) in 0.003s. Peers: 5","throwable":""}
{"timestamp":"2025-10-01T14:09:17,042","container":"166713a672ce","level":"INFO","thread":"EthScheduler-Workers-0","class":"PersistBlockTask","message":"Imported #30 / 0 tx / 0 om / 0 (0.0%) gas / (0x11cd3cacba06fb8ed4c843bddfea1d781206b68b85dcc9b5c8f18b293ab7191f) in 0.002s. Peers: 5","throwable":""}
{"timestamp":"2025-10-01T14:09:25,042","container":"166713a672ce","level":"INFO","thread":"EthScheduler-Workers-0","class":"PersistBlockTask","message":"Imported #31 / 0 tx / 0 om / 0 (0.0%) gas / (0x43c60d1b8541dde924eb2491232efca79b6a71478548dff90a032bb60ec18a8d) in 0.003s. Peers: 5","throwable":""}
{"timestamp":"2025-10-03T11:32:07,512","container":"166713a672ce","level":"INFO","thread":"main","class":"Besu","message":"Starting Besu","throwable":""}
{"timestamp":"2025-10-03T11:32:08,742","container":"166713a672ce","level":"WARN","thread":"main","class":"Besu","message":"--min-gas-price has been ignored because --miner-enabled was not defined on the command line.","throwable":""}
{"timestamp":"2025-10-03T11:32:11,039","container":"166713a672ce","level":"INFO","thread":"main","class":"Besu","message":"
####################################################################################################
#                                                                                                  #
# Besu version 23.4.1                                                                              #
#                                                                                                  #
# Configuration:                                                                                   #
# Network: Custom genesis file specified                                                           #
# Network Id: 1337                                                                                 #
# Data storage: Forest                                                                             #
# Sync mode: Full                                                                                  #
# RPC HTTP APIs: EEA,WEB3,ETH,NET,TRACE,DEBUG,ADMIN,TXPOOL,PRIV,PERM,QBFT                          #
# RPC HTTP port: 8545                                                                              #
#                                                                                                  #
# Host:                                                                                            #
# Java: openjdk-java-17                                                                            #
# Maximum heap size: 1.91 GB                                                                       #
# OS: linux-x86_64                                                                                 #
# glibc: 2.35                                                                                      #
# jemalloc: 5.2.1-0-gea6b3e973b477b8061e0076bb257dbd7f3faa756                                      #
# Total memory: 7.62 GB                                                                            #
# CPU cores: 12                                                                                    #
#                                                                                                  #
####################################################################################################","throwable":""}
{"timestamp":"2025-10-03T11:32:11,043","container":"166713a672ce","level":"INFO","thread":"main","class":"Besu","message":"Connecting to 8 static nodes.","throwable":""}
{"timestamp":"2025-10-03T11:32:11,044","container":"166713a672ce","level":"INFO","thread":"main","class":"Besu","message":"Security Module: localfile","throwable":""}
{"timestamp":"2025-10-03T11:32:11,340","container":"166713a672ce","level":"INFO","thread":"main","class":"Besu","message":"Using the native implementation of alt bn128","throwable":""}
{"timestamp":"2025-10-03T11:32:11,582","container":"166713a672ce","level":"INFO","thread":"main","class":"Besu","message":"Using the native implementation of modexp","throwable":""}
{"timestamp":"2025-10-03T11:32:11,583","container":"166713a672ce","level":"INFO","thread":"main","class":"Besu","message":"Using the native implementation of the signature algorithm","throwable":""}
{"timestamp":"2025-10-03T11:32:11,607","container":"166713a672ce","level":"INFO","thread":"main","class":"Besu","message":"Using the native implementation of the blake2bf algorithm","throwable":""}
{"timestamp":"2025-10-03T11:32:11,776","container":"166713a672ce","level":"INFO","thread":"main","class":"DatabaseMetadata","message":"Lookup database metadata file in data directory: /opt/besu/data","throwable":""}
{"timestamp":"2025-10-03T11:32:12,011","container":"166713a672ce","level":"INFO","thread":"main","class":"RocksDBKeyValueStorageFactory","message":"Existing database detected at /opt/besu/data. Version 1. Compacting database...","throwable":""}
{"timestamp":"2025-10-03T11:32:14,504","container":"166713a672ce","level":"INFO","thread":"main","class":"KeyPairUtil","message":"Loaded public key 0x86fcc16f4730fbfd238dc17ea552854c0943923bb1d5e886e5601b8d884fb0519060e0023f495dd24ffe60a65660fb7fdcdebfceedd2b3673dfa63658825924b from /opt/besu/keys/nodekey","throwable":""}
{"timestamp":"2025-10-03T11:32:14,577","container":"166713a672ce","level":"WARN","thread":"main","class":"Besu","message":"Privacy is disabled. Cannot use EEA/PRIV API methods when not using Privacy.","throwable":""}
{"timestamp":"2025-10-03T11:32:15,268","container":"166713a672ce","level":"INFO","thread":"main","class":"ProtocolScheduleBuilder","message":"Protocol schedule created with milestones: [GrayGlacier: 0]","throwable":""}
{"timestamp":"2025-10-03T11:32:15,760","container":"166713a672ce","level":"INFO","thread":"main","class":"TransactionPoolFactory","message":"Enabling transaction pool","throwable":""}
{"timestamp":"2025-10-03T11:32:15,820","container":"166713a672ce","level":"INFO","thread":"main","class":"BesuControllerBuilder","message":"TTD difficulty is not present, creating initial sync phase for PoW","throwable":""}
{"timestamp":"2025-10-03T11:32:16,079","container":"166713a672ce","level":"INFO","thread":"main","class":"RunnerBuilder","message":"Detecting NAT service.","throwable":""}
{"timestamp":"2025-10-03T11:32:18,345","container":"166713a672ce","level":"INFO","thread":"main","class":"Runner","message":"Starting external services ... ","throwable":""}
{"timestamp":"2025-10-03T11:32:18,346","container":"166713a672ce","level":"INFO","thread":"main","class":"MetricsHttpService","message":"Starting metrics http service on 0.0.0.0:9545","throwable":""}
{"timestamp":"2025-10-03T11:32:18,735","container":"166713a672ce","level":"INFO","thread":"vert.x-eventloop-thread-1","class":"MetricsHttpService","message":"Metrics service started and listening on 0.0.0.0:9545","throwable":""}
{"timestamp":"2025-10-03T11:32:18,736","container":"166713a672ce","level":"INFO","thread":"main","class":"JsonRpcHttpService","message":"Starting JSON-RPC service on 0.0.0.0:8545","throwable":""}
{"timestamp":"2025-10-03T11:32:18,787","container":"166713a672ce","level":"INFO","thread":"vert.x-eventloop-thread-1","class":"JsonRpcHttpService","message":"JSON-RPC service started and listening on 0.0.0.0:8545","throwable":""}
{"timestamp":"2025-10-03T11:32:18,800","container":"166713a672ce","level":"INFO","thread":"main","class":"GraphQLHttpService","message":"Starting GraphQL HTTP service on 0.0.0.0:8547","throwable":""}
{"timestamp":"2025-10-03T11:32:18,813","container":"166713a672ce","level":"INFO","thread":"main","class":"WebSocketService","message":"Starting Websocket service on 0.0.0.0:8546","throwable":""}
{"timestamp":"2025-10-03T11:32:18,819","container":"166713a672ce","level":"INFO","thread":"vert.x-eventloop-thread-1","class":"GraphQLHttpService","message":"GraphQL HTTP service started and listening on 0.0.0.0:8547","throwable":""}
{"timestamp":"2025-10-03T11:32:18,830","container":"166713a672ce","level":"INFO","thread":"vert.x-eventloop-thread-1","class":"WebSocketService","message":"Websocket service started and listening on 0.0.0.0:8546","throwable":""}
{"timestamp":"2025-10-03T11:32:18,846","container":"166713a672ce","level":"INFO","thread":"main","class":"AutoTransactionLogBloomCachingService","message":"Starting auto transaction log bloom caching service.","throwable":""}
{"timestamp":"2025-10-03T11:32:18,849","container":"166713a672ce","level":"INFO","thread":"main","class":"LogBloomCacheMetadata","message":"Lookup cache metadata file in data directory: /opt/besu/data/caches","throwable":""}
{"timestamp":"2025-10-03T11:32:18,903","container":"166713a672ce","level":"INFO","thread":"main","class":"Runner","message":"Starting Ethereum main loop ... ","throwable":""}
{"timestamp":"2025-10-03T11:32:18,904","container":"166713a672ce","level":"INFO","thread":"main","class":"NatService","message":"No NAT environment detected so no service could be started","throwable":""}
{"timestamp":"2025-10-03T11:32:18,909","container":"166713a672ce","level":"INFO","thread":"main","class":"NetworkRunner","message":"Starting Network.","throwable":""}
{"timestamp":"2025-10-03T11:32:19,013","container":"166713a672ce","level":"INFO","thread":"nioEventLoopGroup-2-1","class":"RlpxAgent","message":"P2P RLPx agent started and listening on /[0:0:0:0:0:0:0:0]:30303.","throwable":""}
{"timestamp":"2025-10-03T11:32:19,018","container":"166713a672ce","level":"INFO","thread":"main","class":"PeerDiscoveryAgent","message":"Starting peer discovery agent on host=0.0.0.0, port=30303","throwable":""}
{"timestamp":"2025-10-03T11:32:19,116","container":"166713a672ce","level":"INFO","thread":"vert.x-eventloop-thread-1","class":"VertxPeerDiscoveryAgent","message":"Started peer discovery agent successfully, on effective host=0:0:0:0:0:0:0:0%0 and port=30303","throwable":""}
{"timestamp":"2025-10-03T11:32:19,118","container":"166713a672ce","level":"INFO","thread":"vert.x-eventloop-thread-1","class":"PeerDiscoveryAgent","message":"P2P peer discovery agent started and listening on /[0:0:0:0:0:0:0:0%0]:30303","throwable":""}
{"timestamp":"2025-10-03T11:32:19,386","container":"166713a672ce","level":"INFO","thread":"vert.x-eventloop-thread-1","class":"PeerDiscoveryAgent","message":"Writing node record to disk. NodeRecord{seq=2, publicKey=0x0386fcc16f4730fbfd238dc17ea552854c0943923bb1d5e886e5601b8d884fb051, udpAddress=Optional[/172.16.239.15:30303], tcpAddress=Optional[/172.16.239.15:30303], asBase64=-Je4QJXG1QEl7C4Yg8JKUrvXI9gCWUgmhKxOttC6RfcjJyuCZE-p2XCtSx8KyXIw69axhWPsRiTSzfzI0gxPQ9XBzPcCg2V0aMfGhGpSrW2AgmlkgnY0gmlwhKwQ7w-Jc2VjcDI1NmsxoQOG_MFvRzD7_SONwX6lUoVMCUOSO7HV6IblYBuNiE-wUYN0Y3CCdl-DdWRwgnZf, nodeId=0x133b4f32d7750cdfd4048f04df8b560be949c229c821731554c33ead5e3888a4, customFields={tcp=30303, udp=30303, ip=0xac10ef0f, eth=[[0x6a52ad6d, 0x]], id=V4, secp256k1=0x0386fcc16f4730fbfd238dc17ea552854c0943923bb1d5e886e5601b8d884fb051}}","throwable":""}
{"timestamp":"2025-10-03T11:32:19,682","container":"166713a672ce","level":"INFO","thread":"main","class":"DefaultP2PNetwork","message":"Enode URL enode://86fcc16f4730fbfd238dc17ea552854c0943923bb1d5e886e5601b8d884fb0519060e0023f495dd24ffe60a65660fb7fdcdebfceedd2b3673dfa63658825924b@172.16.239.15:30303","throwable":""}
{"timestamp":"2025-10-03T11:32:19,682","container":"166713a672ce","level":"INFO","thread":"main","class":"DefaultP2PNetwork","message":"Node address 0xdf8b560be949c229c821731554c33ead5e3888a4","throwable":""}
{"timestamp":"2025-10-03T11:32:19,856","container":"166713a672ce","level":"INFO","thread":"main","class":"NetworkRunner","message":"Supported capabilities: [eth/62, eth/63, eth/64, eth/65, eth/66, eth/67, eth/68], [istanbul/100], [snap/1]","throwable":""}
{"timestamp":"2025-10-03T11:32:19,857","container":"166713a672ce","level":"INFO","thread":"main","class":"DefaultSynchronizer","message":"Starting synchronizer.","throwable":""}
{"timestamp":"2025-10-03T11:32:19,861","container":"166713a672ce","level":"INFO","thread":"main","class":"TransactionPoolFactory","message":"Enabling transaction handling following initial sync","throwable":""}
{"timestamp":"2025-10-03T11:32:19,868","container":"166713a672ce","level":"INFO","thread":"main","class":"FullSyncDownloader","message":"Starting full sync.","throwable":""}
{"timestamp":"2025-10-03T11:32:19,870","container":"166713a672ce","level":"INFO","thread":"main","class":"FullSyncTargetManager","message":"Unable to find sync target. Currently checking 0 peers for usefulness","throwable":""}
{"timestamp":"2025-10-03T11:32:20,287","container":"166713a672ce","level":"INFO","thread":"main","class":"Runner","message":"Ethereum main loop is up.","throwable":""}
{"timestamp":"2025-10-03T11:32:20,828","container":"166713a672ce","level":"INFO","thread":"nioEventLoopGroup-3-6","class":"FullSyncTargetManager","message":"Unable to find sync target. Currently checking 2 peers for usefulness","throwable":""}
{"timestamp":"2025-10-03T11:32:30,572","container":"166713a672ce","level":"INFO","thread":"EthScheduler-Workers-0","class":"PersistBlockTask","message":"Imported #32 / 0 tx / 0 om / 0 (0.0%) gas / (0xf1ac341df2e4dc11aad022aea620e8604f34e737906cd98bb10aef6cbf075030) in 0.024s. Peers: 5","throwable":""}
{"timestamp":"2025-10-03T11:32:38,140","container":"166713a672ce","level":"INFO","thread":"EthScheduler-Workers-0","class":"PersistBlockTask","message":"Imported #33 / 0 tx / 0 om / 0 (0.0%) gas / (0x7c068a821a53e3ea8600f094707cb97c188efeec1a892a4a67901e730300c000) in 0.023s. Peers: 5","throwable":""}
{"timestamp":"2025-10-03T11:32:46,683","container":"166713a672ce","level":"INFO","thread":"EthScheduler-Workers-0","class":"PersistBlockTask","message":"Imported #34 / 0 tx / 0 om / 0 (0.0%) gas / (0xfd8cf08c40ce322e94cd2d1f8fd5a9a1c6a700164345cce1f2afbb37b2690eb8) in 0.054s. Peers: 5","throwable":""}
{"timestamp":"2025-10-03T11:32:54,310","container":"166713a672ce","level":"INFO","thread":"EthScheduler-Workers-0","class":"PersistBlockTask","message":"Imported #35 / 0 tx / 0 om / 0 (0.0%) gas / (0x5401659f940b2778f1af5c3fca211ce094432f43170e2afcca8fbb94f1f47d8e) in 0.027s. Peers: 5","throwable":""}
{"timestamp":"2025-10-03T11:33:02,122","container":"166713a672ce","level":"INFO","thread":"EthScheduler-Workers-0","class":"PersistBlockTask","message":"Imported #36 / 0 tx / 0 om / 0 (0.0%) gas / (0x5a0be737754f06bdacae9c11148f26b86631ab018ad6f4f7130b34ff1d034bcf) in 0.010s. Peers: 5","throwable":""}
{"timestamp":"2025-10-03T11:33:10,168","container":"166713a672ce","level":"INFO","thread":"EthScheduler-Workers-0","class":"PersistBlockTask","message":"Imported #37 / 0 tx / 0 om / 0 (0.0%) gas / (0x24a600c4b09d7c089404a154c53074c49c2190cb9ddfab40d9a9f1b8ac006c6d) in 0.017s. Peers: 5","throwable":""}
{"timestamp":"2025-10-03T11:33:18,101","container":"166713a672ce","level":"INFO","thread":"EthScheduler-Workers-0","class":"PersistBlockTask","message":"Imported #38 / 0 tx / 0 om / 0 (0.0%) gas / (0x6dc8063d6d7555cf9a40c80bd3334a92e4eea629157ff16214f9176713f092e4) in 0.011s. Peers: 5","throwable":""}
{"timestamp":"2025-10-03T11:33:26,052","container":"166713a672ce","level":"INFO","thread":"EthScheduler-Workers-0","class":"PersistBlockTask","message":"Imported #39 / 0 tx / 0 om / 0 (0.0%) gas / (0xcb7c5709c158e3e01ce645e948a00ffe92c62beaf5ab16fc479820b3615d0600) in 0.004s. Peers: 5","throwable":""}
{"timestamp":"2025-10-03T11:33:34,049","container":"166713a672ce","level":"INFO","thread":"EthScheduler-Workers-0","class":"PersistBlockTask","message":"Imported #40 / 0 tx / 0 om / 0 (0.0%) gas / (0xb2f26395178eca20a38861f32fe52a78d30cb0247c442788f5a17311fccfeb76) in 0.005s. Peers: 5","throwable":""}
{"timestamp":"2025-10-03T11:33:42,049","container":"166713a672ce","level":"INFO","thread":"EthScheduler-Workers-0","class":"PersistBlockTask","message":"Imported #41 / 0 tx / 0 om / 0 (0.0%) gas / (0xd4c760ca32c5c00a81fd252e6eb7ea827b524a0264911ef716be4ea17d381b6c) in 0.004s. Peers: 5","throwable":""}
{"timestamp":"2025-10-03T11:33:50,104","container":"166713a672ce","level":"INFO","thread":"EthScheduler-Workers-0","class":"PersistBlockTask","message":"Imported #42 / 0 tx / 0 om / 0 (0.0%) gas / (0xcd768eb702782e394378dcd4bc9d4686baf53ef05d05ed6e5b60ecff7a0859dd) in 0.006s. Peers: 5","throwable":""}
{"timestamp":"2025-10-03T11:33:58,098","container":"166713a672ce","level":"INFO","thread":"EthScheduler-Workers-0","class":"PersistBlockTask","message":"Imported #43 / 0 tx / 0 om / 0 (0.0%) gas / (0x629f0cf591fef70a1e1ab72d478ac504b40470de8c30964cf8c4ed39c100ec3a) in 0.022s. Peers: 5","throwable":""}
{"timestamp":"2025-10-03T11:34:06,092","container":"166713a672ce","level":"INFO","thread":"EthScheduler-Workers-0","class":"PersistBlockTask","message":"Imported #44 / 0 tx / 0 om / 0 (0.0%) gas / (0x6e6b23cd3d79500e9b313dfd766f2c062ec24105e68747db39f320e75d81b957) in 0.012s. Peers: 5","throwable":""}
{"timestamp":"2025-10-03T11:34:14,065","container":"166713a672ce","level":"INFO","thread":"EthScheduler-Workers-0","class":"PersistBlockTask","message":"Imported #45 / 0 tx / 0 om / 0 (0.0%) gas / (0x343d99fe41fd4f311a54ec5e40ca60a5cc980dba8519359fd97b411cec2a2e4a) in 0.005s. Peers: 5","throwable":""}
{"timestamp":"2025-10-03T11:34:22,067","container":"166713a672ce","level":"INFO","thread":"EthScheduler-Workers-0","class":"PersistBlockTask","message":"Imported #46 / 0 tx / 0 om / 0 (0.0%) gas / (0x907c912bcb08224c8fcf6ccc0536dca63abbdc496a17fdf2c4fd698e5384018a) in 0.009s. Peers: 5","throwable":""}
{"timestamp":"2025-10-03T11:34:30,053","container":"166713a672ce","level":"INFO","thread":"EthScheduler-Workers-0","class":"PersistBlockTask","message":"Imported #47 / 0 tx / 0 om / 0 (0.0%) gas / (0xa96b5fb290b04f463c2929c1aebf21a23d51c628e1f1216d32cd7a618fecc18c) in 0.008s. Peers: 5","throwable":""}
{"timestamp":"2025-10-03T11:34:38,098","container":"166713a672ce","level":"INFO","thread":"EthScheduler-Workers-0","class":"PersistBlockTask","message":"Imported #48 / 0 tx / 0 om / 0 (0.0%) gas / (0xde2f1619685c1b0efba679106df5fb2f811e70b3e39d7f38789790d7a65d9576) in 0.009s. Peers: 5","throwable":""}
{"timestamp":"2025-10-03T11:34:46,100","container":"166713a672ce","level":"INFO","thread":"EthScheduler-Workers-0","class":"PersistBlockTask","message":"Imported #49 / 0 tx / 0 om / 0 (0.0%) gas / (0x86a723191adb6ba307759f25e5ea6e9011cb5ae5bee058c29d58d61e49cf7518) in 0.010s. Peers: 5","throwable":""}
{"timestamp":"2025-10-03T11:34:54,065","container":"166713a672ce","level":"INFO","thread":"EthScheduler-Workers-0","class":"PersistBlockTask","message":"Imported #50 / 0 tx / 0 om / 0 (0.0%) gas / (0xb5f1f6afa5a66cc4976929eb37c39a998179bcfc0cb4e7aad8bf3d7e78d0bbaa) in 0.006s. Peers: 5","throwable":""}
{"timestamp":"2025-10-03T11:35:02,045","container":"166713a672ce","level":"INFO","thread":"EthScheduler-Workers-0","class":"PersistBlockTask","message":"Imported #51 / 0 tx / 0 om / 0 (0.0%) gas / (0xc82292ef692aab4846b66332cacd90b1d058d74c0668c0625c5f56cfa508d5ee) in 0.005s. Peers: 5","throwable":""}
{"timestamp":"2025-10-03T11:35:10,038","container":"166713a672ce","level":"INFO","thread":"EthScheduler-Workers-0","class":"PersistBlockTask","message":"Imported #52 / 0 tx / 0 om / 0 (0.0%) gas / (0xab3836cda630544323749007239e7f5b5bcc9dd7efb6d3784e3a6e50b8b6a63b) in 0.004s. Peers: 5","throwable":""}
{"timestamp":"2025-10-03T11:35:18,031","container":"166713a672ce","level":"INFO","thread":"EthScheduler-Workers-0","class":"PersistBlockTask","message":"Imported #53 / 0 tx / 0 om / 0 (0.0%) gas / (0x9b9f1f1e5c0e8562325a79023c172796521a3085ca253376a3fafb5a78db4b72) in 0.005s. Peers: 5","throwable":""}
{"timestamp":"2025-10-03T11:35:26,038","container":"166713a672ce","level":"INFO","thread":"EthScheduler-Workers-0","class":"PersistBlockTask","message":"Imported #54 / 0 tx / 0 om / 0 (0.0%) gas / (0x4f4ee47c9dc0eb720b8b0c299d64858294693790b9c49dbecf7b873513a1e6f5) in 0.003s. Peers: 5","throwable":""}
{"timestamp":"2025-10-03T11:35:34,045","container":"166713a672ce","level":"INFO","thread":"EthScheduler-Workers-0","class":"PersistBlockTask","message":"Imported #55 / 0 tx / 0 om / 0 (0.0%) gas / (0x4f64c88b97dcbf100d804f3b34baf32d6582207a2340fc03d5d0cdcd1a285789) in 0.005s. Peers: 5","throwable":""}
{"timestamp":"2025-10-03T11:35:42,038","container":"166713a672ce","level":"INFO","thread":"EthScheduler-Workers-0","class":"PersistBlockTask","message":"Imported #56 / 0 tx / 0 om / 0 (0.0%) gas / (0xc8e86f79f69bffe68f3673a5b403ba622965cf23ee1f37b767621eeaa8c77bed) in 0.003s. Peers: 5","throwable":""}
{"timestamp":"2025-10-03T11:35:50,058","container":"166713a672ce","level":"INFO","thread":"EthScheduler-Workers-0","class":"PersistBlockTask","message":"Imported #57 / 0 tx / 0 om / 0 (0.0%) gas / (0xfe74ab8bf15a2275126f5f0e2fcbf7f8af7fe624bda4a8cb578ecd68be26efbe) in 0.007s. Peers: 5","throwable":""}
{"timestamp":"2025-10-03T11:35:58,052","container":"166713a672ce","level":"INFO","thread":"EthScheduler-Workers-0","class":"PersistBlockTask","message":"Imported #58 / 0 tx / 0 om / 0 (0.0%) gas / (0x038ba22ab9c3b3468a132b59fac566142736ba4e506c5165204cb1aae36ea0e6) in 0.004s. Peers: 5","throwable":""}
{"timestamp":"2025-10-03T11:36:06,032","container":"166713a672ce","level":"INFO","thread":"EthScheduler-Workers-0","class":"PersistBlockTask","message":"Imported #59 / 0 tx / 0 om / 0 (0.0%) gas / (0x9583fced855b9857da4c57213cc46e67698c07218e111d5a52ecda86e1d6340e) in 0.005s. Peers: 5","throwable":""}
{"timestamp":"2025-10-03T11:36:14,048","container":"166713a672ce","level":"INFO","thread":"EthScheduler-Workers-0","class":"PersistBlockTask","message":"Imported #60 / 0 tx / 0 om / 0 (0.0%) gas / (0xcf451d58897303d111889865d395f9c3be30dfb67c10330edb5e2fb35648fbc8) in 0.005s. Peers: 5","throwable":""}
{"timestamp":"2025-10-03T11:36:22,066","container":"166713a672ce","level":"INFO","thread":"EthScheduler-Workers-0","class":"PersistBlockTask","message":"Imported #61 / 0 tx / 0 om / 0 (0.0%) gas / (0x3999dde80ccacdca884e6e5aec46e76bfc4f255487279c3c3ce95b3bf19e6433) in 0.012s. Peers: 5","throwable":""}
{"timestamp":"2025-10-03T11:36:30,170","container":"166713a672ce","level":"INFO","thread":"EthScheduler-Workers-0","class":"PersistBlockTask","message":"Imported #62 / 0 tx / 0 om / 0 (0.0%) gas / (0x2672c40219bab2f52b26f534a2ac425bfb6619f3cb4aa426eb6f3ed312cb6695) in 0.015s. Peers: 5","throwable":""}
{"timestamp":"2025-10-03T11:36:38,153","container":"166713a672ce","level":"INFO","thread":"EthScheduler-Workers-0","class":"PersistBlockTask","message":"Imported #63 / 0 tx / 0 om / 0 (0.0%) gas / (0x070ddaa07c440eabbfd57a71c3168013852f35a32afe3bec7f47fba323e2dd0e) in 0.010s. Peers: 5","throwable":""}
{"timestamp":"2025-10-03T11:36:46,139","container":"166713a672ce","level":"INFO","thread":"EthScheduler-Workers-0","class":"PersistBlockTask","message":"Imported #64 / 0 tx / 0 om / 0 (0.0%) gas / (0x1719950aafe529c88ef4148c354872402309ab54da98eabdc065d97496e70e32) in 0.017s. Peers: 5","throwable":""}
{"timestamp":"2025-10-03T11:36:54,110","container":"166713a672ce","level":"INFO","thread":"EthScheduler-Workers-0","class":"PersistBlockTask","message":"Imported #65 / 0 tx / 0 om / 0 (0.0%) gas / (0x98ad673d1b6a43d275cecd673d9c8bc3a4f56bce7d552996a60860a5ab721e99) in 0.011s. Peers: 5","throwable":""}
{"timestamp":"2025-10-03T11:37:02,149","container":"166713a672ce","level":"INFO","thread":"EthScheduler-Workers-0","class":"PersistBlockTask","message":"Imported #66 / 0 tx / 0 om / 0 (0.0%) gas / (0xf61107bea5bb05208737f6f45316057352087aae2f9c78afed564e0c781b154b) in 0.015s. Peers: 5","throwable":""}
{"timestamp":"2025-10-03T11:37:10,134","container":"166713a672ce","level":"INFO","thread":"EthScheduler-Workers-0","class":"PersistBlockTask","message":"Imported #67 / 0 tx / 0 om / 0 (0.0%) gas / (0xd67ef7d6cf610e85685033b0f3ecedd72e54392c26df0959d64df31d85945521) in 0.014s. Peers: 5","throwable":""}
{"timestamp":"2025-10-03T11:37:18,102","container":"166713a672ce","level":"INFO","thread":"EthScheduler-Workers-0","class":"PersistBlockTask","message":"Imported #68 / 0 tx / 0 om / 0 (0.0%) gas / (0x751a7a633eeccea77bbfeee4440b5910d38cf4d39540d61a1d73c0eca380ff51) in 0.014s. Peers: 5","throwable":""}
{"timestamp":"2025-10-03T11:37:26,101","container":"166713a672ce","level":"INFO","thread":"EthScheduler-Workers-0","class":"PersistBlockTask","message":"Imported #69 / 0 tx / 0 om / 0 (0.0%) gas / (0x818bca4705126ca8542e439dadc4bb0e70938ce7acf80487855bfce51fff12dc) in 0.011s. Peers: 5","throwable":""}
{"timestamp":"2025-10-03T11:37:34,118","container":"166713a672ce","level":"INFO","thread":"EthScheduler-Workers-0","class":"PersistBlockTask","message":"Imported #70 / 0 tx / 0 om / 0 (0.0%) gas / (0x4a15db952edd51647ec6ec88a5b925f1e3531dda7cd221908db170ca41271ab7) in 0.011s. Peers: 5","throwable":""}
{"timestamp":"2025-10-03T11:37:42,211","container":"166713a672ce","level":"INFO","thread":"EthScheduler-Workers-0","class":"PersistBlockTask","message":"Imported #71 / 0 tx / 0 om / 0 (0.0%) gas / (0x2c635fd06fe7ffc4b6e179188f1678b47bd19cca997d5cc223398b307e05b13b) in 0.029s. Peers: 5","throwable":""}
{"timestamp":"2025-10-03T11:37:50,171","container":"166713a672ce","level":"INFO","thread":"EthScheduler-Workers-0","class":"PersistBlockTask","message":"Imported #72 / 0 tx / 0 om / 0 (0.0%) gas / (0xecffb7fe1e9c05c86af95dbf9b24687a1a6df80b8bdad40af5c4a786fd177545) in 0.023s. Peers: 5","throwable":""}
{"timestamp":"2025-10-03T11:37:58,137","container":"166713a672ce","level":"INFO","thread":"EthScheduler-Workers-0","class":"PersistBlockTask","message":"Imported #73 / 0 tx / 0 om / 0 (0.0%) gas / (0x44d30b517d64eab8cd83fed4cc3dea9a4ad719b682941656d590d265cf1817f6) in 0.012s. Peers: 5","throwable":""}
{"timestamp":"2025-10-03T11:38:06,113","container":"166713a672ce","level":"INFO","thread":"EthScheduler-Workers-0","class":"PersistBlockTask","message":"Imported #74 / 0 tx / 0 om / 0 (0.0%) gas / (0x645d7dfd4e2a0fe838823b6de76c2aa8550892cf94ac37cea21350b66292aa40) in 0.008s. Peers: 5","throwable":""}
{"timestamp":"2025-10-03T11:38:14,093","container":"166713a672ce","level":"INFO","thread":"EthScheduler-Workers-0","class":"PersistBlockTask","message":"Imported #75 / 0 tx / 0 om / 0 (0.0%) gas / (0x3830998cca25cec1ea082ee8ffb5d97da4a1157611f8928cbe69909a5d359c76) in 0.012s. Peers: 5","throwable":""}
{"timestamp":"2025-10-03T11:38:22,130","container":"166713a672ce","level":"INFO","thread":"EthScheduler-Workers-0","class":"PersistBlockTask","message":"Imported #76 / 0 tx / 0 om / 0 (0.0%) gas / (0x10e206387d00c21bbe6bf36afd4cfca8e28f245df234efd349d7951d3ad9c9b3) in 0.020s. Peers: 5","throwable":""}
{"timestamp":"2025-10-03T11:38:30,296","container":"166713a672ce","level":"INFO","thread":"EthScheduler-Workers-0","class":"PersistBlockTask","message":"Imported #77 / 0 tx / 0 om / 0 (0.0%) gas / (0x4240fffd50c8fe4a4cdf965b4df52e64cfbf2de08fad4b4029f374b3b6d21c07) in 0.019s. Peers: 5","throwable":""}
{"timestamp":"2025-10-03T11:38:38,192","container":"166713a672ce","level":"INFO","thread":"EthScheduler-Workers-0","class":"PersistBlockTask","message":"Imported #78 / 0 tx / 0 om / 0 (0.0%) gas / (0xa42f2f59681ad3e6062eee5b336b781d352d28c987e79679fafed96c83754235) in 0.017s. Peers: 5","throwable":""}
{"timestamp":"2025-10-03T11:38:46,158","container":"166713a672ce","level":"INFO","thread":"EthScheduler-Workers-0","class":"PersistBlockTask","message":"Imported #79 / 0 tx / 0 om / 0 (0.0%) gas / (0x88eb09a9d77e1d4d1eeb49ab9d6517ff1a400974967695e4e98fe051a4c2a4bb) in 0.021s. Peers: 5","throwable":""}
{"timestamp":"2025-10-03T11:38:54,141","container":"166713a672ce","level":"INFO","thread":"EthScheduler-Workers-0","class":"PersistBlockTask","message":"Imported #80 / 0 tx / 0 om / 0 (0.0%) gas / (0x4914e553061044bf9ac26748dac3c069f45db9e9c69fbfc430ce8b0b7177fbb2) in 0.014s. Peers: 5","throwable":""}
{"timestamp":"2025-10-03T11:39:02,096","container":"166713a672ce","level":"INFO","thread":"EthScheduler-Workers-0","class":"PersistBlockTask","message":"Imported #81 / 0 tx / 0 om / 0 (0.0%) gas / (0x647d113f8ad908366b5e6d4fef12865d6b6f42d07ceb72b66a2ee9131a0d22d4) in 0.011s. Peers: 5","throwable":""}
{"timestamp":"2025-10-03T11:39:10,104","container":"166713a672ce","level":"INFO","thread":"EthScheduler-Workers-0","class":"PersistBlockTask","message":"Imported #82 / 0 tx / 0 om / 0 (0.0%) gas / (0x0bf627a136b15b51f3d907749f1162656bb3d2eb9fc1dff391a5d8df5057e7a6) in 0.010s. Peers: 5","throwable":""}
{"timestamp":"2025-10-03T11:39:18,187","container":"166713a672ce","level":"INFO","thread":"EthScheduler-Workers-0","class":"PersistBlockTask","message":"Imported #83 / 0 tx / 0 om / 0 (0.0%) gas / (0x6bf3f2ab7174b2f471cde60cfe813d0885fb8e8f681c04773d14ca40abd85cea) in 0.033s. Peers: 5","throwable":""}
{"timestamp":"2025-10-03T11:39:26,118","container":"166713a672ce","level":"INFO","thread":"EthScheduler-Workers-0","class":"PersistBlockTask","message":"Imported #84 / 0 tx / 0 om / 0 (0.0%) gas / (0xca8d08c1939c8a91c5fc800d6b01bf9e8cf25a5ad4a040034db4592470f40153) in 0.014s. Peers: 5","throwable":""}
{"timestamp":"2025-10-03T11:39:34,135","container":"166713a672ce","level":"INFO","thread":"EthScheduler-Workers-0","class":"PersistBlockTask","message":"Imported #85 / 0 tx / 0 om / 0 (0.0%) gas / (0x14056c3adec9701d0fb8f6982c7c7ceeb79a7b65bbbfb26ad613b7abddaf8c38) in 0.013s. Peers: 5","throwable":""}
{"timestamp":"2025-10-03T11:39:42,272","container":"166713a672ce","level":"INFO","thread":"EthScheduler-Workers-0","class":"PersistBlockTask","message":"Imported #86 / 0 tx / 0 om / 0 (0.0%) gas / (0x42b2bcb06817d708c35a121f2969178b74e7b2b73b0520ab53757c0da2800fc0) in 0.027s. Peers: 5","throwable":""}
{"timestamp":"2025-10-03T11:39:50,378","container":"166713a672ce","level":"INFO","thread":"EthScheduler-Workers-0","class":"PersistBlockTask","message":"Imported #87 / 0 tx / 0 om / 0 (0.0%) gas / (0x826f27dc11be4b9e132ab6b5ec47cbff5a3c1789a5d2299b3a1c841709cfe300) in 0.057s. Peers: 5","throwable":""}
{"timestamp":"2025-10-03T11:39:58,409","container":"166713a672ce","level":"INFO","thread":"EthScheduler-Workers-0","class":"PersistBlockTask","message":"Imported #88 / 0 tx / 0 om / 0 (0.0%) gas / (0x652e0b43aaa55333181f96434d4387a8a5ace3be9b2f46a6451f21c5ade23101) in 0.061s. Peers: 5","throwable":""}
{"timestamp":"2025-10-03T11:40:06,050","container":"166713a672ce","level":"INFO","thread":"EthScheduler-Workers-0","class":"PersistBlockTask","message":"Imported #89 / 0 tx / 0 om / 0 (0.0%) gas / (0xe5c3bd785b4e56970328dece71aaa7319a45fe1b4856f145db384539495f96f5) in 0.033s. Peers: 5","throwable":""}
{"timestamp":"2025-10-03T11:40:14,147","container":"166713a672ce","level":"INFO","thread":"EthScheduler-Workers-0","class":"PersistBlockTask","message":"Imported #90 / 0 tx / 0 om / 0 (0.0%) gas / (0x48e3b6183ddd02ba6e79b882784265d8daf180915a1078e668ac074f8c3de38b) in 0.015s. Peers: 5","throwable":""}
{"timestamp":"2025-10-03T11:40:22,073","container":"166713a672ce","level":"INFO","thread":"EthScheduler-Workers-0","class":"PersistBlockTask","message":"Imported #91 / 0 tx / 0 om / 0 (0.0%) gas / (0x07a68e9b5a48c2db9e68ff5400a83e8f8f0ffdedbe833e3b9161596ee9a63120) in 0.008s. Peers: 5","throwable":""}
{"timestamp":"2025-10-03T11:40:30,140","container":"166713a672ce","level":"INFO","thread":"EthScheduler-Workers-0","class":"PersistBlockTask","message":"Imported #92 / 0 tx / 0 om / 0 (0.0%) gas / (0x2b06a650ea89b21f434a0b35635b21e997804366ebc6292da86d23e5ccb2f53e) in 0.017s. Peers: 5","throwable":""}
{"timestamp":"2025-10-03T11:40:38,355","container":"166713a672ce","level":"INFO","thread":"EthScheduler-Workers-0","class":"PersistBlockTask","message":"Imported #93 / 0 tx / 0 om / 0 (0.0%) gas / (0x8750a4f362c815d939bf092fdf7b35429451210a0b4bc5df67a428dae2a19ca4) in 0.024s. Peers: 5","throwable":""}
{"timestamp":"2025-10-03T11:40:46,202","container":"166713a672ce","level":"INFO","thread":"EthScheduler-Workers-0","class":"PersistBlockTask","message":"Imported #94 / 0 tx / 0 om / 0 (0.0%) gas / (0x6ab30fc78bd3144caa6bdf9b03365233ae7364d46e42a54163bc03dc58a9a98d) in 0.018s. Peers: 5","throwable":""}
{"timestamp":"2025-10-03T11:40:54,157","container":"166713a672ce","level":"INFO","thread":"EthScheduler-Workers-0","class":"PersistBlockTask","message":"Imported #95 / 0 tx / 0 om / 0 (0.0%) gas / (0x374785a4b53792e111568cd0c0eaefeee465f68908a7c7aa9cf5dbdfcc41294c) in 0.016s. Peers: 5","throwable":""}
{"timestamp":"2025-10-03T11:41:02,081","container":"166713a672ce","level":"INFO","thread":"EthScheduler-Workers-0","class":"PersistBlockTask","message":"Imported #96 / 0 tx / 0 om / 0 (0.0%) gas / (0xeebdf09dca7f398f9ba24f4f4314449c571b603052039327b19c5be08713a8b6) in 0.009s. Peers: 5","throwable":""}
{"timestamp":"2025-10-03T11:41:10,084","container":"166713a672ce","level":"INFO","thread":"EthScheduler-Workers-0","class":"PersistBlockTask","message":"Imported #97 / 0 tx / 0 om / 0 (0.0%) gas / (0x7a398b188c41220151f648518b0cc9a165798f096ba2e9b10b7f564bc531ad30) in 0.008s. Peers: 5","throwable":""}
{"timestamp":"2025-10-03T11:41:18,230","container":"166713a672ce","level":"INFO","thread":"EthScheduler-Workers-0","class":"PersistBlockTask","message":"Imported #98 / 0 tx / 0 om / 0 (0.0%) gas / (0xa12133b32609a9aaa7f748d877906ca076217e9c9501fdc705b1e3457ce4b6da) in 0.015s. Peers: 5","throwable":""}
{"timestamp":"2025-10-03T11:41:26,182","container":"166713a672ce","level":"INFO","thread":"EthScheduler-Workers-0","class":"PersistBlockTask","message":"Imported #99 / 0 tx / 0 om / 0 (0.0%) gas / (0xfc5ea9c7bd89c0a20bbc4405c87a8b73377d463cfa2bdcefbfad84966e1f678f) in 0.028s. Peers: 5","throwable":""}
{"timestamp":"2025-10-03T11:41:34,084","container":"166713a672ce","level":"INFO","thread":"EthScheduler-Workers-0","class":"PersistBlockTask","message":"Imported #100 / 0 tx / 0 om / 0 (0.0%) gas / (0x9b5382b5e10ff5e712f1371da960714e566f9cbca0c29e0d5fd0debaf27f69a1) in 0.010s. Peers: 5","throwable":""}
{"timestamp":"2025-10-03T11:41:42,147","container":"166713a672ce","level":"INFO","thread":"EthScheduler-Workers-0","class":"PersistBlockTask","message":"Imported #101 / 0 tx / 0 om / 0 (0.0%) gas / (0xdf7c02bf55d544eca51f3dc4e5a6009cf15ead8a291b8619eea4661adcabae10) in 0.013s. Peers: 5","throwable":""}
{"timestamp":"2025-10-03T11:41:50,095","container":"166713a672ce","level":"INFO","thread":"EthScheduler-Workers-0","class":"PersistBlockTask","message":"Imported #102 / 0 tx / 0 om / 0 (0.0%) gas / (0xea2f770cb63f518ba82867ce9db5de2ba6d8b09bd39ff9f94332c17399772597) in 0.012s. Peers: 5","throwable":""}
{"timestamp":"2025-10-03T11:41:58,153","container":"166713a672ce","level":"INFO","thread":"EthScheduler-Workers-0","class":"PersistBlockTask","message":"Imported #103 / 0 tx / 0 om / 0 (0.0%) gas / (0x546be520c5cf48ec74cdde155a94c49f3dfab8100e41fbd171eab86785eae403) in 0.017s. Peers: 5","throwable":""}
{"timestamp":"2025-10-03T11:42:06,102","container":"166713a672ce","level":"INFO","thread":"EthScheduler-Workers-0","class":"PersistBlockTask","message":"Imported #104 / 0 tx / 0 om / 0 (0.0%) gas / (0xe50e7f220a749468b98b1aecadcd49fb3ead135eb4eda775598011fdf7520b7d) in 0.012s. Peers: 5","throwable":""}
{"timestamp":"2025-10-03T11:42:14,208","container":"166713a672ce","level":"INFO","thread":"EthScheduler-Workers-0","class":"PersistBlockTask","message":"Imported #105 / 0 tx / 0 om / 0 (0.0%) gas / (0xac77eee7ff520f54e5b3896417f906683b44e71c21fc4f245bdad6f6cfc63faa) in 0.016s. Peers: 5","throwable":""}
{"timestamp":"2025-10-03T11:42:22,154","container":"166713a672ce","level":"INFO","thread":"EthScheduler-Workers-0","class":"PersistBlockTask","message":"Imported #106 / 0 tx / 0 om / 0 (0.0%) gas / (0x6ef2530b51b7245a0658479f1921b05beb339eac0e5f582f7785ab64172761a9) in 0.025s. Peers: 5","throwable":""}
{"timestamp":"2025-10-03T11:42:30,101","container":"166713a672ce","level":"INFO","thread":"EthScheduler-Workers-0","class":"PersistBlockTask","message":"Imported #107 / 0 tx / 0 om / 0 (0.0%) gas / (0x1d50c7abf347965bc9b49f30b48ecc31db367ab99e16c6ac655f5604136a5a6e) in 0.008s. Peers: 5","throwable":""}
{"timestamp":"2025-10-03T11:42:38,150","container":"166713a672ce","level":"INFO","thread":"EthScheduler-Workers-0","class":"PersistBlockTask","message":"Imported #108 / 0 tx / 0 om / 0 (0.0%) gas / (0x1eda1cd2b07bffa7b33de54e2c0c8e444f3f718c62796dfd1dfce99bc9cc80ae) in 0.017s. Peers: 5","throwable":""}
{"timestamp":"2025-10-03T11:42:46,086","container":"166713a672ce","level":"INFO","thread":"EthScheduler-Workers-0","class":"PersistBlockTask","message":"Imported #109 / 0 tx / 0 om / 0 (0.0%) gas / (0x3ebb48ce044a53a4d9404a3f8dee3fe7027204bf92f6c3bd263b0e4e235f268f) in 0.007s. Peers: 5","throwable":""}
{"timestamp":"2025-10-03T11:42:54,209","container":"166713a672ce","level":"INFO","thread":"EthScheduler-Workers-0","class":"PersistBlockTask","message":"Imported #110 / 0 tx / 0 om / 0 (0.0%) gas / (0xee0c21ee616847caf41707952ed8b3b70be604c8944c16934788977b3dfe99d3) in 0.025s. Peers: 5","throwable":""}
{"timestamp":"2025-10-03T11:43:02,142","container":"166713a672ce","level":"INFO","thread":"EthScheduler-Workers-0","class":"PersistBlockTask","message":"Imported #111 / 0 tx / 0 om / 0 (0.0%) gas / (0xb6f0b40492f09863c7c0b836e5111a38c7e5362ad45826101c68d67b73f33da2) in 0.016s. Peers: 5","throwable":""}
{"timestamp":"2025-10-03T11:43:10,141","container":"166713a672ce","level":"INFO","thread":"EthScheduler-Workers-0","class":"PersistBlockTask","message":"Imported #112 / 0 tx / 0 om / 0 (0.0%) gas / (0xb63acbd54ef7c418277abc6ae38c4c54cda7f30bacd57974c4428c1e67c83945) in 0.016s. Peers: 5","throwable":""}
{"timestamp":"2025-10-03T11:43:18,094","container":"166713a672ce","level":"INFO","thread":"EthScheduler-Workers-0","class":"PersistBlockTask","message":"Imported #113 / 0 tx / 0 om / 0 (0.0%) gas / (0x31946409ba8ca1b9ad23ecc566971e5a58c169f259ae7a8557f143efa628103c) in 0.009s. Peers: 5","throwable":""}
{"timestamp":"2025-10-03T11:43:26,138","container":"166713a672ce","level":"INFO","thread":"EthScheduler-Workers-0","class":"PersistBlockTask","message":"Imported #114 / 0 tx / 0 om / 0 (0.0%) gas / (0xdab5fbb95ece300009aabbfa1aa017b3a2b3e7a5300c24e6f9f825ec1dde68a2) in 0.015s. Peers: 5","throwable":""}
{"timestamp":"2025-10-03T11:43:34,076","container":"166713a672ce","level":"INFO","thread":"EthScheduler-Workers-0","class":"PersistBlockTask","message":"Imported #115 / 0 tx / 0 om / 0 (0.0%) gas / (0x6d827504c87e609efaca13ea6635b19e577118b01626da4a47e8eeabf0a710f5) in 0.006s. Peers: 5","throwable":""}
{"timestamp":"2025-10-03T11:43:42,103","container":"166713a672ce","level":"INFO","thread":"EthScheduler-Workers-0","class":"PersistBlockTask","message":"Imported #116 / 0 tx / 0 om / 0 (0.0%) gas / (0xa20ec6cdfedf361b38816140a1182a927a29a09c1e81e602df742cabb6a08752) in 0.010s. Peers: 5","throwable":""}
{"timestamp":"2025-10-03T11:43:50,084","container":"166713a672ce","level":"INFO","thread":"EthScheduler-Workers-0","class":"PersistBlockTask","message":"Imported #117 / 0 tx / 0 om / 0 (0.0%) gas / (0xb792b8769958a08abf88410c5f4a99f61b7a42d62a7ebd95c888b61f0d7b8b34) in 0.008s. Peers: 5","throwable":""}
{"timestamp":"2025-10-03T11:43:58,087","container":"166713a672ce","level":"INFO","thread":"EthScheduler-Workers-0","class":"PersistBlockTask","message":"Imported #118 / 0 tx / 0 om / 0 (0.0%) gas / (0x825dec5203e32898774acb091baa4241e78c6f3e32d46f48ad7ed32494a6717e) in 0.009s. Peers: 5","throwable":""}
{"timestamp":"2025-10-03T11:44:06,080","container":"166713a672ce","level":"INFO","thread":"EthScheduler-Workers-0","class":"PersistBlockTask","message":"Imported #119 / 0 tx / 0 om / 0 (0.0%) gas / (0xefee862f595cb9dbe52224373fd736455d10b13cbb6cba7a44bcd20e96e1fcf7) in 0.010s. Peers: 5","throwable":""}
{"timestamp":"2025-10-03T11:44:14,098","container":"166713a672ce","level":"INFO","thread":"EthScheduler-Workers-0","class":"PersistBlockTask","message":"Imported #120 / 0 tx / 0 om / 0 (0.0%) gas / (0x7683d8f77120c671dd15d6a24aa0b34fea8a7a6fcb4974b682a0f434e21b2d80) in 0.009s. Peers: 5","throwable":""}
{"timestamp":"2025-10-03T11:44:22,114","container":"166713a672ce","level":"INFO","thread":"EthScheduler-Workers-0","class":"PersistBlockTask","message":"Imported #121 / 0 tx / 0 om / 0 (0.0%) gas / (0x1fe79093b072b2f6709d753fcd8db5b6837bd44590b127bd86f5fff40422fab4) in 0.013s. Peers: 5","throwable":""}
{"timestamp":"2025-10-03T11:44:30,083","container":"166713a672ce","level":"INFO","thread":"EthScheduler-Workers-0","class":"PersistBlockTask","message":"Imported #122 / 0 tx / 0 om / 0 (0.0%) gas / (0xb1f5ada9da55060272e365ad7cf56e5c413f81b17a13175b34a1c34ed572ca48) in 0.008s. Peers: 5","throwable":""}
{"timestamp":"2025-10-03T11:44:38,071","container":"166713a672ce","level":"INFO","thread":"EthScheduler-Workers-0","class":"PersistBlockTask","message":"Imported #123 / 0 tx / 0 om / 0 (0.0%) gas / (0x4aa07111a8dd5af2b0349b5e79e0c951f6fe94a281498f992a7a80c68354809c) in 0.009s. Peers: 5","throwable":""}
{"timestamp":"2025-10-03T11:44:46,095","container":"166713a672ce","level":"INFO","thread":"EthScheduler-Workers-0","class":"PersistBlockTask","message":"Imported #124 / 0 tx / 0 om / 0 (0.0%) gas / (0x7a526ff3aeb6fedb3eda11b3edae0af60b0a8c6ad99e6dd27fe64bc41a601789) in 0.010s. Peers: 5","throwable":""}
{"timestamp":"2025-10-03T11:44:54,181","container":"166713a672ce","level":"INFO","thread":"EthScheduler-Workers-0","class":"PersistBlockTask","message":"Imported #125 / 0 tx / 0 om / 0 (0.0%) gas / (0x1664329edb9cf18f57fe82b09fe288733b86b1f5850013f327a5e7d71dae92e1) in 0.025s. Peers: 5","throwable":""}
{"timestamp":"2025-10-03T11:45:02,130","container":"166713a672ce","level":"INFO","thread":"EthScheduler-Workers-0","class":"PersistBlockTask","message":"Imported #126 / 0 tx / 0 om / 0 (0.0%) gas / (0x63a915a2e584cb3cc9d7aa05c4261bb567b6d14429e2b38e367c3beb3a657710) in 0.014s. Peers: 5","throwable":""}
{"timestamp":"2025-10-03T11:45:10,092","container":"166713a672ce","level":"INFO","thread":"EthScheduler-Workers-0","class":"PersistBlockTask","message":"Imported #127 / 0 tx / 0 om / 0 (0.0%) gas / (0x1baf2d4b63272dd2c26625a0e1df145476a8eed824471ba6bfff2b6a113ede82) in 0.012s. Peers: 5","throwable":""}
{"timestamp":"2025-10-03T11:45:18,087","container":"166713a672ce","level":"INFO","thread":"EthScheduler-Workers-0","class":"PersistBlockTask","message":"Imported #128 / 0 tx / 0 om / 0 (0.0%) gas / (0x15d4320a2a910f83c39efbc4fb93f06d8debd54295f974bd5a2b6f879763d3eb) in 0.010s. Peers: 5","throwable":""}
{"timestamp":"2025-10-03T11:45:26,235","container":"166713a672ce","level":"INFO","thread":"EthScheduler-Workers-0","class":"PersistBlockTask","message":"Imported #129 / 0 tx / 0 om / 0 (0.0%) gas / (0x249145ce6e4a8c073d5cc782b9d441665c217a716fac1144d2d4640c78fc9726) in 0.030s. Peers: 5","throwable":""}
{"timestamp":"2025-10-03T11:45:34,152","container":"166713a672ce","level":"INFO","thread":"EthScheduler-Workers-0","class":"PersistBlockTask","message":"Imported #130 / 0 tx / 0 om / 0 (0.0%) gas / (0xe92bae944dca8a38f65d5869e77f230ef588f7be7820a4b75b5ce99d76d727b2) in 0.019s. Peers: 5","throwable":""}
{"timestamp":"2025-10-03T11:45:42,222","container":"166713a672ce","level":"INFO","thread":"EthScheduler-Workers-0","class":"PersistBlockTask","message":"Imported #131 / 0 tx / 0 om / 0 (0.0%) gas / (0x82f29546425d7784a593119e02c682cab18a67b1f4de93f48e990217b8d2b9d8) in 0.025s. Peers: 5","throwable":""}
{"timestamp":"2025-10-03T11:45:50,228","container":"166713a672ce","level":"INFO","thread":"EthScheduler-Workers-0","class":"PersistBlockTask","message":"Imported #132 / 0 tx / 0 om / 0 (0.0%) gas / (0x2d4a854997e9501a21168ae867a81e66364744e707066b215e2b120798cce943) in 0.031s. Peers: 5","throwable":""}
{"timestamp":"2025-10-03T11:45:58,220","container":"166713a672ce","level":"INFO","thread":"EthScheduler-Workers-0","class":"PersistBlockTask","message":"Imported #133 / 0 tx / 0 om / 0 (0.0%) gas / (0xd63710673f059a4c2945cd0209d7bb76ad49c0ec2b329c0547028f37759a5d6f) in 0.025s. Peers: 5","throwable":""}
{"timestamp":"2025-10-03T11:46:06,096","container":"166713a672ce","level":"INFO","thread":"EthScheduler-Workers-0","class":"PersistBlockTask","message":"Imported #134 / 0 tx / 0 om / 0 (0.0%) gas / (0xec53909b1ffb54e689df3cca2fa0514abf366e9b04c8399b193daee048f93b2d) in 0.012s. Peers: 5","throwable":""}
{"timestamp":"2025-10-03T11:46:14,166","container":"166713a672ce","level":"INFO","thread":"EthScheduler-Workers-0","class":"PersistBlockTask","message":"Imported #135 / 0 tx / 0 om / 0 (0.0%) gas / (0xa9b98d3705933853aea3f0e0305b647403622a551d66777c6d362c2984dbd138) in 0.018s. Peers: 5","throwable":""}
{"timestamp":"2025-10-03T11:46:22,111","container":"166713a672ce","level":"INFO","thread":"EthScheduler-Workers-0","class":"PersistBlockTask","message":"Imported #136 / 0 tx / 0 om / 0 (0.0%) gas / (0x3da3fe94f78410b87b849b7fb0e7dc15601098ed88a2d5fc409dfbac855f637f) in 0.016s. Peers: 5","throwable":""}
{"timestamp":"2025-10-03T11:46:30,187","container":"166713a672ce","level":"INFO","thread":"EthScheduler-Workers-0","class":"PersistBlockTask","message":"Imported #137 / 0 tx / 0 om / 0 (0.0%) gas / (0x418f69d31de01df8ea4fe32b907beb6dd2cf31de1dd95c52acdb4b904647d442) in 0.021s. Peers: 5","throwable":""}
{"timestamp":"2025-10-03T11:46:38,135","container":"166713a672ce","level":"INFO","thread":"EthScheduler-Workers-0","class":"PersistBlockTask","message":"Imported #138 / 0 tx / 0 om / 0 (0.0%) gas / (0x1c332801ddd0abecd0ea5c6400567f5db407b3a5c455534fe3d5a8792a41b7e4) in 0.022s. Peers: 5","throwable":""}
{"timestamp":"2025-10-03T11:46:46,139","container":"166713a672ce","level":"INFO","thread":"EthScheduler-Workers-0","class":"PersistBlockTask","message":"Imported #139 / 0 tx / 0 om / 0 (0.0%) gas / (0x8a77ea4af5967bf12d96995ec99ef64bf0118c369f9f09eb6b8b2da5ce3dfed6) in 0.015s. Peers: 5","throwable":""}
{"timestamp":"2025-10-03T11:46:54,155","container":"166713a672ce","level":"INFO","thread":"EthScheduler-Workers-0","class":"PersistBlockTask","message":"Imported #140 / 0 tx / 0 om / 0 (0.0%) gas / (0xb5aaefe08b1db3b6321ad76f186073dc306ce890464d8b09a1b746c55a57ecab) in 0.022s. Peers: 5","throwable":""}
{"timestamp":"2025-10-03T11:47:02,295","container":"166713a672ce","level":"INFO","thread":"EthScheduler-Workers-0","class":"PersistBlockTask","message":"Imported #141 / 0 tx / 0 om / 0 (0.0%) gas / (0x12903cdd801717a9c6819fae0d99d9a8f5bfb3345e7bfe9bc34bc3a3d8a65f03) in 0.049s. Peers: 5","throwable":""}
{"timestamp":"2025-10-03T11:47:10,153","container":"166713a672ce","level":"INFO","thread":"EthScheduler-Workers-0","class":"PersistBlockTask","message":"Imported #142 / 0 tx / 0 om / 0 (0.0%) gas / (0x1b7a356eebdd23a198336a52d2ae7cdd4157f46380f0fdbb8a2b8c612bbf940c) in 0.016s. Peers: 5","throwable":""}
{"timestamp":"2025-10-03T11:47:18,150","container":"166713a672ce","level":"INFO","thread":"EthScheduler-Workers-0","class":"PersistBlockTask","message":"Imported #143 / 0 tx / 0 om / 0 (0.0%) gas / (0x8f674b402d092346be9ba4b413f03d5ef69316748c6c4819176b54805284a876) in 0.016s. Peers: 5","throwable":""}
{"timestamp":"2025-10-03T11:47:26,239","container":"166713a672ce","level":"INFO","thread":"EthScheduler-Workers-0","class":"PersistBlockTask","message":"Imported #144 / 0 tx / 0 om / 0 (0.0%) gas / (0x473225dfa7d12c3775715d5b192096d9ba428e8d5218856ec79a075c6368c826) in 0.040s. Peers: 5","throwable":""}
{"timestamp":"2025-10-03T11:47:34,190","container":"166713a672ce","level":"INFO","thread":"EthScheduler-Workers-0","class":"PersistBlockTask","message":"Imported #145 / 0 tx / 0 om / 0 (0.0%) gas / (0x01d70d181781a666a8845c8246b7213eb22cc631ebc7fb73e06fcea47057c8ba) in 0.022s. Peers: 5","throwable":""}
{"timestamp":"2025-10-03T11:47:42,149","container":"166713a672ce","level":"INFO","thread":"EthScheduler-Workers-0","class":"PersistBlockTask","message":"Imported #146 / 0 tx / 0 om / 0 (0.0%) gas / (0x08574f7f8200c7b441cd00be9142a64846dd1bc505d8e96e3d4814f682ceadd0) in 0.022s. Peers: 5","throwable":""}
{"timestamp":"2025-10-03T11:47:50,159","container":"166713a672ce","level":"INFO","thread":"EthScheduler-Workers-0","class":"PersistBlockTask","message":"Imported #147 / 0 tx / 0 om / 0 (0.0%) gas / (0x5b79a98d20e545542438d9184a01afc7d2c2ed7075a01ef742999d0619aab0e8) in 0.019s. Peers: 5","throwable":""}
{"timestamp":"2025-10-03T11:47:58,296","container":"166713a672ce","level":"INFO","thread":"EthScheduler-Workers-0","class":"PersistBlockTask","message":"Imported #148 / 0 tx / 0 om / 0 (0.0%) gas / (0xf83430cc18ae3d41f9376a7abba1f84bb2c6a9be1c940847de8178722705e29e) in 0.037s. Peers: 5","throwable":""}
{"timestamp":"2025-10-03T11:48:06,157","container":"166713a672ce","level":"INFO","thread":"EthScheduler-Workers-0","class":"PersistBlockTask","message":"Imported #149 / 0 tx / 0 om / 0 (0.0%) gas / (0xb5e6824e02db7bfa6b14a4069ef361bf9910169905ce96768a119dbf70566170) in 0.019s. Peers: 5","throwable":""}
{"timestamp":"2025-10-03T11:48:14,194","container":"166713a672ce","level":"INFO","thread":"EthScheduler-Workers-0","class":"PersistBlockTask","message":"Imported #150 / 0 tx / 0 om / 0 (0.0%) gas / (0x77bf9d9587bd1bf817a0e332f678036a59625a56b2f1ec7de840cf2a990113bf) in 0.032s. Peers: 5","throwable":""}
{"timestamp":"2025-10-03T11:48:22,169","container":"166713a672ce","level":"INFO","thread":"EthScheduler-Workers-0","class":"PersistBlockTask","message":"Imported #151 / 0 tx / 0 om / 0 (0.0%) gas / (0x891e2ed5869ef3f86f2a6be978d62a2fe3aba772ee5f05d73cfb2aa72df87510) in 0.030s. Peers: 5","throwable":""}
{"timestamp":"2025-10-03T11:48:30,280","container":"166713a672ce","level":"INFO","thread":"EthScheduler-Workers-0","class":"PersistBlockTask","message":"Imported #152 / 0 tx / 0 om / 0 (0.0%) gas / (0x619e8850b22a38168e5aa400ee22f1f7537a969f0c45940d5c85ccac31169b5f) in 0.025s. Peers: 5","throwable":""}
{"timestamp":"2025-10-03T11:48:47,701","container":"166713a672ce","level":"INFO","thread":"EthScheduler-Workers-0","class":"PersistBlockTask","message":"Imported #153 / 0 tx / 0 om / 0 (0.0%) gas / (0xd08a1878ab9760bc561230caf0e3aa722865db5b5eeee4dccf92c8b33e080ff7) in 0.035s. Peers: 5","throwable":""}
{"timestamp":"2025-10-03T11:48:55,230","container":"166713a672ce","level":"INFO","thread":"EthScheduler-Workers-0","class":"PersistBlockTask","message":"Imported #154 / 0 tx / 0 om / 0 (0.0%) gas / (0x321d99c8bf73b47d24d47b006acaba674f9e3c3045a0c73ccb9d9b3447c11479) in 0.027s. Peers: 5","throwable":""}
{"timestamp":"2025-10-03T11:49:03,174","container":"166713a672ce","level":"INFO","thread":"EthScheduler-Workers-0","class":"PersistBlockTask","message":"Imported #155 / 0 tx / 0 om / 0 (0.0%) gas / (0x9d8fa70d0b01b0c8cb9a7d28b64a596fdcd9e5ea1a937890d15d1de701f2e0b8) in 0.020s. Peers: 5","throwable":""}
{"timestamp":"2025-10-03T11:49:11,712","container":"166713a672ce","level":"INFO","thread":"EthScheduler-Workers-0","class":"PersistBlockTask","message":"Imported #156 / 0 tx / 0 om / 0 (0.0%) gas / (0x6b6ceceaba28c512585cdff4d68a3342d5f7187237a850ffb5ffd51c8c2eff83) in 0.016s. Peers: 5","throwable":""}
{"timestamp":"2025-10-03T11:49:20,221","container":"166713a672ce","level":"INFO","thread":"EthScheduler-Workers-0","class":"PersistBlockTask","message":"Imported #157 / 0 tx / 0 om / 0 (0.0%) gas / (0x70f758939a4832d9c8277bdb28bc0b563b7e740b21bb7f316c37214563f0e631) in 0.026s. Peers: 5","throwable":""}
{"timestamp":"2025-10-03T11:49:28,247","container":"166713a672ce","level":"INFO","thread":"EthScheduler-Workers-0","class":"PersistBlockTask","message":"Imported #158 / 0 tx / 0 om / 0 (0.0%) gas / (0x63a4818ccb2dcaa4d607ca9fdd27057de6c95a9d8a0ff37d79260ff469cb7b1e) in 0.019s. Peers: 5","throwable":""}
{"timestamp":"2025-10-03T11:49:36,103","container":"166713a672ce","level":"INFO","thread":"EthScheduler-Workers-0","class":"PersistBlockTask","message":"Imported #159 / 0 tx / 0 om / 0 (0.0%) gas / (0x05f7b198ba8f3a7b1a12e61801acb83b22520d6b5fe6f1c269baf55d828cd00c) in 0.013s. Peers: 5","throwable":""}
{"timestamp":"2025-10-03T11:49:44,271","container":"166713a672ce","level":"INFO","thread":"EthScheduler-Workers-0","class":"PersistBlockTask","message":"Imported #160 / 0 tx / 0 om / 0 (0.0%) gas / (0x8b108ede2e66fd04d8afc7923524a81e73ceeba068117e6769423da099667542) in 0.023s. Peers: 5","throwable":""}
{"timestamp":"2025-10-03T11:49:52,285","container":"166713a672ce","level":"INFO","thread":"EthScheduler-Workers-0","class":"PersistBlockTask","message":"Imported #161 / 0 tx / 0 om / 0 (0.0%) gas / (0xbc81b3c9371e51dcf3e59484f99bb7a35761a7bc1e87d7462587eba4cef4c8a8) in 0.053s. Peers: 5","throwable":""}
{"timestamp":"2025-10-03T11:50:00,253","container":"166713a672ce","level":"INFO","thread":"EthScheduler-Workers-0","class":"PersistBlockTask","message":"Imported #162 / 0 tx / 0 om / 0 (0.0%) gas / (0xebb364de737f6897e4b42fd7e5582af897b9ac97ee5fb27f67f10c424fd7bf8d) in 0.033s. Peers: 5","throwable":""}
{"timestamp":"2025-10-03T11:50:08,258","container":"166713a672ce","level":"INFO","thread":"EthScheduler-Workers-0","class":"PersistBlockTask","message":"Imported #163 / 0 tx / 0 om / 0 (0.0%) gas / (0xf528356c5c48179920c88b1112585af2ccc815c01e732b9fb9416c506064928e) in 0.015s. Peers: 5","throwable":""}
{"timestamp":"2025-10-03T11:50:16,262","container":"166713a672ce","level":"INFO","thread":"EthScheduler-Workers-0","class":"PersistBlockTask","message":"Imported #164 / 0 tx / 0 om / 0 (0.0%) gas / (0xf252c1d432fd53a1f7947c893d902dade50fa5a46a8b863ba952382367249880) in 0.027s. Peers: 5","throwable":""}
{"timestamp":"2025-10-03T11:50:24,167","container":"166713a672ce","level":"INFO","thread":"EthScheduler-Workers-0","class":"PersistBlockTask","message":"Imported #165 / 0 tx / 0 om / 0 (0.0%) gas / (0x48a9b148c1a2e6f716b1eb989b2ba394dd14ea0e7f1553c520b5d98e31fc8c3e) in 0.020s. Peers: 5","throwable":""}
{"timestamp":"2025-10-03T11:50:32,301","container":"166713a672ce","level":"INFO","thread":"EthScheduler-Workers-0","class":"PersistBlockTask","message":"Imported #166 / 0 tx / 0 om / 0 (0.0%) gas / (0x393aab7fd20e198f81cd5cfc6a6abf11fa4d84eb734f58f16588734b65407c24) in 0.030s. Peers: 5","throwable":""}
{"timestamp":"2025-10-03T11:50:40,073","container":"166713a672ce","level":"INFO","thread":"EthScheduler-Workers-0","class":"PersistBlockTask","message":"Imported #167 / 0 tx / 0 om / 0 (0.0%) gas / (0x9f82c1ec98ce6f244ad337f003da773aed55f8f01b30d67ea12c753b43d72397) in 0.011s. Peers: 5","throwable":""}
{"timestamp":"2025-10-03T11:50:48,198","container":"166713a672ce","level":"INFO","thread":"EthScheduler-Workers-0","class":"PersistBlockTask","message":"Imported #168 / 0 tx / 0 om / 0 (0.0%) gas / (0xb0cbea1787b8c8ab67f3149c82187327c2b6bf97ffa5073e50fd1c4e2c45d7ac) in 0.022s. Peers: 5","throwable":""}
{"timestamp":"2025-10-03T11:50:56,137","container":"166713a672ce","level":"INFO","thread":"EthScheduler-Workers-0","class":"PersistBlockTask","message":"Imported #169 / 0 tx / 0 om / 0 (0.0%) gas / (0x5fc85487d56458b52ad42d68705323ecd7f38cfc630c000cbf4238fdfdb9243b) in 0.016s. Peers: 5","throwable":""}
{"timestamp":"2025-10-03T11:51:04,195","container":"166713a672ce","level":"INFO","thread":"EthScheduler-Workers-0","class":"PersistBlockTask","message":"Imported #170 / 0 tx / 0 om / 0 (0.0%) gas / (0x734037930887f81543944c0b11bc63bb8766ea0b9e4dbac8143dd365c4792e2b) in 0.026s. Peers: 5","throwable":""}
{"timestamp":"2025-10-03T11:51:12,158","container":"166713a672ce","level":"INFO","thread":"EthScheduler-Workers-0","class":"PersistBlockTask","message":"Imported #171 / 0 tx / 0 om / 0 (0.0%) gas / (0x1681b29f5971c9ebda4e9fc9e13e464d91d3105ffb7c5cc6b1949ea492021212) in 0.016s. Peers: 5","throwable":""}
{"timestamp":"2025-10-03T11:51:20,152","container":"166713a672ce","level":"INFO","thread":"EthScheduler-Workers-0","class":"PersistBlockTask","message":"Imported #172 / 0 tx / 0 om / 0 (0.0%) gas / (0x7cc095ff522d470c6a631b7376743df5199a2e93b565d7fb375750fe27c25461) in 0.032s. Peers: 5","throwable":""}
{"timestamp":"2025-10-03T11:51:28,190","container":"166713a672ce","level":"INFO","thread":"EthScheduler-Workers-0","class":"PersistBlockTask","message":"Imported #173 / 0 tx / 0 om / 0 (0.0%) gas / (0xd7b406e465bb5e743a013d7f2b39f2699e1cb1a9d8a4f2bc64926165860c109c) in 0.019s. Peers: 5","throwable":""}
{"timestamp":"2025-10-03T11:51:36,112","container":"166713a672ce","level":"INFO","thread":"EthScheduler-Workers-0","class":"PersistBlockTask","message":"Imported #174 / 0 tx / 0 om / 0 (0.0%) gas / (0x3842c6405f3ee08206325ca7bff8605ae7f040eec14365c2047be2ba027203e8) in 0.015s. Peers: 5","throwable":""}
{"timestamp":"2025-10-03T11:51:44,079","container":"166713a672ce","level":"INFO","thread":"EthScheduler-Workers-0","class":"PersistBlockTask","message":"Imported #175 / 0 tx / 0 om / 0 (0.0%) gas / (0xef8d3c601bd106fcf5855f5b1d4cf1b656875f8c7b905cce2fbe51c221b43584) in 0.009s. Peers: 5","throwable":""}
{"timestamp":"2025-10-03T11:51:52,111","container":"166713a672ce","level":"INFO","thread":"EthScheduler-Workers-0","class":"PersistBlockTask","message":"Imported #176 / 0 tx / 0 om / 0 (0.0%) gas / (0x2ce5a4c5251c9cad0ecece56bae3a02eb6cb38348ae411ad94f894826001c80c) in 0.013s. Peers: 5","throwable":""}
{"timestamp":"2025-10-03T11:52:00,085","container":"166713a672ce","level":"INFO","thread":"EthScheduler-Workers-0","class":"PersistBlockTask","message":"Imported #177 / 0 tx / 0 om / 0 (0.0%) gas / (0x5cced011ec6689dc4bef07b2e8a86fc300e015e1fa93ffa1524da8d30a00f033) in 0.009s. Peers: 5","throwable":""}
{"timestamp":"2025-10-03T11:52:08,090","container":"166713a672ce","level":"INFO","thread":"EthScheduler-Workers-0","class":"PersistBlockTask","message":"Imported #178 / 0 tx / 0 om / 0 (0.0%) gas / (0x5ca9697cc7188447fbc32d99a99c0e26dae255cf95dbd9c13abf54fa2573b658) in 0.007s. Peers: 5","throwable":""}
{"timestamp":"2025-10-03T11:52:16,067","container":"166713a672ce","level":"INFO","thread":"EthScheduler-Workers-0","class":"PersistBlockTask","message":"Imported #179 / 0 tx / 0 om / 0 (0.0%) gas / (0x6faf34b23f8b46a89cd7cb6422a6a0a043f384b6785faf3816f40dc560ea5cd1) in 0.011s. Peers: 5","throwable":""}
{"timestamp":"2025-10-03T11:52:24,093","container":"166713a672ce","level":"INFO","thread":"EthScheduler-Workers-0","class":"PersistBlockTask","message":"Imported #180 / 0 tx / 0 om / 0 (0.0%) gas / (0x3ebf233449f31215a2e62bfa56339ada621a5ab14245c0dd8aae0e1f54ba7f31) in 0.011s. Peers: 5","throwable":""}
{"timestamp":"2025-10-03T11:52:32,118","container":"166713a672ce","level":"INFO","thread":"EthScheduler-Workers-0","class":"PersistBlockTask","message":"Imported #181 / 0 tx / 0 om / 0 (0.0%) gas / (0x93fe32832eb75a3362fb28f77bd61c31a09604afed9df52756f8e9e801d5f900) in 0.013s. Peers: 5","throwable":""}
{"timestamp":"2025-10-03T11:52:40,086","container":"166713a672ce","level":"INFO","thread":"EthScheduler-Workers-0","class":"PersistBlockTask","message":"Imported #182 / 0 tx / 0 om / 0 (0.0%) gas / (0x70546f21e73492a30a1b42af675ae1693cda827add7fe63ee3680d5ca37727c0) in 0.012s. Peers: 5","throwable":""}
{"timestamp":"2025-10-03T11:52:48,133","container":"166713a672ce","level":"INFO","thread":"EthScheduler-Workers-0","class":"PersistBlockTask","message":"Imported #183 / 0 tx / 0 om / 0 (0.0%) gas / (0x88c28ed96d3559ca2175a8dc3f45758652557e1e3476ec804b306a098ea0e91d) in 0.014s. Peers: 5","throwable":""}
{"timestamp":"2025-10-03T11:52:56,082","container":"166713a672ce","level":"INFO","thread":"EthScheduler-Workers-0","class":"PersistBlockTask","message":"Imported #184 / 0 tx / 0 om / 0 (0.0%) gas / (0x1573b385adb05b119da80eda6faa37adb119d0d1111a9f879175c786e1dc0609) in 0.009s. Peers: 5","throwable":""}
{"timestamp":"2025-10-03T11:53:04,087","container":"166713a672ce","level":"INFO","thread":"EthScheduler-Workers-0","class":"PersistBlockTask","message":"Imported #185 / 0 tx / 0 om / 0 (0.0%) gas / (0x89e5f3635b3693ecfb3eb98443f2ac0b635a0a870b0a0dd78ad0ce5e66b78ec5) in 0.006s. Peers: 5","throwable":""}
{"timestamp":"2025-10-03T11:53:12,051","container":"166713a672ce","level":"INFO","thread":"EthScheduler-Workers-0","class":"PersistBlockTask","message":"Imported #186 / 0 tx / 0 om / 0 (0.0%) gas / (0x991e504d6949f100fdf523433705e143b13d3b75783b9bd840b583f333ef90db) in 0.003s. Peers: 5","throwable":""}
{"timestamp":"2025-10-03T11:53:20,048","container":"166713a672ce","level":"INFO","thread":"EthScheduler-Workers-0","class":"PersistBlockTask","message":"Imported #187 / 0 tx / 0 om / 0 (0.0%) gas / (0x173d304698c5a4ea97cab78978d43c211bcf7a3d2d031d66ffc5c577425d5851) in 0.011s. Peers: 5","throwable":""}
{"timestamp":"2025-10-03T11:53:28,026","container":"166713a672ce","level":"INFO","thread":"EthScheduler-Workers-0","class":"PersistBlockTask","message":"Imported #188 / 0 tx / 0 om / 0 (0.0%) gas / (0xedf46c5d4513063cd45acb6d5c79b82f1e7b708700745856dd7fdbf9e506a6c2) in 0.005s. Peers: 5","throwable":""}
{"timestamp":"2025-10-03T11:53:36,022","container":"166713a672ce","level":"INFO","thread":"EthScheduler-Workers-0","class":"PersistBlockTask","message":"Imported #189 / 0 tx / 0 om / 0 (0.0%) gas / (0x9d106f4bc0accae3f2ed6897bd0a1690fb77f27f1caca4bcf366ed7b5aaea280) in 0.002s. Peers: 5","throwable":""}
{"timestamp":"2025-10-03T11:53:44,029","container":"166713a672ce","level":"INFO","thread":"EthScheduler-Workers-0","class":"PersistBlockTask","message":"Imported #190 / 0 tx / 0 om / 0 (0.0%) gas / (0x9a20c5072425e2fc397e8e055947a2d9174df7915bd2551b99d9ed98ffbdd2f8) in 0.004s. Peers: 5","throwable":""}
{"timestamp":"2025-10-03T11:53:52,038","container":"166713a672ce","level":"INFO","thread":"EthScheduler-Workers-0","class":"PersistBlockTask","message":"Imported #191 / 0 tx / 0 om / 0 (0.0%) gas / (0x459f8141f5d609fe3dbdfcc9a045960830901b218fdd17f9808d11ba4e1c43f6) in 0.006s. Peers: 5","throwable":""}
{"timestamp":"2025-10-03T11:54:00,080","container":"166713a672ce","level":"INFO","thread":"EthScheduler-Workers-0","class":"PersistBlockTask","message":"Imported #192 / 0 tx / 0 om / 0 (0.0%) gas / (0x97a171dc9d1e4181261ddf2b3cfbb3f3f6ca913cf4ced0e31d6f8d30d5430da5) in 0.007s. Peers: 5","throwable":""}
{"timestamp":"2025-10-03T11:54:08,072","container":"166713a672ce","level":"INFO","thread":"EthScheduler-Workers-0","class":"PersistBlockTask","message":"Imported #193 / 0 tx / 0 om / 0 (0.0%) gas / (0xc747288c6e6d5eb1bcd213076b78e9c24152689ea2e24e96e18604689f639921) in 0.010s. Peers: 5","throwable":""}
{"timestamp":"2025-10-03T11:54:16,083","container":"166713a672ce","level":"INFO","thread":"EthScheduler-Workers-0","class":"PersistBlockTask","message":"Imported #194 / 0 tx / 0 om / 0 (0.0%) gas / (0x0346c2a6ba2760f056051f219bf1b29b832716a0e9027532555b0e67654da99c) in 0.009s. Peers: 5","throwable":""}
{"timestamp":"2025-10-03T11:54:24,097","container":"166713a672ce","level":"INFO","thread":"EthScheduler-Workers-0","class":"PersistBlockTask","message":"Imported #195 / 0 tx / 0 om / 0 (0.0%) gas / (0x59f53830281d628ab62c92a1e723ee6e152bfe975aed4e886bc65cb992890847) in 0.013s. Peers: 5","throwable":""}
{"timestamp":"2025-10-03T11:54:32,087","container":"166713a672ce","level":"INFO","thread":"EthScheduler-Workers-0","class":"PersistBlockTask","message":"Imported #196 / 0 tx / 0 om / 0 (0.0%) gas / (0x70efd72d1484413d706d9b4505f808bb16808784b34b0034dad050f0d5f9f0f8) in 0.009s. Peers: 5","throwable":""}
{"timestamp":"2025-10-03T11:54:40,101","container":"166713a672ce","level":"INFO","thread":"EthScheduler-Workers-0","class":"PersistBlockTask","message":"Imported #197 / 0 tx / 0 om / 0 (0.0%) gas / (0x6784d578583fdc358f52235a0e5d2b8757823ff0c90c5ce3ad190b4fb683b465) in 0.010s. Peers: 5","throwable":""}
{"timestamp":"2025-10-03T11:54:48,850","container":"166713a672ce","level":"INFO","thread":"EthScheduler-Workers-0","class":"PersistBlockTask","message":"Imported #198 / 0 tx / 0 om / 0 (0.0%) gas / (0x53712a9be2509cc0265f4d35bc062570f61970fcc5ec46afa74a8a40a3166e4b) in 0.040s. Peers: 5","throwable":""}
{"timestamp":"2025-10-03T11:54:56,308","container":"166713a672ce","level":"INFO","thread":"EthScheduler-Workers-0","class":"PersistBlockTask","message":"Imported #199 / 0 tx / 0 om / 0 (0.0%) gas / (0x0c58babe2dc213dccff9d8f0a1d34200057823527619827fb46c0bca2f865909) in 0.052s. Peers: 5","throwable":""}
{"timestamp":"2025-10-03T11:55:04,285","container":"166713a672ce","level":"INFO","thread":"EthScheduler-Workers-0","class":"PersistBlockTask","message":"Imported #200 / 0 tx / 0 om / 0 (0.0%) gas / (0x2f746aa4fb461c57532ca931600eb3ee7ba10a4d61dad740f59fb1f22058401d) in 0.033s. Peers: 5","throwable":""}
{"timestamp":"2025-10-03T11:55:12,113","container":"166713a672ce","level":"INFO","thread":"EthScheduler-Workers-0","class":"PersistBlockTask","message":"Imported #201 / 0 tx / 0 om / 0 (0.0%) gas / (0xd5298126ba36a05445812205013c9cb7d99a4a5d1152b4e8b0b0016c1fb02d18) in 0.015s. Peers: 5","throwable":""}
{"timestamp":"2025-10-03T11:55:20,214","container":"166713a672ce","level":"INFO","thread":"EthScheduler-Workers-0","class":"PersistBlockTask","message":"Imported #202 / 0 tx / 0 om / 0 (0.0%) gas / (0x3ecc1089c0e0e2d36eac4ecc5a64921b8ea50bc02c6e1f274e3c4e17eec1b89e) in 0.024s. Peers: 5","throwable":""}
{"timestamp":"2025-10-03T11:55:28,123","container":"166713a672ce","level":"INFO","thread":"EthScheduler-Workers-0","class":"PersistBlockTask","message":"Imported #203 / 0 tx / 0 om / 0 (0.0%) gas / (0x16f90ab47bd5c3ce01bb6198ba5b4a545b504e5c99cb707c48ff612ee1ea2409) in 0.012s. Peers: 5","throwable":""}
{"timestamp":"2025-10-03T11:55:36,138","container":"166713a672ce","level":"INFO","thread":"EthScheduler-Workers-0","class":"PersistBlockTask","message":"Imported #204 / 0 tx / 0 om / 0 (0.0%) gas / (0x96ab65d83ca510942bb87daebcc9e703964b9e54d1b3c8a2b165ba53eb4fd84d) in 0.016s. Peers: 5","throwable":""}
{"timestamp":"2025-10-03T11:55:44,409","container":"166713a672ce","level":"INFO","thread":"EthScheduler-Workers-0","class":"PersistBlockTask","message":"Imported #205 / 0 tx / 0 om / 0 (0.0%) gas / (0x123035eeaff0cd44259d1f28e103dee415a6ee79a99635e2ec634dafefc78f5e) in 0.085s. Peers: 5","throwable":""}
{"timestamp":"2025-10-03T11:55:52,248","container":"166713a672ce","level":"INFO","thread":"EthScheduler-Workers-0","class":"PersistBlockTask","message":"Imported #206 / 0 tx / 0 om / 0 (0.0%) gas / (0x72529abd5a715213b87a127666c7b97a8cc5419903a13f001479ae26432d2539) in 0.023s. Peers: 5","throwable":""}
{"timestamp":"2025-10-03T11:56:00,160","container":"166713a672ce","level":"INFO","thread":"EthScheduler-Workers-0","class":"PersistBlockTask","message":"Imported #207 / 0 tx / 0 om / 0 (0.0%) gas / (0x4d6fae9512d40fe9c1db1af54a8188182b34ba9774c27f8c226c36cb9541f5b3) in 0.018s. Peers: 5","throwable":""}
{"timestamp":"2025-10-03T11:56:08,317","container":"166713a672ce","level":"INFO","thread":"EthScheduler-Workers-0","class":"PersistBlockTask","message":"Imported #208 / 0 tx / 0 om / 0 (0.0%) gas / (0xf93e69593fd1ffeeec35fbc59ffd82ba58a3c00c302cce00f29d938ddc54fc2a) in 0.035s. Peers: 5","throwable":""}
{"timestamp":"2025-10-03T11:56:16,231","container":"166713a672ce","level":"INFO","thread":"EthScheduler-Workers-0","class":"PersistBlockTask","message":"Imported #209 / 0 tx / 0 om / 0 (0.0%) gas / (0xb49d967560f8c6bf3e1cb4ba493a64c45437293948dc591bb01b53e3b3be4f5b) in 0.019s. Peers: 5","throwable":""}
{"timestamp":"2025-10-03T11:56:24,226","container":"166713a672ce","level":"INFO","thread":"EthScheduler-Workers-0","class":"PersistBlockTask","message":"Imported #210 / 0 tx / 0 om / 0 (0.0%) gas / (0x8d1f3b6a98cdf17f7847f9c2f63bf5102d2d617b711f7a00aa3c2524153ac82a) in 0.026s. Peers: 5","throwable":""}
{"timestamp":"2025-10-03T11:56:32,222","container":"166713a672ce","level":"INFO","thread":"EthScheduler-Workers-0","class":"PersistBlockTask","message":"Imported #211 / 0 tx / 0 om / 0 (0.0%) gas / (0x86fe9af15c917ec37402645a1ee257479d5ad7e4750b3c8a7c6c3677699e4fd3) in 0.031s. Peers: 5","throwable":""}
{"timestamp":"2025-10-03T11:56:40,306","container":"166713a672ce","level":"INFO","thread":"EthScheduler-Workers-0","class":"PersistBlockTask","message":"Imported #212 / 0 tx / 0 om / 0 (0.0%) gas / (0xf0128d681f0126baa527ed47c30e3b9a823755420427c293b6bb6e07833c764c) in 0.039s. Peers: 5","throwable":""}
{"timestamp":"2025-10-03T11:56:48,172","container":"166713a672ce","level":"INFO","thread":"EthScheduler-Workers-0","class":"PersistBlockTask","message":"Imported #213 / 0 tx / 0 om / 0 (0.0%) gas / (0xb01d9c65cbb4ffa5e6ca2b7b8d9810cc74fb8668dcda23a60cba5233f9c7dd86) in 0.018s. Peers: 5","throwable":""}
{"timestamp":"2025-10-03T11:56:56,242","container":"166713a672ce","level":"INFO","thread":"EthScheduler-Workers-0","class":"PersistBlockTask","message":"Imported #214 / 0 tx / 0 om / 0 (0.0%) gas / (0xd0417dad4b42a52a5aaa62a67e12d6c3d50af28f0079e174148da9c634066097) in 0.025s. Peers: 5","throwable":""}
{"timestamp":"2025-10-03T11:57:04,118","container":"166713a672ce","level":"INFO","thread":"EthScheduler-Workers-0","class":"PersistBlockTask","message":"Imported #215 / 0 tx / 0 om / 0 (0.0%) gas / (0x5e276053491560dc663ed6f07e5f3bc1a585494fe5423957d8a6d0db7de4dbc3) in 0.010s. Peers: 5","throwable":""}
{"timestamp":"2025-10-03T11:57:12,227","container":"166713a672ce","level":"INFO","thread":"EthScheduler-Workers-0","class":"PersistBlockTask","message":"Imported #216 / 0 tx / 0 om / 0 (0.0%) gas / (0x8ffecd3f5dd884778ba079e110e59c6222dd30ad612997376c97ea1d51f79fbd) in 0.026s. Peers: 5","throwable":""}
{"timestamp":"2025-10-03T11:57:20,200","container":"166713a672ce","level":"INFO","thread":"EthScheduler-Workers-0","class":"PersistBlockTask","message":"Imported #217 / 0 tx / 0 om / 0 (0.0%) gas / (0x98d2d435fb890d6cf4ab3484e3623dc37e250e287b9b7a92705c022f4b03e060) in 0.024s. Peers: 5","throwable":""}
{"timestamp":"2025-10-03T11:57:28,374","container":"166713a672ce","level":"INFO","thread":"EthScheduler-Workers-0","class":"PersistBlockTask","message":"Imported #218 / 0 tx / 0 om / 0 (0.0%) gas / (0x82ab1f28a940c650bbc4ef8fc28cc3c595b1980ce4cc4583a0efd83265b6e6ac) in 0.036s. Peers: 5","throwable":""}
{"timestamp":"2025-10-03T11:57:36,106","container":"166713a672ce","level":"INFO","thread":"EthScheduler-Workers-0","class":"PersistBlockTask","message":"Imported #219 / 0 tx / 0 om / 0 (0.0%) gas / (0x64fb5b1be03bb3340a24d76d5c18a4657034a303e4fd85e7b38ff9844e2992a7) in 0.012s. Peers: 5","throwable":""}
{"timestamp":"2025-10-03T11:57:48,206","container":"166713a672ce","level":"INFO","thread":"EthScheduler-Workers-0","class":"PersistBlockTask","message":"Imported #220 / 0 tx / 0 om / 0 (0.0%) gas / (0x859d6c7b6d9296ae9e35267eb9df0a103e7e0e7ca01e1afb0d84dfa3109dc587) in 1.376s. Peers: 5","throwable":""}
{"timestamp":"2025-10-03T11:57:55,570","container":"166713a672ce","level":"INFO","thread":"EthScheduler-Workers-0","class":"PersistBlockTask","message":"Imported #221 / 0 tx / 0 om / 0 (0.0%) gas / (0x97b287d87d6c0d8a3d3c434e757e04a0e2e9fbedb57380048ea7b783b70d034b) in 0.139s. Peers: 5","throwable":""}
{"timestamp":"2025-10-03T11:58:01,977","container":"166713a672ce","level":"INFO","thread":"EthScheduler-Workers-0","class":"PersistBlockTask","message":"Imported #222 / 0 tx / 0 om / 0 (0.0%) gas / (0xd96bcd3cff24e44c8dd3a388a5e1b314c77e8b0934a0ba604077d125001172b6) in 0.097s. Peers: 5","throwable":""}
{"timestamp":"2025-10-03T11:58:10,954","container":"166713a672ce","level":"INFO","thread":"EthScheduler-Workers-0","class":"PersistBlockTask","message":"Imported #223 / 0 tx / 0 om / 0 (0.0%) gas / (0x8484198402e502576099d0a2dc322afaf39bbf8b3cc0c1095d905555cd5ee403) in 0.226s. Peers: 5","throwable":""}
{"timestamp":"2025-10-03T11:58:19,654","container":"166713a672ce","level":"INFO","thread":"EthScheduler-Workers-0","class":"PersistBlockTask","message":"Imported #224 / 0 tx / 0 om / 0 (0.0%) gas / (0xd277df143d6b302edb5bd7182c825fc4da9a2ba5f124ef7a07cb43357086e837) in 0.423s. Peers: 5","throwable":""}
{"timestamp":"2025-10-03T11:58:25,540","container":"166713a672ce","level":"INFO","thread":"EthScheduler-Workers-0","class":"PersistBlockTask","message":"Imported #225 / 0 tx / 0 om / 0 (0.0%) gas / (0x6ae73cabe7bbe00b95a3bee34f8a6c9b123258e8b03dab0b6a6a5f5d751df344) in 0.050s. Peers: 5","throwable":""}
{"timestamp":"2025-10-03T11:58:32,941","container":"166713a672ce","level":"INFO","thread":"EthScheduler-Workers-0","class":"PersistBlockTask","message":"Imported #226 / 0 tx / 0 om / 0 (0.0%) gas / (0x918b719271f1f3ada27410836d50ee13e74ab67aef8af82ae6af4b5f3f4d8819) in 0.020s. Peers: 5","throwable":""}
{"timestamp":"2025-10-03T11:58:44,240","container":"166713a672ce","level":"INFO","thread":"EthScheduler-Workers-0","class":"PersistBlockTask","message":"Imported #227 / 0 tx / 0 om / 0 (0.0%) gas / (0x88785125a0ed449c3c092f4c85bd1d7e7f217b3234ec0a50a440bdee32124077) in 0.291s. Peers: 5","throwable":""}
{"timestamp":"2025-10-03T11:58:49,321","container":"166713a672ce","level":"INFO","thread":"EthScheduler-Workers-0","class":"PersistBlockTask","message":"Imported #228 / 0 tx / 0 om / 0 (0.0%) gas / (0xe50d801d0216051a1d1021291793e8e3448200977c051f02387ba7cb33e4d9af) in 0.031s. Peers: 5","throwable":""}
{"timestamp":"2025-10-03T11:58:58,611","container":"166713a672ce","level":"INFO","thread":"EthScheduler-Workers-0","class":"PersistBlockTask","message":"Imported #229 / 0 tx / 0 om / 0 (0.0%) gas / (0x3962052b97cc79157bdfa573863ad22e83ac22501cca287d20b6904b072907ed) in 0.156s. Peers: 5","throwable":""}
{"timestamp":"2025-10-03T11:59:05,292","container":"166713a672ce","level":"INFO","thread":"EthScheduler-Workers-0","class":"PersistBlockTask","message":"Imported #230 / 0 tx / 0 om / 0 (0.0%) gas / (0xd415c024dca774d1cbf73cec5577b0a00911ecd5c180de33724912b769b2bc40) in 0.033s. Peers: 5","throwable":""}
{"timestamp":"2025-10-03T11:59:15,493","container":"166713a672ce","level":"INFO","thread":"EthScheduler-Workers-0","class":"PersistBlockTask","message":"Imported #231 / 0 tx / 0 om / 0 (0.0%) gas / (0x20f40b592857131d88d45aab7b03f32e460ed31d881cbf01e0aacfe540c29e75) in 0.649s. Peers: 5","throwable":""}
{"timestamp":"2025-10-03T11:59:23,087","container":"166713a672ce","level":"INFO","thread":"EthScheduler-Workers-0","class":"PersistBlockTask","message":"Imported #232 / 0 tx / 0 om / 0 (0.0%) gas / (0x376dbb1c54775ccb2cce63f7c51418888ed28d8e52d127f3ac8f7dcf60ad6c57) in 0.166s. Peers: 5","throwable":""}
{"timestamp":"2025-10-03T11:59:28,926","container":"166713a672ce","level":"INFO","thread":"EthScheduler-Workers-0","class":"PersistBlockTask","message":"Imported #233 / 0 tx / 0 om / 0 (0.0%) gas / (0x00a3b7bafc3d901e3c06045db207ca5ec2cceaac62494d07bfa94eaef64dcf35) in 0.030s. Peers: 5","throwable":""}
{"timestamp":"2025-10-03T11:59:37,120","container":"166713a672ce","level":"INFO","thread":"EthScheduler-Workers-0","class":"PersistBlockTask","message":"Imported #234 / 0 tx / 0 om / 0 (0.0%) gas / (0x8560c8ac9cf45ecb18219a0d18feb4ba9f697c8b2273be55996e9672ba135097) in 0.013s. Peers: 5","throwable":""}
{"timestamp":"2025-10-03T11:59:45,140","container":"166713a672ce","level":"INFO","thread":"EthScheduler-Workers-0","class":"PersistBlockTask","message":"Imported #235 / 0 tx / 0 om / 0 (0.0%) gas / (0x050003f658dd182219a130f68c0e4ed43b3471f6344270514a712dbb5f3d8881) in 0.011s. Peers: 5","throwable":""}
{"timestamp":"2025-10-03T11:59:53,144","container":"166713a672ce","level":"INFO","thread":"EthScheduler-Workers-0","class":"PersistBlockTask","message":"Imported #236 / 0 tx / 0 om / 0 (0.0%) gas / (0x4f06e3deffa8b0483984ac9e9a33a24e1ed77747cc55c12fa5530789a84189c0) in 0.015s. Peers: 5","throwable":""}
{"timestamp":"2025-10-03T12:00:01,331","container":"166713a672ce","level":"INFO","thread":"EthScheduler-Workers-0","class":"PersistBlockTask","message":"Imported #237 / 0 tx / 0 om / 0 (0.0%) gas / (0xbed373a237ee9a27a8cb0ff423d6e0bf5841eb327b4271d8a7fb93fb78a4893a) in 0.036s. Peers: 5","throwable":""}
{"timestamp":"2025-10-03T12:00:09,275","container":"166713a672ce","level":"INFO","thread":"EthScheduler-Workers-0","class":"PersistBlockTask","message":"Imported #238 / 0 tx / 0 om / 0 (0.0%) gas / (0xd78dc66417275e37dab48c1454edaf810590a91fde3423dc932c432a01b51094) in 0.032s. Peers: 5","throwable":""}
{"timestamp":"2025-10-03T12:00:17,318","container":"166713a672ce","level":"INFO","thread":"EthScheduler-Workers-0","class":"PersistBlockTask","message":"Imported #239 / 0 tx / 0 om / 0 (0.0%) gas / (0xed2ba342aa0ad946682463bfab76ed819899e18a7e0f895e832bf0f8a12a22c0) in 0.055s. Peers: 5","throwable":""}
{"timestamp":"2025-10-03T12:00:26,135","container":"166713a672ce","level":"INFO","thread":"EthScheduler-Workers-0","class":"PersistBlockTask","message":"Imported #240 / 0 tx / 0 om / 0 (0.0%) gas / (0x625ccafff928eba894f7582375e9303b0e567508195ec889cfb275250089c193) in 0.079s. Peers: 5","throwable":""}
{"timestamp":"2025-10-03T12:00:33,839","container":"166713a672ce","level":"INFO","thread":"EthScheduler-Workers-0","class":"PersistBlockTask","message":"Imported #241 / 0 tx / 0 om / 0 (0.0%) gas / (0xc6907e9354351a55682ef2ed0906ce29496fda483870eb327f9c50ad377dca46) in 0.090s. Peers: 5","throwable":""}
{"timestamp":"2025-10-03T12:00:41,179","container":"166713a672ce","level":"INFO","thread":"EthScheduler-Workers-0","class":"PersistBlockTask","message":"Imported #242 / 0 tx / 0 om / 0 (0.0%) gas / (0x6eb2e32affd0427205bab7a4ceed68a79af66880a5e98890280f66e1410b6cdd) in 0.019s. Peers: 5","throwable":""}
{"timestamp":"2025-10-03T12:00:49,300","container":"166713a672ce","level":"INFO","thread":"EthScheduler-Workers-0","class":"PersistBlockTask","message":"Imported #243 / 0 tx / 0 om / 0 (0.0%) gas / (0x7d8969d9f436d0035764783a667b31708ddcaae44c2f69f16c6e770ee9a748c3) in 0.039s. Peers: 5","throwable":""}
{"timestamp":"2025-10-03T12:00:57,443","container":"166713a672ce","level":"INFO","thread":"EthScheduler-Workers-0","class":"PersistBlockTask","message":"Imported #244 / 0 tx / 0 om / 0 (0.0%) gas / (0x15d1aee55ed97ed875c8b10155ea4dc0cc67996eff3e0f122c75ada22f4e94ff) in 0.054s. Peers: 5","throwable":""}
{"timestamp":"2025-10-03T12:01:05,227","container":"166713a672ce","level":"INFO","thread":"EthScheduler-Workers-0","class":"PersistBlockTask","message":"Imported #245 / 0 tx / 0 om / 0 (0.0%) gas / (0xcf5caadc749737182fa6e8db8e607b929a9cb069b723ca68509f5941f452b997) in 0.049s. Peers: 5","throwable":""}
{"timestamp":"2025-10-03T12:01:13,646","container":"166713a672ce","level":"INFO","thread":"EthScheduler-Workers-0","class":"PersistBlockTask","message":"Imported #246 / 0 tx / 0 om / 0 (0.0%) gas / (0x2fd228f344ef81e2f6d4ee0de020ff5e243038a429444e477e7208d07a71adb1) in 0.067s. Peers: 5","throwable":""}
{"timestamp":"2025-10-03T12:01:21,350","container":"166713a672ce","level":"INFO","thread":"EthScheduler-Workers-0","class":"PersistBlockTask","message":"Imported #247 / 0 tx / 0 om / 0 (0.0%) gas / (0x7cb8f57614555d6ef3b37266a427ce13f999ab8d74a849ed8d9364b0b520f034) in 0.068s. Peers: 5","throwable":""}
{"timestamp":"2025-10-03T12:01:29,212","container":"166713a672ce","level":"INFO","thread":"EthScheduler-Workers-0","class":"PersistBlockTask","message":"Imported #248 / 0 tx / 0 om / 0 (0.0%) gas / (0xf49fac530e67d4ae5c4ccc6c0b45aca0679ac7f1fb0edeb635fa4c85c74ec4b1) in 0.019s. Peers: 5","throwable":""}
{"timestamp":"2025-10-03T12:01:37,257","container":"166713a672ce","level":"INFO","thread":"EthScheduler-Workers-0","class":"PersistBlockTask","message":"Imported #249 / 0 tx / 0 om / 0 (0.0%) gas / (0xae7c5cba87ef7751b663ce7e97be4f91b4c1f63f7842c676b702706885f52571) in 0.045s. Peers: 5","throwable":""}
{"timestamp":"2025-10-03T12:01:45,356","container":"166713a672ce","level":"INFO","thread":"EthScheduler-Workers-0","class":"PersistBlockTask","message":"Imported #250 / 0 tx / 0 om / 0 (0.0%) gas / (0x8ff02da89a48ddcbfbfec1aea90f237cae73dea5b246df193bc17aaa46619c71) in 0.045s. Peers: 5","throwable":""}
{"timestamp":"2025-10-03T12:01:53,358","container":"166713a672ce","level":"INFO","thread":"EthScheduler-Workers-0","class":"PersistBlockTask","message":"Imported #251 / 0 tx / 0 om / 0 (0.0%) gas / (0x469ecc787952fbddcb064223e9eb9107979baa01f43bea48c8a0607509748f72) in 0.040s. Peers: 5","throwable":""}
{"timestamp":"2025-10-03T12:02:01,255","container":"166713a672ce","level":"INFO","thread":"EthScheduler-Workers-0","class":"PersistBlockTask","message":"Imported #252 / 0 tx / 0 om / 0 (0.0%) gas / (0xab72283f717b4ab8a20dd75e3e85a184930adf269712e077e0dccc29d8b91669) in 0.025s. Peers: 5","throwable":""}
{"timestamp":"2025-10-03T12:02:09,513","container":"166713a672ce","level":"INFO","thread":"EthScheduler-Workers-0","class":"PersistBlockTask","message":"Imported #253 / 0 tx / 0 om / 0 (0.0%) gas / (0x8384c891f4f82f1507f3068b15b72f80f51b919e3d96f99ac1c0ee05ae78fbe2) in 0.048s. Peers: 5","throwable":""}
{"timestamp":"2025-10-03T12:02:17,756","container":"166713a672ce","level":"INFO","thread":"EthScheduler-Workers-0","class":"PersistBlockTask","message":"Imported #254 / 0 tx / 0 om / 0 (0.0%) gas / (0x593de1562b7ea3b00e584398aff448e1b0ffa99d1c751f1d5ad5a7761a8394c1) in 0.140s. Peers: 5","throwable":""}
{"timestamp":"2025-10-03T12:02:28,725","container":"166713a672ce","level":"INFO","thread":"EthScheduler-Workers-0","class":"PersistBlockTask","message":"Imported #255 / 0 tx / 0 om / 0 (0.0%) gas / (0x43a306a3c6dd3881ca3501730ade8608d903fc9ed02e73493a67d3b02799c8d1) in 0.582s. Peers: 5","throwable":""}
{"timestamp":"2025-10-03T12:02:38,502","container":"166713a672ce","level":"INFO","thread":"EthScheduler-Workers-0","class":"PersistBlockTask","message":"Imported #256 / 0 tx / 0 om / 0 (0.0%) gas / (0x5fcb0178e4209f7b0b4dfd491777d264215a2ddd6c5dcaeb9da2c5e9c50f04f0) in 1.772s. Peers: 5","throwable":""}
{"timestamp":"2025-10-03T12:02:41,825","container":"166713a672ce","level":"INFO","thread":"EthScheduler-Workers-0","class":"PersistBlockTask","message":"Imported #257 / 0 tx / 0 om / 0 (0.0%) gas / (0x7a6bc7098a45b174f2db253c158be68f836cf9c528348b795796ce0d8d9aad96) in 0.165s. Peers: 5","throwable":""}
{"timestamp":"2025-10-03T12:02:49,884","container":"166713a672ce","level":"INFO","thread":"EthScheduler-Workers-0","class":"PersistBlockTask","message":"Imported #258 / 0 tx / 0 om / 0 (0.0%) gas / (0xf8a1562b24781b3e95ced29dbefd1013e63e75a02fbfeba3156b3abb5cb4badb) in 0.072s. Peers: 5","throwable":""}
{"timestamp":"2025-10-03T12:02:57,021","container":"166713a672ce","level":"INFO","thread":"EthScheduler-Workers-0","class":"PersistBlockTask","message":"Imported #259 / 0 tx / 0 om / 0 (0.0%) gas / (0xd086e90b80d6488befb739c8d8b5bc3cdae087aa0f566d3bf0950e60a1180ef6) in 0.052s. Peers: 5","throwable":""}
{"timestamp":"2025-10-03T12:03:05,151","container":"166713a672ce","level":"INFO","thread":"EthScheduler-Workers-0","class":"PersistBlockTask","message":"Imported #260 / 0 tx / 0 om / 0 (0.0%) gas / (0x05fdc87b02e54f8c73a54aef27edd3a38455601637b61a568baa2bb230bfb754) in 0.017s. Peers: 5","throwable":""}
{"timestamp":"2025-10-03T12:03:13,286","container":"166713a672ce","level":"INFO","thread":"EthScheduler-Workers-0","class":"PersistBlockTask","message":"Imported #261 / 0 tx / 0 om / 0 (0.0%) gas / (0xfe8d7b9c20aafa6cf9cdb657830d5ebaaabd8a8ad93f93f63fa1f92ed5084783) in 0.046s. Peers: 5","throwable":""}
{"timestamp":"2025-10-03T12:03:21,227","container":"166713a672ce","level":"INFO","thread":"EthScheduler-Workers-0","class":"PersistBlockTask","message":"Imported #262 / 0 tx / 0 om / 0 (0.0%) gas / (0x387c378b936e0c11fda8457c1cb5303f786c739f6cbbef65f0384b939e28317a) in 0.031s. Peers: 5","throwable":""}
{"timestamp":"2025-10-03T12:03:29,551","container":"166713a672ce","level":"INFO","thread":"EthScheduler-Workers-0","class":"PersistBlockTask","message":"Imported #263 / 0 tx / 0 om / 0 (0.0%) gas / (0xcd0cb77d98989be545e678e6fd91173e39b0391e5e97f7f9d058f2d3c0471b6a) in 0.021s. Peers: 5","throwable":""}
{"timestamp":"2025-10-03T12:03:37,737","container":"166713a672ce","level":"INFO","thread":"EthScheduler-Workers-0","class":"PersistBlockTask","message":"Imported #264 / 0 tx / 0 om / 0 (0.0%) gas / (0x63a8d4be786d898111b97b01d6a892d399eea0e0950b9c8283e6b93929319378) in 0.044s. Peers: 5","throwable":""}
{"timestamp":"2025-10-03T12:09:35,001","container":"166713a672ce","level":"WARN","thread":"vertx-blocked-thread-checker","class":"BlockedThreadChecker","message":"Thread Thread[vert.x-eventloop-thread-1,5,main] has been blocked for 2364 ms, time limit is 2000 ms","throwable":""}
{"timestamp":"2025-10-03T12:09:50,637","container":"166713a672ce","level":"INFO","thread":"EthScheduler-Workers-0","class":"PersistBlockTask","message":"Imported #265 / 0 tx / 0 om / 0 (0.0%) gas / (0xc83a798f43c23cf688bed9e9c50de3a81e3529f831e4cc7f3643429bf835c38a) in 112.789s. Peers: 0","throwable":""}
