{"timestamp":"2025-09-10T13:37:49,308","container":"7965dbe76a4e","level":"INFO","thread":"main","class":"Besu","message":"Starting Besu","throwable":""}
{"timestamp":"2025-09-10T13:37:49,974","container":"7965dbe76a4e","level":"WARN","thread":"main","class":"Besu","message":"--min-gas-price has been ignored because --miner-enabled was not defined on the command line.","throwable":""}
{"timestamp":"2025-09-10T13:37:51,272","container":"7965dbe76a4e","level":"INFO","thread":"main","class":"Besu","message":"
####################################################################################################
#                                                                                                  #
# Besu version 23.4.1                                                                              #
#                                                                                                  #
# Configuration:                                                                                   #
# Network: Custom genesis file specified                                                           #
# Network Id: 1337                                                                                 #
# Data storage: Forest                                                                             #
# Sync mode: Full                                                                                  #
# RPC HTTP APIs: EEA,WEB3,ETH,NET,TRACE,DEBUG,ADMIN,TXPOOL,PRIV,PERM,QBFT                          #
# RPC HTTP port: 8545                                                                              #
#                                                                                                  #
# Host:                                                                                            #
# Java: openjdk-java-17                                                                            #
# Maximum heap size: 1.91 GB                                                                       #
# OS: linux-x86_64                                                                                 #
# glibc: 2.35                                                                                      #
# jemalloc: 5.2.1-0-gea6b3e973b477b8061e0076bb257dbd7f3faa756                                      #
# Total memory: 7.62 GB                                                                            #
# CPU cores: 12                                                                                    #
#                                                                                                  #
####################################################################################################","throwable":""}
{"timestamp":"2025-09-10T13:37:51,273","container":"7965dbe76a4e","level":"INFO","thread":"main","class":"Besu","message":"Connecting to 8 static nodes.","throwable":""}
{"timestamp":"2025-09-10T13:37:51,273","container":"7965dbe76a4e","level":"INFO","thread":"main","class":"Besu","message":"Security Module: localfile","throwable":""}
{"timestamp":"2025-09-10T13:37:51,376","container":"7965dbe76a4e","level":"INFO","thread":"main","class":"Besu","message":"Using the native implementation of alt bn128","throwable":""}
{"timestamp":"2025-09-10T13:37:51,451","container":"7965dbe76a4e","level":"INFO","thread":"main","class":"Besu","message":"Using the native implementation of modexp","throwable":""}
{"timestamp":"2025-09-10T13:37:51,453","container":"7965dbe76a4e","level":"INFO","thread":"main","class":"Besu","message":"Using the native implementation of the signature algorithm","throwable":""}
{"timestamp":"2025-09-10T13:37:51,459","container":"7965dbe76a4e","level":"INFO","thread":"main","class":"Besu","message":"Using the native implementation of the blake2bf algorithm","throwable":""}
{"timestamp":"2025-09-10T13:37:51,500","container":"7965dbe76a4e","level":"INFO","thread":"main","class":"RocksDBKeyValueStorageFactory","message":"No existing database detected at /opt/besu/data. Using version 1","throwable":""}
{"timestamp":"2025-09-10T13:37:53,597","container":"7965dbe76a4e","level":"INFO","thread":"main","class":"KeyPairUtil","message":"Loaded public key 0x2fd5b5b6ad529f55b71602026d1849d0036f06482368b5812fa793014195d3571b0840dbc4175617de2a12db8f1222c012420d471ae5c0d982118625cae58868 from /opt/besu/keys/nodekey","throwable":""}
{"timestamp":"2025-09-10T13:37:53,622","container":"7965dbe76a4e","level":"WARN","thread":"main","class":"Besu","message":"Privacy is disabled. Cannot use EEA/PRIV API methods when not using Privacy.","throwable":""}
{"timestamp":"2025-09-10T13:37:54,112","container":"7965dbe76a4e","level":"INFO","thread":"main","class":"ProtocolScheduleBuilder","message":"Protocol schedule created with milestones: [GrayGlacier: 0]","throwable":""}
{"timestamp":"2025-09-10T13:37:54,746","container":"7965dbe76a4e","level":"INFO","thread":"main","class":"TransactionPoolFactory","message":"Enabling transaction pool","throwable":""}
{"timestamp":"2025-09-10T13:37:54,820","container":"7965dbe76a4e","level":"INFO","thread":"main","class":"BesuControllerBuilder","message":"TTD difficulty is not present, creating initial sync phase for PoW","throwable":""}
{"timestamp":"2025-09-10T13:37:54,983","container":"7965dbe76a4e","level":"INFO","thread":"main","class":"RunnerBuilder","message":"Detecting NAT service.","throwable":""}
{"timestamp":"2025-09-10T13:37:57,064","container":"7965dbe76a4e","level":"INFO","thread":"main","class":"Runner","message":"Starting external services ... ","throwable":""}
{"timestamp":"2025-09-10T13:37:57,065","container":"7965dbe76a4e","level":"INFO","thread":"main","class":"MetricsHttpService","message":"Starting metrics http service on 0.0.0.0:9545","throwable":""}
{"timestamp":"2025-09-10T13:37:57,385","container":"7965dbe76a4e","level":"INFO","thread":"vert.x-eventloop-thread-1","class":"MetricsHttpService","message":"Metrics service started and listening on 0.0.0.0:9545","throwable":""}
{"timestamp":"2025-09-10T13:37:57,392","container":"7965dbe76a4e","level":"INFO","thread":"main","class":"JsonRpcHttpService","message":"Starting JSON-RPC service on 0.0.0.0:8545","throwable":""}
{"timestamp":"2025-09-10T13:37:57,457","container":"7965dbe76a4e","level":"INFO","thread":"vert.x-eventloop-thread-1","class":"JsonRpcHttpService","message":"JSON-RPC service started and listening on 0.0.0.0:8545","throwable":""}
{"timestamp":"2025-09-10T13:37:57,466","container":"7965dbe76a4e","level":"INFO","thread":"main","class":"GraphQLHttpService","message":"Starting GraphQL HTTP service on 0.0.0.0:8547","throwable":""}
{"timestamp":"2025-09-10T13:37:57,485","container":"7965dbe76a4e","level":"INFO","thread":"main","class":"WebSocketService","message":"Starting Websocket service on 0.0.0.0:8546","throwable":""}
{"timestamp":"2025-09-10T13:37:57,489","container":"7965dbe76a4e","level":"INFO","thread":"vert.x-eventloop-thread-1","class":"GraphQLHttpService","message":"GraphQL HTTP service started and listening on 0.0.0.0:8547","throwable":""}
{"timestamp":"2025-09-10T13:37:57,496","container":"7965dbe76a4e","level":"INFO","thread":"vert.x-eventloop-thread-1","class":"WebSocketService","message":"Websocket service started and listening on 0.0.0.0:8546","throwable":""}
{"timestamp":"2025-09-10T13:37:57,501","container":"7965dbe76a4e","level":"INFO","thread":"main","class":"AutoTransactionLogBloomCachingService","message":"Starting auto transaction log bloom caching service.","throwable":""}
{"timestamp":"2025-09-10T13:37:57,505","container":"7965dbe76a4e","level":"INFO","thread":"main","class":"LogBloomCacheMetadata","message":"Lookup cache metadata file in data directory: /opt/besu/data/caches","throwable":""}
{"timestamp":"2025-09-10T13:37:57,548","container":"7965dbe76a4e","level":"INFO","thread":"main","class":"Runner","message":"Starting Ethereum main loop ... ","throwable":""}
{"timestamp":"2025-09-10T13:37:57,549","container":"7965dbe76a4e","level":"INFO","thread":"main","class":"NatService","message":"No NAT environment detected so no service could be started","throwable":""}
{"timestamp":"2025-09-10T13:37:57,550","container":"7965dbe76a4e","level":"INFO","thread":"main","class":"NetworkRunner","message":"Starting Network.","throwable":""}
{"timestamp":"2025-09-10T13:37:57,593","container":"7965dbe76a4e","level":"INFO","thread":"nioEventLoopGroup-2-1","class":"RlpxAgent","message":"P2P RLPx agent started and listening on /[0:0:0:0:0:0:0:0]:30303.","throwable":""}
{"timestamp":"2025-09-10T13:37:57,597","container":"7965dbe76a4e","level":"INFO","thread":"main","class":"PeerDiscoveryAgent","message":"Starting peer discovery agent on host=0.0.0.0, port=30303","throwable":""}
{"timestamp":"2025-09-10T13:37:57,684","container":"7965dbe76a4e","level":"INFO","thread":"vert.x-eventloop-thread-1","class":"VertxPeerDiscoveryAgent","message":"Started peer discovery agent successfully, on effective host=0:0:0:0:0:0:0:0%0 and port=30303","throwable":""}
{"timestamp":"2025-09-10T13:37:57,687","container":"7965dbe76a4e","level":"INFO","thread":"vert.x-eventloop-thread-1","class":"PeerDiscoveryAgent","message":"P2P peer discovery agent started and listening on /[0:0:0:0:0:0:0:0%0]:30303","throwable":""}
{"timestamp":"2025-09-10T13:37:57,843","container":"7965dbe76a4e","level":"INFO","thread":"vert.x-eventloop-thread-1","class":"PeerDiscoveryAgent","message":"Writing node record to disk. NodeRecord{seq=1, publicKey=0x022fd5b5b6ad529f55b71602026d1849d0036f06482368b5812fa793014195d357, udpAddress=Optional[/172.16.239.14:30303], tcpAddress=Optional[/172.16.239.14:30303], asBase64=-Je4QFrecNnZMlG6bddbcDOxI1degTF4-ukXaEu3BjJFsaoGfLxf5bpKxXvf1ZHNHogDWdU_wzPFqKEJfWZ8I9SPJ2gBg2V0aMfGhGpSrW2AgmlkgnY0gmlwhKwQ7w6Jc2VjcDI1NmsxoQIv1bW2rVKfVbcWAgJtGEnQA28GSCNotYEvp5MBQZXTV4N0Y3CCdl-DdWRwgnZf, nodeId=0xc8f776c1d83d4fddd02782c698c1334496614aed49d2e81526d089f7264fed9c, customFields={tcp=30303, udp=30303, ip=0xac10ef0e, eth=[[0x6a52ad6d, 0x]], id=V4, secp256k1=0x022fd5b5b6ad529f55b71602026d1849d0036f06482368b5812fa793014195d357}}","throwable":""}
{"timestamp":"2025-09-10T13:37:58,011","container":"7965dbe76a4e","level":"INFO","thread":"main","class":"DefaultP2PNetwork","message":"Enode URL enode://2fd5b5b6ad529f55b71602026d1849d0036f06482368b5812fa793014195d3571b0840dbc4175617de2a12db8f1222c012420d471ae5c0d982118625cae58868@172.16.239.14:30303","throwable":""}
{"timestamp":"2025-09-10T13:37:58,012","container":"7965dbe76a4e","level":"INFO","thread":"main","class":"DefaultP2PNetwork","message":"Node address 0x98c1334496614aed49d2e81526d089f7264fed9c","throwable":""}
{"timestamp":"2025-09-10T13:37:58,131","container":"7965dbe76a4e","level":"INFO","thread":"main","class":"NetworkRunner","message":"Supported capabilities: [eth/62, eth/63, eth/64, eth/65, eth/66, eth/67, eth/68], [istanbul/100], [snap/1]","throwable":""}
{"timestamp":"2025-09-10T13:37:58,143","container":"7965dbe76a4e","level":"INFO","thread":"main","class":"DefaultSynchronizer","message":"Starting synchronizer.","throwable":""}
{"timestamp":"2025-09-10T13:37:58,146","container":"7965dbe76a4e","level":"INFO","thread":"main","class":"TransactionPoolFactory","message":"Enabling transaction handling following initial sync","throwable":""}
{"timestamp":"2025-09-10T13:37:58,166","container":"7965dbe76a4e","level":"INFO","thread":"main","class":"FullSyncDownloader","message":"Starting full sync.","throwable":""}
{"timestamp":"2025-09-10T13:37:58,167","container":"7965dbe76a4e","level":"INFO","thread":"main","class":"FullSyncTargetManager","message":"Unable to find sync target. Currently checking 0 peers for usefulness","throwable":""}
{"timestamp":"2025-09-10T13:37:58,544","container":"7965dbe76a4e","level":"INFO","thread":"main","class":"Runner","message":"Ethereum main loop is up.","throwable":""}
{"timestamp":"2025-09-10T13:37:59,149","container":"7965dbe76a4e","level":"INFO","thread":"nioEventLoopGroup-3-5","class":"FullSyncTargetManager","message":"Unable to find sync target. Currently checking 3 peers for usefulness","throwable":""}
{"timestamp":"2025-09-10T13:37:59,177","container":"7965dbe76a4e","level":"INFO","thread":"nioEventLoopGroup-3-1","class":"FullSyncTargetManager","message":"Unable to find sync target. Currently checking 4 peers for usefulness","throwable":""}
{"timestamp":"2025-09-10T13:37:59,423","container":"7965dbe76a4e","level":"INFO","thread":"nioEventLoopGroup-3-2","class":"FullSyncTargetManager","message":"Unable to find sync target. Currently checking 5 peers for usefulness","throwable":""}
{"timestamp":"2025-09-10T13:38:04,428","container":"7965dbe76a4e","level":"INFO","thread":"EthScheduler-Timer-0","class":"FullSyncTargetManager","message":"Unable to find sync target. Currently checking 5 peers for usefulness","throwable":""}
{"timestamp":"2025-09-10T13:38:08,805","container":"7965dbe76a4e","level":"INFO","thread":"BftProcessorExecutor-QBFT-0","class":"QbftRound","message":"Importing proposed block to chain. round=ConsensusRoundIdentifier{Sequence=1, Round=1}, hash=0xe8e5b1d85f25856967c3c7646fbd4e686b64047ea78ff405258af153be929722","throwable":""}
{"timestamp":"2025-09-10T13:38:08,832","container":"7965dbe76a4e","level":"INFO","thread":"BftProcessorExecutor-QBFT-0","class":"QbftBesuControllerBuilder","message":"Imported #1 / 0 tx / 0 pending / 0 (0.0%) gas / (0xe8e5b1d85f25856967c3c7646fbd4e686b64047ea78ff405258af153be929722)","throwable":""}
{"timestamp":"2025-09-10T13:38:09,430","container":"7965dbe76a4e","level":"INFO","thread":"EthScheduler-Timer-0","class":"FullSyncTargetManager","message":"Unable to find sync target. Currently checking 5 peers for usefulness","throwable":""}
{"timestamp":"2025-09-10T13:38:14,432","container":"7965dbe76a4e","level":"INFO","thread":"EthScheduler-Timer-0","class":"FullSyncTargetManager","message":"Unable to find sync target. Currently checking 5 peers for usefulness","throwable":""}
{"timestamp":"2025-09-10T13:38:16,050","container":"7965dbe76a4e","level":"INFO","thread":"BftProcessorExecutor-QBFT-0","class":"QbftBesuControllerBuilder","message":"Produced #2 / 0 tx / 0 pending / 0 (0.0%) gas / (0x443c2347e79b8212f14449de44dc9ee304c71633f5e956fcbaa914eae654dfe7)","throwable":""}
{"timestamp":"2025-09-10T13:38:24,061","container":"7965dbe76a4e","level":"INFO","thread":"BftProcessorExecutor-QBFT-0","class":"QbftBesuControllerBuilder","message":"Imported #3 / 0 tx / 0 pending / 0 (0.0%) gas / (0x739bd643e9ee98872e44226061c0352168bb883628c1d17c45b15ea7d4c20fc2)","throwable":""}
{"timestamp":"2025-09-10T13:38:32,047","container":"7965dbe76a4e","level":"INFO","thread":"BftProcessorExecutor-QBFT-0","class":"QbftBesuControllerBuilder","message":"Imported #4 / 0 tx / 0 pending / 0 (0.0%) gas / (0x6e22a75ada6d25fb4634dd1ce5c421b0acef93b8b80fa7c39ad67991832bc924)","throwable":""}
{"timestamp":"2025-09-10T13:38:40,047","container":"7965dbe76a4e","level":"INFO","thread":"BftProcessorExecutor-QBFT-0","class":"QbftBesuControllerBuilder","message":"Imported #5 / 0 tx / 0 pending / 0 (0.0%) gas / (0x04776ae00e7790e7cbeb319b7db060bc084026a756b1b8d8ff2124725e13701c)","throwable":""}
{"timestamp":"2025-09-10T13:38:48,042","container":"7965dbe76a4e","level":"INFO","thread":"BftProcessorExecutor-QBFT-0","class":"QbftBesuControllerBuilder","message":"Produced #6 / 0 tx / 0 pending / 0 (0.0%) gas / (0xaa87a1da49757e7badf0c6dac4d6f6de0e1cea71dfdde48e2ec779c11ea21b3b)","throwable":""}
{"timestamp":"2025-09-10T13:38:56,030","container":"7965dbe76a4e","level":"INFO","thread":"BftProcessorExecutor-QBFT-0","class":"QbftBesuControllerBuilder","message":"Imported #7 / 0 tx / 0 pending / 0 (0.0%) gas / (0xbba6f55b2f8ec1a44fd6b9cc8e4b6dff84edb34cef75b8dc65e8902f6de6afe4)","throwable":""}
{"timestamp":"2025-09-10T13:39:04,032","container":"7965dbe76a4e","level":"INFO","thread":"BftProcessorExecutor-QBFT-0","class":"QbftBesuControllerBuilder","message":"Imported #8 / 0 tx / 0 pending / 0 (0.0%) gas / (0x047c2239d93980186c444b9546faee61353f9f8f4ca1ad91a1824a0cab2d99fc)","throwable":""}
{"timestamp":"2025-09-10T13:39:12,049","container":"7965dbe76a4e","level":"INFO","thread":"BftProcessorExecutor-QBFT-0","class":"QbftBesuControllerBuilder","message":"Imported #9 / 0 tx / 0 pending / 0 (0.0%) gas / (0x33e0f83548710138f944db4ab7236d7935bb460ad58d58d2214bb9343321a19b)","throwable":""}
{"timestamp":"2025-09-10T13:39:20,037","container":"7965dbe76a4e","level":"INFO","thread":"BftProcessorExecutor-QBFT-0","class":"QbftBesuControllerBuilder","message":"Produced #10 / 0 tx / 0 pending / 0 (0.0%) gas / (0x20002d203fc95bace804976d8143b371c3261ca13cf2f2e91528343f2bd8704c)","throwable":""}
{"timestamp":"2025-09-10T13:39:28,043","container":"7965dbe76a4e","level":"INFO","thread":"BftProcessorExecutor-QBFT-0","class":"QbftBesuControllerBuilder","message":"Imported #11 / 0 tx / 0 pending / 0 (0.0%) gas / (0xbce61e1fd67471025cf191e3ff128bd6033837dad0466806cd4e0520d8573166)","throwable":""}
{"timestamp":"2025-09-10T13:39:36,039","container":"7965dbe76a4e","level":"INFO","thread":"BftProcessorExecutor-QBFT-0","class":"QbftBesuControllerBuilder","message":"Imported #12 / 0 tx / 0 pending / 0 (0.0%) gas / (0x7536e7c2308462cc480a7bb73a93027f183debd4cfe1d499f186cb0c90b53e33)","throwable":""}
{"timestamp":"2025-09-10T13:39:44,034","container":"7965dbe76a4e","level":"INFO","thread":"BftProcessorExecutor-QBFT-0","class":"QbftBesuControllerBuilder","message":"Imported #13 / 0 tx / 0 pending / 0 (0.0%) gas / (0xe3b3912977ca08ea5b98552598b16c0040856c3801f74d9c36347e654ebb7cca)","throwable":""}
{"timestamp":"2025-09-10T13:39:52,034","container":"7965dbe76a4e","level":"INFO","thread":"BftProcessorExecutor-QBFT-0","class":"QbftBesuControllerBuilder","message":"Produced #14 / 0 tx / 0 pending / 0 (0.0%) gas / (0xcc384fb53e047eb73b138dd2a48bef7e20d354cd1efa7b439e239865fae03027)","throwable":""}
{"timestamp":"2025-09-10T13:40:00,041","container":"7965dbe76a4e","level":"INFO","thread":"BftProcessorExecutor-QBFT-0","class":"QbftBesuControllerBuilder","message":"Imported #15 / 0 tx / 0 pending / 0 (0.0%) gas / (0x1821dd747d082b8a71d36b94c531a1b35c8189ab5e07267f8d593f560e4ad822)","throwable":""}
{"timestamp":"2025-09-10T13:40:00,045","container":"7965dbe76a4e","level":"INFO","thread":"EthScheduler-Workers-0","class":"PersistBlockTask","message":"Block 15 (0x1821dd747d082b8a71d36b94c531a1b35c8189ab5e07267f8d593f560e4ad822) is already imported","throwable":""}
{"timestamp":"2025-09-10T13:40:08,047","container":"7965dbe76a4e","level":"INFO","thread":"BftProcessorExecutor-QBFT-0","class":"QbftBesuControllerBuilder","message":"Imported #16 / 0 tx / 0 pending / 0 (0.0%) gas / (0x711e44ea52cd0df2b6cccc791dedb2bb0e67d41fda614d32b045f0455c1d2068)","throwable":""}
{"timestamp":"2025-09-10T13:40:16,027","container":"7965dbe76a4e","level":"INFO","thread":"BftProcessorExecutor-QBFT-0","class":"QbftBesuControllerBuilder","message":"Imported #17 / 0 tx / 0 pending / 0 (0.0%) gas / (0x1e25ea9fb165253c75936338928e3125da8ff8a7a24785f6bbb6bdedf05b0e58)","throwable":""}
{"timestamp":"2025-09-10T13:40:24,031","container":"7965dbe76a4e","level":"INFO","thread":"BftProcessorExecutor-QBFT-0","class":"QbftBesuControllerBuilder","message":"Produced #18 / 0 tx / 0 pending / 0 (0.0%) gas / (0x5d2eff269ab09c0a30bfbfd327adbc4b8e5426350393b17da90f5af2e4fc537f)","throwable":""}
{"timestamp":"2025-09-10T13:40:32,042","container":"7965dbe76a4e","level":"INFO","thread":"BftProcessorExecutor-QBFT-0","class":"QbftBesuControllerBuilder","message":"Imported #19 / 0 tx / 0 pending / 0 (0.0%) gas / (0xdaaa13e6cb61dac21699356c7a03b2b2aa8c4769cf37f0b2fc67ea018e9e640c)","throwable":""}
{"timestamp":"2025-09-10T13:40:40,032","container":"7965dbe76a4e","level":"INFO","thread":"BftProcessorExecutor-QBFT-0","class":"QbftBesuControllerBuilder","message":"Imported #20 / 0 tx / 0 pending / 0 (0.0%) gas / (0x36d600fcd082d9cd4670c84499d77b914ce88fe685e720fb280b08aa89db5dbd)","throwable":""}
{"timestamp":"2025-09-10T13:40:48,024","container":"7965dbe76a4e","level":"INFO","thread":"BftProcessorExecutor-QBFT-0","class":"QbftBesuControllerBuilder","message":"Imported #21 / 0 tx / 0 pending / 0 (0.0%) gas / (0x5f9d27e9b4d45727c9fae186a170886c207e6bb49cbd2da0c256e1eb951f49da)","throwable":""}
{"timestamp":"2025-09-10T13:40:56,027","container":"7965dbe76a4e","level":"INFO","thread":"BftProcessorExecutor-QBFT-0","class":"QbftBesuControllerBuilder","message":"Produced #22 / 0 tx / 0 pending / 0 (0.0%) gas / (0x687c544faf710e29e6384bf0ef7362de29b2b72cc39bc794e745fdb09edeb8fa)","throwable":""}
{"timestamp":"2025-09-10T13:41:04,033","container":"7965dbe76a4e","level":"INFO","thread":"BftProcessorExecutor-QBFT-0","class":"QbftBesuControllerBuilder","message":"Imported #23 / 0 tx / 0 pending / 0 (0.0%) gas / (0x4fde63006c470fbc32b648fe31c7b806c2dbab2dba9e4c70dd8f350cfa5b5082)","throwable":""}
{"timestamp":"2025-09-10T13:41:12,026","container":"7965dbe76a4e","level":"INFO","thread":"BftProcessorExecutor-QBFT-0","class":"QbftBesuControllerBuilder","message":"Imported #24 / 0 tx / 0 pending / 0 (0.0%) gas / (0x0ca7d2fc983865590392e0c53fad14d14840dda1463abb3c673529d68d4e7b0f)","throwable":""}
{"timestamp":"2025-09-10T13:41:20,025","container":"7965dbe76a4e","level":"INFO","thread":"BftProcessorExecutor-QBFT-0","class":"QbftBesuControllerBuilder","message":"Imported #25 / 0 tx / 0 pending / 0 (0.0%) gas / (0x5756a8292e6741f757c805e7f7922d9f4fac7c808d54b3f55681d3097822aabb)","throwable":""}
{"timestamp":"2025-09-10T13:41:28,032","container":"7965dbe76a4e","level":"INFO","thread":"BftProcessorExecutor-QBFT-0","class":"QbftBesuControllerBuilder","message":"Produced #26 / 0 tx / 0 pending / 0 (0.0%) gas / (0xab531ac9cc267c4d5458bec9e49a0cb41f4bccc8883b6fe50fd077fadbb71a91)","throwable":""}
{"timestamp":"2025-09-10T13:41:36,028","container":"7965dbe76a4e","level":"INFO","thread":"BftProcessorExecutor-QBFT-0","class":"QbftBesuControllerBuilder","message":"Imported #27 / 0 tx / 0 pending / 0 (0.0%) gas / (0x4c4d665241be672d7b1df72915c235a719baca091b28c7ef1e9715af7003892d)","throwable":""}
{"timestamp":"2025-09-10T13:41:44,024","container":"7965dbe76a4e","level":"INFO","thread":"BftProcessorExecutor-QBFT-0","class":"QbftBesuControllerBuilder","message":"Imported #28 / 0 tx / 0 pending / 0 (0.0%) gas / (0x417055c116526e3062001f4164cab5dbd424b4c00c08f9e339baf2cbea6a9d00)","throwable":""}
{"timestamp":"2025-09-10T13:41:52,024","container":"7965dbe76a4e","level":"INFO","thread":"BftProcessorExecutor-QBFT-0","class":"QbftBesuControllerBuilder","message":"Imported #29 / 0 tx / 0 pending / 0 (0.0%) gas / (0xec193c3c75aa32df9a4f1524f5e84cb204a59caa18c19e1f8c5d09af01da076c)","throwable":""}
{"timestamp":"2025-09-10T13:42:00,030","container":"7965dbe76a4e","level":"INFO","thread":"BftProcessorExecutor-QBFT-0","class":"QbftBesuControllerBuilder","message":"Produced #30 / 0 tx / 0 pending / 0 (0.0%) gas / (0x6f4c88ea3dec53050cf77d1e3978e14f4bada5b686803b03913bd66272d7d9cf)","throwable":""}
{"timestamp":"2025-09-10T13:42:08,022","container":"7965dbe76a4e","level":"INFO","thread":"EthScheduler-Workers-0","class":"PersistBlockTask","message":"Block 31 (0x32afd6be3df1e64c2311a922b47ea3df1bce06ceeb0ab8ddee8faf184ea8f28f) is already imported","throwable":""}
{"timestamp":"2025-09-10T13:42:08,024","container":"7965dbe76a4e","level":"INFO","thread":"BftProcessorExecutor-QBFT-0","class":"QbftBesuControllerBuilder","message":"Imported #31 / 0 tx / 0 pending / 0 (0.0%) gas / (0x32afd6be3df1e64c2311a922b47ea3df1bce06ceeb0ab8ddee8faf184ea8f28f)","throwable":""}
{"timestamp":"2025-09-10T13:42:16,021","container":"7965dbe76a4e","level":"INFO","thread":"EthScheduler-Workers-0","class":"PersistBlockTask","message":"Imported #32 / 0 tx / 0 om / 0 (0.0%) gas / (0xfe182c9dc87fd0f1ec1c2926a8744950fc479f342c180fb240d7ca3b3e4bae9e) in 0.002s. Peers: 5","throwable":""}
{"timestamp":"2025-09-10T13:42:16,022","container":"7965dbe76a4e","level":"INFO","thread":"BftProcessorExecutor-QBFT-0","class":"QbftBesuControllerBuilder","message":"Imported #32 / 0 tx / 0 pending / 0 (0.0%) gas / (0xfe182c9dc87fd0f1ec1c2926a8744950fc479f342c180fb240d7ca3b3e4bae9e)","throwable":""}
{"timestamp":"2025-09-10T13:42:24,022","container":"7965dbe76a4e","level":"INFO","thread":"BftProcessorExecutor-QBFT-0","class":"QbftBesuControllerBuilder","message":"Imported #33 / 0 tx / 0 pending / 0 (0.0%) gas / (0x88e4300898cf13cb8ca42fb951e03c24ee3ea46e7bbfcff2ed6e8a14dbf7429e)","throwable":""}
{"timestamp":"2025-09-10T13:42:24,023","container":"7965dbe76a4e","level":"INFO","thread":"EthScheduler-Workers-0","class":"PersistBlockTask","message":"Imported #33 / 0 tx / 0 om / 0 (0.0%) gas / (0x88e4300898cf13cb8ca42fb951e03c24ee3ea46e7bbfcff2ed6e8a14dbf7429e) in 0.006s. Peers: 5","throwable":""}
{"timestamp":"2025-09-10T13:42:32,028","container":"7965dbe76a4e","level":"INFO","thread":"EthScheduler-Workers-0","class":"PersistBlockTask","message":"Block 34 (0x1261fe193670544da00db66aa75cffa604a5534b14bc6c6de86221c559e8a0cb) is already imported","throwable":""}
{"timestamp":"2025-09-10T13:42:32,028","container":"7965dbe76a4e","level":"INFO","thread":"BftProcessorExecutor-QBFT-0","class":"QbftBesuControllerBuilder","message":"Produced #34 / 0 tx / 0 pending / 0 (0.0%) gas / (0x1261fe193670544da00db66aa75cffa604a5534b14bc6c6de86221c559e8a0cb)","throwable":""}
{"timestamp":"2025-09-10T13:42:40,024","container":"7965dbe76a4e","level":"INFO","thread":"BftProcessorExecutor-QBFT-0","class":"QbftBesuControllerBuilder","message":"Imported #35 / 0 tx / 0 pending / 0 (0.0%) gas / (0xf1e3f912371573c71e2986c81f729ba7291f2ac9a930a2265526d2c2279563ec)","throwable":""}
{"timestamp":"2025-09-10T13:42:48,020","container":"7965dbe76a4e","level":"INFO","thread":"BftProcessorExecutor-QBFT-0","class":"QbftBesuControllerBuilder","message":"Imported #36 / 0 tx / 0 pending / 0 (0.0%) gas / (0x86b7a09830e5040afc63148110ec885d2ca283d2fa370b1b4f8ea05d5c5a037f)","throwable":""}
{"timestamp":"2025-09-10T13:42:56,028","container":"7965dbe76a4e","level":"INFO","thread":"BftProcessorExecutor-QBFT-0","class":"QbftBesuControllerBuilder","message":"Imported #37 / 0 tx / 0 pending / 0 (0.0%) gas / (0xe74a24f57bc7de9a9a30518250f7e9fc09ee2669b5dd045a795b4051bd114098)","throwable":""}
{"timestamp":"2025-09-10T13:43:04,016","container":"7965dbe76a4e","level":"INFO","thread":"BftProcessorExecutor-QBFT-0","class":"QbftBesuControllerBuilder","message":"Produced #38 / 0 tx / 0 pending / 0 (0.0%) gas / (0x8ec5ec0c0c5dfcb124c13e2ca60b8c123167f5084fa1007521fa8dda5af46698)","throwable":""}
{"timestamp":"2025-09-10T13:43:12,029","container":"7965dbe76a4e","level":"INFO","thread":"BftProcessorExecutor-QBFT-0","class":"QbftBesuControllerBuilder","message":"Imported #39 / 0 tx / 0 pending / 0 (0.0%) gas / (0xf08c5c2bce0d2fa008056d08e68c01f68779c8792da6a2bd6337867e6d1490a5)","throwable":""}
{"timestamp":"2025-09-10T13:43:20,022","container":"7965dbe76a4e","level":"INFO","thread":"BftProcessorExecutor-QBFT-0","class":"QbftBesuControllerBuilder","message":"Imported #40 / 0 tx / 0 pending / 0 (0.0%) gas / (0xc3da0bca582f69bab9989f66cd243df0a12dd2ce9ccea3ef0e813f12237b9640)","throwable":""}
{"timestamp":"2025-09-10T13:43:28,032","container":"7965dbe76a4e","level":"INFO","thread":"BftProcessorExecutor-QBFT-0","class":"QbftBesuControllerBuilder","message":"Imported #41 / 0 tx / 0 pending / 0 (0.0%) gas / (0xc01c90faaaa8ca72363896420808e066934769cde8af6fa6f649de779b40e507)","throwable":""}
{"timestamp":"2025-09-10T13:43:36,031","container":"7965dbe76a4e","level":"INFO","thread":"BftProcessorExecutor-QBFT-0","class":"QbftBesuControllerBuilder","message":"Produced #42 / 0 tx / 0 pending / 0 (0.0%) gas / (0x0acff8de68d9117a57d1718fb8e46bffb29176b8d96b529cd19f4332800a43f4)","throwable":""}
{"timestamp":"2025-09-10T13:43:44,030","container":"7965dbe76a4e","level":"INFO","thread":"BftProcessorExecutor-QBFT-0","class":"QbftBesuControllerBuilder","message":"Imported #43 / 0 tx / 0 pending / 0 (0.0%) gas / (0x3a5692984de4f5d315712c0ecfef53dd018a9b0698c5325dc4158772df94e5a0)","throwable":""}
{"timestamp":"2025-09-10T13:43:52,021","container":"7965dbe76a4e","level":"INFO","thread":"BftProcessorExecutor-QBFT-0","class":"QbftBesuControllerBuilder","message":"Imported #44 / 0 tx / 0 pending / 0 (0.0%) gas / (0xc07cfa47b5937f33baa6d1d80d9d60f47ace572f152dd169275ae5e0397e73aa)","throwable":""}
{"timestamp":"2025-09-10T13:44:00,017","container":"7965dbe76a4e","level":"INFO","thread":"BftProcessorExecutor-QBFT-0","class":"QbftBesuControllerBuilder","message":"Imported #45 / 0 tx / 0 pending / 0 (0.0%) gas / (0xbccb0f3bc8906ba78515e9bef8e41899d0ae320a1dc6a1eb767b00842669f49c)","throwable":""}
{"timestamp":"2025-09-10T13:44:08,024","container":"7965dbe76a4e","level":"INFO","thread":"BftProcessorExecutor-QBFT-0","class":"QbftBesuControllerBuilder","message":"Produced #46 / 0 tx / 0 pending / 0 (0.0%) gas / (0x5f30cd36ebb3e62426ed9d76f228ed19a5afbd153f4cf118b8d10c2e9c16ed26)","throwable":""}
{"timestamp":"2025-09-10T13:44:16,024","container":"7965dbe76a4e","level":"INFO","thread":"BftProcessorExecutor-QBFT-0","class":"QbftBesuControllerBuilder","message":"Imported #47 / 0 tx / 0 pending / 0 (0.0%) gas / (0x1c756322378015fff6872cd6ebe438860b6b58bdacf330bd8b2bac79f2ebde7d)","throwable":""}
{"timestamp":"2025-09-10T13:44:24,024","container":"7965dbe76a4e","level":"INFO","thread":"BftProcessorExecutor-QBFT-0","class":"QbftBesuControllerBuilder","message":"Imported #48 / 0 tx / 0 pending / 0 (0.0%) gas / (0x38e94356b0ac448bf1b921a351e9525180fe2610c321a51ca4a455629cdf0009)","throwable":""}
{"timestamp":"2025-09-10T13:44:32,018","container":"7965dbe76a4e","level":"INFO","thread":"BftProcessorExecutor-QBFT-0","class":"QbftBesuControllerBuilder","message":"Imported #49 / 0 tx / 0 pending / 0 (0.0%) gas / (0x9d5063779f261020e54ead7854aa70bd943644970efa9a851a4957614d3afa87)","throwable":""}
{"timestamp":"2025-09-10T13:44:40,024","container":"7965dbe76a4e","level":"INFO","thread":"EthScheduler-Workers-0","class":"PersistBlockTask","message":"Block 50 (0x0bb24fd7ce23fbb6cbd205631012728e1118c653c3437a152f6924953078269e) is already imported","throwable":""}
{"timestamp":"2025-09-10T13:44:40,025","container":"7965dbe76a4e","level":"INFO","thread":"BftProcessorExecutor-QBFT-0","class":"QbftBesuControllerBuilder","message":"Produced #50 / 0 tx / 0 pending / 0 (0.0%) gas / (0x0bb24fd7ce23fbb6cbd205631012728e1118c653c3437a152f6924953078269e)","throwable":""}
{"timestamp":"2025-09-10T13:44:48,069","container":"7965dbe76a4e","level":"INFO","thread":"EthScheduler-Workers-0","class":"PersistBlockTask","message":"Imported #51 / 0 tx / 0 om / 0 (0.0%) gas / (0x262909e0f4615857de789c19d89f531b536d4643ce320e8803081c66ad024cff) in 0.019s. Peers: 5","throwable":""}
{"timestamp":"2025-09-10T13:44:56,051","container":"7965dbe76a4e","level":"INFO","thread":"EthScheduler-Workers-0","class":"PersistBlockTask","message":"Block 52 (0x0871ddacf2a059c379b59603e982cc75a245d48bd98a462660f9767b61f5a69e) is already imported","throwable":""}
{"timestamp":"2025-09-10T13:44:56,052","container":"7965dbe76a4e","level":"INFO","thread":"BftProcessorExecutor-QBFT-0","class":"QbftBesuControllerBuilder","message":"Imported #52 / 0 tx / 0 pending / 0 (0.0%) gas / (0x0871ddacf2a059c379b59603e982cc75a245d48bd98a462660f9767b61f5a69e)","throwable":""}
{"timestamp":"2025-09-10T13:45:04,046","container":"7965dbe76a4e","level":"INFO","thread":"BftProcessorExecutor-QBFT-0","class":"QbftBesuControllerBuilder","message":"Imported #53 / 0 tx / 0 pending / 0 (0.0%) gas / (0x65a01b95ce53292c7b6e5a697cb6a5415ad1fe8b4e21ae296c5e29faa9ae3f3f)","throwable":""}
{"timestamp":"2025-09-10T13:45:12,026","container":"7965dbe76a4e","level":"INFO","thread":"BftProcessorExecutor-QBFT-0","class":"QbftBesuControllerBuilder","message":"Produced #54 / 0 tx / 0 pending / 0 (0.0%) gas / (0x1dee4fcd01368727d8ec7ae421202223870b69a4f4bcc4f24aaa0b214bbcd8be)","throwable":""}
{"timestamp":"2025-09-10T13:45:20,033","container":"7965dbe76a4e","level":"INFO","thread":"BftProcessorExecutor-QBFT-0","class":"QbftBesuControllerBuilder","message":"Imported #55 / 0 tx / 0 pending / 0 (0.0%) gas / (0x0ae0c0b2135f880e8e9f155da3a829262762a249bcf6992ac1629221a24c4dd5)","throwable":""}
{"timestamp":"2025-09-10T13:45:20,034","container":"7965dbe76a4e","level":"INFO","thread":"EthScheduler-Workers-0","class":"PersistBlockTask","message":"Block 55 (0x0ae0c0b2135f880e8e9f155da3a829262762a249bcf6992ac1629221a24c4dd5) is already imported","throwable":""}
{"timestamp":"2025-09-10T13:45:28,064","container":"7965dbe76a4e","level":"INFO","thread":"BftProcessorExecutor-QBFT-0","class":"QbftBesuControllerBuilder","message":"Imported #56 / 0 tx / 0 pending / 0 (0.0%) gas / (0x121c3b51daa48a32adc96004636c5c80fe7c422099093868c2dc03c5fabb3996)","throwable":""}
{"timestamp":"2025-09-10T13:45:28,065","container":"7965dbe76a4e","level":"INFO","thread":"EthScheduler-Workers-0","class":"PersistBlockTask","message":"Block 56 (0x121c3b51daa48a32adc96004636c5c80fe7c422099093868c2dc03c5fabb3996) is already imported","throwable":""}
{"timestamp":"2025-09-10T13:45:36,054","container":"7965dbe76a4e","level":"INFO","thread":"EthScheduler-Workers-0","class":"PersistBlockTask","message":"Block 57 (0xbb34af08d7d603916dfdb2822556849a759e6fa782ceb18af766c46f82a1c8c4) is already imported","throwable":""}
{"timestamp":"2025-09-10T13:45:36,054","container":"7965dbe76a4e","level":"INFO","thread":"BftProcessorExecutor-QBFT-0","class":"QbftBesuControllerBuilder","message":"Imported #57 / 0 tx / 0 pending / 0 (0.0%) gas / (0xbb34af08d7d603916dfdb2822556849a759e6fa782ceb18af766c46f82a1c8c4)","throwable":""}
{"timestamp":"2025-09-10T13:45:44,032","container":"7965dbe76a4e","level":"INFO","thread":"EthScheduler-Workers-0","class":"PersistBlockTask","message":"Block 58 (0xdb6d53d036a7cdb80677d5e9bd64b60b57008603578f8fe428f5e308e75c7405) is already imported","throwable":""}
{"timestamp":"2025-09-10T13:45:44,033","container":"7965dbe76a4e","level":"INFO","thread":"BftProcessorExecutor-QBFT-0","class":"QbftBesuControllerBuilder","message":"Produced #58 / 0 tx / 0 pending / 0 (0.0%) gas / (0xdb6d53d036a7cdb80677d5e9bd64b60b57008603578f8fe428f5e308e75c7405)","throwable":""}
{"timestamp":"2025-09-10T13:45:52,033","container":"7965dbe76a4e","level":"INFO","thread":"BftProcessorExecutor-QBFT-0","class":"QbftBesuControllerBuilder","message":"Imported #59 / 0 tx / 0 pending / 0 (0.0%) gas / (0x21692f93db970b7abe879dd072a489fb6a062ec95beae9ac79c0141c7a8683c8)","throwable":""}
{"timestamp":"2025-09-10T13:46:00,048","container":"7965dbe76a4e","level":"INFO","thread":"BftProcessorExecutor-QBFT-0","class":"QbftBesuControllerBuilder","message":"Imported #60 / 0 tx / 0 pending / 0 (0.0%) gas / (0x4fe05001c57bba26f49190a6b2eb12c759d84761f7ae1697d62f9ada531d9a9b)","throwable":""}
{"timestamp":"2025-09-10T13:46:08,050","container":"7965dbe76a4e","level":"INFO","thread":"EthScheduler-Workers-0","class":"PersistBlockTask","message":"Block 61 (0x49e9760cbb55733650c8f0f4a31e8cbab6e79c11cca3dfa77fdc705e317d4392) is already imported","throwable":""}
{"timestamp":"2025-09-10T13:46:08,053","container":"7965dbe76a4e","level":"INFO","thread":"BftProcessorExecutor-QBFT-0","class":"QbftBesuControllerBuilder","message":"Imported #61 / 0 tx / 0 pending / 0 (0.0%) gas / (0x49e9760cbb55733650c8f0f4a31e8cbab6e79c11cca3dfa77fdc705e317d4392)","throwable":""}
{"timestamp":"2025-09-10T13:46:16,057","container":"7965dbe76a4e","level":"INFO","thread":"BftProcessorExecutor-QBFT-0","class":"QbftBesuControllerBuilder","message":"Produced #62 / 0 tx / 0 pending / 0 (0.0%) gas / (0x83eacf813958fea30f6e4afc1ce9a87e2b9da249daf15acc4baea3342e17fe30)","throwable":""}
{"timestamp":"2025-09-10T13:46:16,061","container":"7965dbe76a4e","level":"INFO","thread":"EthScheduler-Workers-0","class":"PersistBlockTask","message":"Block 62 (0x83eacf813958fea30f6e4afc1ce9a87e2b9da249daf15acc4baea3342e17fe30) is already imported","throwable":""}
{"timestamp":"2025-09-10T13:46:24,054","container":"7965dbe76a4e","level":"INFO","thread":"BftProcessorExecutor-QBFT-0","class":"QbftBesuControllerBuilder","message":"Imported #63 / 0 tx / 0 pending / 0 (0.0%) gas / (0x6637f808a0cc3706d13d85ca639276058ff1fc43d859ffecd14e8a6cdbba8451)","throwable":""}
{"timestamp":"2025-09-10T13:46:24,061","container":"7965dbe76a4e","level":"INFO","thread":"EthScheduler-Workers-0","class":"PersistBlockTask","message":"Block 63 (0x6637f808a0cc3706d13d85ca639276058ff1fc43d859ffecd14e8a6cdbba8451) is already imported","throwable":""}
{"timestamp":"2025-09-10T13:46:32,048","container":"7965dbe76a4e","level":"INFO","thread":"EthScheduler-Workers-0","class":"PersistBlockTask","message":"Block 64 (0x427af743af00bb21898171e604a9e88b9818efd516fccb3d79bf4762e0a2dfcf) is already imported","throwable":""}
{"timestamp":"2025-09-10T13:46:32,048","container":"7965dbe76a4e","level":"INFO","thread":"BftProcessorExecutor-QBFT-0","class":"QbftBesuControllerBuilder","message":"Imported #64 / 0 tx / 0 pending / 0 (0.0%) gas / (0x427af743af00bb21898171e604a9e88b9818efd516fccb3d79bf4762e0a2dfcf)","throwable":""}
{"timestamp":"2025-09-10T13:46:40,036","container":"7965dbe76a4e","level":"INFO","thread":"BftProcessorExecutor-QBFT-0","class":"QbftBesuControllerBuilder","message":"Imported #65 / 0 tx / 0 pending / 0 (0.0%) gas / (0xb087ab5604420032287919b2a66445c70fc3f5032d9256572fe25bb825e081aa)","throwable":""}
{"timestamp":"2025-09-10T13:46:40,036","container":"7965dbe76a4e","level":"INFO","thread":"EthScheduler-Workers-0","class":"PersistBlockTask","message":"Block 65 (0xb087ab5604420032287919b2a66445c70fc3f5032d9256572fe25bb825e081aa) is already imported","throwable":""}
{"timestamp":"2025-09-10T13:46:48,042","container":"7965dbe76a4e","level":"INFO","thread":"BftProcessorExecutor-QBFT-0","class":"QbftBesuControllerBuilder","message":"Produced #66 / 0 tx / 0 pending / 0 (0.0%) gas / (0x2236af68d53d5ab5638a7bf810193041f57bc977ed4c64afd48ad6e5928d8a32)","throwable":""}
{"timestamp":"2025-09-10T13:46:56,042","container":"7965dbe76a4e","level":"INFO","thread":"BftProcessorExecutor-QBFT-0","class":"QbftBesuControllerBuilder","message":"Imported #67 / 0 tx / 0 pending / 0 (0.0%) gas / (0x36c774d175170b45cedd6468382498759c95fc74f441572ad6304d7acaff2a2c)","throwable":""}
{"timestamp":"2025-09-10T13:47:04,061","container":"7965dbe76a4e","level":"INFO","thread":"EthScheduler-Workers-0","class":"PersistBlockTask","message":"Imported #68 / 0 tx / 0 om / 0 (0.0%) gas / (0x574ed4b61c6427aaadacffe28d86c99768fa722c9b317a658b4c60982dab194f) in 0.001s. Peers: 5","throwable":""}
{"timestamp":"2025-09-10T13:47:04,065","container":"7965dbe76a4e","level":"INFO","thread":"BftProcessorExecutor-QBFT-0","class":"QbftBesuControllerBuilder","message":"Imported #68 / 0 tx / 0 pending / 0 (0.0%) gas / (0x574ed4b61c6427aaadacffe28d86c99768fa722c9b317a658b4c60982dab194f)","throwable":""}
{"timestamp":"2025-09-10T13:47:12,037","container":"7965dbe76a4e","level":"INFO","thread":"BftProcessorExecutor-QBFT-0","class":"QbftBesuControllerBuilder","message":"Imported #69 / 0 tx / 0 pending / 0 (0.0%) gas / (0xb0dbe7ed8170bf4c806e32bd2e90b78c8fe1df2befbbcf6ea8a86331359726b3)","throwable":""}
{"timestamp":"2025-09-10T13:47:20,023","container":"7965dbe76a4e","level":"INFO","thread":"BftProcessorExecutor-QBFT-0","class":"QbftBesuControllerBuilder","message":"Produced #70 / 0 tx / 0 pending / 0 (0.0%) gas / (0x123bcddc79350b138c37767bbfa11e40db57409cb961be94790ee7b7ca2c6d5a)","throwable":""}
{"timestamp":"2025-09-10T13:47:28,027","container":"7965dbe76a4e","level":"INFO","thread":"BftProcessorExecutor-QBFT-0","class":"QbftBesuControllerBuilder","message":"Imported #71 / 0 tx / 0 pending / 0 (0.0%) gas / (0x019596b5d843d8199d78021004d3cc95508a6c70c418048d648118ce854890b0)","throwable":""}
{"timestamp":"2025-09-10T13:47:28,027","container":"7965dbe76a4e","level":"INFO","thread":"EthScheduler-Workers-0","class":"PersistBlockTask","message":"Block 71 (0x019596b5d843d8199d78021004d3cc95508a6c70c418048d648118ce854890b0) is already imported","throwable":""}
{"timestamp":"2025-09-10T13:47:36,056","container":"7965dbe76a4e","level":"INFO","thread":"EthScheduler-Workers-0","class":"PersistBlockTask","message":"Block 72 (0x065456e5d00d0fe17bfc14d9f0e4c024d22d7a6c77f0b7505c2a346264797df3) is already imported","throwable":""}
{"timestamp":"2025-09-10T13:47:36,056","container":"7965dbe76a4e","level":"INFO","thread":"BftProcessorExecutor-QBFT-0","class":"QbftBesuControllerBuilder","message":"Imported #72 / 0 tx / 0 pending / 0 (0.0%) gas / (0x065456e5d00d0fe17bfc14d9f0e4c024d22d7a6c77f0b7505c2a346264797df3)","throwable":""}
{"timestamp":"2025-09-10T13:47:44,040","container":"7965dbe76a4e","level":"INFO","thread":"EthScheduler-Workers-0","class":"PersistBlockTask","message":"Imported #73 / 0 tx / 0 om / 0 (0.0%) gas / (0x0124f839aa793143fb634d3c0ddcd6a3aff5de5478c3b0b32238eb6f2be6bb76) in 0.001s. Peers: 5","throwable":""}
{"timestamp":"2025-09-10T13:47:52,147","container":"7965dbe76a4e","level":"INFO","thread":"BftProcessorExecutor-QBFT-0","class":"QbftBesuControllerBuilder","message":"Produced #74 / 0 tx / 0 pending / 0 (0.0%) gas / (0x6b47960bf06dcc459d17bd23f971408ba370796a222e7e27a702dd4c678dca4c)","throwable":""}
{"timestamp":"2025-09-10T13:48:54,678","container":"7965dbe76a4e","level":"INFO","thread":"EthScheduler-Workers-0","class":"PersistBlockTask","message":"Block 75 (0xd3fffd48e56452f62650a977e461790d0d70a16030cb384f9d883839974fad7a) is already imported","throwable":""}
{"timestamp":"2025-09-10T13:48:54,679","container":"7965dbe76a4e","level":"INFO","thread":"BftProcessorExecutor-QBFT-0","class":"QbftBesuControllerBuilder","message":"Imported #75 / 0 tx / 0 pending / 0 (0.0%) gas / (0xd3fffd48e56452f62650a977e461790d0d70a16030cb384f9d883839974fad7a)","throwable":""}
{"timestamp":"2025-09-10T13:49:03,068","container":"7965dbe76a4e","level":"INFO","thread":"BftProcessorExecutor-QBFT-0","class":"QbftBesuControllerBuilder","message":"Imported #76 / 0 tx / 0 pending / 0 (0.0%) gas / (0x1d086bf39b5848329e255283b6161d5e0a31a571ad68a92f157e06af460ed557)","throwable":""}
{"timestamp":"2025-09-10T13:49:03,070","container":"7965dbe76a4e","level":"INFO","thread":"EthScheduler-Workers-0","class":"PersistBlockTask","message":"Block 76 (0x1d086bf39b5848329e255283b6161d5e0a31a571ad68a92f157e06af460ed557) is already imported","throwable":""}
{"timestamp":"2025-09-10T13:49:11,058","container":"7965dbe76a4e","level":"INFO","thread":"BftProcessorExecutor-QBFT-0","class":"QbftBesuControllerBuilder","message":"Imported #77 / 0 tx / 0 pending / 0 (0.0%) gas / (0x8838af286a85f99b740017d1564bc4b7225463c52caf42c208be4806e3c22d5e)","throwable":""}
{"timestamp":"2025-09-10T13:49:19,037","container":"7965dbe76a4e","level":"INFO","thread":"BftProcessorExecutor-QBFT-0","class":"QbftBesuControllerBuilder","message":"Produced #78 / 0 tx / 0 pending / 0 (0.0%) gas / (0xfb0f9c91aa8de4d12269eb35755b62a71fbf16e60833da94d551fe5e462c79dc)","throwable":""}
{"timestamp":"2025-09-10T13:49:27,031","container":"7965dbe76a4e","level":"INFO","thread":"BftProcessorExecutor-QBFT-0","class":"QbftBesuControllerBuilder","message":"Imported #79 / 0 tx / 0 pending / 0 (0.0%) gas / (0xe4af33145679cab24462a90341cf3781ff78fd72fe295fe8b7b4fb5f320c8342)","throwable":""}
{"timestamp":"2025-09-10T13:49:35,083","container":"7965dbe76a4e","level":"INFO","thread":"BftProcessorExecutor-QBFT-0","class":"QbftBesuControllerBuilder","message":"Imported #80 / 0 tx / 0 pending / 0 (0.0%) gas / (0xd111e550abfda4a9a25e8dea7fb62b8f73cbd609f4b9aef2400973aaadc85d74)","throwable":""}
{"timestamp":"2025-09-10T13:49:35,084","container":"7965dbe76a4e","level":"INFO","thread":"EthScheduler-Workers-0","class":"PersistBlockTask","message":"Imported #80 / 0 tx / 0 om / 0 (0.0%) gas / (0xd111e550abfda4a9a25e8dea7fb62b8f73cbd609f4b9aef2400973aaadc85d74) in 0.003s. Peers: 5","throwable":""}
{"timestamp":"2025-09-10T13:49:43,049","container":"7965dbe76a4e","level":"INFO","thread":"EthScheduler-Workers-0","class":"PersistBlockTask","message":"Imported #81 / 0 tx / 0 om / 0 (0.0%) gas / (0x35df843afb4b9fd7da05d2e81a22f8cdf88ec0db15883b7a3727e6933326e278) in 0.001s. Peers: 5","throwable":""}
{"timestamp":"2025-09-10T13:49:43,053","container":"7965dbe76a4e","level":"INFO","thread":"BftProcessorExecutor-QBFT-0","class":"QbftBesuControllerBuilder","message":"Imported #81 / 0 tx / 0 pending / 0 (0.0%) gas / (0x35df843afb4b9fd7da05d2e81a22f8cdf88ec0db15883b7a3727e6933326e278)","throwable":""}
{"timestamp":"2025-09-10T13:49:51,040","container":"7965dbe76a4e","level":"INFO","thread":"EthScheduler-Workers-0","class":"PersistBlockTask","message":"Block 82 (0x26819764c9afd10d2ac6673cbde2022a462a9a3d1db16e34da10ba9428c4547b) is already imported","throwable":""}
{"timestamp":"2025-09-10T13:49:51,040","container":"7965dbe76a4e","level":"INFO","thread":"BftProcessorExecutor-QBFT-0","class":"QbftBesuControllerBuilder","message":"Produced #82 / 0 tx / 0 pending / 0 (0.0%) gas / (0x26819764c9afd10d2ac6673cbde2022a462a9a3d1db16e34da10ba9428c4547b)","throwable":""}
{"timestamp":"2025-09-10T13:49:59,042","container":"7965dbe76a4e","level":"INFO","thread":"EthScheduler-Workers-0","class":"PersistBlockTask","message":"Block 83 (0xbd66c3f0589c3e36ba87dc17b39175c671311d8c40c217b68f6f23ff308b6380) is already imported","throwable":""}
{"timestamp":"2025-09-10T13:49:59,044","container":"7965dbe76a4e","level":"INFO","thread":"BftProcessorExecutor-QBFT-0","class":"QbftBesuControllerBuilder","message":"Imported #83 / 0 tx / 0 pending / 0 (0.0%) gas / (0xbd66c3f0589c3e36ba87dc17b39175c671311d8c40c217b68f6f23ff308b6380)","throwable":""}
{"timestamp":"2025-09-10T13:50:07,037","container":"7965dbe76a4e","level":"INFO","thread":"BftProcessorExecutor-QBFT-0","class":"QbftBesuControllerBuilder","message":"Imported #84 / 0 tx / 0 pending / 0 (0.0%) gas / (0xba10b86e195d211c68c0bbba7cc9cefde01bdf2d1b6df694557ec7debb794c67)","throwable":""}
{"timestamp":"2025-09-10T13:50:15,035","container":"7965dbe76a4e","level":"INFO","thread":"BftProcessorExecutor-QBFT-0","class":"QbftBesuControllerBuilder","message":"Imported #85 / 0 tx / 0 pending / 0 (0.0%) gas / (0xd81c0c21239580aeac28b48ee4e2fa32d6ae7ce5e6da8b9c2d86672884ac2032)","throwable":""}
{"timestamp":"2025-09-10T13:50:23,020","container":"7965dbe76a4e","level":"INFO","thread":"BftProcessorExecutor-QBFT-0","class":"QbftBesuControllerBuilder","message":"Produced #86 / 0 tx / 0 pending / 0 (0.0%) gas / (0x5ea3c127ffe1862f610f30baf32de777e0de225754dcd43bc32e6912d89a37f9)","throwable":""}
{"timestamp":"2025-09-10T13:50:31,040","container":"7965dbe76a4e","level":"INFO","thread":"EthScheduler-Workers-0","class":"PersistBlockTask","message":"Block 87 (0x0ce5af36db7e7e03b10e2861b2e627200ba1ec61ff4babe8128ee943c934ef87) is already imported","throwable":""}
{"timestamp":"2025-09-10T13:50:31,040","container":"7965dbe76a4e","level":"INFO","thread":"BftProcessorExecutor-QBFT-0","class":"QbftBesuControllerBuilder","message":"Imported #87 / 0 tx / 0 pending / 0 (0.0%) gas / (0x0ce5af36db7e7e03b10e2861b2e627200ba1ec61ff4babe8128ee943c934ef87)","throwable":""}
{"timestamp":"2025-09-10T13:50:39,051","container":"7965dbe76a4e","level":"INFO","thread":"EthScheduler-Workers-0","class":"PersistBlockTask","message":"Block 88 (0x0083f826513f112a81a68565fe62ed75f2eced77a7d3af0e7d96fb55da39def2) is already imported","throwable":""}
{"timestamp":"2025-09-10T13:50:39,052","container":"7965dbe76a4e","level":"INFO","thread":"BftProcessorExecutor-QBFT-0","class":"QbftBesuControllerBuilder","message":"Imported #88 / 0 tx / 0 pending / 0 (0.0%) gas / (0x0083f826513f112a81a68565fe62ed75f2eced77a7d3af0e7d96fb55da39def2)","throwable":""}
{"timestamp":"2025-09-10T13:50:47,033","container":"7965dbe76a4e","level":"INFO","thread":"BftProcessorExecutor-QBFT-0","class":"QbftBesuControllerBuilder","message":"Imported #89 / 0 tx / 0 pending / 0 (0.0%) gas / (0xb837dd215435b01b51f3cc6bb991c42f78aa8b4a2fdc665eaa732b27aa1751d1)","throwable":""}
{"timestamp":"2025-09-10T13:50:55,046","container":"7965dbe76a4e","level":"INFO","thread":"BftProcessorExecutor-QBFT-0","class":"QbftBesuControllerBuilder","message":"Produced #90 / 0 tx / 0 pending / 0 (0.0%) gas / (0x1690e6779411d2fadec3af85cf205560a23d20edc8c8fe231f698d0273acc4cc)","throwable":""}
{"timestamp":"2025-09-10T13:51:03,041","container":"7965dbe76a4e","level":"INFO","thread":"BftProcessorExecutor-QBFT-0","class":"QbftBesuControllerBuilder","message":"Imported #91 / 0 tx / 0 pending / 0 (0.0%) gas / (0x89261ebe20d1944ddf5f2c0074bd9c12967f3c8284a3623eb048d4c89c5fc838)","throwable":""}
{"timestamp":"2025-09-10T13:51:11,068","container":"7965dbe76a4e","level":"INFO","thread":"BftProcessorExecutor-QBFT-0","class":"QbftBesuControllerBuilder","message":"Imported #92 / 0 tx / 0 pending / 0 (0.0%) gas / (0xc22fc2c75cbefdfb2b0db1d8757f1758fa459b2cbe34571dd5814fa9ea8754c9)","throwable":""}
{"timestamp":"2025-09-10T13:51:19,028","container":"7965dbe76a4e","level":"INFO","thread":"BftProcessorExecutor-QBFT-0","class":"QbftBesuControllerBuilder","message":"Imported #93 / 0 tx / 0 pending / 0 (0.0%) gas / (0x3bce5a08c66b62b5c55ded26de4ae9c8cc036b13ceb9194a13ff3b8e3cb22210)","throwable":""}
{"timestamp":"2025-09-10T13:51:27,025","container":"7965dbe76a4e","level":"INFO","thread":"BftProcessorExecutor-QBFT-0","class":"QbftBesuControllerBuilder","message":"Produced #94 / 0 tx / 0 pending / 0 (0.0%) gas / (0xc75f1caf9ff6ff1d61ddb63ba1006496ce4c3d284731c92ffbc962cc61391837)","throwable":""}
{"timestamp":"2025-09-10T13:51:35,045","container":"7965dbe76a4e","level":"INFO","thread":"EthScheduler-Workers-0","class":"PersistBlockTask","message":"Imported #95 / 0 tx / 0 om / 0 (0.0%) gas / (0xae11fde52901a90510f65acd9448c0f2ed7ccb3aac1fab917857dfd9f7ba7926) in 0.016s. Peers: 5","throwable":""}
{"timestamp":"2025-09-10T13:51:35,046","container":"7965dbe76a4e","level":"INFO","thread":"BftProcessorExecutor-QBFT-0","class":"QbftBesuControllerBuilder","message":"Imported #95 / 0 tx / 0 pending / 0 (0.0%) gas / (0xae11fde52901a90510f65acd9448c0f2ed7ccb3aac1fab917857dfd9f7ba7926)","throwable":""}
{"timestamp":"2025-09-10T13:51:43,028","container":"7965dbe76a4e","level":"INFO","thread":"BftProcessorExecutor-QBFT-0","class":"QbftBesuControllerBuilder","message":"Imported #96 / 0 tx / 0 pending / 0 (0.0%) gas / (0xa194e687f7a31591216bf318db28a7f8825090b0bfdf6e6a0a78e10a7becf2d2)","throwable":""}
{"timestamp":"2025-09-10T13:51:51,052","container":"7965dbe76a4e","level":"INFO","thread":"BftProcessorExecutor-QBFT-0","class":"QbftBesuControllerBuilder","message":"Imported #97 / 0 tx / 0 pending / 0 (0.0%) gas / (0x49291694f27ac0b3a63618b8d78a472507a94f6790ade3a5f50ed069a42d4e42)","throwable":""}
{"timestamp":"2025-09-10T13:51:59,041","container":"7965dbe76a4e","level":"INFO","thread":"BftProcessorExecutor-QBFT-0","class":"QbftBesuControllerBuilder","message":"Produced #98 / 0 tx / 0 pending / 0 (0.0%) gas / (0x2b62896c82ebcc67c3807fec7f262c9c089c3fedd8097fe3d64a964fafe77528)","throwable":""}
{"timestamp":"2025-09-10T13:52:07,030","container":"7965dbe76a4e","level":"INFO","thread":"BftProcessorExecutor-QBFT-0","class":"QbftBesuControllerBuilder","message":"Imported #99 / 0 tx / 0 pending / 0 (0.0%) gas / (0xae9fdde79ea5dcdd30ab832645860386d25e058b0a2ba07271367e9d5abf5ddd)","throwable":""}
{"timestamp":"2025-09-10T13:52:07,031","container":"7965dbe76a4e","level":"INFO","thread":"EthScheduler-Workers-0","class":"PersistBlockTask","message":"Block 99 (0xae9fdde79ea5dcdd30ab832645860386d25e058b0a2ba07271367e9d5abf5ddd) is already imported","throwable":""}
{"timestamp":"2025-09-10T13:52:15,034","container":"7965dbe76a4e","level":"INFO","thread":"EthScheduler-Workers-0","class":"PersistBlockTask","message":"Imported #100 / 0 tx / 0 om / 0 (0.0%) gas / (0x6c715ea3a3921bb9f7844f1507292ce8c0fe3527afa7d779df366361b0611ca6) in 0.001s. Peers: 5","throwable":""}
{"timestamp":"2025-09-10T13:52:15,041","container":"7965dbe76a4e","level":"INFO","thread":"BftProcessorExecutor-QBFT-0","class":"QbftBesuControllerBuilder","message":"Imported #100 / 0 tx / 0 pending / 0 (0.0%) gas / (0x6c715ea3a3921bb9f7844f1507292ce8c0fe3527afa7d779df366361b0611ca6)","throwable":""}
{"timestamp":"2025-09-10T13:52:23,015","container":"7965dbe76a4e","level":"INFO","thread":"BftProcessorExecutor-QBFT-0","class":"QbftBesuControllerBuilder","message":"Imported #101 / 0 tx / 0 pending / 0 (0.0%) gas / (0x592da1db7b5ee44100c145fded4134b0b31805007536326b383587bdae50c405)","throwable":""}
{"timestamp":"2025-09-10T13:52:31,025","container":"7965dbe76a4e","level":"INFO","thread":"BftProcessorExecutor-QBFT-0","class":"QbftBesuControllerBuilder","message":"Produced #102 / 0 tx / 0 pending / 0 (0.0%) gas / (0x2364d739423a3b09dbd25c946f48cc3cd4e86a330da6d33a55331e50cd4868c5)","throwable":""}
{"timestamp":"2025-09-10T13:52:39,039","container":"7965dbe76a4e","level":"INFO","thread":"BftProcessorExecutor-QBFT-0","class":"QbftBesuControllerBuilder","message":"Imported #103 / 0 tx / 0 pending / 0 (0.0%) gas / (0x4c265713c5ac55c24d5188edd9c06c04028e7b16fa2a4f31f70d5531650ceeba)","throwable":""}
{"timestamp":"2025-09-10T13:52:47,022","container":"7965dbe76a4e","level":"INFO","thread":"BftProcessorExecutor-QBFT-0","class":"QbftBesuControllerBuilder","message":"Imported #104 / 0 tx / 0 pending / 0 (0.0%) gas / (0x3081c6a56cefdc4c2968fa25ff0f329cf654dcf3d6924acd6ffe973e38a3796c)","throwable":""}
{"timestamp":"2025-09-10T13:52:55,032","container":"7965dbe76a4e","level":"INFO","thread":"BftProcessorExecutor-QBFT-0","class":"QbftBesuControllerBuilder","message":"Imported #105 / 0 tx / 0 pending / 0 (0.0%) gas / (0xdcd3363fef4ccbf9ce224fd3ebe1c4e795789a77b3b783174e74f8ad25556eed)","throwable":""}
{"timestamp":"2025-09-10T13:53:03,032","container":"7965dbe76a4e","level":"INFO","thread":"BftProcessorExecutor-QBFT-0","class":"QbftBesuControllerBuilder","message":"Produced #106 / 0 tx / 0 pending / 0 (0.0%) gas / (0x5906cc2556dd09c53b9c480a8bb5216acd6f0f00d69bc7c5aae581d62ef96bfe)","throwable":""}
{"timestamp":"2025-09-10T13:53:11,064","container":"7965dbe76a4e","level":"INFO","thread":"BftProcessorExecutor-QBFT-0","class":"QbftBesuControllerBuilder","message":"Imported #107 / 0 tx / 0 pending / 0 (0.0%) gas / (0x0f9c8170fbbb97b313b56f7a8c12bcfd699c78a5636ebe1863691cbdb1614f6b)","throwable":""}
{"timestamp":"2025-09-10T13:53:19,027","container":"7965dbe76a4e","level":"INFO","thread":"BftProcessorExecutor-QBFT-0","class":"QbftBesuControllerBuilder","message":"Imported #108 / 0 tx / 0 pending / 0 (0.0%) gas / (0xf834dbbe9155884b59068e1afe0715160dfd11f15d1bf71c6e33d9921a0f5f59)","throwable":""}
{"timestamp":"2025-09-10T13:53:27,024","container":"7965dbe76a4e","level":"INFO","thread":"BftProcessorExecutor-QBFT-0","class":"QbftBesuControllerBuilder","message":"Imported #109 / 0 tx / 0 pending / 0 (0.0%) gas / (0x8cd65d165fa6b428a87e7a913459feb3d770c250b0b6f069c8df3ba46dda27e9)","throwable":""}
{"timestamp":"2025-09-10T13:53:35,031","container":"7965dbe76a4e","level":"INFO","thread":"BftProcessorExecutor-QBFT-0","class":"QbftBesuControllerBuilder","message":"Produced #110 / 0 tx / 0 pending / 0 (0.0%) gas / (0x7a2c763f1615d6c487929105004821338984025654440676d9370e4ed3ec882c)","throwable":""}
{"timestamp":"2025-09-10T13:53:43,028","container":"7965dbe76a4e","level":"INFO","thread":"BftProcessorExecutor-QBFT-0","class":"QbftBesuControllerBuilder","message":"Imported #111 / 0 tx / 0 pending / 0 (0.0%) gas / (0xcc281c299df1ca6f23f1ac4a96e4cc132b417e37fe0faa064e890ad03e186e02)","throwable":""}
{"timestamp":"2025-09-10T13:53:51,030","container":"7965dbe76a4e","level":"INFO","thread":"BftProcessorExecutor-QBFT-0","class":"QbftBesuControllerBuilder","message":"Imported #112 / 0 tx / 0 pending / 0 (0.0%) gas / (0xba9656037b62d80253b74e222e3bba7737e9ff1ac2bf10a546e66f2c0a9f40f2)","throwable":""}
{"timestamp":"2025-09-10T13:53:59,038","container":"7965dbe76a4e","level":"INFO","thread":"BftProcessorExecutor-QBFT-0","class":"QbftBesuControllerBuilder","message":"Imported #113 / 0 tx / 0 pending / 0 (0.0%) gas / (0xd98ff0e68a9ad4e1cd7a9915a06458a2a46bc4f117b9beae8b851e39eea4e5e2)","throwable":""}
{"timestamp":"2025-09-10T13:54:07,035","container":"7965dbe76a4e","level":"INFO","thread":"EthScheduler-Workers-0","class":"PersistBlockTask","message":"Imported #114 / 0 tx / 0 om / 0 (0.0%) gas / (0x5b2263a48407b5e199a84e69cfad8ab3d2690f273230ceafcffee9927f55e9a1) in 0.001s. Peers: 5","throwable":""}
{"timestamp":"2025-09-10T13:54:15,036","container":"7965dbe76a4e","level":"INFO","thread":"BftProcessorExecutor-QBFT-0","class":"QbftBesuControllerBuilder","message":"Imported #115 / 0 tx / 0 pending / 0 (0.0%) gas / (0x93fd511a76bd5d7c9bfa53b41ad0ee9445ce250299d134bea40121b435eea4ff)","throwable":""}
{"timestamp":"2025-09-10T13:54:23,025","container":"7965dbe76a4e","level":"INFO","thread":"BftProcessorExecutor-QBFT-0","class":"QbftBesuControllerBuilder","message":"Imported #116 / 0 tx / 0 pending / 0 (0.0%) gas / (0x127a2b972b4d2fc0ac6a734aa9d51c957d9b9a714e6757d0338ea945efc7570d)","throwable":""}
{"timestamp":"2025-09-10T13:54:31,030","container":"7965dbe76a4e","level":"INFO","thread":"BftProcessorExecutor-QBFT-0","class":"QbftBesuControllerBuilder","message":"Imported #117 / 0 tx / 0 pending / 0 (0.0%) gas / (0x89b216950541ea315d1935dd083acfd91e8bcbe61e07650aa563236e986197d3)","throwable":""}
{"timestamp":"2025-09-10T13:54:39,031","container":"7965dbe76a4e","level":"INFO","thread":"BftProcessorExecutor-QBFT-0","class":"QbftBesuControllerBuilder","message":"Produced #118 / 0 tx / 0 pending / 0 (0.0%) gas / (0xde7010df44b220880a07ebdc5e2449d6fabd148b8d717490baa355fd1e45ffd2)","throwable":""}
{"timestamp":"2025-09-10T13:54:47,030","container":"7965dbe76a4e","level":"INFO","thread":"BftProcessorExecutor-QBFT-0","class":"QbftBesuControllerBuilder","message":"Imported #119 / 0 tx / 0 pending / 0 (0.0%) gas / (0xf23ff520ba8e0e901238c1506762db905f5712f9a729b44bf027e5b5ee55dcb1)","throwable":""}
{"timestamp":"2025-09-10T13:54:55,026","container":"7965dbe76a4e","level":"INFO","thread":"BftProcessorExecutor-QBFT-0","class":"QbftBesuControllerBuilder","message":"Imported #120 / 0 tx / 0 pending / 0 (0.0%) gas / (0x50f843bbf22ec840a21d73e85c758c516a7daa28cc383c97db011726169b7d78)","throwable":""}
{"timestamp":"2025-09-10T13:55:03,022","container":"7965dbe76a4e","level":"INFO","thread":"BftProcessorExecutor-QBFT-0","class":"QbftBesuControllerBuilder","message":"Imported #121 / 0 tx / 0 pending / 0 (0.0%) gas / (0x55bbc5c7f3bcccd55a9a7ed32483e3cf336008387b11fead053ed7fa9b6141b4)","throwable":""}
{"timestamp":"2025-09-10T13:55:11,057","container":"7965dbe76a4e","level":"INFO","thread":"BftProcessorExecutor-QBFT-0","class":"QbftBesuControllerBuilder","message":"Produced #122 / 0 tx / 0 pending / 0 (0.0%) gas / (0xca6bf8e3fb4b4f4b4cbd2200ccdfd7c09c9c5827a72009f0347235b62bd05903)","throwable":""}
{"timestamp":"2025-09-10T13:55:11,063","container":"7965dbe76a4e","level":"INFO","thread":"EthScheduler-Workers-0","class":"PersistBlockTask","message":"Block 122 (0xca6bf8e3fb4b4f4b4cbd2200ccdfd7c09c9c5827a72009f0347235b62bd05903) is already imported","throwable":""}
{"timestamp":"2025-09-10T13:55:19,017","container":"7965dbe76a4e","level":"INFO","thread":"BftProcessorExecutor-QBFT-0","class":"QbftBesuControllerBuilder","message":"Imported #123 / 0 tx / 0 pending / 0 (0.0%) gas / (0xe7ec2d223ddd788a5ea3f226f2fe3ccd51615cdae8a36779f99717f4b6967997)","throwable":""}
{"timestamp":"2025-09-10T13:55:27,026","container":"7965dbe76a4e","level":"INFO","thread":"BftProcessorExecutor-QBFT-0","class":"QbftBesuControllerBuilder","message":"Imported #124 / 0 tx / 0 pending / 0 (0.0%) gas / (0x31f819c0be1c40aef8d789ae63e960a0ef75498c0a80baea836a91230e89a5d9)","throwable":""}
{"timestamp":"2025-09-10T13:55:35,025","container":"7965dbe76a4e","level":"INFO","thread":"BftProcessorExecutor-QBFT-0","class":"QbftBesuControllerBuilder","message":"Imported #125 / 0 tx / 0 pending / 0 (0.0%) gas / (0x1847c5385b67d5420a3443412b41b12f2b43f58a2cfe7224a6daf7d918781ead)","throwable":""}
{"timestamp":"2025-09-10T13:55:43,038","container":"7965dbe76a4e","level":"INFO","thread":"EthScheduler-Workers-0","class":"PersistBlockTask","message":"Imported #126 / 0 tx / 0 om / 0 (0.0%) gas / (0xc978e43592725d7385bb0df630372fb9e07e8eb18761e567da56a63d8cf1c35a) in 0.016s. Peers: 5","throwable":""}
{"timestamp":"2025-09-10T13:55:43,039","container":"7965dbe76a4e","level":"INFO","thread":"BftProcessorExecutor-QBFT-0","class":"QbftBesuControllerBuilder","message":"Produced #126 / 0 tx / 0 pending / 0 (0.0%) gas / (0xc978e43592725d7385bb0df630372fb9e07e8eb18761e567da56a63d8cf1c35a)","throwable":""}
{"timestamp":"2025-09-10T13:55:51,027","container":"7965dbe76a4e","level":"INFO","thread":"BftProcessorExecutor-QBFT-0","class":"QbftBesuControllerBuilder","message":"Imported #127 / 0 tx / 0 pending / 0 (0.0%) gas / (0x27a0aee970a3aef4d9f50cfee68030ebcbcec7bdb26c405434b662172c41d945)","throwable":""}
{"timestamp":"2025-09-10T13:55:59,043","container":"7965dbe76a4e","level":"INFO","thread":"BftProcessorExecutor-QBFT-0","class":"QbftBesuControllerBuilder","message":"Imported #128 / 0 tx / 0 pending / 0 (0.0%) gas / (0x3e6c2e82fc52218422d402a8372ac4ee483f6dffd7ef667e89b41d50ee089fa5)","throwable":""}
{"timestamp":"2025-09-10T13:56:07,031","container":"7965dbe76a4e","level":"INFO","thread":"BftProcessorExecutor-QBFT-0","class":"QbftBesuControllerBuilder","message":"Imported #129 / 0 tx / 0 pending / 0 (0.0%) gas / (0x4738e18206548a5b47b7cc9a3b68621e7f179df497e7775bdb08b9c44f26c1f4)","throwable":""}
{"timestamp":"2025-09-10T13:56:15,028","container":"7965dbe76a4e","level":"INFO","thread":"BftProcessorExecutor-QBFT-0","class":"QbftBesuControllerBuilder","message":"Produced #130 / 0 tx / 0 pending / 0 (0.0%) gas / (0xd00256ee49dfeab6831427f470a56491e7762e8c3c57d60e35107313222cc558)","throwable":""}
{"timestamp":"2025-09-10T13:56:23,030","container":"7965dbe76a4e","level":"INFO","thread":"BftProcessorExecutor-QBFT-0","class":"QbftBesuControllerBuilder","message":"Imported #131 / 0 tx / 0 pending / 0 (0.0%) gas / (0x779ad3bbe12f689e5e18e0e12eddba8c480edba7395c249a37c18f8a9056c6c9)","throwable":""}
{"timestamp":"2025-09-10T13:56:31,018","container":"7965dbe76a4e","level":"INFO","thread":"BftProcessorExecutor-QBFT-0","class":"QbftBesuControllerBuilder","message":"Imported #132 / 0 tx / 0 pending / 0 (0.0%) gas / (0x0302d8ddf4f3fa36c8e227abf42dd2875fd6d166b63e3633316864abace08da8)","throwable":""}
{"timestamp":"2025-09-10T13:56:39,046","container":"7965dbe76a4e","level":"INFO","thread":"BftProcessorExecutor-QBFT-0","class":"QbftBesuControllerBuilder","message":"Imported #133 / 0 tx / 0 pending / 0 (0.0%) gas / (0xfc2422ef895ffdc06b184f8dac6e8cffb2ed8a5949adfd1610ede8bc97961e72)","throwable":""}
{"timestamp":"2025-09-10T13:56:47,022","container":"7965dbe76a4e","level":"INFO","thread":"BftProcessorExecutor-QBFT-0","class":"QbftBesuControllerBuilder","message":"Produced #134 / 0 tx / 0 pending / 0 (0.0%) gas / (0x61b46f929c0d13bc24cf3618bd68aa966f5b0eab5a466c742562f0d114742624)","throwable":""}
{"timestamp":"2025-09-10T13:56:55,027","container":"7965dbe76a4e","level":"INFO","thread":"BftProcessorExecutor-QBFT-0","class":"QbftBesuControllerBuilder","message":"Imported #135 / 0 tx / 0 pending / 0 (0.0%) gas / (0xd6777982e18a0b9d5ab7623648e2d9479f340b19a9dc9f369417293481f26acc)","throwable":""}
{"timestamp":"2025-09-10T13:57:03,028","container":"7965dbe76a4e","level":"INFO","thread":"BftProcessorExecutor-QBFT-0","class":"QbftBesuControllerBuilder","message":"Imported #136 / 0 tx / 0 pending / 0 (0.0%) gas / (0xf6e2705eccdd18fc24905c2448acc8613f88435ae11e85753ec7b1b4ad6b07b1)","throwable":""}
{"timestamp":"2025-09-10T13:57:11,040","container":"7965dbe76a4e","level":"INFO","thread":"BftProcessorExecutor-QBFT-0","class":"QbftBesuControllerBuilder","message":"Imported #137 / 0 tx / 0 pending / 0 (0.0%) gas / (0x5c0ea0ab025e558dc5c184b2cb5488d7388394a3f4f35c22a77c5cfda6975eb6)","throwable":""}
{"timestamp":"2025-09-10T13:57:19,029","container":"7965dbe76a4e","level":"INFO","thread":"BftProcessorExecutor-QBFT-0","class":"QbftBesuControllerBuilder","message":"Produced #138 / 0 tx / 0 pending / 0 (0.0%) gas / (0x8153cad1779eed949d40c49355855487605b2e43cf2a6233690399eb16a56c78)","throwable":""}
{"timestamp":"2025-09-10T13:57:27,027","container":"7965dbe76a4e","level":"INFO","thread":"BftProcessorExecutor-QBFT-0","class":"QbftBesuControllerBuilder","message":"Imported #139 / 0 tx / 0 pending / 0 (0.0%) gas / (0xfaa14b3956c66d1768beaf189cb7a5476fd4561528dd0b7a15880006fdda46e8)","throwable":""}
{"timestamp":"2025-09-10T13:57:35,029","container":"7965dbe76a4e","level":"INFO","thread":"BftProcessorExecutor-QBFT-0","class":"QbftBesuControllerBuilder","message":"Imported #140 / 0 tx / 0 pending / 0 (0.0%) gas / (0xc334774ed22456dcfc93704a02a13cb4e7063048f7989d8c0e2f85d68e4a575c)","throwable":""}
{"timestamp":"2025-09-10T13:57:43,028","container":"7965dbe76a4e","level":"INFO","thread":"BftProcessorExecutor-QBFT-0","class":"QbftBesuControllerBuilder","message":"Imported #141 / 0 tx / 0 pending / 0 (0.0%) gas / (0x6f51db7f3bc4f8a95ae8f5ced143920282c4b3e92f1875144a2c3d7ec545b99b)","throwable":""}
{"timestamp":"2025-09-10T13:57:51,017","container":"7965dbe76a4e","level":"INFO","thread":"EthScheduler-Workers-0","class":"PersistBlockTask","message":"Imported #142 / 0 tx / 0 om / 0 (0.0%) gas / (0x8cbf1e840972cf5e8f5a148f94bab8516041c202ebe671008950e1582a929654) in 0.001s. Peers: 5","throwable":""}
{"timestamp":"2025-09-10T13:57:51,018","container":"7965dbe76a4e","level":"INFO","thread":"BftProcessorExecutor-QBFT-0","class":"QbftBesuControllerBuilder","message":"Produced #142 / 0 tx / 0 pending / 0 (0.0%) gas / (0x8cbf1e840972cf5e8f5a148f94bab8516041c202ebe671008950e1582a929654)","throwable":""}
{"timestamp":"2025-09-10T13:57:59,029","container":"7965dbe76a4e","level":"INFO","thread":"BftProcessorExecutor-QBFT-0","class":"QbftBesuControllerBuilder","message":"Imported #143 / 0 tx / 0 pending / 0 (0.0%) gas / (0xebcc8c87bee12a927afd28d54943658d96ccfbef328863bbb85bd63b701d56cc)","throwable":""}
{"timestamp":"2025-09-10T13:58:07,023","container":"7965dbe76a4e","level":"INFO","thread":"BftProcessorExecutor-QBFT-0","class":"QbftBesuControllerBuilder","message":"Imported #144 / 0 tx / 0 pending / 0 (0.0%) gas / (0x912ec0633a74b3938ab668df215af8fe9ce2aa718306e5876d612c41321d3b6c)","throwable":""}
{"timestamp":"2025-09-10T13:58:15,022","container":"7965dbe76a4e","level":"INFO","thread":"BftProcessorExecutor-QBFT-0","class":"QbftBesuControllerBuilder","message":"Imported #145 / 0 tx / 0 pending / 0 (0.0%) gas / (0xe8fdc2214b742649a2cc2f0564b5b3a333d6e0f03220f0e0db5053e1c8f686ff)","throwable":""}
{"timestamp":"2025-09-10T13:58:23,018","container":"7965dbe76a4e","level":"INFO","thread":"BftProcessorExecutor-QBFT-0","class":"QbftBesuControllerBuilder","message":"Produced #146 / 0 tx / 0 pending / 0 (0.0%) gas / (0x6dcb1951aa38befa77e830b6ee7924f78f67d17a38d083388606338897b530b1)","throwable":""}
{"timestamp":"2025-09-10T13:58:31,039","container":"7965dbe76a4e","level":"INFO","thread":"BftProcessorExecutor-QBFT-0","class":"QbftBesuControllerBuilder","message":"Imported #147 / 0 tx / 0 pending / 0 (0.0%) gas / (0x93805876135942143128dec9aa463597757fbf106ab2334b4e67800d4e7e79b0)","throwable":""}
{"timestamp":"2025-09-10T13:58:39,032","container":"7965dbe76a4e","level":"INFO","thread":"BftProcessorExecutor-QBFT-0","class":"QbftBesuControllerBuilder","message":"Imported #148 / 0 tx / 0 pending / 0 (0.0%) gas / (0x757c40142695937883b73beefb580e13026c807cc6081089eedec9ce061f81e0)","throwable":""}
{"timestamp":"2025-09-10T13:58:47,031","container":"7965dbe76a4e","level":"INFO","thread":"BftProcessorExecutor-QBFT-0","class":"QbftBesuControllerBuilder","message":"Imported #149 / 0 tx / 0 pending / 0 (0.0%) gas / (0x91198a3f37cad53155e2aa61fa9b162760ad993c6c719b25307a01ebfa121ffc)","throwable":""}
{"timestamp":"2025-09-10T13:58:55,019","container":"7965dbe76a4e","level":"INFO","thread":"BftProcessorExecutor-QBFT-0","class":"QbftBesuControllerBuilder","message":"Produced #150 / 0 tx / 0 pending / 0 (0.0%) gas / (0x615aa296bd663c25e9deeaa9cc1a95dbf63e4b17db8586b86def17f796db2f26)","throwable":""}
{"timestamp":"2025-09-10T13:59:03,035","container":"7965dbe76a4e","level":"INFO","thread":"BftProcessorExecutor-QBFT-0","class":"QbftBesuControllerBuilder","message":"Imported #151 / 0 tx / 0 pending / 0 (0.0%) gas / (0xa1bedc5230ea3eb196ee9d6be919a51ab223ca81445a00ce4972e918de044f93)","throwable":""}
{"timestamp":"2025-09-10T13:59:03,044","container":"7965dbe76a4e","level":"INFO","thread":"EthScheduler-Workers-0","class":"PersistBlockTask","message":"Block 151 (0xa1bedc5230ea3eb196ee9d6be919a51ab223ca81445a00ce4972e918de044f93) is already imported","throwable":""}
{"timestamp":"2025-09-10T13:59:11,022","container":"7965dbe76a4e","level":"INFO","thread":"BftProcessorExecutor-QBFT-0","class":"QbftBesuControllerBuilder","message":"Imported #152 / 0 tx / 0 pending / 0 (0.0%) gas / (0x5c945e8c8da6cf3e05f89561e36c45fbece09d4029e8e3872bf1cb230e142691)","throwable":""}
{"timestamp":"2025-09-10T13:59:11,023","container":"7965dbe76a4e","level":"INFO","thread":"EthScheduler-Workers-0","class":"PersistBlockTask","message":"Block 152 (0x5c945e8c8da6cf3e05f89561e36c45fbece09d4029e8e3872bf1cb230e142691) is already imported","throwable":""}
{"timestamp":"2025-09-10T13:59:19,019","container":"7965dbe76a4e","level":"INFO","thread":"BftProcessorExecutor-QBFT-0","class":"QbftBesuControllerBuilder","message":"Imported #153 / 0 tx / 0 pending / 0 (0.0%) gas / (0xf18d2a609b1f4cf08ed1b6fb83af06601f296d4c2845690c6ff78c0c4a7bbf77)","throwable":""}
{"timestamp":"2025-09-10T13:59:27,026","container":"7965dbe76a4e","level":"INFO","thread":"BftProcessorExecutor-QBFT-0","class":"QbftBesuControllerBuilder","message":"Produced #154 / 0 tx / 0 pending / 0 (0.0%) gas / (0x57fcea64aa11ba33ed59a306a0e035cd7681c30aca77d741be38fa844cf6d671)","throwable":""}
{"timestamp":"2025-09-10T13:59:35,021","container":"7965dbe76a4e","level":"INFO","thread":"EthScheduler-Workers-0","class":"PersistBlockTask","message":"Imported #155 / 0 tx / 0 om / 0 (0.0%) gas / (0xd36413cf572b7d3b7717181ffd9cec5d94040c793ee8d3b1953686797a80e55a) in 0.001s. Peers: 5","throwable":""}
{"timestamp":"2025-09-10T13:59:43,019","container":"7965dbe76a4e","level":"INFO","thread":"BftProcessorExecutor-QBFT-0","class":"QbftBesuControllerBuilder","message":"Imported #156 / 0 tx / 0 pending / 0 (0.0%) gas / (0x217fa0103d4fad7d16869693aeabd291b38603100e93ee551f33778d052a9bb0)","throwable":""}
{"timestamp":"2025-09-10T13:59:51,084","container":"7965dbe76a4e","level":"INFO","thread":"EthScheduler-Workers-0","class":"PersistBlockTask","message":"Imported #157 / 0 tx / 0 om / 0 (0.0%) gas / (0xeb809f575fb79ef5623ceec309f5211c49b516a59f95f7a7c3107f75ff2a979b) in 0.057s. Peers: 5","throwable":""}
{"timestamp":"2025-09-10T13:59:51,138","container":"7965dbe76a4e","level":"INFO","thread":"BftProcessorExecutor-QBFT-0","class":"QbftBesuControllerBuilder","message":"Imported #157 / 0 tx / 0 pending / 0 (0.0%) gas / (0xeb809f575fb79ef5623ceec309f5211c49b516a59f95f7a7c3107f75ff2a979b)","throwable":""}
{"timestamp":"2025-09-10T14:03:06,894","container":"7965dbe76a4e","level":"INFO","thread":"BftProcessorExecutor-QBFT-0","class":"QbftBesuControllerBuilder","message":"Produced #158 / 0 tx / 0 pending / 0 (0.0%) gas / (0xe99272b11771057b549ab7cd468604cc89e29386fe1b56901edf852fa8a8cc76)","throwable":""}
{"timestamp":"2025-09-10T14:03:15,035","container":"7965dbe76a4e","level":"INFO","thread":"BftProcessorExecutor-QBFT-0","class":"QbftBesuControllerBuilder","message":"Imported #159 / 0 tx / 0 pending / 0 (0.0%) gas / (0x968ae8b18187fb08769eda303a3895e3243241836759a972c58477224dd86295)","throwable":""}
{"timestamp":"2025-09-10T14:03:23,033","container":"7965dbe76a4e","level":"INFO","thread":"BftProcessorExecutor-QBFT-0","class":"QbftBesuControllerBuilder","message":"Imported #160 / 0 tx / 0 pending / 0 (0.0%) gas / (0x650bc0d096d12d05c22332f653e84ddf1b38c788c6f051ee91e1aedc67578584)","throwable":""}
{"timestamp":"2025-09-10T14:03:31,028","container":"7965dbe76a4e","level":"INFO","thread":"BftProcessorExecutor-QBFT-0","class":"QbftBesuControllerBuilder","message":"Imported #161 / 0 tx / 0 pending / 0 (0.0%) gas / (0xf818ecee8d0dbea6e121e7a631a837b01d1cbaa428dd13a32c1203ce00c631b5)","throwable":""}
{"timestamp":"2025-09-10T14:03:31,029","container":"7965dbe76a4e","level":"INFO","thread":"EthScheduler-Workers-0","class":"PersistBlockTask","message":"Block 161 (0xf818ecee8d0dbea6e121e7a631a837b01d1cbaa428dd13a32c1203ce00c631b5) is already imported","throwable":""}
{"timestamp":"2025-09-10T14:03:39,044","container":"7965dbe76a4e","level":"INFO","thread":"BftProcessorExecutor-QBFT-0","class":"QbftBesuControllerBuilder","message":"Produced #162 / 0 tx / 0 pending / 0 (0.0%) gas / (0xce8be40329dfbf9894d08b63b9d7902e787e817537570d138befa23382274e54)","throwable":""}
{"timestamp":"2025-09-10T14:03:39,053","container":"7965dbe76a4e","level":"INFO","thread":"EthScheduler-Workers-0","class":"PersistBlockTask","message":"Block 162 (0xce8be40329dfbf9894d08b63b9d7902e787e817537570d138befa23382274e54) is already imported","throwable":""}
{"timestamp":"2025-09-10T14:03:47,055","container":"7965dbe76a4e","level":"INFO","thread":"BftProcessorExecutor-QBFT-0","class":"QbftBesuControllerBuilder","message":"Imported #163 / 0 tx / 0 pending / 0 (0.0%) gas / (0xa0feaaa0fb8fc2b3fe951ca45a5e16f236f51ed912be02f67a06132420498c1e)","throwable":""}
{"timestamp":"2025-09-10T14:03:47,055","container":"7965dbe76a4e","level":"INFO","thread":"EthScheduler-Workers-0","class":"PersistBlockTask","message":"Block 163 (0xa0feaaa0fb8fc2b3fe951ca45a5e16f236f51ed912be02f67a06132420498c1e) is already imported","throwable":""}
{"timestamp":"2025-09-10T14:03:55,037","container":"7965dbe76a4e","level":"INFO","thread":"BftProcessorExecutor-QBFT-0","class":"QbftBesuControllerBuilder","message":"Imported #164 / 0 tx / 0 pending / 0 (0.0%) gas / (0xa57a8cb6cecdf028f4fe1510aeb5a3378110048baedaa9a8763c7992e60e07e4)","throwable":""}
{"timestamp":"2025-09-10T14:04:03,028","container":"7965dbe76a4e","level":"INFO","thread":"BftProcessorExecutor-QBFT-0","class":"QbftBesuControllerBuilder","message":"Imported #165 / 0 tx / 0 pending / 0 (0.0%) gas / (0x689b8fedb357e18da98d93a350a1c3b0c6c450f3e649ee15fb65032596ea043c)","throwable":""}
{"timestamp":"2025-09-10T14:04:11,033","container":"7965dbe76a4e","level":"INFO","thread":"BftProcessorExecutor-QBFT-0","class":"QbftBesuControllerBuilder","message":"Produced #166 / 0 tx / 0 pending / 0 (0.0%) gas / (0xad7f20ec6b37fe6cd45097d3306a0c0c96f916422020cf5819cd12aed3f14495)","throwable":""}
{"timestamp":"2025-09-10T14:04:11,038","container":"7965dbe76a4e","level":"INFO","thread":"EthScheduler-Workers-0","class":"PersistBlockTask","message":"Block 166 (0xad7f20ec6b37fe6cd45097d3306a0c0c96f916422020cf5819cd12aed3f14495) is already imported","throwable":""}
{"timestamp":"2025-09-10T14:04:19,052","container":"7965dbe76a4e","level":"INFO","thread":"EthScheduler-Workers-0","class":"PersistBlockTask","message":"Imported #167 / 0 tx / 0 om / 0 (0.0%) gas / (0x63caf2c78359c02bd6af070a8384ccca5a1bf930126dc4825ae095dca96f4e76) in 0.007s. Peers: 5","throwable":""}
{"timestamp":"2025-09-10T14:04:27,047","container":"7965dbe76a4e","level":"INFO","thread":"BftProcessorExecutor-QBFT-0","class":"QbftBesuControllerBuilder","message":"Imported #168 / 0 tx / 0 pending / 0 (0.0%) gas / (0xbefbb0d85297bb72825a86292d776fcfa2b9d4c987030a350e7417d54359ece5)","throwable":""}
{"timestamp":"2025-09-10T14:04:35,039","container":"7965dbe76a4e","level":"INFO","thread":"BftProcessorExecutor-QBFT-0","class":"QbftBesuControllerBuilder","message":"Imported #169 / 0 tx / 0 pending / 0 (0.0%) gas / (0x283ac1ef25ad31ba46e1d8a4b77b2811803d894d73939935d148c57c7bdda3b8)","throwable":""}
{"timestamp":"2025-09-10T14:04:43,026","container":"7965dbe76a4e","level":"INFO","thread":"EthScheduler-Workers-0","class":"PersistBlockTask","message":"Imported #170 / 0 tx / 0 om / 0 (0.0%) gas / (0x8dea5bf3a1ff45180772810221f72dba9909f3d65bf4691093742b5b33d7ac7c) in 0.006s. Peers: 5","throwable":""}
{"timestamp":"2025-09-10T14:04:51,027","container":"7965dbe76a4e","level":"INFO","thread":"BftProcessorExecutor-QBFT-0","class":"QbftBesuControllerBuilder","message":"Imported #171 / 0 tx / 0 pending / 0 (0.0%) gas / (0x3e794c6c05176cce528925a8ce4fc2ec499981c5919e619bb5150fd525e8e004)","throwable":""}
{"timestamp":"2025-09-10T14:04:59,018","container":"7965dbe76a4e","level":"INFO","thread":"BftProcessorExecutor-QBFT-0","class":"QbftBesuControllerBuilder","message":"Imported #172 / 0 tx / 0 pending / 0 (0.0%) gas / (0x0168808db71b2580540e3930f0b0cc28640b1d3c3f005cf144ee7ebf07a1d270)","throwable":""}
{"timestamp":"2025-09-10T14:05:07,024","container":"7965dbe76a4e","level":"INFO","thread":"BftProcessorExecutor-QBFT-0","class":"QbftBesuControllerBuilder","message":"Imported #173 / 0 tx / 0 pending / 0 (0.0%) gas / (0xd1c82acb9e861987b041e68ebaac998e2d0053977d84eda17fb4cd787cd95127)","throwable":""}
{"timestamp":"2025-09-10T14:05:15,024","container":"7965dbe76a4e","level":"INFO","thread":"BftProcessorExecutor-QBFT-0","class":"QbftBesuControllerBuilder","message":"Produced #174 / 0 tx / 0 pending / 0 (0.0%) gas / (0x0b459814ed7859f91f803d7cbf1deab4d3ac51cff225a341d1f03cc94de6c10c)","throwable":""}
{"timestamp":"2025-09-10T14:05:23,024","container":"7965dbe76a4e","level":"INFO","thread":"BftProcessorExecutor-QBFT-0","class":"QbftBesuControllerBuilder","message":"Imported #175 / 0 tx / 0 pending / 0 (0.0%) gas / (0x038c71ebb11a6321e08d0414e4e723837b102b837560162f54296a80d9a4f8e0)","throwable":""}
{"timestamp":"2025-09-10T14:05:31,028","container":"7965dbe76a4e","level":"INFO","thread":"BftProcessorExecutor-QBFT-0","class":"QbftBesuControllerBuilder","message":"Imported #176 / 0 tx / 0 pending / 0 (0.0%) gas / (0xbcb54ffe91cd6f39f7f45c3ecc4e1957fe6d20af225b09b723598f506670cd4d)","throwable":""}
{"timestamp":"2025-09-10T14:05:39,028","container":"7965dbe76a4e","level":"INFO","thread":"EthScheduler-Workers-0","class":"PersistBlockTask","message":"Block 177 (0xaae4ea8c33a45444b1d0f25a14da75e918524db52417aa6255ed614710575bff) is already imported","throwable":""}
{"timestamp":"2025-09-10T14:05:39,028","container":"7965dbe76a4e","level":"INFO","thread":"BftProcessorExecutor-QBFT-0","class":"QbftBesuControllerBuilder","message":"Imported #177 / 0 tx / 0 pending / 0 (0.0%) gas / (0xaae4ea8c33a45444b1d0f25a14da75e918524db52417aa6255ed614710575bff)","throwable":""}
{"timestamp":"2025-09-10T14:05:47,023","container":"7965dbe76a4e","level":"INFO","thread":"BftProcessorExecutor-QBFT-0","class":"QbftBesuControllerBuilder","message":"Produced #178 / 0 tx / 0 pending / 0 (0.0%) gas / (0x3c87cc6c4fc46c2a2e6021a954d82a8ba91d46c20ff39a26276e8d2be2f03c0a)","throwable":""}
{"timestamp":"2025-09-10T14:05:55,036","container":"7965dbe76a4e","level":"INFO","thread":"BftProcessorExecutor-QBFT-0","class":"QbftBesuControllerBuilder","message":"Imported #179 / 0 tx / 0 pending / 0 (0.0%) gas / (0xdd15624c488b2b534447bc0fcab3dfdbf9bde9635914035a3171e4f7ad277f6b)","throwable":""}
{"timestamp":"2025-09-10T14:05:55,036","container":"7965dbe76a4e","level":"INFO","thread":"EthScheduler-Workers-0","class":"PersistBlockTask","message":"Block 179 (0xdd15624c488b2b534447bc0fcab3dfdbf9bde9635914035a3171e4f7ad277f6b) is already imported","throwable":""}
{"timestamp":"2025-09-10T14:06:03,023","container":"7965dbe76a4e","level":"INFO","thread":"BftProcessorExecutor-QBFT-0","class":"QbftBesuControllerBuilder","message":"Imported #180 / 0 tx / 0 pending / 0 (0.0%) gas / (0x156aa2068dac49a1a6be1bda0fca1ea6611587306662166d28bdd9fa11174f84)","throwable":""}
{"timestamp":"2025-09-10T14:06:11,046","container":"7965dbe76a4e","level":"INFO","thread":"BftProcessorExecutor-QBFT-0","class":"QbftBesuControllerBuilder","message":"Imported #181 / 0 tx / 0 pending / 0 (0.0%) gas / (0x552962e025ed30c129a50a3c0f77b9663f25ae611da7fe8b5ef963b69596b624)","throwable":""}
{"timestamp":"2025-09-10T14:06:19,038","container":"7965dbe76a4e","level":"INFO","thread":"EthScheduler-Workers-0","class":"PersistBlockTask","message":"Imported #182 / 0 tx / 0 om / 0 (0.0%) gas / (0xf49e56ebc8c9d3955542930b3c7889b2b2bd2a7b2428ffcf40a54be50c6fbdbd) in 0.001s. Peers: 5","throwable":""}
{"timestamp":"2025-09-10T14:06:27,063","container":"7965dbe76a4e","level":"INFO","thread":"BftProcessorExecutor-QBFT-0","class":"QbftBesuControllerBuilder","message":"Imported #183 / 0 tx / 0 pending / 0 (0.0%) gas / (0xe66d636f1b4415d7f98dda003286ebb95a9ba3032b3e2b0d76fd2caadf9233a5)","throwable":""}
{"timestamp":"2025-09-10T14:06:27,065","container":"7965dbe76a4e","level":"INFO","thread":"EthScheduler-Workers-0","class":"PersistBlockTask","message":"Imported #183 / 0 tx / 0 om / 0 (0.0%) gas / (0xe66d636f1b4415d7f98dda003286ebb95a9ba3032b3e2b0d76fd2caadf9233a5) in 0.002s. Peers: 5","throwable":""}
{"timestamp":"2025-09-10T14:06:35,030","container":"7965dbe76a4e","level":"INFO","thread":"BftProcessorExecutor-QBFT-0","class":"QbftBesuControllerBuilder","message":"Imported #184 / 0 tx / 0 pending / 0 (0.0%) gas / (0x8dcc507e3afd7d31ddf4986f3c1f2d6a73d06316b6ee6294f2ccce045ae0a376)","throwable":""}
{"timestamp":"2025-09-10T14:06:48,121","container":"7965dbe76a4e","level":"INFO","thread":"BftProcessorExecutor-QBFT-0","class":"QbftBesuControllerBuilder","message":"Imported #185 / 0 tx / 0 pending / 0 (0.0%) gas / (0x9e67c377b4fea79218b918446610550dbd5ea582d81cc80c3c6059a7483e2a84)","throwable":""}
{"timestamp":"2025-09-10T14:13:44,674","container":"7965dbe76a4e","level":"INFO","thread":"BftProcessorExecutor-QBFT-0","class":"QbftBesuControllerBuilder","message":"Produced #186 / 0 tx / 0 pending / 0 (0.0%) gas / (0x236fd52938b23054714ef86a5d489ecb03cfd6720c763d14b801692a5d06cbaf)","throwable":""}
{"timestamp":"2025-09-10T14:13:53,030","container":"7965dbe76a4e","level":"INFO","thread":"BftProcessorExecutor-QBFT-0","class":"QbftBesuControllerBuilder","message":"Imported #187 / 0 tx / 0 pending / 0 (0.0%) gas / (0xc46ec9b1badc5b96496fff58cf4ada242c6f0fc204945b3d33845e85cc3e6982)","throwable":""}
{"timestamp":"2025-09-10T14:14:01,031","container":"7965dbe76a4e","level":"INFO","thread":"BftProcessorExecutor-QBFT-0","class":"QbftBesuControllerBuilder","message":"Imported #188 / 0 tx / 0 pending / 0 (0.0%) gas / (0x3a832711fb0ce02e574aff4ee7d67da7ab32522cffd2e510d8d24d8612c8fbfe)","throwable":""}
{"timestamp":"2025-09-10T14:14:09,042","container":"7965dbe76a4e","level":"INFO","thread":"BftProcessorExecutor-QBFT-0","class":"QbftBesuControllerBuilder","message":"Imported #189 / 0 tx / 0 pending / 0 (0.0%) gas / (0xf12083742eb20aaf4de59ee9dae18d58970de48275ff6814f8b61b965c65fa1c)","throwable":""}
{"timestamp":"2025-09-10T14:14:09,055","container":"7965dbe76a4e","level":"INFO","thread":"EthScheduler-Workers-0","class":"PersistBlockTask","message":"Imported #189 / 0 tx / 0 om / 0 (0.0%) gas / (0xf12083742eb20aaf4de59ee9dae18d58970de48275ff6814f8b61b965c65fa1c) in 0.002s. Peers: 5","throwable":""}
{"timestamp":"2025-09-10T14:14:17,054","container":"7965dbe76a4e","level":"INFO","thread":"BftProcessorExecutor-QBFT-0","class":"QbftBesuControllerBuilder","message":"Produced #190 / 0 tx / 0 pending / 0 (0.0%) gas / (0x143e6dd7c64f3ebfeba9081d9c32d14f4ae6c9e9c0718490ebcb34f7568a414b)","throwable":""}
{"timestamp":"2025-09-10T14:14:25,017","container":"7965dbe76a4e","level":"INFO","thread":"BftProcessorExecutor-QBFT-0","class":"QbftBesuControllerBuilder","message":"Imported #191 / 0 tx / 0 pending / 0 (0.0%) gas / (0xc7670af75ef495ca5ea11f6886779be165253eb292f86f7dcbb5856ce9d8fbcd)","throwable":""}
{"timestamp":"2025-09-10T14:14:33,032","container":"7965dbe76a4e","level":"INFO","thread":"BftProcessorExecutor-QBFT-0","class":"QbftBesuControllerBuilder","message":"Imported #192 / 0 tx / 0 pending / 0 (0.0%) gas / (0xe526f58e35f089791dfeac765c861acc9a9247a90ac06e5dceadfef8dd504349)","throwable":""}
{"timestamp":"2025-09-10T14:14:41,013","container":"7965dbe76a4e","level":"INFO","thread":"BftProcessorExecutor-QBFT-0","class":"QbftBesuControllerBuilder","message":"Imported #193 / 0 tx / 0 pending / 0 (0.0%) gas / (0x5092a36e7bf57ee460dead25f93f521c8bfec76bb6fb717aa046afb93e9a4347)","throwable":""}
{"timestamp":"2025-09-10T14:14:49,035","container":"7965dbe76a4e","level":"INFO","thread":"BftProcessorExecutor-QBFT-0","class":"QbftBesuControllerBuilder","message":"Produced #194 / 0 tx / 0 pending / 0 (0.0%) gas / (0x0bba576cec4d468bd9e6e758f691245a80020123beb2843b28d31026c1a287b7)","throwable":""}
{"timestamp":"2025-09-10T14:14:57,029","container":"7965dbe76a4e","level":"INFO","thread":"BftProcessorExecutor-QBFT-0","class":"QbftBesuControllerBuilder","message":"Imported #195 / 0 tx / 0 pending / 0 (0.0%) gas / (0x24b409a6f6be393bfc7f8cb51a9e0dc8cfe8dfadc36c662de7de028ba1b0ff34)","throwable":""}
{"timestamp":"2025-09-10T14:14:57,033","container":"7965dbe76a4e","level":"INFO","thread":"EthScheduler-Workers-0","class":"PersistBlockTask","message":"Imported #195 / 0 tx / 0 om / 0 (0.0%) gas / (0x24b409a6f6be393bfc7f8cb51a9e0dc8cfe8dfadc36c662de7de028ba1b0ff34) in 0.001s. Peers: 5","throwable":""}
{"timestamp":"2025-09-10T14:15:05,034","container":"7965dbe76a4e","level":"INFO","thread":"EthScheduler-Workers-0","class":"PersistBlockTask","message":"Imported #196 / 0 tx / 0 om / 0 (0.0%) gas / (0x0fe404e0c88a51266113fb8cd6c4ad863dfe89f90245d97a5b1223c9c8455d89) in 0.004s. Peers: 5","throwable":""}
{"timestamp":"2025-09-10T14:15:05,046","container":"7965dbe76a4e","level":"INFO","thread":"BftProcessorExecutor-QBFT-0","class":"QbftBesuControllerBuilder","message":"Imported #196 / 0 tx / 0 pending / 0 (0.0%) gas / (0x0fe404e0c88a51266113fb8cd6c4ad863dfe89f90245d97a5b1223c9c8455d89)","throwable":""}
{"timestamp":"2025-09-10T14:15:13,030","container":"7965dbe76a4e","level":"INFO","thread":"EthScheduler-Workers-0","class":"PersistBlockTask","message":"Imported #197 / 0 tx / 0 om / 0 (0.0%) gas / (0x956ce394d5be691179f2234fd5a4b9fd1c04849fac1e97ebf950627494c6747c) in 0.001s. Peers: 5","throwable":""}
{"timestamp":"2025-09-10T14:15:21,023","container":"7965dbe76a4e","level":"INFO","thread":"BftProcessorExecutor-QBFT-0","class":"QbftBesuControllerBuilder","message":"Produced #198 / 0 tx / 0 pending / 0 (0.0%) gas / (0xf38da459d717701a51e41e19b1886ab9edbd769013a3209ed3a6a0de42940386)","throwable":""}
{"timestamp":"2025-09-10T14:15:29,030","container":"7965dbe76a4e","level":"INFO","thread":"BftProcessorExecutor-QBFT-0","class":"QbftBesuControllerBuilder","message":"Imported #199 / 0 tx / 0 pending / 0 (0.0%) gas / (0x57fa1bfbc4fe7353a00c26a1514b24767d20a7591a5ab30fe84a14e4c5d8f7d8)","throwable":""}
{"timestamp":"2025-09-10T14:15:37,050","container":"7965dbe76a4e","level":"INFO","thread":"BftProcessorExecutor-QBFT-0","class":"QbftBesuControllerBuilder","message":"Imported #200 / 0 tx / 0 pending / 0 (0.0%) gas / (0xb9eaa584c5d6f88e5ae83296ea1373eaeccfd5c30eb048c553e6a05278b8c693)","throwable":""}
{"timestamp":"2025-09-10T14:15:37,052","container":"7965dbe76a4e","level":"INFO","thread":"EthScheduler-Workers-0","class":"PersistBlockTask","message":"Block 200 (0xb9eaa584c5d6f88e5ae83296ea1373eaeccfd5c30eb048c553e6a05278b8c693) is already imported","throwable":""}
{"timestamp":"2025-09-10T14:15:45,027","container":"7965dbe76a4e","level":"INFO","thread":"BftProcessorExecutor-QBFT-0","class":"QbftBesuControllerBuilder","message":"Imported #201 / 0 tx / 0 pending / 0 (0.0%) gas / (0xeba71f1ebcf0728f018c88cb8a739b91c6a0b885676d90caf5168607d4b0704e)","throwable":""}
{"timestamp":"2025-09-10T14:15:53,028","container":"7965dbe76a4e","level":"INFO","thread":"BftProcessorExecutor-QBFT-0","class":"QbftBesuControllerBuilder","message":"Produced #202 / 0 tx / 0 pending / 0 (0.0%) gas / (0xc5383fdddf7e28ac00ec83f4a3abe993fe7304c686c33b39b464a4161abb3ad9)","throwable":""}
{"timestamp":"2025-09-10T14:16:01,029","container":"7965dbe76a4e","level":"INFO","thread":"BftProcessorExecutor-QBFT-0","class":"QbftBesuControllerBuilder","message":"Imported #203 / 0 tx / 0 pending / 0 (0.0%) gas / (0x65c2a09e33d4c7caa400b3ecc7e36193e66533edfc06e41cb46dbfad6e51c4bd)","throwable":""}
{"timestamp":"2025-09-10T14:16:09,018","container":"7965dbe76a4e","level":"INFO","thread":"BftProcessorExecutor-QBFT-0","class":"QbftBesuControllerBuilder","message":"Imported #204 / 0 tx / 0 pending / 0 (0.0%) gas / (0x0fcaf3e886f832c94eea2daeb140947f90c008c85098d1315e032c0c1f5b115b)","throwable":""}
{"timestamp":"2025-09-10T14:16:17,024","container":"7965dbe76a4e","level":"INFO","thread":"BftProcessorExecutor-QBFT-0","class":"QbftBesuControllerBuilder","message":"Imported #205 / 0 tx / 0 pending / 0 (0.0%) gas / (0x9875b224cc92cd3f166ed21052801bae59c15ae58652d1bc5a33699b26d87718)","throwable":""}
{"timestamp":"2025-09-10T14:16:25,032","container":"7965dbe76a4e","level":"INFO","thread":"BftProcessorExecutor-QBFT-0","class":"QbftBesuControllerBuilder","message":"Produced #206 / 0 tx / 0 pending / 0 (0.0%) gas / (0xe53f5283df79e23644a36c10debeace1a1e92890094c96309a73368d22719aaa)","throwable":""}
{"timestamp":"2025-09-10T14:16:33,024","container":"7965dbe76a4e","level":"INFO","thread":"BftProcessorExecutor-QBFT-0","class":"QbftBesuControllerBuilder","message":"Imported #207 / 0 tx / 0 pending / 0 (0.0%) gas / (0xde79269da9a45cf85ae9b3e31ad1ab8a69e7f1ac852d0e97ff4c3dead1bcd29e)","throwable":""}
{"timestamp":"2025-09-10T14:16:41,035","container":"7965dbe76a4e","level":"INFO","thread":"EthScheduler-Workers-0","class":"PersistBlockTask","message":"Imported #208 / 0 tx / 0 om / 0 (0.0%) gas / (0xe8243fceaa77fbfd75e38cd27c202caa92ca6eb637411a597964c6087157c234) in 0.001s. Peers: 5","throwable":""}
{"timestamp":"2025-09-10T14:16:49,041","container":"7965dbe76a4e","level":"INFO","thread":"BftProcessorExecutor-QBFT-0","class":"QbftBesuControllerBuilder","message":"Imported #209 / 0 tx / 0 pending / 0 (0.0%) gas / (0x75aeb6097dcb9289873bf6c39783e7f4705b99deaeb0686e809045615c38c129)","throwable":""}
{"timestamp":"2025-09-10T14:16:57,027","container":"7965dbe76a4e","level":"INFO","thread":"BftProcessorExecutor-QBFT-0","class":"QbftBesuControllerBuilder","message":"Produced #210 / 0 tx / 0 pending / 0 (0.0%) gas / (0x21413d259d51c69c425f261a7332e4a3c21efb38b4cd76d4391fafe98072cb8d)","throwable":""}
{"timestamp":"2025-09-10T14:17:05,020","container":"7965dbe76a4e","level":"INFO","thread":"BftProcessorExecutor-QBFT-0","class":"QbftBesuControllerBuilder","message":"Imported #211 / 0 tx / 0 pending / 0 (0.0%) gas / (0x18f4d1cf1aa0fda16491d9bf3e0ae822fbaf4ab12ba0efb28081a5c3d1702bf5)","throwable":""}
{"timestamp":"2025-09-10T14:17:13,023","container":"7965dbe76a4e","level":"INFO","thread":"BftProcessorExecutor-QBFT-0","class":"QbftBesuControllerBuilder","message":"Imported #212 / 0 tx / 0 pending / 0 (0.0%) gas / (0x766fb58c82a720666c979261e4b7735326bf314208e6887041444ce7c8e6a060)","throwable":""}
{"timestamp":"2025-09-10T14:17:21,018","container":"7965dbe76a4e","level":"INFO","thread":"BftProcessorExecutor-QBFT-0","class":"QbftBesuControllerBuilder","message":"Imported #213 / 0 tx / 0 pending / 0 (0.0%) gas / (0x06084604bfc8cc1abb210451293dd03ed054b6283123fb09f7abfc989ed56fe8)","throwable":""}
{"timestamp":"2025-09-10T14:17:29,028","container":"7965dbe76a4e","level":"INFO","thread":"BftProcessorExecutor-QBFT-0","class":"QbftBesuControllerBuilder","message":"Produced #214 / 0 tx / 0 pending / 0 (0.0%) gas / (0x94eaf77866c40626779a4f0dcb26a5efa85d38c6dc2f7690a3a8610f45d934bf)","throwable":""}
{"timestamp":"2025-09-10T14:17:37,040","container":"7965dbe76a4e","level":"INFO","thread":"BftProcessorExecutor-QBFT-0","class":"QbftBesuControllerBuilder","message":"Imported #215 / 0 tx / 0 pending / 0 (0.0%) gas / (0x406618cc97422e879a0d5ed6ad37e3e3ba71e49cf465326e4a80caa5d50219f6)","throwable":""}
{"timestamp":"2025-09-10T14:17:45,023","container":"7965dbe76a4e","level":"INFO","thread":"BftProcessorExecutor-QBFT-0","class":"QbftBesuControllerBuilder","message":"Imported #216 / 0 tx / 0 pending / 0 (0.0%) gas / (0x5a083f56e5b416166076af715cfd0bd3ab4ee658a54be957118e76f3e9f2d54d)","throwable":""}
{"timestamp":"2025-09-10T14:17:53,026","container":"7965dbe76a4e","level":"INFO","thread":"EthScheduler-Workers-0","class":"PersistBlockTask","message":"Imported #217 / 0 tx / 0 om / 0 (0.0%) gas / (0x94b9369e53d38341d6a716f8b7f917d4e82a6c6d68bfe2086abd203b0f7773ea) in 0.001s. Peers: 5","throwable":""}
{"timestamp":"2025-09-10T14:17:53,038","container":"7965dbe76a4e","level":"INFO","thread":"BftProcessorExecutor-QBFT-0","class":"QbftBesuControllerBuilder","message":"Imported #217 / 0 tx / 0 pending / 0 (0.0%) gas / (0x94b9369e53d38341d6a716f8b7f917d4e82a6c6d68bfe2086abd203b0f7773ea)","throwable":""}
{"timestamp":"2025-09-10T14:18:01,030","container":"7965dbe76a4e","level":"INFO","thread":"BftProcessorExecutor-QBFT-0","class":"QbftBesuControllerBuilder","message":"Produced #218 / 0 tx / 0 pending / 0 (0.0%) gas / (0x5315de980979fe0a2893691553c28b920ae6012b58e44eae2238447f1049e635)","throwable":""}
{"timestamp":"2025-09-10T14:18:09,025","container":"7965dbe76a4e","level":"INFO","thread":"BftProcessorExecutor-QBFT-0","class":"QbftBesuControllerBuilder","message":"Imported #219 / 0 tx / 0 pending / 0 (0.0%) gas / (0x0c4fa0bf14da8207e8ad416eae8460d6458fd0207af8d260fd2b32198ac88c8a)","throwable":""}
{"timestamp":"2025-09-10T14:18:17,030","container":"7965dbe76a4e","level":"INFO","thread":"BftProcessorExecutor-QBFT-0","class":"QbftBesuControllerBuilder","message":"Imported #220 / 0 tx / 0 pending / 0 (0.0%) gas / (0xb670465026cd5b29c630ac79d32022e6d8b2a152703646d60b4209a17d2b68a7)","throwable":""}
{"timestamp":"2025-09-10T14:18:25,025","container":"7965dbe76a4e","level":"INFO","thread":"EthScheduler-Workers-0","class":"PersistBlockTask","message":"Imported #221 / 0 tx / 0 om / 0 (0.0%) gas / (0xbc32ef0618d6fbec851128e2f78e57cc06eb448905b476436ca8ff66ea7141b3) in 0.001s. Peers: 5","throwable":""}
{"timestamp":"2025-09-10T14:18:33,027","container":"7965dbe76a4e","level":"INFO","thread":"BftProcessorExecutor-QBFT-0","class":"QbftBesuControllerBuilder","message":"Produced #222 / 0 tx / 0 pending / 0 (0.0%) gas / (0xf845cbe36728f7159f061fc13d2e1583afd5d61bcdea842c3f1cef0e526090b5)","throwable":""}
{"timestamp":"2025-09-10T14:18:41,037","container":"7965dbe76a4e","level":"INFO","thread":"EthScheduler-Workers-0","class":"PersistBlockTask","message":"Block 223 (0x7564a1d5c6133cfde833bcf1d8efffca07f85e5c12df22e27d26d0fca8ab0ef3) is already imported","throwable":""}
{"timestamp":"2025-09-10T14:18:41,037","container":"7965dbe76a4e","level":"INFO","thread":"BftProcessorExecutor-QBFT-0","class":"QbftBesuControllerBuilder","message":"Imported #223 / 0 tx / 0 pending / 0 (0.0%) gas / (0x7564a1d5c6133cfde833bcf1d8efffca07f85e5c12df22e27d26d0fca8ab0ef3)","throwable":""}
{"timestamp":"2025-09-10T14:18:49,027","container":"7965dbe76a4e","level":"INFO","thread":"BftProcessorExecutor-QBFT-0","class":"QbftBesuControllerBuilder","message":"Imported #224 / 0 tx / 0 pending / 0 (0.0%) gas / (0xb364053157c0002f0312dd0c85453aa820374f9725364cdddf4275aec9904c08)","throwable":""}
{"timestamp":"2025-09-10T14:18:57,026","container":"7965dbe76a4e","level":"INFO","thread":"BftProcessorExecutor-QBFT-0","class":"QbftBesuControllerBuilder","message":"Imported #225 / 0 tx / 0 pending / 0 (0.0%) gas / (0xec89674f77f68ed081c39124e633a0ca053cd0662dcdce2f0f2f929572302936)","throwable":""}
{"timestamp":"2025-09-10T14:19:05,012","container":"7965dbe76a4e","level":"INFO","thread":"BftProcessorExecutor-QBFT-0","class":"QbftBesuControllerBuilder","message":"Produced #226 / 0 tx / 0 pending / 0 (0.0%) gas / (0x990c701ecfa7f2cfc018f054c150462d11531e9e1b86ba631d92045e155449d5)","throwable":""}
{"timestamp":"2025-09-10T14:19:13,035","container":"7965dbe76a4e","level":"INFO","thread":"BftProcessorExecutor-QBFT-0","class":"QbftBesuControllerBuilder","message":"Imported #227 / 0 tx / 0 pending / 0 (0.0%) gas / (0x79678b2e660c8c3f0916f357d23dfe353a7a97f12b9bceddfa9ae2267558c282)","throwable":""}
{"timestamp":"2025-09-10T14:19:21,034","container":"7965dbe76a4e","level":"INFO","thread":"BftProcessorExecutor-QBFT-0","class":"QbftBesuControllerBuilder","message":"Imported #228 / 0 tx / 0 pending / 0 (0.0%) gas / (0x2190c6ba34089e75639cae9d704588d849847be3dab8238960a5d4709c0bb05a)","throwable":""}
{"timestamp":"2025-09-10T14:19:29,022","container":"7965dbe76a4e","level":"INFO","thread":"BftProcessorExecutor-QBFT-0","class":"QbftBesuControllerBuilder","message":"Imported #229 / 0 tx / 0 pending / 0 (0.0%) gas / (0xf624e7bdc49cf00b61b2b0e5ed118415028e1084e1689c719f6d1418e625ba60)","throwable":""}
{"timestamp":"2025-09-10T14:19:37,019","container":"7965dbe76a4e","level":"INFO","thread":"BftProcessorExecutor-QBFT-0","class":"QbftBesuControllerBuilder","message":"Produced #230 / 0 tx / 0 pending / 0 (0.0%) gas / (0x5f13f082d58639639ad6ddaf7f5e5b452529765e01641768f7f66f1e2dec56b2)","throwable":""}
{"timestamp":"2025-09-10T14:19:45,012","container":"7965dbe76a4e","level":"INFO","thread":"BftProcessorExecutor-QBFT-0","class":"QbftBesuControllerBuilder","message":"Imported #231 / 0 tx / 0 pending / 0 (0.0%) gas / (0x98d8b133b9b594730c58136517a592df974a7b16b6c684e77eb7bf822198c3ee)","throwable":""}
{"timestamp":"2025-09-10T14:20:59,994","container":"7965dbe76a4e","level":"INFO","thread":"BftProcessorExecutor-QBFT-0","class":"QbftBesuControllerBuilder","message":"Imported #232 / 0 tx / 0 pending / 0 (0.0%) gas / (0x43e719c9aec5b608ef4234ed3e76c1fbb1bbf0a1f3fd7f03f33c1296e5a32bbe)","throwable":""}
{"timestamp":"2025-09-10T14:22:16,930","container":"7965dbe76a4e","level":"INFO","thread":"BftProcessorExecutor-QBFT-0","class":"QbftBesuControllerBuilder","message":"Imported #233 / 0 tx / 0 pending / 0 (0.0%) gas / (0xb0c7ac399536133dfebb5d5629fea52deacbcc50748ca0a88f2857aa8a1c13d3)","throwable":""}
{"timestamp":"2025-09-10T14:22:25,025","container":"7965dbe76a4e","level":"INFO","thread":"BftProcessorExecutor-QBFT-0","class":"QbftBesuControllerBuilder","message":"Produced #234 / 0 tx / 0 pending / 0 (0.0%) gas / (0x7cc7766ed9d98a94052515696f2b6b26e469d55a5ae0e389cc537e5485c8a276)","throwable":""}
{"timestamp":"2025-09-10T14:22:33,012","container":"7965dbe76a4e","level":"INFO","thread":"BftProcessorExecutor-QBFT-0","class":"QbftBesuControllerBuilder","message":"Imported #235 / 0 tx / 0 pending / 0 (0.0%) gas / (0xed3507763df414c605f5f9fa7f8e56c3e0b54c452dcda041eb8c6594599ad9cf)","throwable":""}
{"timestamp":"2025-09-10T14:22:41,025","container":"7965dbe76a4e","level":"INFO","thread":"BftProcessorExecutor-QBFT-0","class":"QbftBesuControllerBuilder","message":"Imported #236 / 0 tx / 0 pending / 0 (0.0%) gas / (0x8e297249b6c07d008dbe7095f273a4f84b1bd019c1d1b85e4d096d175f58d38f)","throwable":""}
{"timestamp":"2025-09-10T14:22:49,036","container":"7965dbe76a4e","level":"INFO","thread":"EthScheduler-Workers-0","class":"PersistBlockTask","message":"Imported #237 / 0 tx / 0 om / 0 (0.0%) gas / (0x531d971b284a40b518fda48a985f6d3a055ba7896a9fea0f92e317664c7a9613) in 0.005s. Peers: 5","throwable":""}
{"timestamp":"2025-09-10T14:22:57,024","container":"7965dbe76a4e","level":"INFO","thread":"BftProcessorExecutor-QBFT-0","class":"QbftBesuControllerBuilder","message":"Produced #238 / 0 tx / 0 pending / 0 (0.0%) gas / (0x4234cdeeab59ee4c5c89253ae1faff526ccdbbd2209d23e9071ddd2420107868)","throwable":""}
{"timestamp":"2025-09-10T14:22:57,044","container":"7965dbe76a4e","level":"INFO","thread":"EthScheduler-Workers-0","class":"PersistBlockTask","message":"Block 238 (0x4234cdeeab59ee4c5c89253ae1faff526ccdbbd2209d23e9071ddd2420107868) is already imported","throwable":""}
{"timestamp":"2025-09-10T14:23:05,060","container":"7965dbe76a4e","level":"INFO","thread":"EthScheduler-Workers-0","class":"PersistBlockTask","message":"Imported #239 / 0 tx / 0 om / 0 (0.0%) gas / (0xe6480d0b6d544952068da860d7369abbbd0f9133dd18bc78abd1bfa2eb613bb9) in 0.002s. Peers: 5","throwable":""}
{"timestamp":"2025-09-10T14:23:05,070","container":"7965dbe76a4e","level":"INFO","thread":"BftProcessorExecutor-QBFT-0","class":"QbftBesuControllerBuilder","message":"Imported #239 / 0 tx / 0 pending / 0 (0.0%) gas / (0xe6480d0b6d544952068da860d7369abbbd0f9133dd18bc78abd1bfa2eb613bb9)","throwable":""}
{"timestamp":"2025-09-10T14:23:13,021","container":"7965dbe76a4e","level":"INFO","thread":"EthScheduler-Workers-0","class":"PersistBlockTask","message":"Imported #240 / 0 tx / 0 om / 0 (0.0%) gas / (0x85a4f8eeeb2d591e3757e87ddce5bef633adb1b0ea27f5ee7de99d7cdb01dc78) in 0.001s. Peers: 5","throwable":""}
{"timestamp":"2025-09-10T14:23:21,019","container":"7965dbe76a4e","level":"INFO","thread":"BftProcessorExecutor-QBFT-0","class":"QbftBesuControllerBuilder","message":"Imported #241 / 0 tx / 0 pending / 0 (0.0%) gas / (0x0ecae7c194ca4c614397a82dcb845a7c8cbc743d39e9d184d2dec8323a2f13ab)","throwable":""}
{"timestamp":"2025-09-10T14:23:29,015","container":"7965dbe76a4e","level":"INFO","thread":"BftProcessorExecutor-QBFT-0","class":"QbftBesuControllerBuilder","message":"Produced #242 / 0 tx / 0 pending / 0 (0.0%) gas / (0xcc7df40a2d447f908e9d588543978017fc5a77f0122dc5986902de8d6679368c)","throwable":""}
{"timestamp":"2025-09-10T14:23:37,017","container":"7965dbe76a4e","level":"INFO","thread":"BftProcessorExecutor-QBFT-0","class":"QbftBesuControllerBuilder","message":"Imported #243 / 0 tx / 0 pending / 0 (0.0%) gas / (0x1d59caf00fb51b19d82485fbac4ab3dd54e8f69e0c5779843f8bff6db1c8dbb5)","throwable":""}
{"timestamp":"2025-09-10T14:23:45,019","container":"7965dbe76a4e","level":"INFO","thread":"BftProcessorExecutor-QBFT-0","class":"QbftBesuControllerBuilder","message":"Imported #244 / 0 tx / 0 pending / 0 (0.0%) gas / (0x50995858cfaa360c9eaefac94af8d600a3d8939c66d6fec674f8085fd965df96)","throwable":""}
{"timestamp":"2025-09-10T14:23:53,019","container":"7965dbe76a4e","level":"INFO","thread":"BftProcessorExecutor-QBFT-0","class":"QbftBesuControllerBuilder","message":"Imported #245 / 0 tx / 0 pending / 0 (0.0%) gas / (0xf36d4cbfceda52892ebdf8ccc6d175e16b1018c1010411bb95662eca3619316d)","throwable":""}
{"timestamp":"2025-09-10T14:24:01,017","container":"7965dbe76a4e","level":"INFO","thread":"BftProcessorExecutor-QBFT-0","class":"QbftBesuControllerBuilder","message":"Produced #246 / 0 tx / 0 pending / 0 (0.0%) gas / (0x646dcb210ba6f57ce2d36e7d7baf3b09dd4c0c234d7880a3ba69a2225d8fa181)","throwable":""}
{"timestamp":"2025-09-10T14:24:09,022","container":"7965dbe76a4e","level":"INFO","thread":"BftProcessorExecutor-QBFT-0","class":"QbftBesuControllerBuilder","message":"Imported #247 / 0 tx / 0 pending / 0 (0.0%) gas / (0xbf49b38965b352b2ecbf38c852f964937edcb7853c7005e877503ab7ec9b43bf)","throwable":""}
{"timestamp":"2025-09-10T14:24:17,020","container":"7965dbe76a4e","level":"INFO","thread":"BftProcessorExecutor-QBFT-0","class":"QbftBesuControllerBuilder","message":"Imported #248 / 0 tx / 0 pending / 0 (0.0%) gas / (0x1d6416dfe3df0caa8c8c67072b6d0e866d180d5e4b5681ff22dacfd65e996060)","throwable":""}
{"timestamp":"2025-09-10T14:24:25,016","container":"7965dbe76a4e","level":"INFO","thread":"BftProcessorExecutor-QBFT-0","class":"QbftBesuControllerBuilder","message":"Imported #249 / 0 tx / 0 pending / 0 (0.0%) gas / (0xea2ee68dd697b24db8ffea300cf1a7cf5d31badbf578f8475891e0e6d543f20f)","throwable":""}
{"timestamp":"2025-09-10T14:24:33,028","container":"7965dbe76a4e","level":"INFO","thread":"BftProcessorExecutor-QBFT-0","class":"QbftBesuControllerBuilder","message":"Produced #250 / 0 tx / 0 pending / 0 (0.0%) gas / (0x532d468b99e45cee4ee2c58a16043ac83cb85ae5bf9eca85228dd9e16227c3df)","throwable":""}
{"timestamp":"2025-09-10T14:24:33,030","container":"7965dbe76a4e","level":"INFO","thread":"EthScheduler-Workers-0","class":"PersistBlockTask","message":"Block 250 (0x532d468b99e45cee4ee2c58a16043ac83cb85ae5bf9eca85228dd9e16227c3df) is already imported","throwable":""}
{"timestamp":"2025-09-10T14:24:41,042","container":"7965dbe76a4e","level":"INFO","thread":"EthScheduler-Workers-0","class":"PersistBlockTask","message":"Imported #251 / 0 tx / 0 om / 0 (0.0%) gas / (0xa6103936aaf753f1b8dc737f5bb89f5add808ad19edb27aeb3209c4deb042250) in 0.013s. Peers: 5","throwable":""}
{"timestamp":"2025-09-10T14:24:49,026","container":"7965dbe76a4e","level":"INFO","thread":"EthScheduler-Workers-0","class":"PersistBlockTask","message":"Imported #252 / 0 tx / 0 om / 0 (0.0%) gas / (0x0dbd025d0f53d428e161ec0b52cf1f97e9c12cdb0783f8da641e86137342b78a) in 0.005s. Peers: 5","throwable":""}
{"timestamp":"2025-09-10T14:24:57,010","container":"7965dbe76a4e","level":"INFO","thread":"BftProcessorExecutor-QBFT-0","class":"QbftBesuControllerBuilder","message":"Imported #253 / 0 tx / 0 pending / 0 (0.0%) gas / (0x9abb902b2b2622424b844b5c091a26f9734906f47eb4d7573e2a027b8dc1c490)","throwable":""}
{"timestamp":"2025-09-10T14:25:05,073","container":"7965dbe76a4e","level":"INFO","thread":"BftProcessorExecutor-QBFT-0","class":"QbftBesuControllerBuilder","message":"Produced #254 / 0 tx / 0 pending / 0 (0.0%) gas / (0x77a34e8c6ee09e1a1c036dbd17670ee62ad4d384834acd00f8831ca51c0493dc)","throwable":""}
{"timestamp":"2025-09-10T14:25:13,041","container":"7965dbe76a4e","level":"INFO","thread":"BftProcessorExecutor-QBFT-0","class":"QbftBesuControllerBuilder","message":"Imported #255 / 0 tx / 0 pending / 0 (0.0%) gas / (0xf058f7f5f2943783b8fc5a663bc03a6a57ae6f7974a86aa2a6c3d36d21dd7b03)","throwable":""}
{"timestamp":"2025-09-10T14:25:13,042","container":"7965dbe76a4e","level":"INFO","thread":"EthScheduler-Workers-0","class":"PersistBlockTask","message":"Block 255 (0xf058f7f5f2943783b8fc5a663bc03a6a57ae6f7974a86aa2a6c3d36d21dd7b03) is already imported","throwable":""}
{"timestamp":"2025-09-10T14:25:21,033","container":"7965dbe76a4e","level":"INFO","thread":"EthScheduler-Workers-0","class":"PersistBlockTask","message":"Imported #256 / 0 tx / 0 om / 0 (0.0%) gas / (0x6690832dcbc2063df32c7f1e5f2747ce40544b4b287b0d193e68c12bcf40dcf2) in 0.001s. Peers: 5","throwable":""}
{"timestamp":"2025-09-10T14:25:29,067","container":"7965dbe76a4e","level":"INFO","thread":"EthScheduler-Workers-0","class":"PersistBlockTask","message":"Imported #257 / 0 tx / 0 om / 0 (0.0%) gas / (0x437a30c6f1b396cd1d20fa5bc714f56a05eb121c24975141c4006d46dd103034) in 0.015s. Peers: 5","throwable":""}
{"timestamp":"2025-09-10T14:25:29,068","container":"7965dbe76a4e","level":"INFO","thread":"BftProcessorExecutor-QBFT-0","class":"QbftBesuControllerBuilder","message":"Imported #257 / 0 tx / 0 pending / 0 (0.0%) gas / (0x437a30c6f1b396cd1d20fa5bc714f56a05eb121c24975141c4006d46dd103034)","throwable":""}
{"timestamp":"2025-09-10T14:25:37,016","container":"7965dbe76a4e","level":"INFO","thread":"BftProcessorExecutor-QBFT-0","class":"QbftBesuControllerBuilder","message":"Produced #258 / 0 tx / 0 pending / 0 (0.0%) gas / (0x83ed26b88070d0dc64b5e934530272e98efb84b7faf3e0cd1b0ce998a2a78050)","throwable":""}
{"timestamp":"2025-09-10T14:25:45,043","container":"7965dbe76a4e","level":"INFO","thread":"BftProcessorExecutor-QBFT-0","class":"QbftBesuControllerBuilder","message":"Imported #259 / 0 tx / 0 pending / 0 (0.0%) gas / (0x191fe488009d29bad0378b989025e7bb5c55e3cf02618934553853464e002c57)","throwable":""}
{"timestamp":"2025-09-10T14:25:53,046","container":"7965dbe76a4e","level":"INFO","thread":"EthScheduler-Workers-0","class":"PersistBlockTask","message":"Imported #260 / 0 tx / 0 om / 0 (0.0%) gas / (0x901f8fcfbaf369c9da3dd69f7028e0ef5b163154277450eaedde0c9096ff0264) in 0.019s. Peers: 5","throwable":""}
{"timestamp":"2025-09-10T14:26:01,022","container":"7965dbe76a4e","level":"INFO","thread":"EthScheduler-Workers-0","class":"PersistBlockTask","message":"Imported #261 / 0 tx / 0 om / 0 (0.0%) gas / (0xd69034f08fa8dfda2d3a28ae1564a9df333c7f094be95137b115bf2dc017acfe) in 0.001s. Peers: 5","throwable":""}
{"timestamp":"2025-09-10T14:26:09,021","container":"7965dbe76a4e","level":"INFO","thread":"BftProcessorExecutor-QBFT-0","class":"QbftBesuControllerBuilder","message":"Produced #262 / 0 tx / 0 pending / 0 (0.0%) gas / (0xf6ae6f5bd8bf5a11880aaa22e587741e0d9bc3c44ab51ac13dbddda4015067b3)","throwable":""}
{"timestamp":"2025-09-10T14:26:17,058","container":"7965dbe76a4e","level":"INFO","thread":"EthScheduler-Workers-0","class":"PersistBlockTask","message":"Imported #263 / 0 tx / 0 om / 0 (0.0%) gas / (0x131ab850b1bfba6820d6d50e2d0288f122fb0bb1eb58c2fd03f51f2d4f3a0386) in 0.001s. Peers: 5","throwable":""}
{"timestamp":"2025-09-10T14:26:17,058","container":"7965dbe76a4e","level":"INFO","thread":"BftProcessorExecutor-QBFT-0","class":"QbftBesuControllerBuilder","message":"Imported #263 / 0 tx / 0 pending / 0 (0.0%) gas / (0x131ab850b1bfba6820d6d50e2d0288f122fb0bb1eb58c2fd03f51f2d4f3a0386)","throwable":""}
{"timestamp":"2025-09-10T14:26:25,013","container":"7965dbe76a4e","level":"INFO","thread":"BftProcessorExecutor-QBFT-0","class":"QbftBesuControllerBuilder","message":"Imported #264 / 0 tx / 0 pending / 0 (0.0%) gas / (0x63396f0a7a6d3cb0e5eceade1b1e8520deaf42a59be8ea82bd85904bde024c79)","throwable":""}
{"timestamp":"2025-09-10T14:26:33,020","container":"7965dbe76a4e","level":"INFO","thread":"EthScheduler-Workers-0","class":"PersistBlockTask","message":"Block 265 (0x329f0ab66849805ba0aba74c92bf69ae19688bae3c3a2a935f9821af1090bf95) is already imported","throwable":""}
{"timestamp":"2025-09-10T14:26:33,020","container":"7965dbe76a4e","level":"INFO","thread":"BftProcessorExecutor-QBFT-0","class":"QbftBesuControllerBuilder","message":"Imported #265 / 0 tx / 0 pending / 0 (0.0%) gas / (0x329f0ab66849805ba0aba74c92bf69ae19688bae3c3a2a935f9821af1090bf95)","throwable":""}
{"timestamp":"2025-09-10T14:26:41,029","container":"7965dbe76a4e","level":"INFO","thread":"EthScheduler-Workers-0","class":"PersistBlockTask","message":"Imported #266 / 0 tx / 0 om / 0 (0.0%) gas / (0x6fcf47627448953c43ab2a85a69d9d0b2b74e59234825547e36e0ceedfc83be3) in 0.001s. Peers: 5","throwable":""}
{"timestamp":"2025-09-10T14:26:49,035","container":"7965dbe76a4e","level":"INFO","thread":"BftProcessorExecutor-QBFT-0","class":"QbftBesuControllerBuilder","message":"Imported #267 / 0 tx / 0 pending / 0 (0.0%) gas / (0xfdc427effab2fb489ebd0f88796ce513ffe735791445ded366713274893085a5)","throwable":""}
{"timestamp":"2025-09-10T14:26:57,014","container":"7965dbe76a4e","level":"INFO","thread":"BftProcessorExecutor-QBFT-0","class":"QbftBesuControllerBuilder","message":"Imported #268 / 0 tx / 0 pending / 0 (0.0%) gas / (0xc7691f7d8ad685e50304a7373f80eaea466276de7c3ce91b0650f046a37e777e)","throwable":""}
{"timestamp":"2025-09-10T14:27:05,020","container":"7965dbe76a4e","level":"INFO","thread":"EthScheduler-Workers-0","class":"PersistBlockTask","message":"Block 269 (0xa427112eeb8734784ea1249172e77f00e24f4fe7cffeee43543a6852aebff4c8) is already imported","throwable":""}
{"timestamp":"2025-09-10T14:27:05,021","container":"7965dbe76a4e","level":"INFO","thread":"BftProcessorExecutor-QBFT-0","class":"QbftBesuControllerBuilder","message":"Imported #269 / 0 tx / 0 pending / 0 (0.0%) gas / (0xa427112eeb8734784ea1249172e77f00e24f4fe7cffeee43543a6852aebff4c8)","throwable":""}
{"timestamp":"2025-09-10T14:27:13,021","container":"7965dbe76a4e","level":"INFO","thread":"BftProcessorExecutor-QBFT-0","class":"QbftBesuControllerBuilder","message":"Produced #270 / 0 tx / 0 pending / 0 (0.0%) gas / (0x60b9f101e85ebbb58a1f6b8812211d7114fcbc05a788d152782bedea2a368f13)","throwable":""}
{"timestamp":"2025-09-10T14:27:21,017","container":"7965dbe76a4e","level":"INFO","thread":"EthScheduler-Workers-0","class":"PersistBlockTask","message":"Imported #271 / 0 tx / 0 om / 0 (0.0%) gas / (0xf0952f6be0829ab125aba684fcd4de2b6b5dce61afe241f0a1c68027eb51ce74) in 0.001s. Peers: 5","throwable":""}
{"timestamp":"2025-09-10T14:27:29,010","container":"7965dbe76a4e","level":"INFO","thread":"BftProcessorExecutor-QBFT-0","class":"QbftBesuControllerBuilder","message":"Imported #272 / 0 tx / 0 pending / 0 (0.0%) gas / (0x60113ef66719b5d5c632396fe4e0f02450b1875234538e3ba3bd30695ae384d1)","throwable":""}
{"timestamp":"2025-09-10T14:27:37,022","container":"7965dbe76a4e","level":"INFO","thread":"BftProcessorExecutor-QBFT-0","class":"QbftBesuControllerBuilder","message":"Imported #273 / 0 tx / 0 pending / 0 (0.0%) gas / (0xa5f2e2d03c1ae2af6bce2e5adaadd7d6008586d8d67a6b38aa4ad726f05c8f76)","throwable":""}
{"timestamp":"2025-09-10T14:27:45,014","container":"7965dbe76a4e","level":"INFO","thread":"BftProcessorExecutor-QBFT-0","class":"QbftBesuControllerBuilder","message":"Produced #274 / 0 tx / 0 pending / 0 (0.0%) gas / (0x8c27576725231443744f9aa63684317539861bf9a0529ce55569dcefed57191d)","throwable":""}
{"timestamp":"2025-09-10T14:27:53,020","container":"7965dbe76a4e","level":"INFO","thread":"BftProcessorExecutor-QBFT-0","class":"QbftBesuControllerBuilder","message":"Imported #275 / 0 tx / 0 pending / 0 (0.0%) gas / (0xef61ad8fd0571173f4731875a5ba2e2e92dc8b855b072c5a50e9884496d8ed23)","throwable":""}
{"timestamp":"2025-09-10T14:28:01,013","container":"7965dbe76a4e","level":"INFO","thread":"BftProcessorExecutor-QBFT-0","class":"QbftBesuControllerBuilder","message":"Imported #276 / 0 tx / 0 pending / 0 (0.0%) gas / (0xc266e2eef8b2bae70d50be214b264d6facdcad465f75791378bc06178ae0d755)","throwable":""}
{"timestamp":"2025-09-10T14:28:09,023","container":"7965dbe76a4e","level":"INFO","thread":"EthScheduler-Workers-0","class":"PersistBlockTask","message":"Imported #277 / 0 tx / 0 om / 0 (0.0%) gas / (0x19ea4af5216a1a1120f6968bfeaa2a4becb3e6c12a8deb9da2bb945693b24102) in 0.001s. Peers: 5","throwable":""}
{"timestamp":"2025-09-10T14:28:17,022","container":"7965dbe76a4e","level":"INFO","thread":"BftProcessorExecutor-QBFT-0","class":"QbftBesuControllerBuilder","message":"Produced #278 / 0 tx / 0 pending / 0 (0.0%) gas / (0x9320b097e24ef86ef929ad37828a4f645c84dd59fd5467d390cb79d9cf6b2c30)","throwable":""}
{"timestamp":"2025-09-10T14:28:17,025","container":"7965dbe76a4e","level":"INFO","thread":"EthScheduler-Workers-0","class":"PersistBlockTask","message":"Block 278 (0x9320b097e24ef86ef929ad37828a4f645c84dd59fd5467d390cb79d9cf6b2c30) is already imported","throwable":""}
{"timestamp":"2025-09-10T14:28:25,028","container":"7965dbe76a4e","level":"INFO","thread":"BftProcessorExecutor-QBFT-0","class":"QbftBesuControllerBuilder","message":"Imported #279 / 0 tx / 0 pending / 0 (0.0%) gas / (0x2a995fb4c1f1cb32146001da01c1ea6bec5a3c74e099f5b37c1594e7a575cd23)","throwable":""}
{"timestamp":"2025-09-10T14:28:25,031","container":"7965dbe76a4e","level":"INFO","thread":"EthScheduler-Workers-0","class":"PersistBlockTask","message":"Block 279 (0x2a995fb4c1f1cb32146001da01c1ea6bec5a3c74e099f5b37c1594e7a575cd23) is already imported","throwable":""}
{"timestamp":"2025-09-10T14:28:33,036","container":"7965dbe76a4e","level":"INFO","thread":"BftProcessorExecutor-QBFT-0","class":"QbftBesuControllerBuilder","message":"Imported #280 / 0 tx / 0 pending / 0 (0.0%) gas / (0x0aae7e3b1f7aa603ccfb2a7832f7b6903324ef8d610b29f3f218b1d2d4d68276)","throwable":""}
{"timestamp":"2025-09-10T14:28:41,024","container":"7965dbe76a4e","level":"INFO","thread":"BftProcessorExecutor-QBFT-0","class":"QbftBesuControllerBuilder","message":"Imported #281 / 0 tx / 0 pending / 0 (0.0%) gas / (0xa58b45d8b3d07b82d5456428d9664cbe8f1843c02825542c94ff1de6427132a1)","throwable":""}
{"timestamp":"2025-09-10T14:28:49,021","container":"7965dbe76a4e","level":"INFO","thread":"EthScheduler-Workers-0","class":"PersistBlockTask","message":"Imported #282 / 0 tx / 0 om / 0 (0.0%) gas / (0x6936b66cdfc6260a1efbbf71d961475aeb07e9493631c31ebc986e900e2890a8) in 0.001s. Peers: 5","throwable":""}
{"timestamp":"2025-09-10T14:28:57,015","container":"7965dbe76a4e","level":"INFO","thread":"BftProcessorExecutor-QBFT-0","class":"QbftBesuControllerBuilder","message":"Imported #283 / 0 tx / 0 pending / 0 (0.0%) gas / (0x03a853d8f0f84266945a225f94af672303ffa628ebd88f5f3d41a1271fb2e191)","throwable":""}
{"timestamp":"2025-09-10T14:29:05,025","container":"7965dbe76a4e","level":"INFO","thread":"BftProcessorExecutor-QBFT-0","class":"QbftBesuControllerBuilder","message":"Imported #284 / 0 tx / 0 pending / 0 (0.0%) gas / (0xda4c0504ba25c004a27791b5420bedcf535fb8ed26505a3bca8216c4217b19d9)","throwable":""}
{"timestamp":"2025-09-10T14:29:13,022","container":"7965dbe76a4e","level":"INFO","thread":"BftProcessorExecutor-QBFT-0","class":"QbftBesuControllerBuilder","message":"Imported #285 / 0 tx / 0 pending / 0 (0.0%) gas / (0xc5a68cceef4415a059a8b57b26c83daff13e7a0b607e1d3ddf347033e1e83d6f)","throwable":""}
{"timestamp":"2025-09-10T14:29:21,021","container":"7965dbe76a4e","level":"INFO","thread":"BftProcessorExecutor-QBFT-0","class":"QbftBesuControllerBuilder","message":"Produced #286 / 0 tx / 0 pending / 0 (0.0%) gas / (0xbeb95d70d2dbcb135c066dcd6c662c15bc488669d54641894b71a80d1c20b0f2)","throwable":""}
{"timestamp":"2025-09-10T14:29:29,019","container":"7965dbe76a4e","level":"INFO","thread":"BftProcessorExecutor-QBFT-0","class":"QbftBesuControllerBuilder","message":"Imported #287 / 0 tx / 0 pending / 0 (0.0%) gas / (0xd96e2318540a17da91917cc245f373efacb1fc2033a1698fa637ad9385c9f59a)","throwable":""}
{"timestamp":"2025-09-10T14:29:37,030","container":"7965dbe76a4e","level":"INFO","thread":"BftProcessorExecutor-QBFT-0","class":"QbftBesuControllerBuilder","message":"Imported #288 / 0 tx / 0 pending / 0 (0.0%) gas / (0x4bdbac9251f317b47bea97e55a4201f284eca04762998b014275f9a7e446968b)","throwable":""}
{"timestamp":"2025-09-10T14:29:37,032","container":"7965dbe76a4e","level":"INFO","thread":"EthScheduler-Workers-0","class":"PersistBlockTask","message":"Block 288 (0x4bdbac9251f317b47bea97e55a4201f284eca04762998b014275f9a7e446968b) is already imported","throwable":""}
{"timestamp":"2025-09-10T14:29:45,023","container":"7965dbe76a4e","level":"INFO","thread":"EthScheduler-Workers-0","class":"PersistBlockTask","message":"Imported #289 / 0 tx / 0 om / 0 (0.0%) gas / (0x372204a539bf581abc933bf9439768e0a20738a3386d63c58edecb8ff14d172c) in 0.001s. Peers: 5","throwable":""}
{"timestamp":"2025-09-10T14:29:53,020","container":"7965dbe76a4e","level":"INFO","thread":"BftProcessorExecutor-QBFT-0","class":"QbftBesuControllerBuilder","message":"Produced #290 / 0 tx / 0 pending / 0 (0.0%) gas / (0x590a10504d629400ec728c4b4dbfa436503804dbbba19355e855b13f6df32ef3)","throwable":""}
{"timestamp":"2025-09-10T14:30:01,044","container":"7965dbe76a4e","level":"INFO","thread":"BftProcessorExecutor-QBFT-0","class":"QbftBesuControllerBuilder","message":"Imported #291 / 0 tx / 0 pending / 0 (0.0%) gas / (0xe28d68e0d8e96121552045745854ecb150e4815cfecd2b8fd1446b4bdba7b774)","throwable":""}
{"timestamp":"2025-09-10T14:30:09,022","container":"7965dbe76a4e","level":"INFO","thread":"BftProcessorExecutor-QBFT-0","class":"QbftBesuControllerBuilder","message":"Imported #292 / 0 tx / 0 pending / 0 (0.0%) gas / (0xfa038be694370e5f1d7e1ea515c818ec0a198fef78792c5a4dbfddc556f299f8)","throwable":""}
{"timestamp":"2025-09-10T14:30:17,015","container":"7965dbe76a4e","level":"INFO","thread":"BftProcessorExecutor-QBFT-0","class":"QbftBesuControllerBuilder","message":"Imported #293 / 0 tx / 0 pending / 0 (0.0%) gas / (0xe300421afee88f1b0fe49fb0e8c4c174dc33032136c1649fe132a57229d7c544)","throwable":""}
{"timestamp":"2025-09-10T14:30:25,017","container":"7965dbe76a4e","level":"INFO","thread":"BftProcessorExecutor-QBFT-0","class":"QbftBesuControllerBuilder","message":"Produced #294 / 0 tx / 0 pending / 0 (0.0%) gas / (0xbb368e7bd52739b1200f82c7a42763ab20dc68049a2236e3e1f76f76f11cb23c)","throwable":""}
{"timestamp":"2025-09-10T14:30:33,011","container":"7965dbe76a4e","level":"INFO","thread":"BftProcessorExecutor-QBFT-0","class":"QbftBesuControllerBuilder","message":"Imported #295 / 0 tx / 0 pending / 0 (0.0%) gas / (0xbefdbebd958cfb3f171533db744100c9a76c31936c0becca20faeb9da81867b4)","throwable":""}
{"timestamp":"2025-09-10T14:30:41,020","container":"7965dbe76a4e","level":"INFO","thread":"BftProcessorExecutor-QBFT-0","class":"QbftBesuControllerBuilder","message":"Imported #296 / 0 tx / 0 pending / 0 (0.0%) gas / (0xda21ce5ba814dd8bda861c93aab9b3acc7ed26fe9b9a7e81117a7b0d822cf3f3)","throwable":""}
{"timestamp":"2025-09-10T14:30:49,021","container":"7965dbe76a4e","level":"INFO","thread":"BftProcessorExecutor-QBFT-0","class":"QbftBesuControllerBuilder","message":"Imported #297 / 0 tx / 0 pending / 0 (0.0%) gas / (0x385ece08cc0c57b1f3a6f17399656a4782fa13fea9070599b29ee549558829fc)","throwable":""}
{"timestamp":"2025-09-10T14:30:57,027","container":"7965dbe76a4e","level":"INFO","thread":"BftProcessorExecutor-QBFT-0","class":"QbftBesuControllerBuilder","message":"Produced #298 / 0 tx / 0 pending / 0 (0.0%) gas / (0xa6d35b586e383374e6cf132b275cfae95b7c0528dc349910affc303c405aebef)","throwable":""}
{"timestamp":"2025-09-10T14:31:05,024","container":"7965dbe76a4e","level":"INFO","thread":"EthScheduler-Workers-0","class":"PersistBlockTask","message":"Imported #299 / 0 tx / 0 om / 0 (0.0%) gas / (0x013a1acbdf9c713ae40870b501212fc152acf783526a7259469aea756d19cf84) in 0.001s. Peers: 5","throwable":""}
{"timestamp":"2025-09-10T14:31:13,023","container":"7965dbe76a4e","level":"INFO","thread":"BftProcessorExecutor-QBFT-0","class":"QbftBesuControllerBuilder","message":"Imported #300 / 0 tx / 0 pending / 0 (0.0%) gas / (0xaa0fa043a68f1492c05ff2400478fd11b7876f18a0cdb1e10d570b8f2b82e1d8)","throwable":""}
{"timestamp":"2025-09-10T14:31:21,018","container":"7965dbe76a4e","level":"INFO","thread":"BftProcessorExecutor-QBFT-0","class":"QbftBesuControllerBuilder","message":"Imported #301 / 0 tx / 0 pending / 0 (0.0%) gas / (0xc9c740bc46dba5766e393efacfe890ae69363ba835219b43394082b185ac7d61)","throwable":""}
{"timestamp":"2025-09-10T14:31:21,021","container":"7965dbe76a4e","level":"INFO","thread":"EthScheduler-Workers-0","class":"PersistBlockTask","message":"Block 301 (0xc9c740bc46dba5766e393efacfe890ae69363ba835219b43394082b185ac7d61) is already imported","throwable":""}
{"timestamp":"2025-09-10T14:31:29,012","container":"7965dbe76a4e","level":"INFO","thread":"BftProcessorExecutor-QBFT-0","class":"QbftBesuControllerBuilder","message":"Produced #302 / 0 tx / 0 pending / 0 (0.0%) gas / (0x1f9f3683b46abeedbb3c656472031e3568c984dbc65757071489299799d3abf3)","throwable":""}
{"timestamp":"2025-09-10T14:31:37,018","container":"7965dbe76a4e","level":"INFO","thread":"BftProcessorExecutor-QBFT-0","class":"QbftBesuControllerBuilder","message":"Imported #303 / 0 tx / 0 pending / 0 (0.0%) gas / (0x308f7826227a42bcaaef07c8528458ce22a56af333351d61d26e880f86986995)","throwable":""}
{"timestamp":"2025-09-10T14:31:37,018","container":"7965dbe76a4e","level":"INFO","thread":"EthScheduler-Workers-0","class":"PersistBlockTask","message":"Block 303 (0x308f7826227a42bcaaef07c8528458ce22a56af333351d61d26e880f86986995) is already imported","throwable":""}
{"timestamp":"2025-09-10T14:31:45,012","container":"7965dbe76a4e","level":"INFO","thread":"BftProcessorExecutor-QBFT-0","class":"QbftBesuControllerBuilder","message":"Imported #304 / 0 tx / 0 pending / 0 (0.0%) gas / (0x1c9e751d3604d80f3cac43d35031abed6bd523881f9a6d9b4068e3bcb9519fb3)","throwable":""}
{"timestamp":"2025-09-10T14:31:53,050","container":"7965dbe76a4e","level":"INFO","thread":"BftProcessorExecutor-QBFT-0","class":"QbftBesuControllerBuilder","message":"Imported #305 / 0 tx / 0 pending / 0 (0.0%) gas / (0xad3aa64f3f61acbe4caac966358c8ab3959ecbac32a2f8c02c887cac5ef0402e)","throwable":""}
{"timestamp":"2025-09-10T14:32:01,031","container":"7965dbe76a4e","level":"INFO","thread":"BftProcessorExecutor-QBFT-0","class":"QbftBesuControllerBuilder","message":"Produced #306 / 0 tx / 0 pending / 0 (0.0%) gas / (0xb4d647f84e04eed5eaa2a9aee3a3cb9c5990865a43a6c276f55210ea91d12d7e)","throwable":""}
{"timestamp":"2025-09-10T14:32:09,062","container":"7965dbe76a4e","level":"INFO","thread":"EthScheduler-Workers-0","class":"PersistBlockTask","message":"Imported #307 / 0 tx / 0 om / 0 (0.0%) gas / (0x8892d3e7f51e3abd4835f0e96bde05c1d50537b77de5ee8963629a000f33ad07) in 0.013s. Peers: 5","throwable":""}
{"timestamp":"2025-09-10T14:32:17,044","container":"7965dbe76a4e","level":"INFO","thread":"BftProcessorExecutor-QBFT-0","class":"QbftBesuControllerBuilder","message":"Imported #308 / 0 tx / 0 pending / 0 (0.0%) gas / (0x41013217175f03087f9ce4ff8e6bf7696d3e19073205bc75d7d1b6bd6bc56c38)","throwable":""}
{"timestamp":"2025-09-10T14:32:25,020","container":"7965dbe76a4e","level":"INFO","thread":"BftProcessorExecutor-QBFT-0","class":"QbftBesuControllerBuilder","message":"Imported #309 / 0 tx / 0 pending / 0 (0.0%) gas / (0xc046e3c74bfa57aa371fa40430dddee7a038478622c4873559a0c072511ee754)","throwable":""}
{"timestamp":"2025-09-10T14:32:33,049","container":"7965dbe76a4e","level":"INFO","thread":"BftProcessorExecutor-QBFT-0","class":"QbftBesuControllerBuilder","message":"Produced #310 / 0 tx / 0 pending / 0 (0.0%) gas / (0x70b637db8dacf4c13cc8fdc5e482b28ce56ec86592d1b6fcb1ce47c4b7970955)","throwable":""}
{"timestamp":"2025-09-10T14:32:41,017","container":"7965dbe76a4e","level":"INFO","thread":"BftProcessorExecutor-QBFT-0","class":"QbftBesuControllerBuilder","message":"Imported #311 / 0 tx / 0 pending / 0 (0.0%) gas / (0x77ee472a22e85ef8f1b1438fa15dd872ab0652f7016ac342218f28502f3a9c71)","throwable":""}
{"timestamp":"2025-09-10T14:32:41,060","container":"7965dbe76a4e","level":"INFO","thread":"EthScheduler-Workers-0","class":"PersistBlockTask","message":"Block 311 (0x77ee472a22e85ef8f1b1438fa15dd872ab0652f7016ac342218f28502f3a9c71) is already imported","throwable":""}
{"timestamp":"2025-09-10T14:32:49,028","container":"7965dbe76a4e","level":"INFO","thread":"BftProcessorExecutor-QBFT-0","class":"QbftBesuControllerBuilder","message":"Imported #312 / 0 tx / 0 pending / 0 (0.0%) gas / (0x932a60fff6c96a128755c50cd0c1f94f295b38acc6d15b68bf2df4e6724b9d3c)","throwable":""}
{"timestamp":"2025-09-10T14:32:57,023","container":"7965dbe76a4e","level":"INFO","thread":"BftProcessorExecutor-QBFT-0","class":"QbftBesuControllerBuilder","message":"Imported #313 / 0 tx / 0 pending / 0 (0.0%) gas / (0xf108305a9440dbe14f68986ed853e304754628846e262cc25be899c4a5201391)","throwable":""}
{"timestamp":"2025-09-10T14:33:05,022","container":"7965dbe76a4e","level":"INFO","thread":"BftProcessorExecutor-QBFT-0","class":"QbftBesuControllerBuilder","message":"Produced #314 / 0 tx / 0 pending / 0 (0.0%) gas / (0x0fd0df04db2d5c1f74c3a4ada0820f2352144691c7fe7092e97603db8b39b96b)","throwable":""}
{"timestamp":"2025-09-10T14:33:13,026","container":"7965dbe76a4e","level":"INFO","thread":"BftProcessorExecutor-QBFT-0","class":"QbftBesuControllerBuilder","message":"Imported #315 / 0 tx / 0 pending / 0 (0.0%) gas / (0x5254290437d59209d526bae69372015706ecb01d5457cd7e46d19f4c42d7bff3)","throwable":""}
{"timestamp":"2025-09-10T14:33:21,219","container":"7965dbe76a4e","level":"INFO","thread":"EthScheduler-Workers-0","class":"PersistBlockTask","message":"Imported #316 / 0 tx / 0 om / 0 (0.0%) gas / (0x7201a567f66e79718bc7e2de86bf0d1c425b4e5daf717605f5d762e3f7966d71) in 0.064s. Peers: 5","throwable":""}
{"timestamp":"2025-09-10T14:33:54,929","container":"7965dbe76a4e","level":"INFO","thread":"EthScheduler-Workers-0","class":"PersistBlockTask","message":"Imported #317 / 0 tx / 0 om / 0 (0.0%) gas / (0x3674ad88e70f1ea83d64bf53ba6ac93ebdb53b01310e72b6639a4b5270a70380) in 0.001s. Peers: 5","throwable":""}
{"timestamp":"2025-09-10T14:34:03,023","container":"7965dbe76a4e","level":"INFO","thread":"BftProcessorExecutor-QBFT-0","class":"QbftBesuControllerBuilder","message":"Produced #318 / 0 tx / 0 pending / 0 (0.0%) gas / (0xc4d38622031709f243e43d9d8031359b28f64b28224a833221a519988744c74c)","throwable":""}
{"timestamp":"2025-09-10T14:34:11,040","container":"7965dbe76a4e","level":"INFO","thread":"BftProcessorExecutor-QBFT-0","class":"QbftBesuControllerBuilder","message":"Imported #319 / 0 tx / 0 pending / 0 (0.0%) gas / (0xe9e2da92c86af63f37014a2d21ec5a84d3913111f60254234fb60a9d5e95efca)","throwable":""}
{"timestamp":"2025-09-10T14:34:11,044","container":"7965dbe76a4e","level":"INFO","thread":"EthScheduler-Workers-0","class":"PersistBlockTask","message":"Block 319 (0xe9e2da92c86af63f37014a2d21ec5a84d3913111f60254234fb60a9d5e95efca) is already imported","throwable":""}
{"timestamp":"2025-09-10T14:34:19,067","container":"7965dbe76a4e","level":"INFO","thread":"EthScheduler-Workers-0","class":"PersistBlockTask","message":"Block 320 (0x4a4e68d56e526a2106316e571c9c0b4a089f4fbe88714875ddc2b1eda1c86b37) is already imported","throwable":""}
{"timestamp":"2025-09-10T14:34:19,069","container":"7965dbe76a4e","level":"INFO","thread":"BftProcessorExecutor-QBFT-0","class":"QbftBesuControllerBuilder","message":"Imported #320 / 0 tx / 0 pending / 0 (0.0%) gas / (0x4a4e68d56e526a2106316e571c9c0b4a089f4fbe88714875ddc2b1eda1c86b37)","throwable":""}
{"timestamp":"2025-09-10T14:34:27,059","container":"7965dbe76a4e","level":"INFO","thread":"BftProcessorExecutor-QBFT-0","class":"QbftBesuControllerBuilder","message":"Imported #321 / 0 tx / 0 pending / 0 (0.0%) gas / (0x6d0b0d9dc1d423d909112188c7e6ca73f940cfaec0d09013b6ac1b7e5088721d)","throwable":""}
{"timestamp":"2025-09-10T14:34:35,031","container":"7965dbe76a4e","level":"INFO","thread":"EthScheduler-Workers-0","class":"PersistBlockTask","message":"Imported #322 / 0 tx / 0 om / 0 (0.0%) gas / (0x93b97910914a10590bf5207588d2fb79556397c5c3bf43b93de751fc85425b35) in 0.001s. Peers: 5","throwable":""}
{"timestamp":"2025-09-10T14:34:43,022","container":"7965dbe76a4e","level":"INFO","thread":"BftProcessorExecutor-QBFT-0","class":"QbftBesuControllerBuilder","message":"Imported #323 / 0 tx / 0 pending / 0 (0.0%) gas / (0xe293d0bb88cae2d09be5a883efd2631c162e03a0b7cab5a8776e70ae11302584)","throwable":""}
{"timestamp":"2025-09-10T14:34:51,020","container":"7965dbe76a4e","level":"INFO","thread":"BftProcessorExecutor-QBFT-0","class":"QbftBesuControllerBuilder","message":"Imported #324 / 0 tx / 0 pending / 0 (0.0%) gas / (0xc0b1bb07395d3131f00a8c43e8311d97c68b698b2e7560704ae6a9637cc79cc1)","throwable":""}
{"timestamp":"2025-09-10T14:34:59,034","container":"7965dbe76a4e","level":"INFO","thread":"BftProcessorExecutor-QBFT-0","class":"QbftBesuControllerBuilder","message":"Imported #325 / 0 tx / 0 pending / 0 (0.0%) gas / (0xad3714913d356690891f74726804f934cb4c1c81477eb054602d4a1e61cbaf66)","throwable":""}
{"timestamp":"2025-09-10T14:34:59,034","container":"7965dbe76a4e","level":"INFO","thread":"EthScheduler-Workers-0","class":"PersistBlockTask","message":"Block 325 (0xad3714913d356690891f74726804f934cb4c1c81477eb054602d4a1e61cbaf66) is already imported","throwable":""}
{"timestamp":"2025-09-10T14:35:07,024","container":"7965dbe76a4e","level":"INFO","thread":"BftProcessorExecutor-QBFT-0","class":"QbftBesuControllerBuilder","message":"Produced #326 / 0 tx / 0 pending / 0 (0.0%) gas / (0x29f3e8116f95cbaf771e168b3c7163f5c8e7e7c81cfc5dd06c843afec381f178)","throwable":""}
{"timestamp":"2025-09-10T14:35:15,040","container":"7965dbe76a4e","level":"INFO","thread":"EthScheduler-Workers-0","class":"PersistBlockTask","message":"Imported #327 / 0 tx / 0 om / 0 (0.0%) gas / (0xbfc9541d8f274a0cf70b72849fd15ad98d1dd5940867950c7b3d63a3a77151ac) in 0.007s. Peers: 5","throwable":""}
{"timestamp":"2025-09-10T14:35:23,049","container":"7965dbe76a4e","level":"INFO","thread":"EthScheduler-Workers-0","class":"PersistBlockTask","message":"Imported #328 / 0 tx / 0 om / 0 (0.0%) gas / (0x6e0afa7cec45a505b82cb38a971ccb94ed07251dc62e04d5d4cea632961b01e1) in 0.001s. Peers: 5","throwable":""}
{"timestamp":"2025-09-10T14:35:31,042","container":"7965dbe76a4e","level":"INFO","thread":"EthScheduler-Workers-0","class":"PersistBlockTask","message":"Imported #329 / 0 tx / 0 om / 0 (0.0%) gas / (0xa175dce36b5b4d2ece17e114e315fcbab46beb3fd66a2185d2bbedc2ca6da302) in 0.001s. Peers: 5","throwable":""}
{"timestamp":"2025-09-10T14:35:31,043","container":"7965dbe76a4e","level":"INFO","thread":"BftProcessorExecutor-QBFT-0","class":"QbftBesuControllerBuilder","message":"Imported #329 / 0 tx / 0 pending / 0 (0.0%) gas / (0xa175dce36b5b4d2ece17e114e315fcbab46beb3fd66a2185d2bbedc2ca6da302)","throwable":""}
{"timestamp":"2025-09-10T14:35:39,018","container":"7965dbe76a4e","level":"INFO","thread":"BftProcessorExecutor-QBFT-0","class":"QbftBesuControllerBuilder","message":"Produced #330 / 0 tx / 0 pending / 0 (0.0%) gas / (0x0c4b491cf8c259fcb9b9cb49d8aa9229b3db275253c3b3daf81b2fbee9591463)","throwable":""}
{"timestamp":"2025-09-10T14:35:47,028","container":"7965dbe76a4e","level":"INFO","thread":"BftProcessorExecutor-QBFT-0","class":"QbftBesuControllerBuilder","message":"Imported #331 / 0 tx / 0 pending / 0 (0.0%) gas / (0x573c027e078a1ffe046f714de655ca17a13d343ebb0f8d5cfdea448d5cb0ba8e)","throwable":""}
{"timestamp":"2025-09-10T14:35:47,028","container":"7965dbe76a4e","level":"INFO","thread":"EthScheduler-Workers-0","class":"PersistBlockTask","message":"Block 331 (0x573c027e078a1ffe046f714de655ca17a13d343ebb0f8d5cfdea448d5cb0ba8e) is already imported","throwable":""}
{"timestamp":"2025-09-10T14:35:55,020","container":"7965dbe76a4e","level":"INFO","thread":"BftProcessorExecutor-QBFT-0","class":"QbftBesuControllerBuilder","message":"Imported #332 / 0 tx / 0 pending / 0 (0.0%) gas / (0x0631fe65436ff286489bec8cfaf21ac03ee9f473f247b08d425c12d1914e3c84)","throwable":""}
{"timestamp":"2025-09-10T14:36:03,026","container":"7965dbe76a4e","level":"INFO","thread":"BftProcessorExecutor-QBFT-0","class":"QbftBesuControllerBuilder","message":"Imported #333 / 0 tx / 0 pending / 0 (0.0%) gas / (0x99480dcfa93a085ea2217aec46ef4486541fbea93180b585da8b93f7f924a87f)","throwable":""}
{"timestamp":"2025-09-10T14:36:11,022","container":"7965dbe76a4e","level":"INFO","thread":"BftProcessorExecutor-QBFT-0","class":"QbftBesuControllerBuilder","message":"Produced #334 / 0 tx / 0 pending / 0 (0.0%) gas / (0x24b2a2dd2e3c2c42bb652ec91180073ff7acee8df34e72910c484ac12b958d9e)","throwable":""}
{"timestamp":"2025-09-10T14:36:19,030","container":"7965dbe76a4e","level":"INFO","thread":"BftProcessorExecutor-QBFT-0","class":"QbftBesuControllerBuilder","message":"Imported #335 / 0 tx / 0 pending / 0 (0.0%) gas / (0x7d7029c2c7d986ca2f4ca3dfbcc8f10bc1d4e90c3061d2f5047735e9c096921f)","throwable":""}
{"timestamp":"2025-09-10T14:36:27,026","container":"7965dbe76a4e","level":"INFO","thread":"BftProcessorExecutor-QBFT-0","class":"QbftBesuControllerBuilder","message":"Imported #336 / 0 tx / 0 pending / 0 (0.0%) gas / (0x4ed7557158121db40f60ad37591be39bea62ca0099a43b0b9dbcba2d3d8c904e)","throwable":""}
{"timestamp":"2025-09-10T14:36:35,022","container":"7965dbe76a4e","level":"INFO","thread":"BftProcessorExecutor-QBFT-0","class":"QbftBesuControllerBuilder","message":"Imported #337 / 0 tx / 0 pending / 0 (0.0%) gas / (0x298d11cb33673034674fd428e29545e3b3f99c15be6ac5c0d938fdd1c51b9f90)","throwable":""}
{"timestamp":"2025-09-10T14:36:43,034","container":"7965dbe76a4e","level":"INFO","thread":"BftProcessorExecutor-QBFT-0","class":"QbftBesuControllerBuilder","message":"Produced #338 / 0 tx / 0 pending / 0 (0.0%) gas / (0xfba635d363ca3be39c099877638b9525acafe998be0feb5210e7686832819efa)","throwable":""}
{"timestamp":"2025-09-10T14:36:51,024","container":"7965dbe76a4e","level":"INFO","thread":"BftProcessorExecutor-QBFT-0","class":"QbftBesuControllerBuilder","message":"Imported #339 / 0 tx / 0 pending / 0 (0.0%) gas / (0x8b47ae66d435ac4159c44f0222bdf8e7dd75c8f57c56060bb46558733c167bcf)","throwable":""}
{"timestamp":"2025-09-10T14:36:59,028","container":"7965dbe76a4e","level":"INFO","thread":"BftProcessorExecutor-QBFT-0","class":"QbftBesuControllerBuilder","message":"Imported #340 / 0 tx / 0 pending / 0 (0.0%) gas / (0x54f62fa37145b07250c12a71eea74d30c40f9d3d2dd179b8b658e4629c5a8e7e)","throwable":""}
{"timestamp":"2025-09-10T14:37:07,013","container":"7965dbe76a4e","level":"INFO","thread":"BftProcessorExecutor-QBFT-0","class":"QbftBesuControllerBuilder","message":"Imported #341 / 0 tx / 0 pending / 0 (0.0%) gas / (0x997c56ffb60f036ffafa2a3f14b28684781b675bd5ff8acd92ba703089c894ff)","throwable":""}
{"timestamp":"2025-09-10T14:37:15,019","container":"7965dbe76a4e","level":"INFO","thread":"BftProcessorExecutor-QBFT-0","class":"QbftBesuControllerBuilder","message":"Produced #342 / 0 tx / 0 pending / 0 (0.0%) gas / (0x8d1add43f0c6f887f88626f8915ead4892600274ed46929e974be73c105a3ccd)","throwable":""}
{"timestamp":"2025-09-10T14:37:23,010","container":"7965dbe76a4e","level":"INFO","thread":"BftProcessorExecutor-QBFT-0","class":"QbftBesuControllerBuilder","message":"Imported #343 / 0 tx / 0 pending / 0 (0.0%) gas / (0xbc65e373ae9f1b850b132eeb638cbf105b8d127eb1eb0fa7be41027b241f367d)","throwable":""}
{"timestamp":"2025-09-10T14:37:44,681","container":"7965dbe76a4e","level":"INFO","thread":"BftProcessorExecutor-QBFT-0","class":"QbftBesuControllerBuilder","message":"Imported #344 / 0 tx / 0 pending / 0 (0.0%) gas / (0x19e9f6ba8a8afefa4e00cdc6009acf139ee6e7c1d17661348ddc51bb4f3094eb)","throwable":""}
{"timestamp":"2025-09-10T14:37:44,686","container":"7965dbe76a4e","level":"INFO","thread":"EthScheduler-Workers-0","class":"PersistBlockTask","message":"Imported #344 / 0 tx / 0 om / 0 (0.0%) gas / (0x19e9f6ba8a8afefa4e00cdc6009acf139ee6e7c1d17661348ddc51bb4f3094eb) in 0.001s. Peers: 5","throwable":""}
{"timestamp":"2025-09-10T14:37:53,043","container":"7965dbe76a4e","level":"INFO","thread":"EthScheduler-Workers-0","class":"PersistBlockTask","message":"Imported #345 / 0 tx / 0 om / 0 (0.0%) gas / (0xfd40e2264a3a48d8d1c6760709a47e0a2339c92d6f8ef4717986311b0a4adff1) in 0.001s. Peers: 5","throwable":""}
{"timestamp":"2025-09-10T14:38:01,027","container":"7965dbe76a4e","level":"INFO","thread":"EthScheduler-Workers-0","class":"PersistBlockTask","message":"Imported #346 / 0 tx / 0 om / 0 (0.0%) gas / (0x09a01919cd3700c70235e07abc187bf53997d4d6c00c68d95bbedde885dde6b3) in 0.004s. Peers: 5","throwable":""}
{"timestamp":"2025-09-10T14:38:01,027","container":"7965dbe76a4e","level":"INFO","thread":"BftProcessorExecutor-QBFT-0","class":"QbftBesuControllerBuilder","message":"Produced #346 / 0 tx / 0 pending / 0 (0.0%) gas / (0x09a01919cd3700c70235e07abc187bf53997d4d6c00c68d95bbedde885dde6b3)","throwable":""}
{"timestamp":"2025-09-10T14:38:09,024","container":"7965dbe76a4e","level":"INFO","thread":"BftProcessorExecutor-QBFT-0","class":"QbftBesuControllerBuilder","message":"Imported #347 / 0 tx / 0 pending / 0 (0.0%) gas / (0x1595bd3a2f3227465fe42ea8935869d43402536d871ea92fb447e091b277fc52)","throwable":""}
{"timestamp":"2025-09-10T14:38:17,024","container":"7965dbe76a4e","level":"INFO","thread":"BftProcessorExecutor-QBFT-0","class":"QbftBesuControllerBuilder","message":"Imported #348 / 0 tx / 0 pending / 0 (0.0%) gas / (0xcac2eaaf821382bea39d946bf8d2a5031e23b6ac895b2dc017ea6eef3c2154b5)","throwable":""}
{"timestamp":"2025-09-10T14:38:25,024","container":"7965dbe76a4e","level":"INFO","thread":"BftProcessorExecutor-QBFT-0","class":"QbftBesuControllerBuilder","message":"Imported #349 / 0 tx / 0 pending / 0 (0.0%) gas / (0x792ce451075b4903c7a1b53b591c9a284368fbc329e9fa4ab7a491dcd8268b94)","throwable":""}
{"timestamp":"2025-09-10T14:38:33,014","container":"7965dbe76a4e","level":"INFO","thread":"BftProcessorExecutor-QBFT-0","class":"QbftBesuControllerBuilder","message":"Produced #350 / 0 tx / 0 pending / 0 (0.0%) gas / (0x3e945a4aee04a754209079ff68b871350aedb4708560b2d58fa6042c8bf841db)","throwable":""}
{"timestamp":"2025-09-10T14:38:41,027","container":"7965dbe76a4e","level":"INFO","thread":"BftProcessorExecutor-QBFT-0","class":"QbftBesuControllerBuilder","message":"Imported #351 / 0 tx / 0 pending / 0 (0.0%) gas / (0x692c86ceb322bf20f031b30fd75bf4d63ecd1eb28afcabd8b13ad3cff4cd612b)","throwable":""}
{"timestamp":"2025-09-10T14:38:49,028","container":"7965dbe76a4e","level":"INFO","thread":"BftProcessorExecutor-QBFT-0","class":"QbftBesuControllerBuilder","message":"Imported #352 / 0 tx / 0 pending / 0 (0.0%) gas / (0x6530fb1121d78cd17d9a9da754e22d96698fee81503fb1b3c07853045f0f72d4)","throwable":""}
{"timestamp":"2025-09-10T14:38:57,029","container":"7965dbe76a4e","level":"INFO","thread":"BftProcessorExecutor-QBFT-0","class":"QbftBesuControllerBuilder","message":"Imported #353 / 0 tx / 0 pending / 0 (0.0%) gas / (0x8309a599531414f709c6e633b725be15b5a733fe0a4f70ad349187f38a7c60b2)","throwable":""}
{"timestamp":"2025-09-10T14:39:05,028","container":"7965dbe76a4e","level":"INFO","thread":"BftProcessorExecutor-QBFT-0","class":"QbftBesuControllerBuilder","message":"Produced #354 / 0 tx / 0 pending / 0 (0.0%) gas / (0x44d56a7b69ce68b872c521524368e95e66003a2aa5a1d3a468c8680271faa862)","throwable":""}
{"timestamp":"2025-09-10T14:39:13,020","container":"7965dbe76a4e","level":"INFO","thread":"BftProcessorExecutor-QBFT-0","class":"QbftBesuControllerBuilder","message":"Imported #355 / 0 tx / 0 pending / 0 (0.0%) gas / (0xc300316230ada7a3566a5d58fac1a0047d85299017d6ee8162235283752957b6)","throwable":""}
{"timestamp":"2025-09-10T14:39:13,023","container":"7965dbe76a4e","level":"INFO","thread":"EthScheduler-Workers-0","class":"PersistBlockTask","message":"Block 355 (0xc300316230ada7a3566a5d58fac1a0047d85299017d6ee8162235283752957b6) is already imported","throwable":""}
{"timestamp":"2025-09-10T14:39:21,031","container":"7965dbe76a4e","level":"INFO","thread":"BftProcessorExecutor-QBFT-0","class":"QbftBesuControllerBuilder","message":"Imported #356 / 0 tx / 0 pending / 0 (0.0%) gas / (0x2feec5e7d7c2e518a3baae0220b3a658ef006f7c36745b4a951935b059f35322)","throwable":""}
{"timestamp":"2025-09-10T14:39:29,026","container":"7965dbe76a4e","level":"INFO","thread":"BftProcessorExecutor-QBFT-0","class":"QbftBesuControllerBuilder","message":"Imported #357 / 0 tx / 0 pending / 0 (0.0%) gas / (0x2eb230830c3496af2c1a6441164be75c289570e35d311641fc033620af61ee8d)","throwable":""}
{"timestamp":"2025-09-10T14:39:37,019","container":"7965dbe76a4e","level":"INFO","thread":"BftProcessorExecutor-QBFT-0","class":"QbftBesuControllerBuilder","message":"Produced #358 / 0 tx / 0 pending / 0 (0.0%) gas / (0x07f68ba77a1afaf4f0c5c26e295334b2b07c3056972966aca8650ad26c1f5865)","throwable":""}
{"timestamp":"2025-09-10T14:39:45,081","container":"7965dbe76a4e","level":"INFO","thread":"EthScheduler-Workers-0","class":"PersistBlockTask","message":"Imported #359 / 0 tx / 0 om / 0 (0.0%) gas / (0xf60be48fda6d331e7d57a5d407453e2f079b7f5e8d2f35d0f7d56f5d9940dcea) in 0.001s. Peers: 5","throwable":""}
{"timestamp":"2025-09-10T14:39:53,024","container":"7965dbe76a4e","level":"INFO","thread":"EthScheduler-Workers-0","class":"PersistBlockTask","message":"Block 360 (0xae2e77d5cbb48bb1c3047214e4159f35d34346313752ccc6c324242a442d4091) is already imported","throwable":""}
{"timestamp":"2025-09-10T14:39:53,024","container":"7965dbe76a4e","level":"INFO","thread":"BftProcessorExecutor-QBFT-0","class":"QbftBesuControllerBuilder","message":"Imported #360 / 0 tx / 0 pending / 0 (0.0%) gas / (0xae2e77d5cbb48bb1c3047214e4159f35d34346313752ccc6c324242a442d4091)","throwable":""}
{"timestamp":"2025-09-10T14:40:01,024","container":"7965dbe76a4e","level":"INFO","thread":"EthScheduler-Workers-0","class":"PersistBlockTask","message":"Imported #361 / 0 tx / 0 om / 0 (0.0%) gas / (0x76e67ddefc8f9310db9aeb331379d7890f85e1acb5cb8d7ce8c71d02fbe8de70) in 0.001s. Peers: 5","throwable":""}
{"timestamp":"2025-09-10T14:40:01,031","container":"7965dbe76a4e","level":"INFO","thread":"BftProcessorExecutor-QBFT-0","class":"QbftBesuControllerBuilder","message":"Imported #361 / 0 tx / 0 pending / 0 (0.0%) gas / (0x76e67ddefc8f9310db9aeb331379d7890f85e1acb5cb8d7ce8c71d02fbe8de70)","throwable":""}
{"timestamp":"2025-09-10T14:40:09,018","container":"7965dbe76a4e","level":"INFO","thread":"BftProcessorExecutor-QBFT-0","class":"QbftBesuControllerBuilder","message":"Produced #362 / 0 tx / 0 pending / 0 (0.0%) gas / (0x90bd4a969cd9d0cae86afe994196b903c898eb84072ac4e43ab18443d718c655)","throwable":""}
{"timestamp":"2025-09-10T14:40:17,023","container":"7965dbe76a4e","level":"INFO","thread":"BftProcessorExecutor-QBFT-0","class":"QbftBesuControllerBuilder","message":"Imported #363 / 0 tx / 0 pending / 0 (0.0%) gas / (0x2b915b6407ec9755f44948f9942e782d361ac3f7aeda618a9ed9602111b7a3a6)","throwable":""}
{"timestamp":"2025-09-10T14:40:25,022","container":"7965dbe76a4e","level":"INFO","thread":"EthScheduler-Workers-0","class":"PersistBlockTask","message":"Imported #364 / 0 tx / 0 om / 0 (0.0%) gas / (0x93fb86a0f673040954134e7e6bd59e11459a5f572cf95df75a8f6b38f6f2e880) in 0.001s. Peers: 5","throwable":""}
{"timestamp":"2025-09-10T14:40:33,010","container":"7965dbe76a4e","level":"INFO","thread":"BftProcessorExecutor-QBFT-0","class":"QbftBesuControllerBuilder","message":"Imported #365 / 0 tx / 0 pending / 0 (0.0%) gas / (0x4ad78dd321cad66ebb677f97fe884c585f27ea291a55e638a095fb2636a192e6)","throwable":""}
{"timestamp":"2025-09-10T14:40:41,021","container":"7965dbe76a4e","level":"INFO","thread":"BftProcessorExecutor-QBFT-0","class":"QbftBesuControllerBuilder","message":"Produced #366 / 0 tx / 0 pending / 0 (0.0%) gas / (0xeb4a775c633b40404e9d8c486f0f0f7235949fcc436616563d227372bb8ab0fc)","throwable":""}
{"timestamp":"2025-09-10T14:40:49,030","container":"7965dbe76a4e","level":"INFO","thread":"BftProcessorExecutor-QBFT-0","class":"QbftBesuControllerBuilder","message":"Imported #367 / 0 tx / 0 pending / 0 (0.0%) gas / (0x2099041de890685b1eaef1e8a4b2a136eb9be20596305e7a47c8aa2af4e8de61)","throwable":""}
{"timestamp":"2025-09-10T14:40:57,038","container":"7965dbe76a4e","level":"INFO","thread":"BftProcessorExecutor-QBFT-0","class":"QbftBesuControllerBuilder","message":"Imported #368 / 0 tx / 0 pending / 0 (0.0%) gas / (0x87531def3cd1d2209fb1e8abbc711b929436a669c926c9b2cce2668acf46b12c)","throwable":""}
{"timestamp":"2025-09-10T14:41:05,025","container":"7965dbe76a4e","level":"INFO","thread":"EthScheduler-Workers-0","class":"PersistBlockTask","message":"Imported #369 / 0 tx / 0 om / 0 (0.0%) gas / (0xb92c62f42c24b27bd34eb6d84723ce44a1d74fa93b864739f878c872a4b6662c) in 0.002s. Peers: 5","throwable":""}
{"timestamp":"2025-09-10T14:41:05,027","container":"7965dbe76a4e","level":"INFO","thread":"BftProcessorExecutor-QBFT-0","class":"QbftBesuControllerBuilder","message":"Imported #369 / 0 tx / 0 pending / 0 (0.0%) gas / (0xb92c62f42c24b27bd34eb6d84723ce44a1d74fa93b864739f878c872a4b6662c)","throwable":""}
{"timestamp":"2025-09-10T14:41:13,028","container":"7965dbe76a4e","level":"INFO","thread":"BftProcessorExecutor-QBFT-0","class":"QbftBesuControllerBuilder","message":"Produced #370 / 0 tx / 0 pending / 0 (0.0%) gas / (0x3bb574c67fc875e7abf8a06ee85fabe5a6b29e7a423ea2a9ec329b1541ffa3e9)","throwable":""}
{"timestamp":"2025-09-10T14:41:21,030","container":"7965dbe76a4e","level":"INFO","thread":"BftProcessorExecutor-QBFT-0","class":"QbftBesuControllerBuilder","message":"Imported #371 / 0 tx / 0 pending / 0 (0.0%) gas / (0xb1b010b3f0891c647784761c9fa6fd218b2e2cdd666e13ac867d246056ad8268)","throwable":""}
{"timestamp":"2025-09-10T14:41:29,025","container":"7965dbe76a4e","level":"INFO","thread":"BftProcessorExecutor-QBFT-0","class":"QbftBesuControllerBuilder","message":"Imported #372 / 0 tx / 0 pending / 0 (0.0%) gas / (0xf3cc2e810bee876606de751a35f66a210ea8b80b2466e6ce5bb09d469177e1c4)","throwable":""}
{"timestamp":"2025-09-10T14:41:29,026","container":"7965dbe76a4e","level":"INFO","thread":"EthScheduler-Workers-0","class":"PersistBlockTask","message":"Block 372 (0xf3cc2e810bee876606de751a35f66a210ea8b80b2466e6ce5bb09d469177e1c4) is already imported","throwable":""}
{"timestamp":"2025-09-10T14:41:37,026","container":"7965dbe76a4e","level":"INFO","thread":"BftProcessorExecutor-QBFT-0","class":"QbftBesuControllerBuilder","message":"Imported #373 / 0 tx / 0 pending / 0 (0.0%) gas / (0x45732d9069881f6a8478b04609162a131ca5eb312e4511732168ce0f914ad556)","throwable":""}
{"timestamp":"2025-09-10T14:41:37,026","container":"7965dbe76a4e","level":"INFO","thread":"EthScheduler-Workers-0","class":"PersistBlockTask","message":"Block 373 (0x45732d9069881f6a8478b04609162a131ca5eb312e4511732168ce0f914ad556) is already imported","throwable":""}
{"timestamp":"2025-09-10T14:41:45,017","container":"7965dbe76a4e","level":"INFO","thread":"BftProcessorExecutor-QBFT-0","class":"QbftBesuControllerBuilder","message":"Produced #374 / 0 tx / 0 pending / 0 (0.0%) gas / (0x71d4548fbcb05e1cf82eea6565148e62e8f113e00d6dfc8fb345c112f979698e)","throwable":""}
{"timestamp":"2025-09-10T14:41:53,010","container":"7965dbe76a4e","level":"INFO","thread":"BftProcessorExecutor-QBFT-0","class":"QbftBesuControllerBuilder","message":"Imported #375 / 0 tx / 0 pending / 0 (0.0%) gas / (0x59b60ba875cdeda7b34bc1a3665b5cfc853bb8f7dc9c0099269bf2276087eab8)","throwable":""}
{"timestamp":"2025-09-10T14:42:01,019","container":"7965dbe76a4e","level":"INFO","thread":"BftProcessorExecutor-QBFT-0","class":"QbftBesuControllerBuilder","message":"Imported #376 / 0 tx / 0 pending / 0 (0.0%) gas / (0xf069d72b3deb62328f935e940fcba3644239537549d2b26c8bc478cde2e8d3f4)","throwable":""}
{"timestamp":"2025-09-10T14:42:09,031","container":"7965dbe76a4e","level":"INFO","thread":"BftProcessorExecutor-QBFT-0","class":"QbftBesuControllerBuilder","message":"Imported #377 / 0 tx / 0 pending / 0 (0.0%) gas / (0x6f0bf164820ed673e9bf0c908da1d4980ef9bd3e381a693bea253afd70f52a61)","throwable":""}
{"timestamp":"2025-09-10T14:42:17,023","container":"7965dbe76a4e","level":"INFO","thread":"BftProcessorExecutor-QBFT-0","class":"QbftBesuControllerBuilder","message":"Produced #378 / 0 tx / 0 pending / 0 (0.0%) gas / (0x1d2ed1fcc1dacbeddf8cf05971d0b9eb0dfd140492fa937e3b721f6ca7cd660d)","throwable":""}
{"timestamp":"2025-09-10T14:42:17,024","container":"7965dbe76a4e","level":"INFO","thread":"EthScheduler-Workers-0","class":"PersistBlockTask","message":"Block 378 (0x1d2ed1fcc1dacbeddf8cf05971d0b9eb0dfd140492fa937e3b721f6ca7cd660d) is already imported","throwable":""}
{"timestamp":"2025-09-10T14:42:25,016","container":"7965dbe76a4e","level":"INFO","thread":"BftProcessorExecutor-QBFT-0","class":"QbftBesuControllerBuilder","message":"Imported #379 / 0 tx / 0 pending / 0 (0.0%) gas / (0x108ac27aadff4949e6bf4552ddb6a79c32a226b4fead495d190f6a28374873d5)","throwable":""}
{"timestamp":"2025-09-10T14:42:33,021","container":"7965dbe76a4e","level":"INFO","thread":"BftProcessorExecutor-QBFT-0","class":"QbftBesuControllerBuilder","message":"Imported #380 / 0 tx / 0 pending / 0 (0.0%) gas / (0xf1b85e0f6d7b6f42fcf9fedd138ee37f13503b97e801e995d81da4bc523ed4ae)","throwable":""}
{"timestamp":"2025-09-10T14:42:41,021","container":"7965dbe76a4e","level":"INFO","thread":"BftProcessorExecutor-QBFT-0","class":"QbftBesuControllerBuilder","message":"Imported #381 / 0 tx / 0 pending / 0 (0.0%) gas / (0x3cd60d038e39d0e75d00a96df2a0c29c6939e52443f10fef266268603224b699)","throwable":""}
{"timestamp":"2025-09-10T14:42:49,019","container":"7965dbe76a4e","level":"INFO","thread":"BftProcessorExecutor-QBFT-0","class":"QbftBesuControllerBuilder","message":"Produced #382 / 0 tx / 0 pending / 0 (0.0%) gas / (0x707126e2e804146156adebb87943fc43c94cab00d347a6a45caa91c4c4bce6ee)","throwable":""}
{"timestamp":"2025-09-10T14:42:57,024","container":"7965dbe76a4e","level":"INFO","thread":"BftProcessorExecutor-QBFT-0","class":"QbftBesuControllerBuilder","message":"Imported #383 / 0 tx / 0 pending / 0 (0.0%) gas / (0x720cc9bf4fdc99081ef894a6b50f9a0a03a138c8360b582f26adc01e900842e8)","throwable":""}
{"timestamp":"2025-09-10T14:43:05,041","container":"7965dbe76a4e","level":"INFO","thread":"BftProcessorExecutor-QBFT-0","class":"QbftBesuControllerBuilder","message":"Imported #384 / 0 tx / 0 pending / 0 (0.0%) gas / (0x4040665a57b66969a712a98c8de596d567b808e43821d3dcd9f8bf0cb1b06b16)","throwable":""}
{"timestamp":"2025-09-10T14:43:13,019","container":"7965dbe76a4e","level":"INFO","thread":"BftProcessorExecutor-QBFT-0","class":"QbftBesuControllerBuilder","message":"Imported #385 / 0 tx / 0 pending / 0 (0.0%) gas / (0x13b480011eb815bb9c93efd36cc0d1c822a742044f162e508139bb0b5f3c4570)","throwable":""}
{"timestamp":"2025-09-10T14:43:13,020","container":"7965dbe76a4e","level":"INFO","thread":"EthScheduler-Workers-0","class":"PersistBlockTask","message":"Block 385 (0x13b480011eb815bb9c93efd36cc0d1c822a742044f162e508139bb0b5f3c4570) is already imported","throwable":""}
{"timestamp":"2025-09-10T14:43:21,037","container":"7965dbe76a4e","level":"INFO","thread":"BftProcessorExecutor-QBFT-0","class":"QbftBesuControllerBuilder","message":"Produced #386 / 0 tx / 0 pending / 0 (0.0%) gas / (0xa53929285ebbf35fdec9cf5d0cfb6c166b0f8ba8c06efdbc02de54cbe5ff3c03)","throwable":""}
{"timestamp":"2025-09-10T14:43:29,019","container":"7965dbe76a4e","level":"INFO","thread":"BftProcessorExecutor-QBFT-0","class":"QbftBesuControllerBuilder","message":"Imported #387 / 0 tx / 0 pending / 0 (0.0%) gas / (0x863027d5979f976cd5b5d2a2eb804416b40d304dfd210290c8c4e26ef3f58c85)","throwable":""}
{"timestamp":"2025-09-10T14:43:37,026","container":"7965dbe76a4e","level":"INFO","thread":"EthScheduler-Workers-0","class":"PersistBlockTask","message":"Imported #388 / 0 tx / 0 om / 0 (0.0%) gas / (0xe50b6b16101a9633c483c5e4f1dc2a7069a77e395b63bfad24fc87ec92294002) in 0.001s. Peers: 5","throwable":""}
{"timestamp":"2025-09-10T14:43:45,011","container":"7965dbe76a4e","level":"INFO","thread":"BftProcessorExecutor-QBFT-0","class":"QbftBesuControllerBuilder","message":"Imported #389 / 0 tx / 0 pending / 0 (0.0%) gas / (0x8f6bf3e4c5a46dc61ec1f80ce37c84b47343b55010295f35f999e892be82a9f4)","throwable":""}
{"timestamp":"2025-09-10T14:43:53,023","container":"7965dbe76a4e","level":"INFO","thread":"BftProcessorExecutor-QBFT-0","class":"QbftBesuControllerBuilder","message":"Produced #390 / 0 tx / 0 pending / 0 (0.0%) gas / (0x779c9c3f00eef7a7cecc7ebd31d36d8956ff1569c4faa31857a8e1a67efc5584)","throwable":""}
{"timestamp":"2025-09-10T14:44:01,025","container":"7965dbe76a4e","level":"INFO","thread":"BftProcessorExecutor-QBFT-0","class":"QbftBesuControllerBuilder","message":"Imported #391 / 0 tx / 0 pending / 0 (0.0%) gas / (0x5426d4bc1f1c4552a53daf087fb62baec9727750356bb8efee6d6f0e2d9ffc35)","throwable":""}
{"timestamp":"2025-09-10T14:44:09,020","container":"7965dbe76a4e","level":"INFO","thread":"BftProcessorExecutor-QBFT-0","class":"QbftBesuControllerBuilder","message":"Imported #392 / 0 tx / 0 pending / 0 (0.0%) gas / (0x5acf58461ee09fb3742e73392902832fdeac1762454625955f897decce9f043b)","throwable":""}
{"timestamp":"2025-09-10T14:44:17,040","container":"7965dbe76a4e","level":"INFO","thread":"BftProcessorExecutor-QBFT-0","class":"QbftBesuControllerBuilder","message":"Imported #393 / 0 tx / 0 pending / 0 (0.0%) gas / (0xa7811d52c729cd4590b725b0af04838e6efea5c4ce3dc448d9120361399289fa)","throwable":""}
{"timestamp":"2025-09-10T14:44:25,022","container":"7965dbe76a4e","level":"INFO","thread":"BftProcessorExecutor-QBFT-0","class":"QbftBesuControllerBuilder","message":"Produced #394 / 0 tx / 0 pending / 0 (0.0%) gas / (0x981090f27b31d56451b8c3283ebb82431642e83fba906631c330f81366458a4b)","throwable":""}
{"timestamp":"2025-09-10T14:44:33,016","container":"7965dbe76a4e","level":"INFO","thread":"BftProcessorExecutor-QBFT-0","class":"QbftBesuControllerBuilder","message":"Imported #395 / 0 tx / 0 pending / 0 (0.0%) gas / (0xb64039eac6af78526255ca785a4e86e5985356da35eb9fb36633be2c70858b71)","throwable":""}
{"timestamp":"2025-09-10T14:44:41,024","container":"7965dbe76a4e","level":"INFO","thread":"BftProcessorExecutor-QBFT-0","class":"QbftBesuControllerBuilder","message":"Imported #396 / 0 tx / 0 pending / 0 (0.0%) gas / (0xeb0fd41355b92adeb2780d9f042db2acc2b3a04e6482ce80e9e833ea3a10b5bf)","throwable":""}
{"timestamp":"2025-09-10T14:44:49,018","container":"7965dbe76a4e","level":"INFO","thread":"BftProcessorExecutor-QBFT-0","class":"QbftBesuControllerBuilder","message":"Imported #397 / 0 tx / 0 pending / 0 (0.0%) gas / (0xcd391269f8774963a9b971aaa25ac95a9701ec6fc07447351b96526683d16255)","throwable":""}
{"timestamp":"2025-09-10T14:44:57,019","container":"7965dbe76a4e","level":"INFO","thread":"BftProcessorExecutor-QBFT-0","class":"QbftBesuControllerBuilder","message":"Produced #398 / 0 tx / 0 pending / 0 (0.0%) gas / (0x6ce906c7bf324f6134e42d4e103228ffced04637e8e7070ff60637451dab4533)","throwable":""}
{"timestamp":"2025-09-10T14:45:05,016","container":"7965dbe76a4e","level":"INFO","thread":"BftProcessorExecutor-QBFT-0","class":"QbftBesuControllerBuilder","message":"Imported #399 / 0 tx / 0 pending / 0 (0.0%) gas / (0x31211f472122d13d6d101cef31ef8ed3a30ddb84d474f175dca6d424621748b6)","throwable":""}
{"timestamp":"2025-09-10T14:45:13,017","container":"7965dbe76a4e","level":"INFO","thread":"BftProcessorExecutor-QBFT-0","class":"QbftBesuControllerBuilder","message":"Imported #400 / 0 tx / 0 pending / 0 (0.0%) gas / (0xf00c9ff9c7a385de921ba9c51b39f5e5e1899a5372630a8e4c3599779d27f8c1)","throwable":""}
{"timestamp":"2025-09-10T14:45:21,017","container":"7965dbe76a4e","level":"INFO","thread":"BftProcessorExecutor-QBFT-0","class":"QbftBesuControllerBuilder","message":"Imported #401 / 0 tx / 0 pending / 0 (0.0%) gas / (0xc90af6c4eb9bf9a55ebbc98b7675a2e0b77abc12928c14dc1903bac183ee6d42)","throwable":""}
{"timestamp":"2025-09-10T14:45:29,019","container":"7965dbe76a4e","level":"INFO","thread":"BftProcessorExecutor-QBFT-0","class":"QbftBesuControllerBuilder","message":"Produced #402 / 0 tx / 0 pending / 0 (0.0%) gas / (0x72137e934a2c7b09718a250b95497b3777c45d0212e9cfec32b539c0b890a006)","throwable":""}
{"timestamp":"2025-09-10T14:45:37,017","container":"7965dbe76a4e","level":"INFO","thread":"BftProcessorExecutor-QBFT-0","class":"QbftBesuControllerBuilder","message":"Imported #403 / 0 tx / 0 pending / 0 (0.0%) gas / (0x6848819d94f3d3d1824c570b23ef470f8192e7db68e2ab3dbc0c8d4e76bbee8e)","throwable":""}
{"timestamp":"2025-09-10T14:45:45,014","container":"7965dbe76a4e","level":"INFO","thread":"BftProcessorExecutor-QBFT-0","class":"QbftBesuControllerBuilder","message":"Imported #404 / 0 tx / 0 pending / 0 (0.0%) gas / (0x00fe20d7dc6dd88c8d7fc0e5097b8010599d169fa915025e322d6738ec4c2f90)","throwable":""}
{"timestamp":"2025-09-10T14:45:53,020","container":"7965dbe76a4e","level":"INFO","thread":"BftProcessorExecutor-QBFT-0","class":"QbftBesuControllerBuilder","message":"Imported #405 / 0 tx / 0 pending / 0 (0.0%) gas / (0x1630834ebcbae3ee161e53eb207ce1a2709d577f9d9add2781ea7f98181a0918)","throwable":""}
{"timestamp":"2025-09-10T14:46:01,021","container":"7965dbe76a4e","level":"INFO","thread":"BftProcessorExecutor-QBFT-0","class":"QbftBesuControllerBuilder","message":"Produced #406 / 0 tx / 0 pending / 0 (0.0%) gas / (0xf0d66dd7a4cb75ccb3c3e34fa4a4c1f030ad314beace05b47c3b8a6720882576)","throwable":""}
{"timestamp":"2025-09-10T14:46:09,021","container":"7965dbe76a4e","level":"INFO","thread":"BftProcessorExecutor-QBFT-0","class":"QbftBesuControllerBuilder","message":"Imported #407 / 0 tx / 0 pending / 0 (0.0%) gas / (0xdd8a11f015176199dc9c0b5d094c998c52860f1e0f975775c43082eaf8542194)","throwable":""}
{"timestamp":"2025-09-10T14:46:17,022","container":"7965dbe76a4e","level":"INFO","thread":"EthScheduler-Workers-0","class":"PersistBlockTask","message":"Imported #408 / 0 tx / 0 om / 0 (0.0%) gas / (0x944fb79dd550581235fb823fb5364275b58ac9c8e7bb900e60db78995275d862) in 0.001s. Peers: 5","throwable":""}
{"timestamp":"2025-09-10T14:46:17,025","container":"7965dbe76a4e","level":"INFO","thread":"BftProcessorExecutor-QBFT-0","class":"QbftBesuControllerBuilder","message":"Imported #408 / 0 tx / 0 pending / 0 (0.0%) gas / (0x944fb79dd550581235fb823fb5364275b58ac9c8e7bb900e60db78995275d862)","throwable":""}
{"timestamp":"2025-09-10T14:46:25,039","container":"7965dbe76a4e","level":"INFO","thread":"EthScheduler-Workers-0","class":"PersistBlockTask","message":"Imported #409 / 0 tx / 0 om / 0 (0.0%) gas / (0x05e2a9b7ced6bb172dfa8fa870df408a4d1340626204412124098a0d8db56d8a) in 0.014s. Peers: 5","throwable":""}
{"timestamp":"2025-09-10T14:46:33,017","container":"7965dbe76a4e","level":"INFO","thread":"BftProcessorExecutor-QBFT-0","class":"QbftBesuControllerBuilder","message":"Produced #410 / 0 tx / 0 pending / 0 (0.0%) gas / (0x12dd347fbc58c5253a4028720e694907ed8208c61ba54c27d9cbcffac5fafd57)","throwable":""}
{"timestamp":"2025-09-10T14:46:41,027","container":"7965dbe76a4e","level":"INFO","thread":"BftProcessorExecutor-QBFT-0","class":"QbftBesuControllerBuilder","message":"Imported #411 / 0 tx / 0 pending / 0 (0.0%) gas / (0x132d1723577efef0fafa53038ed1e219550c5b4877546d81c99c3a548b51f94e)","throwable":""}
{"timestamp":"2025-09-10T14:46:49,042","container":"7965dbe76a4e","level":"INFO","thread":"BftProcessorExecutor-QBFT-0","class":"QbftBesuControllerBuilder","message":"Imported #412 / 0 tx / 0 pending / 0 (0.0%) gas / (0xb40cc5807e77d5a5d266626c963cbbe7f13e77702906cb5831e8e4b31798c28e)","throwable":""}
{"timestamp":"2025-09-10T14:48:12,235","container":"7965dbe76a4e","level":"INFO","thread":"BftProcessorExecutor-QBFT-0","class":"QbftBesuControllerBuilder","message":"Imported #413 / 0 tx / 0 pending / 0 (0.0%) gas / (0x3f3fa5851f460b34859f1f41edd308356b1953989e34a56e8b9a42fad8d8c2e8)","throwable":""}
{"timestamp":"2025-09-10T14:48:20,024","container":"7965dbe76a4e","level":"INFO","thread":"EthScheduler-Workers-0","class":"PersistBlockTask","message":"Block 414 (0xf965e2473cb8b3fd413c30f6b29755c2e6267bb74ee4b790cf6672783d3da24a) is already imported","throwable":""}
{"timestamp":"2025-09-10T14:48:20,024","container":"7965dbe76a4e","level":"INFO","thread":"BftProcessorExecutor-QBFT-0","class":"QbftBesuControllerBuilder","message":"Produced #414 / 0 tx / 0 pending / 0 (0.0%) gas / (0xf965e2473cb8b3fd413c30f6b29755c2e6267bb74ee4b790cf6672783d3da24a)","throwable":""}
{"timestamp":"2025-09-10T14:48:28,021","container":"7965dbe76a4e","level":"INFO","thread":"BftProcessorExecutor-QBFT-0","class":"QbftBesuControllerBuilder","message":"Imported #415 / 0 tx / 0 pending / 0 (0.0%) gas / (0xa27f121fdae88ce70cac1a4fd70ff8e9338a1ac7fe58b3d77dbb9f015dd0d255)","throwable":""}
{"timestamp":"2025-09-10T14:48:36,036","container":"7965dbe76a4e","level":"INFO","thread":"BftProcessorExecutor-QBFT-0","class":"QbftBesuControllerBuilder","message":"Imported #416 / 0 tx / 0 pending / 0 (0.0%) gas / (0x79125018dea3b06bcf9715fafc7160ee36dfccd3d64bfff7f5614ee37f365053)","throwable":""}
{"timestamp":"2025-09-10T14:48:44,035","container":"7965dbe76a4e","level":"INFO","thread":"EthScheduler-Workers-0","class":"PersistBlockTask","message":"Block 417 (0x61ba6be4063198bbffe930055bb15ddc61c999eb6332a168e752f47c78951c6d) is already imported","throwable":""}
{"timestamp":"2025-09-10T14:48:44,037","container":"7965dbe76a4e","level":"INFO","thread":"BftProcessorExecutor-QBFT-0","class":"QbftBesuControllerBuilder","message":"Imported #417 / 0 tx / 0 pending / 0 (0.0%) gas / (0x61ba6be4063198bbffe930055bb15ddc61c999eb6332a168e752f47c78951c6d)","throwable":""}
{"timestamp":"2025-09-10T14:48:52,025","container":"7965dbe76a4e","level":"INFO","thread":"EthScheduler-Workers-0","class":"PersistBlockTask","message":"Block 418 (0xbfbbcb0f27edbd5701c76c47ff5aa3979f5d82b9d14695fb851090684b34eed4) is already imported","throwable":""}
{"timestamp":"2025-09-10T14:48:52,026","container":"7965dbe76a4e","level":"INFO","thread":"BftProcessorExecutor-QBFT-0","class":"QbftBesuControllerBuilder","message":"Produced #418 / 0 tx / 0 pending / 0 (0.0%) gas / (0xbfbbcb0f27edbd5701c76c47ff5aa3979f5d82b9d14695fb851090684b34eed4)","throwable":""}
{"timestamp":"2025-09-10T14:49:00,041","container":"7965dbe76a4e","level":"INFO","thread":"EthScheduler-Workers-0","class":"PersistBlockTask","message":"Block 419 (0x6f7fff6490026aab5d4ccb8ff29f7436fdaf8708d5f326ccabdf13c9a30ca5b0) is already imported","throwable":""}
{"timestamp":"2025-09-10T14:49:00,049","container":"7965dbe76a4e","level":"INFO","thread":"BftProcessorExecutor-QBFT-0","class":"QbftBesuControllerBuilder","message":"Imported #419 / 0 tx / 0 pending / 0 (0.0%) gas / (0x6f7fff6490026aab5d4ccb8ff29f7436fdaf8708d5f326ccabdf13c9a30ca5b0)","throwable":""}
{"timestamp":"2025-09-10T14:49:08,021","container":"7965dbe76a4e","level":"INFO","thread":"BftProcessorExecutor-QBFT-0","class":"QbftBesuControllerBuilder","message":"Imported #420 / 0 tx / 0 pending / 0 (0.0%) gas / (0x9da56c45f4d61eca10209182697e4be6aa42f72aba33bbae40433751812759a0)","throwable":""}
{"timestamp":"2025-09-10T14:49:16,016","container":"7965dbe76a4e","level":"INFO","thread":"BftProcessorExecutor-QBFT-0","class":"QbftBesuControllerBuilder","message":"Imported #421 / 0 tx / 0 pending / 0 (0.0%) gas / (0x5bffcefdd8ab5cfe008b09b73d72b75d713be9d9767b7dd6f68379b8febcef29)","throwable":""}
{"timestamp":"2025-09-10T14:49:24,039","container":"7965dbe76a4e","level":"INFO","thread":"BftProcessorExecutor-QBFT-0","class":"QbftBesuControllerBuilder","message":"Produced #422 / 0 tx / 0 pending / 0 (0.0%) gas / (0xeaf336153d265868bf4749dcbaeaa927fec33d7298c2e00f5a013f356608c59c)","throwable":""}
{"timestamp":"2025-09-10T14:49:32,022","container":"7965dbe76a4e","level":"INFO","thread":"BftProcessorExecutor-QBFT-0","class":"QbftBesuControllerBuilder","message":"Imported #423 / 0 tx / 0 pending / 0 (0.0%) gas / (0xce16f6efdae1694a1426e0fa2453831a560f3de0469756235e370121eaa95c16)","throwable":""}
{"timestamp":"2025-09-10T14:49:40,012","container":"7965dbe76a4e","level":"INFO","thread":"BftProcessorExecutor-QBFT-0","class":"QbftBesuControllerBuilder","message":"Imported #424 / 0 tx / 0 pending / 0 (0.0%) gas / (0xf2fb2838bbe99164d7d9a73d2196cab053c2e930695a0cabe48eccc375764dcf)","throwable":""}
{"timestamp":"2025-09-10T14:49:40,012","container":"7965dbe76a4e","level":"INFO","thread":"EthScheduler-Workers-0","class":"PersistBlockTask","message":"Block 424 (0xf2fb2838bbe99164d7d9a73d2196cab053c2e930695a0cabe48eccc375764dcf) is already imported","throwable":""}
{"timestamp":"2025-09-10T14:49:48,015","container":"7965dbe76a4e","level":"INFO","thread":"BftProcessorExecutor-QBFT-0","class":"QbftBesuControllerBuilder","message":"Imported #425 / 0 tx / 0 pending / 0 (0.0%) gas / (0x8eee851fe8c0f2fedb26fc11ebaa53432773091801e1074c08391b4772540344)","throwable":""}
{"timestamp":"2025-09-10T14:49:48,016","container":"7965dbe76a4e","level":"INFO","thread":"EthScheduler-Workers-0","class":"PersistBlockTask","message":"Block 425 (0x8eee851fe8c0f2fedb26fc11ebaa53432773091801e1074c08391b4772540344) is already imported","throwable":""}
{"timestamp":"2025-09-10T14:49:56,022","container":"7965dbe76a4e","level":"INFO","thread":"BftProcessorExecutor-QBFT-0","class":"QbftBesuControllerBuilder","message":"Produced #426 / 0 tx / 0 pending / 0 (0.0%) gas / (0xbd1c092750fe56208cc9f2be55afeb47c313675a42f3d72c8e7286849c2fddea)","throwable":""}
{"timestamp":"2025-09-10T14:49:56,023","container":"7965dbe76a4e","level":"INFO","thread":"EthScheduler-Workers-0","class":"PersistBlockTask","message":"Imported #426 / 0 tx / 0 om / 0 (0.0%) gas / (0xbd1c092750fe56208cc9f2be55afeb47c313675a42f3d72c8e7286849c2fddea) in 0.001s. Peers: 5","throwable":""}
{"timestamp":"2025-09-10T14:50:04,032","container":"7965dbe76a4e","level":"INFO","thread":"BftProcessorExecutor-QBFT-0","class":"QbftBesuControllerBuilder","message":"Imported #427 / 0 tx / 0 pending / 0 (0.0%) gas / (0xd6c7d713ba7e655908b20a0f59253ba00a77c6f1b742029c701446debed20ebb)","throwable":""}
{"timestamp":"2025-09-10T14:50:12,022","container":"7965dbe76a4e","level":"INFO","thread":"BftProcessorExecutor-QBFT-0","class":"QbftBesuControllerBuilder","message":"Imported #428 / 0 tx / 0 pending / 0 (0.0%) gas / (0x8b1925ac6c34ab9f29aaa626c370f2d6b3340cdbde1e471f8e4cbf82e4067f21)","throwable":""}
{"timestamp":"2025-09-10T14:50:20,028","container":"7965dbe76a4e","level":"INFO","thread":"BftProcessorExecutor-QBFT-0","class":"QbftBesuControllerBuilder","message":"Imported #429 / 0 tx / 0 pending / 0 (0.0%) gas / (0x9638f60da24ca8b4550ac033762cb4e9895c756577f7b71a4278a7a5d72ab1d3)","throwable":""}
{"timestamp":"2025-09-10T14:50:20,028","container":"7965dbe76a4e","level":"INFO","thread":"EthScheduler-Workers-0","class":"PersistBlockTask","message":"Block 429 (0x9638f60da24ca8b4550ac033762cb4e9895c756577f7b71a4278a7a5d72ab1d3) is already imported","throwable":""}
{"timestamp":"2025-09-10T14:50:28,020","container":"7965dbe76a4e","level":"INFO","thread":"BftProcessorExecutor-QBFT-0","class":"QbftBesuControllerBuilder","message":"Produced #430 / 0 tx / 0 pending / 0 (0.0%) gas / (0xe0b7a14991df54eb89f27584dbb968393362140591e09ad9d38bd119a5bc4c26)","throwable":""}
{"timestamp":"2025-09-10T14:50:36,016","container":"7965dbe76a4e","level":"INFO","thread":"BftProcessorExecutor-QBFT-0","class":"QbftBesuControllerBuilder","message":"Imported #431 / 0 tx / 0 pending / 0 (0.0%) gas / (0x16558b4e9197a6556bf1ef213a809116c1e71702502a37679dbc693d86fecb3e)","throwable":""}
{"timestamp":"2025-09-10T14:50:44,025","container":"7965dbe76a4e","level":"INFO","thread":"BftProcessorExecutor-QBFT-0","class":"QbftBesuControllerBuilder","message":"Imported #432 / 0 tx / 0 pending / 0 (0.0%) gas / (0x55a24c2d431dda57f330a204b5d98174dcc14662570b50fc306ec89410f078ab)","throwable":""}
{"timestamp":"2025-09-10T14:50:44,028","container":"7965dbe76a4e","level":"INFO","thread":"EthScheduler-Workers-0","class":"PersistBlockTask","message":"Block 432 (0x55a24c2d431dda57f330a204b5d98174dcc14662570b50fc306ec89410f078ab) is already imported","throwable":""}
{"timestamp":"2025-09-10T14:50:52,021","container":"7965dbe76a4e","level":"INFO","thread":"BftProcessorExecutor-QBFT-0","class":"QbftBesuControllerBuilder","message":"Imported #433 / 0 tx / 0 pending / 0 (0.0%) gas / (0x4d18db5b78eacdf4c3c7985ade6861893ec923de98e9686092dbc7c93d084967)","throwable":""}
{"timestamp":"2025-09-10T14:51:00,030","container":"7965dbe76a4e","level":"INFO","thread":"BftProcessorExecutor-QBFT-0","class":"QbftBesuControllerBuilder","message":"Produced #434 / 0 tx / 0 pending / 0 (0.0%) gas / (0x900109dfcec1d021957f8af939922d9a74b7ec5a6c222a623a30e1582ce257af)","throwable":""}
{"timestamp":"2025-09-10T14:51:08,012","container":"7965dbe76a4e","level":"INFO","thread":"BftProcessorExecutor-QBFT-0","class":"QbftBesuControllerBuilder","message":"Imported #435 / 0 tx / 0 pending / 0 (0.0%) gas / (0x8351c5b7b730b83298c951a953b19766d77cbfea573fb4791ca96d390de2c33a)","throwable":""}
{"timestamp":"2025-09-10T14:51:16,018","container":"7965dbe76a4e","level":"INFO","thread":"BftProcessorExecutor-QBFT-0","class":"QbftBesuControllerBuilder","message":"Imported #436 / 0 tx / 0 pending / 0 (0.0%) gas / (0xda9c7d5531c72b869a409f074f8bb1963b8ffafc6f2a5270641353c1382e939e)","throwable":""}
{"timestamp":"2025-09-10T14:51:24,016","container":"7965dbe76a4e","level":"INFO","thread":"BftProcessorExecutor-QBFT-0","class":"QbftBesuControllerBuilder","message":"Imported #437 / 0 tx / 0 pending / 0 (0.0%) gas / (0x096a1bea8d88cdde4e6ed5e0f67902f71ecb4037b656f1ee95ba3e0dccf70c7d)","throwable":""}
{"timestamp":"2025-09-10T14:51:32,028","container":"7965dbe76a4e","level":"INFO","thread":"BftProcessorExecutor-QBFT-0","class":"QbftBesuControllerBuilder","message":"Produced #438 / 0 tx / 0 pending / 0 (0.0%) gas / (0x5dbcc1a93a11812ff3842529dda26f29acf926ba49c8c89d793636d1cd997ddd)","throwable":""}
{"timestamp":"2025-09-10T14:51:40,018","container":"7965dbe76a4e","level":"INFO","thread":"BftProcessorExecutor-QBFT-0","class":"QbftBesuControllerBuilder","message":"Imported #439 / 0 tx / 0 pending / 0 (0.0%) gas / (0xba7960e648030a954b3061fd933bc3b4856a89c3fc2e572baf74080689c26a2d)","throwable":""}
{"timestamp":"2025-09-10T14:51:48,020","container":"7965dbe76a4e","level":"INFO","thread":"BftProcessorExecutor-QBFT-0","class":"QbftBesuControllerBuilder","message":"Imported #440 / 0 tx / 0 pending / 0 (0.0%) gas / (0x72476f1a31c8160f0a753a025c9a2ace8a5bce65c1092a06093b4e5b0cf08e0c)","throwable":""}
{"timestamp":"2025-09-10T14:51:48,025","container":"7965dbe76a4e","level":"INFO","thread":"EthScheduler-Workers-0","class":"PersistBlockTask","message":"Block 440 (0x72476f1a31c8160f0a753a025c9a2ace8a5bce65c1092a06093b4e5b0cf08e0c) is already imported","throwable":""}
{"timestamp":"2025-09-10T14:51:56,022","container":"7965dbe76a4e","level":"INFO","thread":"EthScheduler-Workers-0","class":"PersistBlockTask","message":"Imported #441 / 0 tx / 0 om / 0 (0.0%) gas / (0xb647d6927bfccae52aae24fc863fb84827e3cd3ef03c0c6a94729f5e6aace528) in 0.007s. Peers: 5","throwable":""}
{"timestamp":"2025-09-10T14:52:04,023","container":"7965dbe76a4e","level":"INFO","thread":"BftProcessorExecutor-QBFT-0","class":"QbftBesuControllerBuilder","message":"Produced #442 / 0 tx / 0 pending / 0 (0.0%) gas / (0x811cba5ad77e060885179b91828a205f601cb9b77b23fdd93e3f66e62e730c04)","throwable":""}
{"timestamp":"2025-09-10T14:52:12,084","container":"7965dbe76a4e","level":"INFO","thread":"BftProcessorExecutor-QBFT-0","class":"QbftBesuControllerBuilder","message":"Imported #443 / 0 tx / 0 pending / 0 (0.0%) gas / (0x07aaed40d634209b59d3ba3f4496c2dff7ffe93921a9b19c068ef3e402771269)","throwable":""}
{"timestamp":"2025-09-10T16:27:37,899","container":"7965dbe76a4e","level":"INFO","thread":"EthScheduler-Workers-0","class":"PersistBlockTask","message":"Imported #444 / 0 tx / 0 om / 0 (0.0%) gas / (0xc8350e54c82c9aa75a4f45fafeb3f88e64604b5f05bf008c74e2c42bd9439d45) in 0.002s. Peers: 5","throwable":""}
{"timestamp":"2025-09-10T16:27:46,011","container":"7965dbe76a4e","level":"INFO","thread":"BftProcessorExecutor-QBFT-0","class":"QbftBesuControllerBuilder","message":"Imported #445 / 0 tx / 0 pending / 0 (0.0%) gas / (0x76317dc289f133a5d2d7d8af571ae8c752ac4618b831b0e9f8e57ba35dbfb21d)","throwable":""}
{"timestamp":"2025-09-10T16:27:54,017","container":"7965dbe76a4e","level":"INFO","thread":"BftProcessorExecutor-QBFT-0","class":"QbftBesuControllerBuilder","message":"Produced #446 / 0 tx / 0 pending / 0 (0.0%) gas / (0x4d8110401196dc0057c4571dd3a4bede479042235d91b0c1c9e29dc0ea3f5ad7)","throwable":""}
{"timestamp":"2025-09-10T16:28:02,010","container":"7965dbe76a4e","level":"INFO","thread":"BftProcessorExecutor-QBFT-0","class":"QbftBesuControllerBuilder","message":"Imported #447 / 0 tx / 0 pending / 0 (0.0%) gas / (0xb85e840f4c42f3ec5bb1f44d3f9d9afeac77d1d7e60321d70060ebc982568799)","throwable":""}
{"timestamp":"2025-09-10T16:28:10,018","container":"7965dbe76a4e","level":"INFO","thread":"BftProcessorExecutor-QBFT-0","class":"QbftBesuControllerBuilder","message":"Imported #448 / 0 tx / 0 pending / 0 (0.0%) gas / (0x961b56432acd1462d9c235657f4af00857dc1353ffc5125683c5ef8e46019c25)","throwable":""}
{"timestamp":"2025-09-10T16:28:18,008","container":"7965dbe76a4e","level":"INFO","thread":"BftProcessorExecutor-QBFT-0","class":"QbftBesuControllerBuilder","message":"Imported #449 / 0 tx / 0 pending / 0 (0.0%) gas / (0xcc9b586284402d5cc395dfa7c417014fc5b90b8a6eada7efcefe85d3eea38c8d)","throwable":""}
{"timestamp":"2025-09-10T16:28:26,029","container":"7965dbe76a4e","level":"INFO","thread":"BftProcessorExecutor-QBFT-0","class":"QbftBesuControllerBuilder","message":"Produced #450 / 0 tx / 0 pending / 0 (0.0%) gas / (0x8fc4218e1253345bed7421c80853d2a1c2e59267ac3a55d6c59ae1acc5e0183a)","throwable":""}
{"timestamp":"2025-09-10T16:28:26,029","container":"7965dbe76a4e","level":"INFO","thread":"EthScheduler-Workers-0","class":"PersistBlockTask","message":"Block 450 (0x8fc4218e1253345bed7421c80853d2a1c2e59267ac3a55d6c59ae1acc5e0183a) is already imported","throwable":""}
{"timestamp":"2025-09-10T16:28:34,011","container":"7965dbe76a4e","level":"INFO","thread":"BftProcessorExecutor-QBFT-0","class":"QbftBesuControllerBuilder","message":"Imported #451 / 0 tx / 0 pending / 0 (0.0%) gas / (0xf7b6df00d949c24152c26baafd0b7882c3c5d22c051308271059362fe9c11b2e)","throwable":""}
{"timestamp":"2025-09-10T16:28:42,020","container":"7965dbe76a4e","level":"INFO","thread":"BftProcessorExecutor-QBFT-0","class":"QbftBesuControllerBuilder","message":"Imported #452 / 0 tx / 0 pending / 0 (0.0%) gas / (0x303ee1d062df6caca6412fbaf022aecd0217c61b1e2e2a5a12310ff66f85bc11)","throwable":""}
{"timestamp":"2025-09-10T16:28:50,016","container":"7965dbe76a4e","level":"INFO","thread":"BftProcessorExecutor-QBFT-0","class":"QbftBesuControllerBuilder","message":"Imported #453 / 0 tx / 0 pending / 0 (0.0%) gas / (0xa405b88e8210277effdcee32239d7ff89aa03041d5d745f4ff566d07e0008cab)","throwable":""}
{"timestamp":"2025-09-10T16:28:58,015","container":"7965dbe76a4e","level":"INFO","thread":"BftProcessorExecutor-QBFT-0","class":"QbftBesuControllerBuilder","message":"Produced #454 / 0 tx / 0 pending / 0 (0.0%) gas / (0xcb02d53fde66cf97e4dc32b2d40f70044f1c295a0a7e7a185f3d5f9f84ba4a5c)","throwable":""}
{"timestamp":"2025-09-10T16:28:58,015","container":"7965dbe76a4e","level":"INFO","thread":"EthScheduler-Workers-0","class":"PersistBlockTask","message":"Block 454 (0xcb02d53fde66cf97e4dc32b2d40f70044f1c295a0a7e7a185f3d5f9f84ba4a5c) is already imported","throwable":""}
{"timestamp":"2025-09-10T16:29:06,012","container":"7965dbe76a4e","level":"INFO","thread":"BftProcessorExecutor-QBFT-0","class":"QbftBesuControllerBuilder","message":"Imported #455 / 0 tx / 0 pending / 0 (0.0%) gas / (0x3246ae4a08e4abc0e092e47462b830d58105ced048f9f3caa47c4f75f121b73b)","throwable":""}
{"timestamp":"2025-09-10T16:29:14,021","container":"7965dbe76a4e","level":"INFO","thread":"BftProcessorExecutor-QBFT-0","class":"QbftBesuControllerBuilder","message":"Imported #456 / 0 tx / 0 pending / 0 (0.0%) gas / (0x5031702bd92b47e65df69ba2e98e31fa14aec010e588b10d8275bdacdf3bfd47)","throwable":""}
{"timestamp":"2025-09-10T16:29:14,021","container":"7965dbe76a4e","level":"INFO","thread":"EthScheduler-Workers-0","class":"PersistBlockTask","message":"Block 456 (0x5031702bd92b47e65df69ba2e98e31fa14aec010e588b10d8275bdacdf3bfd47) is already imported","throwable":""}
{"timestamp":"2025-09-10T16:29:22,013","container":"7965dbe76a4e","level":"INFO","thread":"BftProcessorExecutor-QBFT-0","class":"QbftBesuControllerBuilder","message":"Imported #457 / 0 tx / 0 pending / 0 (0.0%) gas / (0x8532b4ec24bd52c8898aaeeb8e03300e9f46f70a3c5a37c946056c7e69e1271a)","throwable":""}
{"timestamp":"2025-09-10T16:29:30,013","container":"7965dbe76a4e","level":"INFO","thread":"BftProcessorExecutor-QBFT-0","class":"QbftBesuControllerBuilder","message":"Produced #458 / 0 tx / 0 pending / 0 (0.0%) gas / (0x4e10c7e663ba02bb3c6fb1177ebac40d6d658bbb908f3053371a53ef4f31d1ce)","throwable":""}
{"timestamp":"2025-09-10T16:29:38,013","container":"7965dbe76a4e","level":"INFO","thread":"BftProcessorExecutor-QBFT-0","class":"QbftBesuControllerBuilder","message":"Imported #459 / 0 tx / 0 pending / 0 (0.0%) gas / (0x25a88c27f7059d211b4a4a66f5af874b56894b1df9610b4a5be0493dd7a7eebe)","throwable":""}
{"timestamp":"2025-09-10T16:29:46,023","container":"7965dbe76a4e","level":"INFO","thread":"BftProcessorExecutor-QBFT-0","class":"QbftBesuControllerBuilder","message":"Imported #460 / 0 tx / 0 pending / 0 (0.0%) gas / (0x5be260936182cd8d3c9268612e7150e6ee856bbe475778ed859a9a233deb2c06)","throwable":""}
{"timestamp":"2025-09-10T16:29:54,018","container":"7965dbe76a4e","level":"INFO","thread":"BftProcessorExecutor-QBFT-0","class":"QbftBesuControllerBuilder","message":"Imported #461 / 0 tx / 0 pending / 0 (0.0%) gas / (0x1af26a1e44bbc36aac8ee70a364a95cb67344fe17f6d40597779dbbd3b74b758)","throwable":""}
{"timestamp":"2025-09-10T16:30:02,028","container":"7965dbe76a4e","level":"INFO","thread":"BftProcessorExecutor-QBFT-0","class":"QbftBesuControllerBuilder","message":"Produced #462 / 0 tx / 0 pending / 0 (0.0%) gas / (0xd0ca2e8cff86782f743b679498ec523094a446e79acd65ed41a560ef74b8b8ea)","throwable":""}
{"timestamp":"2025-09-10T16:30:10,011","container":"7965dbe76a4e","level":"INFO","thread":"BftProcessorExecutor-QBFT-0","class":"QbftBesuControllerBuilder","message":"Imported #463 / 0 tx / 0 pending / 0 (0.0%) gas / (0x0b616504425049a6bcadf3f46b0f0fb6fb86a0d8ff1463b62dca20c6842edb0b)","throwable":""}
{"timestamp":"2025-09-10T16:30:18,016","container":"7965dbe76a4e","level":"INFO","thread":"BftProcessorExecutor-QBFT-0","class":"QbftBesuControllerBuilder","message":"Imported #464 / 0 tx / 0 pending / 0 (0.0%) gas / (0xf65ebf79618bca5ef6c911006920e8c88489ebd7df665fbc4bcdd71ffd4893ed)","throwable":""}
{"timestamp":"2025-09-10T16:30:26,017","container":"7965dbe76a4e","level":"INFO","thread":"EthScheduler-Workers-0","class":"PersistBlockTask","message":"Block 465 (0x36acd9bba13622313209bafa5c0e1a539007e1136aa9de111d731e1c519401a9) is already imported","throwable":""}
{"timestamp":"2025-09-10T16:30:26,018","container":"7965dbe76a4e","level":"INFO","thread":"BftProcessorExecutor-QBFT-0","class":"QbftBesuControllerBuilder","message":"Imported #465 / 0 tx / 0 pending / 0 (0.0%) gas / (0x36acd9bba13622313209bafa5c0e1a539007e1136aa9de111d731e1c519401a9)","throwable":""}
{"timestamp":"2025-09-10T16:30:34,022","container":"7965dbe76a4e","level":"INFO","thread":"BftProcessorExecutor-QBFT-0","class":"QbftBesuControllerBuilder","message":"Produced #466 / 0 tx / 0 pending / 0 (0.0%) gas / (0xa3bd67ab8c355bfdde8a7e0b500531578bf431fe7ec8b6a0403498b41683425f)","throwable":""}
{"timestamp":"2025-09-10T16:30:34,026","container":"7965dbe76a4e","level":"INFO","thread":"EthScheduler-Workers-0","class":"PersistBlockTask","message":"Block 466 (0xa3bd67ab8c355bfdde8a7e0b500531578bf431fe7ec8b6a0403498b41683425f) is already imported","throwable":""}
{"timestamp":"2025-09-10T16:30:42,017","container":"7965dbe76a4e","level":"INFO","thread":"BftProcessorExecutor-QBFT-0","class":"QbftBesuControllerBuilder","message":"Imported #467 / 0 tx / 0 pending / 0 (0.0%) gas / (0x9b15274d19e6a929058aed15eb5faf30fb9d085cb6732f5aa1cc23a364510cc8)","throwable":""}
{"timestamp":"2025-09-10T16:30:50,028","container":"7965dbe76a4e","level":"INFO","thread":"BftProcessorExecutor-QBFT-0","class":"QbftBesuControllerBuilder","message":"Imported #468 / 0 tx / 0 pending / 0 (0.0%) gas / (0x7e3a673a568a55ca84f0ed6eef75b54770606de667c8145139702d3b7ff37ed2)","throwable":""}
{"timestamp":"2025-09-10T16:30:50,029","container":"7965dbe76a4e","level":"INFO","thread":"EthScheduler-Workers-0","class":"PersistBlockTask","message":"Block 468 (0x7e3a673a568a55ca84f0ed6eef75b54770606de667c8145139702d3b7ff37ed2) is already imported","throwable":""}
{"timestamp":"2025-09-10T16:30:58,013","container":"7965dbe76a4e","level":"INFO","thread":"BftProcessorExecutor-QBFT-0","class":"QbftBesuControllerBuilder","message":"Imported #469 / 0 tx / 0 pending / 0 (0.0%) gas / (0xddb2bc2e54efc004c3742a64c66da6dea0df5b5cd4ae844e91b9c41a18c6cefb)","throwable":""}
{"timestamp":"2025-09-10T16:30:58,014","container":"7965dbe76a4e","level":"INFO","thread":"EthScheduler-Workers-0","class":"PersistBlockTask","message":"Block 469 (0xddb2bc2e54efc004c3742a64c66da6dea0df5b5cd4ae844e91b9c41a18c6cefb) is already imported","throwable":""}
{"timestamp":"2025-09-10T16:31:06,026","container":"7965dbe76a4e","level":"INFO","thread":"BftProcessorExecutor-QBFT-0","class":"QbftBesuControllerBuilder","message":"Produced #470 / 0 tx / 0 pending / 0 (0.0%) gas / (0x9458e201acdca3aca3521cacc300c773a51ca46e9b3e27a4bf1d4a365c515701)","throwable":""}
{"timestamp":"2025-09-10T16:31:14,018","container":"7965dbe76a4e","level":"INFO","thread":"BftProcessorExecutor-QBFT-0","class":"QbftBesuControllerBuilder","message":"Imported #471 / 0 tx / 0 pending / 0 (0.0%) gas / (0x0451d7e4b9ffe8eeeb48a3025019a45ff0809df03d09cda8dce274e06da68d59)","throwable":""}
{"timestamp":"2025-09-10T16:31:22,029","container":"7965dbe76a4e","level":"INFO","thread":"EthScheduler-Workers-0","class":"PersistBlockTask","message":"Block 472 (0x17d9aeae0ec0c955b78698361c3f1a08bf44e110922d389754cebc58e1f3fbe8) is already imported","throwable":""}
{"timestamp":"2025-09-10T16:31:22,029","container":"7965dbe76a4e","level":"INFO","thread":"BftProcessorExecutor-QBFT-0","class":"QbftBesuControllerBuilder","message":"Imported #472 / 0 tx / 0 pending / 0 (0.0%) gas / (0x17d9aeae0ec0c955b78698361c3f1a08bf44e110922d389754cebc58e1f3fbe8)","throwable":""}
{"timestamp":"2025-09-10T16:31:30,030","container":"7965dbe76a4e","level":"INFO","thread":"EthScheduler-Workers-0","class":"PersistBlockTask","message":"Block 473 (0x6809198de95174864dcd0c7419704c3b55c79db27091266f401805602bd2a85f) is already imported","throwable":""}
{"timestamp":"2025-09-10T16:31:30,030","container":"7965dbe76a4e","level":"INFO","thread":"BftProcessorExecutor-QBFT-0","class":"QbftBesuControllerBuilder","message":"Imported #473 / 0 tx / 0 pending / 0 (0.0%) gas / (0x6809198de95174864dcd0c7419704c3b55c79db27091266f401805602bd2a85f)","throwable":""}
{"timestamp":"2025-09-10T16:31:38,011","container":"7965dbe76a4e","level":"INFO","thread":"BftProcessorExecutor-QBFT-0","class":"QbftBesuControllerBuilder","message":"Produced #474 / 0 tx / 0 pending / 0 (0.0%) gas / (0xdaa7e817056e8429fcbd0a7c9327e8312c0cd9108870239cccc6313cd9b0a58f)","throwable":""}
{"timestamp":"2025-09-10T16:31:38,013","container":"7965dbe76a4e","level":"INFO","thread":"EthScheduler-Workers-0","class":"PersistBlockTask","message":"Block 474 (0xdaa7e817056e8429fcbd0a7c9327e8312c0cd9108870239cccc6313cd9b0a58f) is already imported","throwable":""}
{"timestamp":"2025-09-10T16:31:46,012","container":"7965dbe76a4e","level":"INFO","thread":"BftProcessorExecutor-QBFT-0","class":"QbftBesuControllerBuilder","message":"Imported #475 / 0 tx / 0 pending / 0 (0.0%) gas / (0xc083c010923d8c92f1db1a4991f93d1051652379d38dfbdf29be91e520063813)","throwable":""}
{"timestamp":"2025-09-10T16:31:54,013","container":"7965dbe76a4e","level":"INFO","thread":"EthScheduler-Workers-0","class":"PersistBlockTask","message":"Block 476 (0x81859eac1fc60eda318e204f907c76b4f505c333de44404c86959ffa54971d30) is already imported","throwable":""}
{"timestamp":"2025-09-10T16:31:54,013","container":"7965dbe76a4e","level":"INFO","thread":"BftProcessorExecutor-QBFT-0","class":"QbftBesuControllerBuilder","message":"Imported #476 / 0 tx / 0 pending / 0 (0.0%) gas / (0x81859eac1fc60eda318e204f907c76b4f505c333de44404c86959ffa54971d30)","throwable":""}
{"timestamp":"2025-09-10T16:32:02,015","container":"7965dbe76a4e","level":"INFO","thread":"BftProcessorExecutor-QBFT-0","class":"QbftBesuControllerBuilder","message":"Imported #477 / 0 tx / 0 pending / 0 (0.0%) gas / (0x2e8c9d07e4ed844b1a9ca6fb299d2cd91974c7f39e5ae4d3f58fd52457737616)","throwable":""}
{"timestamp":"2025-09-10T16:32:02,015","container":"7965dbe76a4e","level":"INFO","thread":"EthScheduler-Workers-0","class":"PersistBlockTask","message":"Block 477 (0x2e8c9d07e4ed844b1a9ca6fb299d2cd91974c7f39e5ae4d3f58fd52457737616) is already imported","throwable":""}
{"timestamp":"2025-09-10T16:32:10,015","container":"7965dbe76a4e","level":"INFO","thread":"BftProcessorExecutor-QBFT-0","class":"QbftBesuControllerBuilder","message":"Produced #478 / 0 tx / 0 pending / 0 (0.0%) gas / (0x87254584850d224d23936a6ced2971eeeb79c74a37cbd141cadd547a905eebe3)","throwable":""}
{"timestamp":"2025-09-10T16:32:18,014","container":"7965dbe76a4e","level":"INFO","thread":"BftProcessorExecutor-QBFT-0","class":"QbftBesuControllerBuilder","message":"Imported #479 / 0 tx / 0 pending / 0 (0.0%) gas / (0xce7e3da0c8b4f4c74566274eb9010e939e674119cb61e16e8a20614e15692afb)","throwable":""}
{"timestamp":"2025-09-10T16:32:18,015","container":"7965dbe76a4e","level":"INFO","thread":"EthScheduler-Workers-0","class":"PersistBlockTask","message":"Block 479 (0xce7e3da0c8b4f4c74566274eb9010e939e674119cb61e16e8a20614e15692afb) is already imported","throwable":""}
{"timestamp":"2025-09-10T16:32:26,009","container":"7965dbe76a4e","level":"INFO","thread":"BftProcessorExecutor-QBFT-0","class":"QbftBesuControllerBuilder","message":"Imported #480 / 0 tx / 0 pending / 0 (0.0%) gas / (0xc1735ec101a60c22da5598a25d30072b2078aae3aa62a920c3a0d70a526e5992)","throwable":""}
{"timestamp":"2025-09-10T16:32:34,040","container":"7965dbe76a4e","level":"INFO","thread":"BftProcessorExecutor-QBFT-0","class":"QbftBesuControllerBuilder","message":"Imported #481 / 0 tx / 0 pending / 0 (0.0%) gas / (0x9a3d7a8fcd406e6a20011287dd18d6276ebc8fad294030b5ce012b9c45d006fb)","throwable":""}
{"timestamp":"2025-09-10T16:32:42,011","container":"7965dbe76a4e","level":"INFO","thread":"BftProcessorExecutor-QBFT-0","class":"QbftBesuControllerBuilder","message":"Produced #482 / 0 tx / 0 pending / 0 (0.0%) gas / (0xb18a4d52de4d1d1bfdbc21b9da111064f06c0a0e7fd3ddda16037b17b26414e0)","throwable":""}
{"timestamp":"2025-09-10T16:32:42,012","container":"7965dbe76a4e","level":"INFO","thread":"EthScheduler-Workers-0","class":"PersistBlockTask","message":"Block 482 (0xb18a4d52de4d1d1bfdbc21b9da111064f06c0a0e7fd3ddda16037b17b26414e0) is already imported","throwable":""}
{"timestamp":"2025-09-10T16:32:50,016","container":"7965dbe76a4e","level":"INFO","thread":"BftProcessorExecutor-QBFT-0","class":"QbftBesuControllerBuilder","message":"Imported #483 / 0 tx / 0 pending / 0 (0.0%) gas / (0x8d7eed075b988dbc16222c6feb9302362b45f69169ef5750c1f7fc0ca5681693)","throwable":""}
{"timestamp":"2025-09-10T16:32:58,022","container":"7965dbe76a4e","level":"INFO","thread":"BftProcessorExecutor-QBFT-0","class":"QbftBesuControllerBuilder","message":"Imported #484 / 0 tx / 0 pending / 0 (0.0%) gas / (0xd69f2459342f0dcfd01b7cdb145d80be86e288b741c5fd8ac311c7847e0023e4)","throwable":""}
{"timestamp":"2025-09-10T16:33:06,018","container":"7965dbe76a4e","level":"INFO","thread":"BftProcessorExecutor-QBFT-0","class":"QbftBesuControllerBuilder","message":"Imported #485 / 0 tx / 0 pending / 0 (0.0%) gas / (0x27aa29c17215baced4378510a34fb36d8b26f6e9b6fb0a961585d6ab91a9c8d2)","throwable":""}
{"timestamp":"2025-09-10T16:33:14,031","container":"7965dbe76a4e","level":"INFO","thread":"BftProcessorExecutor-QBFT-0","class":"QbftBesuControllerBuilder","message":"Produced #486 / 0 tx / 0 pending / 0 (0.0%) gas / (0x25b597aa5435c12627c5d071d7281682614da50a5d5d51b178fd940bb8d05a9e)","throwable":""}
{"timestamp":"2025-09-10T16:33:22,011","container":"7965dbe76a4e","level":"INFO","thread":"EthScheduler-Workers-0","class":"PersistBlockTask","message":"Block 487 (0xa2c255adbadb77cca4909307a6cd7647f2c93f5755b0d09b74f3c4a8d0706da4) is already imported","throwable":""}
{"timestamp":"2025-09-10T16:33:22,011","container":"7965dbe76a4e","level":"INFO","thread":"BftProcessorExecutor-QBFT-0","class":"QbftBesuControllerBuilder","message":"Imported #487 / 0 tx / 0 pending / 0 (0.0%) gas / (0xa2c255adbadb77cca4909307a6cd7647f2c93f5755b0d09b74f3c4a8d0706da4)","throwable":""}
{"timestamp":"2025-09-10T16:33:30,013","container":"7965dbe76a4e","level":"INFO","thread":"BftProcessorExecutor-QBFT-0","class":"QbftBesuControllerBuilder","message":"Imported #488 / 0 tx / 0 pending / 0 (0.0%) gas / (0x2fe52992832947e156d44314aad64e0f211eec72ca4c8b0f6dd75f92ead9a8bd)","throwable":""}
{"timestamp":"2025-09-10T16:33:30,013","container":"7965dbe76a4e","level":"INFO","thread":"EthScheduler-Workers-0","class":"PersistBlockTask","message":"Block 488 (0x2fe52992832947e156d44314aad64e0f211eec72ca4c8b0f6dd75f92ead9a8bd) is already imported","throwable":""}
{"timestamp":"2025-09-10T16:33:38,008","container":"7965dbe76a4e","level":"INFO","thread":"BftProcessorExecutor-QBFT-0","class":"QbftBesuControllerBuilder","message":"Imported #489 / 0 tx / 0 pending / 0 (0.0%) gas / (0x48ab990528e46d861bc5f75b0e71ebc4ff4888020b06e3c0464772cb42f42dce)","throwable":""}
{"timestamp":"2025-09-10T16:33:46,022","container":"7965dbe76a4e","level":"INFO","thread":"BftProcessorExecutor-QBFT-0","class":"QbftBesuControllerBuilder","message":"Produced #490 / 0 tx / 0 pending / 0 (0.0%) gas / (0x52e0f6810a11c477d8ffe369718ecbfa6fef5146d3ba6017d33da23954c519b1)","throwable":""}
{"timestamp":"2025-09-10T16:33:54,013","container":"7965dbe76a4e","level":"INFO","thread":"BftProcessorExecutor-QBFT-0","class":"QbftBesuControllerBuilder","message":"Imported #491 / 0 tx / 0 pending / 0 (0.0%) gas / (0x5303a3d0b83c532eeebb72197756d7861d82b821b65acb2e292740b0252c44d8)","throwable":""}
{"timestamp":"2025-09-10T16:34:02,021","container":"7965dbe76a4e","level":"INFO","thread":"BftProcessorExecutor-QBFT-0","class":"QbftBesuControllerBuilder","message":"Imported #492 / 0 tx / 0 pending / 0 (0.0%) gas / (0xb2df62ae24ee73aa1d5d4f7a217a006c370f334d2bc3d5b31fd85cf0a6e52b27)","throwable":""}
{"timestamp":"2025-09-10T16:34:10,023","container":"7965dbe76a4e","level":"INFO","thread":"BftProcessorExecutor-QBFT-0","class":"QbftBesuControllerBuilder","message":"Imported #493 / 0 tx / 0 pending / 0 (0.0%) gas / (0xf74e600d21c31c264e1855c603243694b7ab4d273e1a06999c2a4db6fd6798eb)","throwable":""}
{"timestamp":"2025-09-10T16:34:10,024","container":"7965dbe76a4e","level":"INFO","thread":"EthScheduler-Workers-0","class":"PersistBlockTask","message":"Block 493 (0xf74e600d21c31c264e1855c603243694b7ab4d273e1a06999c2a4db6fd6798eb) is already imported","throwable":""}
{"timestamp":"2025-09-10T16:34:18,015","container":"7965dbe76a4e","level":"INFO","thread":"BftProcessorExecutor-QBFT-0","class":"QbftBesuControllerBuilder","message":"Produced #494 / 0 tx / 0 pending / 0 (0.0%) gas / (0xce127a586398735555b8a392a62b04ab5fb6f5bd2de7620d4d5969c770004e54)","throwable":""}
{"timestamp":"2025-09-10T16:34:26,018","container":"7965dbe76a4e","level":"INFO","thread":"EthScheduler-Workers-0","class":"PersistBlockTask","message":"Block 495 (0xfbb083a8c1074f51f873ea17a43fa015c58ad4fe1f1d97285ea585d7354a9ebd) is already imported","throwable":""}
{"timestamp":"2025-09-10T16:34:26,019","container":"7965dbe76a4e","level":"INFO","thread":"BftProcessorExecutor-QBFT-0","class":"QbftBesuControllerBuilder","message":"Imported #495 / 0 tx / 0 pending / 0 (0.0%) gas / (0xfbb083a8c1074f51f873ea17a43fa015c58ad4fe1f1d97285ea585d7354a9ebd)","throwable":""}
{"timestamp":"2025-09-10T16:34:34,015","container":"7965dbe76a4e","level":"INFO","thread":"BftProcessorExecutor-QBFT-0","class":"QbftBesuControllerBuilder","message":"Imported #496 / 0 tx / 0 pending / 0 (0.0%) gas / (0x685ed11fef1de4097ac0e422250eb62efa5c3de74b64009ee63065b224c2a5dd)","throwable":""}
{"timestamp":"2025-09-10T16:34:42,010","container":"7965dbe76a4e","level":"INFO","thread":"BftProcessorExecutor-QBFT-0","class":"QbftBesuControllerBuilder","message":"Imported #497 / 0 tx / 0 pending / 0 (0.0%) gas / (0xcf4a781249e2be7b2ea98bde7121dfd9df4a1df7d92ca2725cdc45ba7085fde9)","throwable":""}
{"timestamp":"2025-09-10T16:34:50,016","container":"7965dbe76a4e","level":"INFO","thread":"BftProcessorExecutor-QBFT-0","class":"QbftBesuControllerBuilder","message":"Produced #498 / 0 tx / 0 pending / 0 (0.0%) gas / (0xd96deb936a6d36f0a2d275715f27264110e25d17d7784fe4f344070d5efe15d0)","throwable":""}
{"timestamp":"2025-09-10T16:34:58,010","container":"7965dbe76a4e","level":"INFO","thread":"BftProcessorExecutor-QBFT-0","class":"QbftBesuControllerBuilder","message":"Imported #499 / 0 tx / 0 pending / 0 (0.0%) gas / (0xcd78442aff4e0e970780ad43f0c23dce5ae6dcf37bbc9996a2bbbc2a069767d7)","throwable":""}
{"timestamp":"2025-09-10T16:35:06,018","container":"7965dbe76a4e","level":"INFO","thread":"EthScheduler-Workers-0","class":"PersistBlockTask","message":"Imported #500 / 0 tx / 0 om / 0 (0.0%) gas / (0x142703faa24efa50dba3239d3b12a94caa419323e86941bc65fb1efeaa2848e0) in 0.002s. Peers: 5","throwable":""}
{"timestamp":"2025-09-10T16:35:06,018","container":"7965dbe76a4e","level":"INFO","thread":"BftProcessorExecutor-QBFT-0","class":"QbftBesuControllerBuilder","message":"Imported #500 / 0 tx / 0 pending / 0 (0.0%) gas / (0x142703faa24efa50dba3239d3b12a94caa419323e86941bc65fb1efeaa2848e0)","throwable":""}
{"timestamp":"2025-09-10T16:35:14,012","container":"7965dbe76a4e","level":"INFO","thread":"BftProcessorExecutor-QBFT-0","class":"QbftBesuControllerBuilder","message":"Imported #501 / 0 tx / 0 pending / 0 (0.0%) gas / (0x8019974fd7bdae4b3af671f3c70220c170b879ffe0c84c150f5fc73afc306c67)","throwable":""}
{"timestamp":"2025-09-10T16:35:22,013","container":"7965dbe76a4e","level":"INFO","thread":"EthScheduler-Workers-0","class":"PersistBlockTask","message":"Block 502 (0xd1be53e7d12b298afeb7bbbba6f41ed2a3e8d1991431da971d7a5efdeb061774) is already imported","throwable":""}
{"timestamp":"2025-09-10T16:35:22,013","container":"7965dbe76a4e","level":"INFO","thread":"BftProcessorExecutor-QBFT-0","class":"QbftBesuControllerBuilder","message":"Produced #502 / 0 tx / 0 pending / 0 (0.0%) gas / (0xd1be53e7d12b298afeb7bbbba6f41ed2a3e8d1991431da971d7a5efdeb061774)","throwable":""}
{"timestamp":"2025-09-10T16:35:30,011","container":"7965dbe76a4e","level":"INFO","thread":"BftProcessorExecutor-QBFT-0","class":"QbftBesuControllerBuilder","message":"Imported #503 / 0 tx / 0 pending / 0 (0.0%) gas / (0xa217d46da92667348dfaa0e8442cc1e83c709f7b52042fa91762434f6e86e8e2)","throwable":""}
{"timestamp":"2025-09-10T16:35:38,012","container":"7965dbe76a4e","level":"INFO","thread":"BftProcessorExecutor-QBFT-0","class":"QbftBesuControllerBuilder","message":"Imported #504 / 0 tx / 0 pending / 0 (0.0%) gas / (0xda03c694e301b85cd9ad5992b17428712ab2e951d1c71c7798322749b49a222a)","throwable":""}
{"timestamp":"2025-09-10T16:35:46,016","container":"7965dbe76a4e","level":"INFO","thread":"EthScheduler-Workers-0","class":"PersistBlockTask","message":"Block 505 (0xd6ee21ea49a4692fe5edc642bb2981761e55c1d88c590fba7e9f4d33361e6ae3) is already imported","throwable":""}
{"timestamp":"2025-09-10T16:35:46,018","container":"7965dbe76a4e","level":"INFO","thread":"BftProcessorExecutor-QBFT-0","class":"QbftBesuControllerBuilder","message":"Imported #505 / 0 tx / 0 pending / 0 (0.0%) gas / (0xd6ee21ea49a4692fe5edc642bb2981761e55c1d88c590fba7e9f4d33361e6ae3)","throwable":""}
{"timestamp":"2025-09-10T16:35:54,010","container":"7965dbe76a4e","level":"INFO","thread":"BftProcessorExecutor-QBFT-0","class":"QbftBesuControllerBuilder","message":"Produced #506 / 0 tx / 0 pending / 0 (0.0%) gas / (0x450e3b33091902183adbc7fce6b583ebd4cf8f87e45f83478e52f0b753aa3d18)","throwable":""}
{"timestamp":"2025-09-10T16:36:02,009","container":"7965dbe76a4e","level":"INFO","thread":"BftProcessorExecutor-QBFT-0","class":"QbftBesuControllerBuilder","message":"Imported #507 / 0 tx / 0 pending / 0 (0.0%) gas / (0x17ff14b69dcc163f70a99e29adb7a1632548a4702a766840a078c1fb72b8d6e0)","throwable":""}
{"timestamp":"2025-09-10T16:36:10,017","container":"7965dbe76a4e","level":"INFO","thread":"EthScheduler-Workers-0","class":"PersistBlockTask","message":"Imported #508 / 0 tx / 0 om / 0 (0.0%) gas / (0x246cfa368e9173afe415f8ca2577ade4a520300e0f8cc5cfe8c3bc4076857470) in 0.001s. Peers: 5","throwable":""}
{"timestamp":"2025-09-10T16:36:18,013","container":"7965dbe76a4e","level":"INFO","thread":"BftProcessorExecutor-QBFT-0","class":"QbftBesuControllerBuilder","message":"Imported #509 / 0 tx / 0 pending / 0 (0.0%) gas / (0x69fd1625ff66132f90a8e138a2abba921dbe153b03e8a4ce3ec0b9671992cc0b)","throwable":""}
{"timestamp":"2025-09-10T16:36:26,015","container":"7965dbe76a4e","level":"INFO","thread":"BftProcessorExecutor-QBFT-0","class":"QbftBesuControllerBuilder","message":"Produced #510 / 0 tx / 0 pending / 0 (0.0%) gas / (0x491d1d96672e82329c763cb3dce75f34444170dc75aac50a0a6d1fdb09f32297)","throwable":""}
{"timestamp":"2025-09-10T16:36:34,020","container":"7965dbe76a4e","level":"INFO","thread":"EthScheduler-Workers-0","class":"PersistBlockTask","message":"Block 511 (0x516edc8f46dd662595ad8c7280b41dee5da9fe985a6036b482b8ed658c11ee5b) is already imported","throwable":""}
{"timestamp":"2025-09-10T16:36:34,020","container":"7965dbe76a4e","level":"INFO","thread":"BftProcessorExecutor-QBFT-0","class":"QbftBesuControllerBuilder","message":"Imported #511 / 0 tx / 0 pending / 0 (0.0%) gas / (0x516edc8f46dd662595ad8c7280b41dee5da9fe985a6036b482b8ed658c11ee5b)","throwable":""}
{"timestamp":"2025-09-10T16:36:42,024","container":"7965dbe76a4e","level":"INFO","thread":"BftProcessorExecutor-QBFT-0","class":"QbftBesuControllerBuilder","message":"Imported #512 / 0 tx / 0 pending / 0 (0.0%) gas / (0x3f1599de54602222f656391700baacf39d1f7d93edfc3112fd1f7fcfed0c8aee)","throwable":""}
{"timestamp":"2025-09-10T16:36:50,023","container":"7965dbe76a4e","level":"INFO","thread":"EthScheduler-Workers-0","class":"PersistBlockTask","message":"Block 513 (0x54dd14674bbbad48c4705a383a411787894bfb18c98a7e81817cb75d680e77ad) is already imported","throwable":""}
{"timestamp":"2025-09-10T16:36:50,023","container":"7965dbe76a4e","level":"INFO","thread":"BftProcessorExecutor-QBFT-0","class":"QbftBesuControllerBuilder","message":"Imported #513 / 0 tx / 0 pending / 0 (0.0%) gas / (0x54dd14674bbbad48c4705a383a411787894bfb18c98a7e81817cb75d680e77ad)","throwable":""}
{"timestamp":"2025-09-10T16:36:58,010","container":"7965dbe76a4e","level":"INFO","thread":"BftProcessorExecutor-QBFT-0","class":"QbftBesuControllerBuilder","message":"Produced #514 / 0 tx / 0 pending / 0 (0.0%) gas / (0xf04efe4e8153e57ae4c3417858a0b2c16f392f1d366be3e54066993706623b36)","throwable":""}
{"timestamp":"2025-09-10T16:37:06,014","container":"7965dbe76a4e","level":"INFO","thread":"BftProcessorExecutor-QBFT-0","class":"QbftBesuControllerBuilder","message":"Imported #515 / 0 tx / 0 pending / 0 (0.0%) gas / (0x26dc5d9cb2dd35edd6a8aaea6e6fbbc9a80e31701fd8e743eeb04a67c076be68)","throwable":""}
{"timestamp":"2025-09-10T16:37:14,010","container":"7965dbe76a4e","level":"INFO","thread":"BftProcessorExecutor-QBFT-0","class":"QbftBesuControllerBuilder","message":"Imported #516 / 0 tx / 0 pending / 0 (0.0%) gas / (0xb0759ff908d11c964faaede6090417316a1b5dd5c14509c986a8fc44e4945e2e)","throwable":""}
{"timestamp":"2025-09-10T16:37:22,014","container":"7965dbe76a4e","level":"INFO","thread":"BftProcessorExecutor-QBFT-0","class":"QbftBesuControllerBuilder","message":"Imported #517 / 0 tx / 0 pending / 0 (0.0%) gas / (0x879a2c793d63a0fefcefd88de385e8ee719ecfba613c77979ac11b776062408f)","throwable":""}
{"timestamp":"2025-09-10T16:37:30,013","container":"7965dbe76a4e","level":"INFO","thread":"BftProcessorExecutor-QBFT-0","class":"QbftBesuControllerBuilder","message":"Produced #518 / 0 tx / 0 pending / 0 (0.0%) gas / (0x54d6b1ab22fce5fbbe4bd6b606dc6f6054ccd31886cfd088122f3ac23507f826)","throwable":""}
{"timestamp":"2025-09-10T16:37:38,012","container":"7965dbe76a4e","level":"INFO","thread":"BftProcessorExecutor-QBFT-0","class":"QbftBesuControllerBuilder","message":"Imported #519 / 0 tx / 0 pending / 0 (0.0%) gas / (0x8d9bc4a233884f5d5b69fcc2c200d50996dae0255c2995de77158349f67bdfc7)","throwable":""}
{"timestamp":"2025-09-10T16:37:46,020","container":"7965dbe76a4e","level":"INFO","thread":"EthScheduler-Workers-0","class":"PersistBlockTask","message":"Block 520 (0xbc50b427fd51cb17c785cdb69a39f62f07a2cc2be8d35309db608176cf3f01fc) is already imported","throwable":""}
{"timestamp":"2025-09-10T16:37:46,020","container":"7965dbe76a4e","level":"INFO","thread":"BftProcessorExecutor-QBFT-0","class":"QbftBesuControllerBuilder","message":"Imported #520 / 0 tx / 0 pending / 0 (0.0%) gas / (0xbc50b427fd51cb17c785cdb69a39f62f07a2cc2be8d35309db608176cf3f01fc)","throwable":""}
{"timestamp":"2025-09-10T16:37:54,022","container":"7965dbe76a4e","level":"INFO","thread":"BftProcessorExecutor-QBFT-0","class":"QbftBesuControllerBuilder","message":"Imported #521 / 0 tx / 0 pending / 0 (0.0%) gas / (0xf8a2359ab3567ce383dec58528fad7108cea458a6cd1197308568dc84b2e8f54)","throwable":""}
{"timestamp":"2025-09-10T16:38:02,009","container":"7965dbe76a4e","level":"INFO","thread":"BftProcessorExecutor-QBFT-0","class":"QbftBesuControllerBuilder","message":"Produced #522 / 0 tx / 0 pending / 0 (0.0%) gas / (0x8668eec01cf3bdcff89c0eefcaa033cb87cc2e6e25d5bbe49dc79abed7fb851d)","throwable":""}
{"timestamp":"2025-09-10T16:38:02,010","container":"7965dbe76a4e","level":"INFO","thread":"EthScheduler-Workers-0","class":"PersistBlockTask","message":"Block 522 (0x8668eec01cf3bdcff89c0eefcaa033cb87cc2e6e25d5bbe49dc79abed7fb851d) is already imported","throwable":""}
{"timestamp":"2025-09-10T16:38:10,019","container":"7965dbe76a4e","level":"INFO","thread":"EthScheduler-Workers-0","class":"PersistBlockTask","message":"Block 523 (0xc00fff1f871d37d615a616c0280fa3459d9aa28d14ad1d4bad492696cf921cfa) is already imported","throwable":""}
{"timestamp":"2025-09-10T16:38:10,019","container":"7965dbe76a4e","level":"INFO","thread":"BftProcessorExecutor-QBFT-0","class":"QbftBesuControllerBuilder","message":"Imported #523 / 0 tx / 0 pending / 0 (0.0%) gas / (0xc00fff1f871d37d615a616c0280fa3459d9aa28d14ad1d4bad492696cf921cfa)","throwable":""}
{"timestamp":"2025-09-10T16:38:18,013","container":"7965dbe76a4e","level":"INFO","thread":"BftProcessorExecutor-QBFT-0","class":"QbftBesuControllerBuilder","message":"Imported #524 / 0 tx / 0 pending / 0 (0.0%) gas / (0x2864c12c4cec0b4c2649de7f48220fe08d9a68706535af97db983e9bdb8ce38f)","throwable":""}
{"timestamp":"2025-09-10T16:38:26,019","container":"7965dbe76a4e","level":"INFO","thread":"BftProcessorExecutor-QBFT-0","class":"QbftBesuControllerBuilder","message":"Imported #525 / 0 tx / 0 pending / 0 (0.0%) gas / (0xea9608018ffb7ddc16500602ad4e47bada31b888e14df7341b52e6aae6cfe4df)","throwable":""}
{"timestamp":"2025-09-10T16:38:34,015","container":"7965dbe76a4e","level":"INFO","thread":"BftProcessorExecutor-QBFT-0","class":"QbftBesuControllerBuilder","message":"Produced #526 / 0 tx / 0 pending / 0 (0.0%) gas / (0x90d05a62d3dfdd49ceccf2b21ade7a347aae5ca0474c00b5d258190228541948)","throwable":""}
{"timestamp":"2025-09-10T16:38:42,013","container":"7965dbe76a4e","level":"INFO","thread":"BftProcessorExecutor-QBFT-0","class":"QbftBesuControllerBuilder","message":"Imported #527 / 0 tx / 0 pending / 0 (0.0%) gas / (0x0e06f483d8f6440cb80d5f66487e3a4ec25b0a5c680b853b3c6d6599fd302ccf)","throwable":""}
{"timestamp":"2025-09-10T16:38:50,018","container":"7965dbe76a4e","level":"INFO","thread":"EthScheduler-Workers-0","class":"PersistBlockTask","message":"Block 528 (0xd5be870d7ad12844cd288f5c3b83a367ca3f59ec0ed589c15072bb2674b5a0d1) is already imported","throwable":""}
{"timestamp":"2025-09-10T16:38:50,018","container":"7965dbe76a4e","level":"INFO","thread":"BftProcessorExecutor-QBFT-0","class":"QbftBesuControllerBuilder","message":"Imported #528 / 0 tx / 0 pending / 0 (0.0%) gas / (0xd5be870d7ad12844cd288f5c3b83a367ca3f59ec0ed589c15072bb2674b5a0d1)","throwable":""}
{"timestamp":"2025-09-10T16:38:58,016","container":"7965dbe76a4e","level":"INFO","thread":"EthScheduler-Workers-0","class":"PersistBlockTask","message":"Block 529 (0xbb937e9091fbea98906ad3a8834652a13a6ce94b146d79712d6c32a5bc152e70) is already imported","throwable":""}
{"timestamp":"2025-09-10T16:38:58,017","container":"7965dbe76a4e","level":"INFO","thread":"BftProcessorExecutor-QBFT-0","class":"QbftBesuControllerBuilder","message":"Imported #529 / 0 tx / 0 pending / 0 (0.0%) gas / (0xbb937e9091fbea98906ad3a8834652a13a6ce94b146d79712d6c32a5bc152e70)","throwable":""}
{"timestamp":"2025-09-10T16:39:06,015","container":"7965dbe76a4e","level":"INFO","thread":"BftProcessorExecutor-QBFT-0","class":"QbftBesuControllerBuilder","message":"Produced #530 / 0 tx / 0 pending / 0 (0.0%) gas / (0x67fc22fc575edd532ccb26a50f920e2d868bc073540fa5e5e95485c8fe360688)","throwable":""}
{"timestamp":"2025-09-10T16:39:14,012","container":"7965dbe76a4e","level":"INFO","thread":"BftProcessorExecutor-QBFT-0","class":"QbftBesuControllerBuilder","message":"Imported #531 / 0 tx / 0 pending / 0 (0.0%) gas / (0x2adecd4ec76237f70ab61c2b56e0b9d3cf5c32f30ea8ada43e5981911295a4a3)","throwable":""}
{"timestamp":"2025-09-10T16:39:22,007","container":"7965dbe76a4e","level":"INFO","thread":"BftProcessorExecutor-QBFT-0","class":"QbftBesuControllerBuilder","message":"Imported #532 / 0 tx / 0 pending / 0 (0.0%) gas / (0xb6fc34595f336502734139b5b6e31ee8c969de96faeda649705342f19534b9f1)","throwable":""}
{"timestamp":"2025-09-10T16:39:30,033","container":"7965dbe76a4e","level":"INFO","thread":"EthScheduler-Workers-0","class":"PersistBlockTask","message":"Block 533 (0x2ccd903c203e2d14963bbc7acbbf4e176f1c842e74f39039b35aaa827f740d5d) is already imported","throwable":""}
{"timestamp":"2025-09-10T16:39:30,033","container":"7965dbe76a4e","level":"INFO","thread":"BftProcessorExecutor-QBFT-0","class":"QbftBesuControllerBuilder","message":"Imported #533 / 0 tx / 0 pending / 0 (0.0%) gas / (0x2ccd903c203e2d14963bbc7acbbf4e176f1c842e74f39039b35aaa827f740d5d)","throwable":""}
{"timestamp":"2025-09-10T16:39:38,016","container":"7965dbe76a4e","level":"INFO","thread":"BftProcessorExecutor-QBFT-0","class":"QbftBesuControllerBuilder","message":"Produced #534 / 0 tx / 0 pending / 0 (0.0%) gas / (0xd99fa14e457dc88b4198eaa9516d8be53f0c19eb54d17bf6cec71a992e2a6879)","throwable":""}
{"timestamp":"2025-09-10T16:39:46,015","container":"7965dbe76a4e","level":"INFO","thread":"BftProcessorExecutor-QBFT-0","class":"QbftBesuControllerBuilder","message":"Imported #535 / 0 tx / 0 pending / 0 (0.0%) gas / (0x764ff6b29bf8a54da9df0de43152b17609fa108c961d183b4b0f7d1086a8df85)","throwable":""}
{"timestamp":"2025-09-10T16:39:54,018","container":"7965dbe76a4e","level":"INFO","thread":"EthScheduler-Workers-0","class":"PersistBlockTask","message":"Imported #536 / 0 tx / 0 om / 0 (0.0%) gas / (0xb9bde3dc2aca9934153c219e86fe71a51269b7daec268cd6ef87b3e820f741d1) in 0.001s. Peers: 5","throwable":""}
{"timestamp":"2025-09-10T16:40:02,013","container":"7965dbe76a4e","level":"INFO","thread":"BftProcessorExecutor-QBFT-0","class":"QbftBesuControllerBuilder","message":"Imported #537 / 0 tx / 0 pending / 0 (0.0%) gas / (0xbff070c709fc1f3a29f8121300905c098d278c18af49e11264e9810ed0449ac0)","throwable":""}
{"timestamp":"2025-09-10T16:40:10,011","container":"7965dbe76a4e","level":"INFO","thread":"BftProcessorExecutor-QBFT-0","class":"QbftBesuControllerBuilder","message":"Produced #538 / 0 tx / 0 pending / 0 (0.0%) gas / (0x431ecc0b10ed779d56f0b9867898e09e2a1e948609cb9e628a8f4b99c65eea94)","throwable":""}
{"timestamp":"2025-09-10T16:40:18,027","container":"7965dbe76a4e","level":"INFO","thread":"EthScheduler-Workers-0","class":"PersistBlockTask","message":"Block 539 (0xaccb92c51aeb9f503b311a4fa989e33447b79e146d8092bbe31b13a9a822e1a4) is already imported","throwable":""}
{"timestamp":"2025-09-10T16:40:18,027","container":"7965dbe76a4e","level":"INFO","thread":"BftProcessorExecutor-QBFT-0","class":"QbftBesuControllerBuilder","message":"Imported #539 / 0 tx / 0 pending / 0 (0.0%) gas / (0xaccb92c51aeb9f503b311a4fa989e33447b79e146d8092bbe31b13a9a822e1a4)","throwable":""}
{"timestamp":"2025-09-10T16:40:26,008","container":"7965dbe76a4e","level":"INFO","thread":"BftProcessorExecutor-QBFT-0","class":"QbftBesuControllerBuilder","message":"Imported #540 / 0 tx / 0 pending / 0 (0.0%) gas / (0x0f1b1ac22524a9049d229e3f2bbd57561f843e39cc1f0913a9bfbdea38ed7e72)","throwable":""}
{"timestamp":"2025-09-10T16:40:34,019","container":"7965dbe76a4e","level":"INFO","thread":"BftProcessorExecutor-QBFT-0","class":"QbftBesuControllerBuilder","message":"Imported #541 / 0 tx / 0 pending / 0 (0.0%) gas / (0x75dbb70a11781a0c959a76bb98fa4d03408edd6dc709619a752a200c267a5164)","throwable":""}
{"timestamp":"2025-09-10T16:40:34,019","container":"7965dbe76a4e","level":"INFO","thread":"EthScheduler-Workers-0","class":"PersistBlockTask","message":"Block 541 (0x75dbb70a11781a0c959a76bb98fa4d03408edd6dc709619a752a200c267a5164) is already imported","throwable":""}
{"timestamp":"2025-09-10T16:40:42,015","container":"7965dbe76a4e","level":"INFO","thread":"EthScheduler-Workers-0","class":"PersistBlockTask","message":"Block 542 (0xd6759eb91e990fc03585520d2a6cc2790e66d5509686b0219e6fafce19896392) is already imported","throwable":""}
{"timestamp":"2025-09-10T16:40:42,016","container":"7965dbe76a4e","level":"INFO","thread":"BftProcessorExecutor-QBFT-0","class":"QbftBesuControllerBuilder","message":"Produced #542 / 0 tx / 0 pending / 0 (0.0%) gas / (0xd6759eb91e990fc03585520d2a6cc2790e66d5509686b0219e6fafce19896392)","throwable":""}
{"timestamp":"2025-09-10T16:40:50,018","container":"7965dbe76a4e","level":"INFO","thread":"EthScheduler-Workers-0","class":"PersistBlockTask","message":"Imported #543 / 0 tx / 0 om / 0 (0.0%) gas / (0x2dc48e573869923a91921478ef8cbf9c8787427372a72d606a1de633d28e9315) in 0.001s. Peers: 5","throwable":""}
{"timestamp":"2025-09-10T16:40:50,018","container":"7965dbe76a4e","level":"INFO","thread":"BftProcessorExecutor-QBFT-0","class":"QbftBesuControllerBuilder","message":"Imported #543 / 0 tx / 0 pending / 0 (0.0%) gas / (0x2dc48e573869923a91921478ef8cbf9c8787427372a72d606a1de633d28e9315)","throwable":""}
{"timestamp":"2025-09-10T16:40:58,009","container":"7965dbe76a4e","level":"INFO","thread":"BftProcessorExecutor-QBFT-0","class":"QbftBesuControllerBuilder","message":"Imported #544 / 0 tx / 0 pending / 0 (0.0%) gas / (0xdfe72c98fbf3c72aa945269c2e34d1c52c1a3c1310c7bd6b49bb48f35a9907f1)","throwable":""}
{"timestamp":"2025-09-10T16:41:06,015","container":"7965dbe76a4e","level":"INFO","thread":"BftProcessorExecutor-QBFT-0","class":"QbftBesuControllerBuilder","message":"Imported #545 / 0 tx / 0 pending / 0 (0.0%) gas / (0x383ee27c6ef9149b36bf3cee743cc285586ca3d617b8a70f82fd06b32bb7e36b)","throwable":""}
{"timestamp":"2025-09-10T16:41:14,012","container":"7965dbe76a4e","level":"INFO","thread":"BftProcessorExecutor-QBFT-0","class":"QbftBesuControllerBuilder","message":"Produced #546 / 0 tx / 0 pending / 0 (0.0%) gas / (0x9ad6a47109b359538591833dd2ea3223c46d7b0c1fde7def25649324a3b03122)","throwable":""}
{"timestamp":"2025-09-10T16:41:22,020","container":"7965dbe76a4e","level":"INFO","thread":"BftProcessorExecutor-QBFT-0","class":"QbftBesuControllerBuilder","message":"Imported #547 / 0 tx / 0 pending / 0 (0.0%) gas / (0xd29ce9e6dce2511f1747e3363fd60569efb2d910aa38bf26c0ee8117d1b3aa91)","throwable":""}
{"timestamp":"2025-09-10T16:41:30,012","container":"7965dbe76a4e","level":"INFO","thread":"BftProcessorExecutor-QBFT-0","class":"QbftBesuControllerBuilder","message":"Imported #548 / 0 tx / 0 pending / 0 (0.0%) gas / (0x964429c6f2fdb5ec6af9fa9dcadf17bdc00e088ce34ab0cf5f55a5dcd833c294)","throwable":""}
{"timestamp":"2025-09-10T16:41:38,015","container":"7965dbe76a4e","level":"INFO","thread":"BftProcessorExecutor-QBFT-0","class":"QbftBesuControllerBuilder","message":"Imported #549 / 0 tx / 0 pending / 0 (0.0%) gas / (0xd884e063bb360b81c2b8030eb73688d453fc6ca26ca40a0b8615a450565e06fa)","throwable":""}
{"timestamp":"2025-09-10T16:41:46,019","container":"7965dbe76a4e","level":"INFO","thread":"EthScheduler-Workers-0","class":"PersistBlockTask","message":"Block 550 (0x8c8be46da6cd721df1f7310fb7a5f603075f752dc3348b818c8ca6cd7a14dbbe) is already imported","throwable":""}
{"timestamp":"2025-09-10T16:41:46,019","container":"7965dbe76a4e","level":"INFO","thread":"BftProcessorExecutor-QBFT-0","class":"QbftBesuControllerBuilder","message":"Produced #550 / 0 tx / 0 pending / 0 (0.0%) gas / (0x8c8be46da6cd721df1f7310fb7a5f603075f752dc3348b818c8ca6cd7a14dbbe)","throwable":""}
{"timestamp":"2025-09-10T16:41:54,029","container":"7965dbe76a4e","level":"INFO","thread":"EthScheduler-Workers-0","class":"PersistBlockTask","message":"Imported #551 / 0 tx / 0 om / 0 (0.0%) gas / (0x020c3917ed967cbd82172947e44239eeae6a859ba8c69a95571bb3a6ba094a01) in 0.001s. Peers: 5","throwable":""}
{"timestamp":"2025-09-10T16:42:02,026","container":"7965dbe76a4e","level":"INFO","thread":"EthScheduler-Workers-0","class":"PersistBlockTask","message":"Imported #552 / 0 tx / 0 om / 0 (0.0%) gas / (0x798b0f533a9c8378e91b1f752bd173663804a3764c87b1d10ee669fcb118a8c5) in 0.001s. Peers: 5","throwable":""}
{"timestamp":"2025-09-10T16:42:10,017","container":"7965dbe76a4e","level":"INFO","thread":"BftProcessorExecutor-QBFT-0","class":"QbftBesuControllerBuilder","message":"Imported #553 / 0 tx / 0 pending / 0 (0.0%) gas / (0x96e3f261d09b1d144a00f99825a1a9cc7a71ea0d0494abac208623aae53a2865)","throwable":""}
{"timestamp":"2025-09-10T16:42:18,031","container":"7965dbe76a4e","level":"INFO","thread":"BftProcessorExecutor-QBFT-0","class":"QbftBesuControllerBuilder","message":"Produced #554 / 0 tx / 0 pending / 0 (0.0%) gas / (0xc4b5f01cb4c8b282f72dfc44e0398f4bd8d440cd5e267c8bd7331e5d0f045320)","throwable":""}
{"timestamp":"2025-09-10T16:42:18,034","container":"7965dbe76a4e","level":"INFO","thread":"EthScheduler-Workers-0","class":"PersistBlockTask","message":"Block 554 (0xc4b5f01cb4c8b282f72dfc44e0398f4bd8d440cd5e267c8bd7331e5d0f045320) is already imported","throwable":""}
{"timestamp":"2025-09-10T16:42:26,012","container":"7965dbe76a4e","level":"INFO","thread":"BftProcessorExecutor-QBFT-0","class":"QbftBesuControllerBuilder","message":"Imported #555 / 0 tx / 0 pending / 0 (0.0%) gas / (0x25c186a6207216ca1cbb010bf92413fdd03de0d2b80dba02f2766d9cdb73d298)","throwable":""}
{"timestamp":"2025-09-10T16:42:34,013","container":"7965dbe76a4e","level":"INFO","thread":"BftProcessorExecutor-QBFT-0","class":"QbftBesuControllerBuilder","message":"Imported #556 / 0 tx / 0 pending / 0 (0.0%) gas / (0xef89346d6065db3be78dace53cd3705acbd423fbe2b874695873a229f3f953fb)","throwable":""}
{"timestamp":"2025-09-10T16:42:42,037","container":"7965dbe76a4e","level":"INFO","thread":"BftProcessorExecutor-QBFT-0","class":"QbftBesuControllerBuilder","message":"Imported #557 / 0 tx / 0 pending / 0 (0.0%) gas / (0x4de7aeb8ce29124cf9319d976e7aa8958bdeb8d42847e30f751d98cefe621ec1)","throwable":""}
{"timestamp":"2025-09-10T16:42:42,043","container":"7965dbe76a4e","level":"INFO","thread":"EthScheduler-Workers-0","class":"PersistBlockTask","message":"Block 557 (0x4de7aeb8ce29124cf9319d976e7aa8958bdeb8d42847e30f751d98cefe621ec1) is already imported","throwable":""}
{"timestamp":"2025-09-10T16:42:50,015","container":"7965dbe76a4e","level":"INFO","thread":"BftProcessorExecutor-QBFT-0","class":"QbftBesuControllerBuilder","message":"Produced #558 / 0 tx / 0 pending / 0 (0.0%) gas / (0x8c4f92e3605fae096e10856486a7f8f88ffd1123451245c3034047be38dd7c03)","throwable":""}
{"timestamp":"2025-09-10T16:42:58,025","container":"7965dbe76a4e","level":"INFO","thread":"BftProcessorExecutor-QBFT-0","class":"QbftBesuControllerBuilder","message":"Imported #559 / 0 tx / 0 pending / 0 (0.0%) gas / (0x105b6e4733ea8a9ea27baecd40d700ff7a7c3f16de1337b60b488f9579c13ee3)","throwable":""}
{"timestamp":"2025-09-10T16:43:06,021","container":"7965dbe76a4e","level":"INFO","thread":"BftProcessorExecutor-QBFT-0","class":"QbftBesuControllerBuilder","message":"Imported #560 / 0 tx / 0 pending / 0 (0.0%) gas / (0x6f726abc6805fbd99b305a2c9fbc631908881637690b07c67092ea586763640c)","throwable":""}
{"timestamp":"2025-09-10T16:43:14,023","container":"7965dbe76a4e","level":"INFO","thread":"BftProcessorExecutor-QBFT-0","class":"QbftBesuControllerBuilder","message":"Imported #561 / 0 tx / 0 pending / 0 (0.0%) gas / (0x949ca84cb31c9e1fb617c4ead674d53584e669983984222a8e816077d344fe08)","throwable":""}
{"timestamp":"2025-09-10T16:43:22,019","container":"7965dbe76a4e","level":"INFO","thread":"BftProcessorExecutor-QBFT-0","class":"QbftBesuControllerBuilder","message":"Produced #562 / 0 tx / 0 pending / 0 (0.0%) gas / (0x11e16ea574256a10105ca6f0391a80736916c8b1b86b94ed2c1a2cd1f8bc4ed5)","throwable":""}
{"timestamp":"2025-09-10T16:43:30,014","container":"7965dbe76a4e","level":"INFO","thread":"EthScheduler-Workers-0","class":"PersistBlockTask","message":"Imported #563 / 0 tx / 0 om / 0 (0.0%) gas / (0x36319ab91b92585c09b80cbde3ee8b9f47c09085d4ef13425c2e76604f1f6257) in 0.001s. Peers: 5","throwable":""}
{"timestamp":"2025-09-10T16:43:38,019","container":"7965dbe76a4e","level":"INFO","thread":"BftProcessorExecutor-QBFT-0","class":"QbftBesuControllerBuilder","message":"Imported #564 / 0 tx / 0 pending / 0 (0.0%) gas / (0x182a88f2c4e0afc2c6bf4f47fa4bebd865bf92b0472c88c3c053d85b7b1c1ad4)","throwable":""}
{"timestamp":"2025-09-10T16:43:46,015","container":"7965dbe76a4e","level":"INFO","thread":"EthScheduler-Workers-0","class":"PersistBlockTask","message":"Imported #565 / 0 tx / 0 om / 0 (0.0%) gas / (0x5f4711c942a12ce9a452a287d45785cb36b4bbaf1229b941b2ed2ec2b688f60c) in 0.001s. Peers: 5","throwable":""}
{"timestamp":"2025-09-10T16:43:46,016","container":"7965dbe76a4e","level":"INFO","thread":"BftProcessorExecutor-QBFT-0","class":"QbftBesuControllerBuilder","message":"Imported #565 / 0 tx / 0 pending / 0 (0.0%) gas / (0x5f4711c942a12ce9a452a287d45785cb36b4bbaf1229b941b2ed2ec2b688f60c)","throwable":""}
{"timestamp":"2025-09-10T16:43:54,022","container":"7965dbe76a4e","level":"INFO","thread":"BftProcessorExecutor-QBFT-0","class":"QbftBesuControllerBuilder","message":"Produced #566 / 0 tx / 0 pending / 0 (0.0%) gas / (0x2c6016443dc0a60adbde2ba5c7fc65043b56e743abcc08c2f5a2027da282c2ea)","throwable":""}
{"timestamp":"2025-09-10T16:44:02,018","container":"7965dbe76a4e","level":"INFO","thread":"BftProcessorExecutor-QBFT-0","class":"QbftBesuControllerBuilder","message":"Imported #567 / 0 tx / 0 pending / 0 (0.0%) gas / (0xcbb8a5ddd8cd600982c7cb7ee0d92fb2e19d85907cae032d9603ff900dd91e2c)","throwable":""}
{"timestamp":"2025-09-10T16:44:10,023","container":"7965dbe76a4e","level":"INFO","thread":"BftProcessorExecutor-QBFT-0","class":"QbftBesuControllerBuilder","message":"Imported #568 / 0 tx / 0 pending / 0 (0.0%) gas / (0x4bec9c3ace3a26433515ee5887adb72078476927455e83e5c9cebd3a402c097a)","throwable":""}
{"timestamp":"2025-09-10T16:44:18,011","container":"7965dbe76a4e","level":"INFO","thread":"BftProcessorExecutor-QBFT-0","class":"QbftBesuControllerBuilder","message":"Imported #569 / 0 tx / 0 pending / 0 (0.0%) gas / (0x63a021a00d4cd9eb56414e3745115d04f260f7fd4f3a352c83075a6b9f1e41f0)","throwable":""}
{"timestamp":"2025-09-10T16:44:26,035","container":"7965dbe76a4e","level":"INFO","thread":"BftProcessorExecutor-QBFT-0","class":"QbftBesuControllerBuilder","message":"Produced #570 / 0 tx / 0 pending / 0 (0.0%) gas / (0xe97ba075245f6650f0c577fdae7878425530b59c77f88df1437835d8f2f8f03c)","throwable":""}
{"timestamp":"2025-09-10T16:44:34,016","container":"7965dbe76a4e","level":"INFO","thread":"BftProcessorExecutor-QBFT-0","class":"QbftBesuControllerBuilder","message":"Imported #571 / 0 tx / 0 pending / 0 (0.0%) gas / (0x705764a74af4e2bf4583b7c50b350d913dca3026398ba2d071767cf1b6e927ef)","throwable":""}
{"timestamp":"2025-09-10T16:44:42,020","container":"7965dbe76a4e","level":"INFO","thread":"BftProcessorExecutor-QBFT-0","class":"QbftBesuControllerBuilder","message":"Imported #572 / 0 tx / 0 pending / 0 (0.0%) gas / (0x02a16056aa41a204842b744ebe19fd29d5496cea87270c9c0a9d3a58c633f9d1)","throwable":""}
{"timestamp":"2025-09-10T16:44:50,018","container":"7965dbe76a4e","level":"INFO","thread":"BftProcessorExecutor-QBFT-0","class":"QbftBesuControllerBuilder","message":"Imported #573 / 0 tx / 0 pending / 0 (0.0%) gas / (0x2af2af6e8c4c15e5bdf2db8c7bfbc14c8505fb913963bf7c55a03c99ceb1bfc9)","throwable":""}
{"timestamp":"2025-09-10T16:44:58,011","container":"7965dbe76a4e","level":"INFO","thread":"BftProcessorExecutor-QBFT-0","class":"QbftBesuControllerBuilder","message":"Produced #574 / 0 tx / 0 pending / 0 (0.0%) gas / (0xd062e7e258ba00d6870059bd227c94c5ff163ad8729bcd397bdcd17da12def77)","throwable":""}
{"timestamp":"2025-09-10T16:45:06,030","container":"7965dbe76a4e","level":"INFO","thread":"BftProcessorExecutor-QBFT-0","class":"QbftBesuControllerBuilder","message":"Imported #575 / 0 tx / 0 pending / 0 (0.0%) gas / (0xb856cdd4915c6c153c2c082a2bfe1be5c5758a8c1a71ca88f5853873fb31406e)","throwable":""}
{"timestamp":"2025-09-10T16:45:06,030","container":"7965dbe76a4e","level":"INFO","thread":"EthScheduler-Workers-0","class":"PersistBlockTask","message":"Block 575 (0xb856cdd4915c6c153c2c082a2bfe1be5c5758a8c1a71ca88f5853873fb31406e) is already imported","throwable":""}
{"timestamp":"2025-09-10T16:45:14,015","container":"7965dbe76a4e","level":"INFO","thread":"BftProcessorExecutor-QBFT-0","class":"QbftBesuControllerBuilder","message":"Imported #576 / 0 tx / 0 pending / 0 (0.0%) gas / (0xbbe94d0e24fcedaa831d55df64b2cb6eef857d37cdbbe67f74ae733bea7f2b33)","throwable":""}
{"timestamp":"2025-09-10T16:45:22,012","container":"7965dbe76a4e","level":"INFO","thread":"BftProcessorExecutor-QBFT-0","class":"QbftBesuControllerBuilder","message":"Imported #577 / 0 tx / 0 pending / 0 (0.0%) gas / (0x8462c94723f978edeb2632887f5771de205eebf27b279f3b119521820640e2f7)","throwable":""}
{"timestamp":"2025-09-10T16:45:30,013","container":"7965dbe76a4e","level":"INFO","thread":"BftProcessorExecutor-QBFT-0","class":"QbftBesuControllerBuilder","message":"Produced #578 / 0 tx / 0 pending / 0 (0.0%) gas / (0xb580d5d09c886b352f04ec4a330eac859c1263186c9bab571f1a83df5e7171a4)","throwable":""}
{"timestamp":"2025-09-10T16:45:38,015","container":"7965dbe76a4e","level":"INFO","thread":"BftProcessorExecutor-QBFT-0","class":"QbftBesuControllerBuilder","message":"Imported #579 / 0 tx / 0 pending / 0 (0.0%) gas / (0x29bb0b3c2061c0057f96140dc15f88cfffeeb98f9c0a2dbca821a7a316f526eb)","throwable":""}
{"timestamp":"2025-09-10T16:45:46,015","container":"7965dbe76a4e","level":"INFO","thread":"BftProcessorExecutor-QBFT-0","class":"QbftBesuControllerBuilder","message":"Imported #580 / 0 tx / 0 pending / 0 (0.0%) gas / (0x54c5d997e1b94373a4c88b40f6b06177098fbdb1b90d459b95d9dc8e7cd667eb)","throwable":""}
{"timestamp":"2025-09-10T16:45:54,015","container":"7965dbe76a4e","level":"INFO","thread":"BftProcessorExecutor-QBFT-0","class":"QbftBesuControllerBuilder","message":"Imported #581 / 0 tx / 0 pending / 0 (0.0%) gas / (0xe8475f84344e81c3920d2617ba0d3f8a5dc258b2ae80295b767226617e1c042d)","throwable":""}
{"timestamp":"2025-09-10T16:46:02,015","container":"7965dbe76a4e","level":"INFO","thread":"BftProcessorExecutor-QBFT-0","class":"QbftBesuControllerBuilder","message":"Produced #582 / 0 tx / 0 pending / 0 (0.0%) gas / (0x4eca5bbab74b5d718bb86a8e5031aedd762de2ca73a5bf6619dd2bf10242b0af)","throwable":""}
{"timestamp":"2025-09-10T16:46:10,017","container":"7965dbe76a4e","level":"INFO","thread":"BftProcessorExecutor-QBFT-0","class":"QbftBesuControllerBuilder","message":"Imported #583 / 0 tx / 0 pending / 0 (0.0%) gas / (0xd064a03193cf3531a99cc3013d5de5fc78e746869d81eb73a021ff4c114c2a29)","throwable":""}
{"timestamp":"2025-09-10T16:46:18,011","container":"7965dbe76a4e","level":"INFO","thread":"BftProcessorExecutor-QBFT-0","class":"QbftBesuControllerBuilder","message":"Imported #584 / 0 tx / 0 pending / 0 (0.0%) gas / (0xb5f5f874ad5f179d70b4c784046c03048df95a8665dc9bdd0070f05d30da8a28)","throwable":""}
{"timestamp":"2025-09-10T16:46:26,013","container":"7965dbe76a4e","level":"INFO","thread":"BftProcessorExecutor-QBFT-0","class":"QbftBesuControllerBuilder","message":"Imported #585 / 0 tx / 0 pending / 0 (0.0%) gas / (0x048109012295d804df43ead165207ea1cdc2bbb2c63fabecc32d10c1ec4b43c2)","throwable":""}
{"timestamp":"2025-09-10T16:46:34,016","container":"7965dbe76a4e","level":"INFO","thread":"BftProcessorExecutor-QBFT-0","class":"QbftBesuControllerBuilder","message":"Produced #586 / 0 tx / 0 pending / 0 (0.0%) gas / (0x3d38b30fbdeb865942791387589ea439ced5f7300b3075bff55d8111b4aa4c0e)","throwable":""}
{"timestamp":"2025-09-10T16:46:42,010","container":"7965dbe76a4e","level":"INFO","thread":"BftProcessorExecutor-QBFT-0","class":"QbftBesuControllerBuilder","message":"Imported #587 / 0 tx / 0 pending / 0 (0.0%) gas / (0xc62e6d20db6d5ce334a50fdb4d30f8fb9771138655c491ed4a0b113a80be4e02)","throwable":""}
{"timestamp":"2025-09-10T16:46:50,013","container":"7965dbe76a4e","level":"INFO","thread":"BftProcessorExecutor-QBFT-0","class":"QbftBesuControllerBuilder","message":"Imported #588 / 0 tx / 0 pending / 0 (0.0%) gas / (0x658433b2860434f1cad536eea5f1f16aff590e47c2ef2fbc820151df34d9afe6)","throwable":""}
{"timestamp":"2025-09-10T16:46:50,013","container":"7965dbe76a4e","level":"INFO","thread":"EthScheduler-Workers-0","class":"PersistBlockTask","message":"Block 588 (0x658433b2860434f1cad536eea5f1f16aff590e47c2ef2fbc820151df34d9afe6) is already imported","throwable":""}
{"timestamp":"2025-09-10T16:46:58,033","container":"7965dbe76a4e","level":"INFO","thread":"EthScheduler-Workers-0","class":"PersistBlockTask","message":"Block 589 (0x2e28ec9d795543b5ae49906e8b321df3b180833992a8ab0140a698fe1d5c0cd7) is already imported","throwable":""}
{"timestamp":"2025-09-10T16:46:58,033","container":"7965dbe76a4e","level":"INFO","thread":"BftProcessorExecutor-QBFT-0","class":"QbftBesuControllerBuilder","message":"Imported #589 / 0 tx / 0 pending / 0 (0.0%) gas / (0x2e28ec9d795543b5ae49906e8b321df3b180833992a8ab0140a698fe1d5c0cd7)","throwable":""}
{"timestamp":"2025-09-10T16:47:06,017","container":"7965dbe76a4e","level":"INFO","thread":"BftProcessorExecutor-QBFT-0","class":"QbftBesuControllerBuilder","message":"Produced #590 / 0 tx / 0 pending / 0 (0.0%) gas / (0x56114328645270ec11b9811dce4dba627af64f6c4d5265cde5e600168d7547aa)","throwable":""}
{"timestamp":"2025-09-10T16:47:14,021","container":"7965dbe76a4e","level":"INFO","thread":"EthScheduler-Workers-0","class":"PersistBlockTask","message":"Imported #591 / 0 tx / 0 om / 0 (0.0%) gas / (0xf396062692476c617bd15361cf548ae1acac4703fc84959dbb10cf9757f3f5eb) in 0.001s. Peers: 5","throwable":""}
{"timestamp":"2025-09-10T16:47:22,030","container":"7965dbe76a4e","level":"INFO","thread":"EthScheduler-Workers-0","class":"PersistBlockTask","message":"Imported #592 / 0 tx / 0 om / 0 (0.0%) gas / (0x368dcba6aa24ca9b2956fdf0955bc9ab59188d5e3a75a719136c17111dc9bfd1) in 0.001s. Peers: 5","throwable":""}
{"timestamp":"2025-09-10T16:47:22,030","container":"7965dbe76a4e","level":"INFO","thread":"BftProcessorExecutor-QBFT-0","class":"QbftBesuControllerBuilder","message":"Imported #592 / 0 tx / 0 pending / 0 (0.0%) gas / (0x368dcba6aa24ca9b2956fdf0955bc9ab59188d5e3a75a719136c17111dc9bfd1)","throwable":""}
{"timestamp":"2025-09-10T16:47:30,010","container":"7965dbe76a4e","level":"INFO","thread":"BftProcessorExecutor-QBFT-0","class":"QbftBesuControllerBuilder","message":"Imported #593 / 0 tx / 0 pending / 0 (0.0%) gas / (0xca1acf8a7495804cc81c9573a13a61684197ef62a0eb3e25ded6c68728332d2e)","throwable":""}
{"timestamp":"2025-09-10T16:47:38,012","container":"7965dbe76a4e","level":"INFO","thread":"BftProcessorExecutor-QBFT-0","class":"QbftBesuControllerBuilder","message":"Produced #594 / 0 tx / 0 pending / 0 (0.0%) gas / (0xf982bf518e639fd036020c1ff8ff870be85a0a2814537438023ed729b63bb034)","throwable":""}
{"timestamp":"2025-09-10T16:47:46,021","container":"7965dbe76a4e","level":"INFO","thread":"BftProcessorExecutor-QBFT-0","class":"QbftBesuControllerBuilder","message":"Imported #595 / 0 tx / 0 pending / 0 (0.0%) gas / (0x38ced679ca2d2070572d023fc4b40d5c13356154e5cb1b514061a4c702682c09)","throwable":""}
{"timestamp":"2025-09-10T16:47:54,019","container":"7965dbe76a4e","level":"INFO","thread":"BftProcessorExecutor-QBFT-0","class":"QbftBesuControllerBuilder","message":"Imported #596 / 0 tx / 0 pending / 0 (0.0%) gas / (0x7f5542fb2acb4cafef8f6fc001a1c30db7af4ab30c420d41fa578f5368167260)","throwable":""}
{"timestamp":"2025-09-10T16:48:02,012","container":"7965dbe76a4e","level":"INFO","thread":"BftProcessorExecutor-QBFT-0","class":"QbftBesuControllerBuilder","message":"Imported #597 / 0 tx / 0 pending / 0 (0.0%) gas / (0x188b67803239a1abad84de25f20ad473508f1718698c390e3b94e17f83255930)","throwable":""}
{"timestamp":"2025-09-10T16:48:10,020","container":"7965dbe76a4e","level":"INFO","thread":"BftProcessorExecutor-QBFT-0","class":"QbftBesuControllerBuilder","message":"Produced #598 / 0 tx / 0 pending / 0 (0.0%) gas / (0x1f186d394146409d44351ee73f8fd6c60ecbbcfb5bc5ff2fea7931c7de4aa5c1)","throwable":""}
{"timestamp":"2025-09-10T16:48:18,013","container":"7965dbe76a4e","level":"INFO","thread":"BftProcessorExecutor-QBFT-0","class":"QbftBesuControllerBuilder","message":"Imported #599 / 0 tx / 0 pending / 0 (0.0%) gas / (0xf923787a8d8c86a80820ca55d3171eaf7247a33b81f3df3c91166e317d6c0aa3)","throwable":""}
{"timestamp":"2025-09-10T16:48:26,016","container":"7965dbe76a4e","level":"INFO","thread":"BftProcessorExecutor-QBFT-0","class":"QbftBesuControllerBuilder","message":"Imported #600 / 0 tx / 0 pending / 0 (0.0%) gas / (0xce8a54ece27dc56cf3ff2491e8167f8869780c3122b2a4b2882a7e871b141faf)","throwable":""}
{"timestamp":"2025-09-10T16:48:34,025","container":"7965dbe76a4e","level":"INFO","thread":"EthScheduler-Workers-0","class":"PersistBlockTask","message":"Block 601 (0xd6a9fa07ce8b57ed3db57231c449716c79054eb3ac361f91199f3142d69b127a) is already imported","throwable":""}
{"timestamp":"2025-09-10T16:48:34,025","container":"7965dbe76a4e","level":"INFO","thread":"BftProcessorExecutor-QBFT-0","class":"QbftBesuControllerBuilder","message":"Imported #601 / 0 tx / 0 pending / 0 (0.0%) gas / (0xd6a9fa07ce8b57ed3db57231c449716c79054eb3ac361f91199f3142d69b127a)","throwable":""}
{"timestamp":"2025-09-10T16:48:42,017","container":"7965dbe76a4e","level":"INFO","thread":"BftProcessorExecutor-QBFT-0","class":"QbftBesuControllerBuilder","message":"Produced #602 / 0 tx / 0 pending / 0 (0.0%) gas / (0xb6701620fa1f56bb161240ec39b960d83e5ac128e064a9752877c6f7eaea52e2)","throwable":""}
{"timestamp":"2025-09-10T16:48:50,010","container":"7965dbe76a4e","level":"INFO","thread":"BftProcessorExecutor-QBFT-0","class":"QbftBesuControllerBuilder","message":"Imported #603 / 0 tx / 0 pending / 0 (0.0%) gas / (0x3abad1e60ed9859d70cfa8e32fb8a8e79cb3d55bc0cbba62f3e8aab0841e1044)","throwable":""}
{"timestamp":"2025-09-10T16:48:58,030","container":"7965dbe76a4e","level":"INFO","thread":"EthScheduler-Workers-0","class":"PersistBlockTask","message":"Block 604 (0x3d91a3f6e571641a24aaa16f826049dc5f36bca3a03708e509e40f190c233a5c) is already imported","throwable":""}
{"timestamp":"2025-09-10T16:48:58,032","container":"7965dbe76a4e","level":"INFO","thread":"BftProcessorExecutor-QBFT-0","class":"QbftBesuControllerBuilder","message":"Imported #604 / 0 tx / 0 pending / 0 (0.0%) gas / (0x3d91a3f6e571641a24aaa16f826049dc5f36bca3a03708e509e40f190c233a5c)","throwable":""}
{"timestamp":"2025-09-10T16:49:06,025","container":"7965dbe76a4e","level":"INFO","thread":"BftProcessorExecutor-QBFT-0","class":"QbftBesuControllerBuilder","message":"Imported #605 / 0 tx / 0 pending / 0 (0.0%) gas / (0x335c8a70987e07b36fb4501da113e14b482ae2daf258960948e4890e4a20b02d)","throwable":""}
{"timestamp":"2025-09-10T16:49:14,009","container":"7965dbe76a4e","level":"INFO","thread":"BftProcessorExecutor-QBFT-0","class":"QbftBesuControllerBuilder","message":"Produced #606 / 0 tx / 0 pending / 0 (0.0%) gas / (0xa5b71d3438884c9964886c3efac3dd56252e1f63e43d122e48fb451c6f5d4a81)","throwable":""}
{"timestamp":"2025-09-10T16:49:22,021","container":"7965dbe76a4e","level":"INFO","thread":"BftProcessorExecutor-QBFT-0","class":"QbftBesuControllerBuilder","message":"Imported #607 / 0 tx / 0 pending / 0 (0.0%) gas / (0x99d030122dfe198c48a551ded70a0ada394be311eef6707640782b78916cca48)","throwable":""}
{"timestamp":"2025-09-10T16:49:22,022","container":"7965dbe76a4e","level":"INFO","thread":"EthScheduler-Workers-0","class":"PersistBlockTask","message":"Block 607 (0x99d030122dfe198c48a551ded70a0ada394be311eef6707640782b78916cca48) is already imported","throwable":""}
{"timestamp":"2025-09-10T16:49:30,019","container":"7965dbe76a4e","level":"INFO","thread":"EthScheduler-Workers-0","class":"PersistBlockTask","message":"Block 608 (0xb8f4cc262d6dbdbb61143a39b67bb2910b122f4b76a727d0a42a435466a92a1b) is already imported","throwable":""}
{"timestamp":"2025-09-10T16:49:30,019","container":"7965dbe76a4e","level":"INFO","thread":"BftProcessorExecutor-QBFT-0","class":"QbftBesuControllerBuilder","message":"Imported #608 / 0 tx / 0 pending / 0 (0.0%) gas / (0xb8f4cc262d6dbdbb61143a39b67bb2910b122f4b76a727d0a42a435466a92a1b)","throwable":""}
{"timestamp":"2025-09-10T16:49:38,024","container":"7965dbe76a4e","level":"INFO","thread":"BftProcessorExecutor-QBFT-0","class":"QbftBesuControllerBuilder","message":"Imported #609 / 0 tx / 0 pending / 0 (0.0%) gas / (0x1a50b0df465e17aee4f4b76ce28d7a661486cd5568d0c9e27597c1d23f7e388c)","throwable":""}
{"timestamp":"2025-09-10T16:49:46,014","container":"7965dbe76a4e","level":"INFO","thread":"EthScheduler-Workers-0","class":"PersistBlockTask","message":"Block 610 (0x6b5d8410d72a754a322148b8bfdaaa6d177c402a279c5aa1b97531418262cf9b) is already imported","throwable":""}
{"timestamp":"2025-09-10T16:49:46,015","container":"7965dbe76a4e","level":"INFO","thread":"BftProcessorExecutor-QBFT-0","class":"QbftBesuControllerBuilder","message":"Produced #610 / 0 tx / 0 pending / 0 (0.0%) gas / (0x6b5d8410d72a754a322148b8bfdaaa6d177c402a279c5aa1b97531418262cf9b)","throwable":""}
{"timestamp":"2025-09-10T16:49:54,025","container":"7965dbe76a4e","level":"INFO","thread":"BftProcessorExecutor-QBFT-0","class":"QbftBesuControllerBuilder","message":"Imported #611 / 0 tx / 0 pending / 0 (0.0%) gas / (0xe68c77ad8871f2ba50bf743d6cf955595336065166216197f2b12a9bbc671d73)","throwable":""}
{"timestamp":"2025-09-10T16:50:02,026","container":"7965dbe76a4e","level":"INFO","thread":"EthScheduler-Workers-0","class":"PersistBlockTask","message":"Imported #612 / 0 tx / 0 om / 0 (0.0%) gas / (0xc5b1c3a5d773e94ae07ebb7783478aed9aeecf11ffc6865596980673c84dc64c) in 0.003s. Peers: 5","throwable":""}
{"timestamp":"2025-09-10T16:50:02,026","container":"7965dbe76a4e","level":"INFO","thread":"BftProcessorExecutor-QBFT-0","class":"QbftBesuControllerBuilder","message":"Imported #612 / 0 tx / 0 pending / 0 (0.0%) gas / (0xc5b1c3a5d773e94ae07ebb7783478aed9aeecf11ffc6865596980673c84dc64c)","throwable":""}
{"timestamp":"2025-09-10T16:50:10,025","container":"7965dbe76a4e","level":"INFO","thread":"EthScheduler-Workers-0","class":"PersistBlockTask","message":"Imported #613 / 0 tx / 0 om / 0 (0.0%) gas / (0x96c3c7a4d04a15db5c1a774ec3f1203bc48b14eb868de125ebe3c9c2d848daf9) in 0.003s. Peers: 5","throwable":""}
{"timestamp":"2025-09-10T16:50:10,026","container":"7965dbe76a4e","level":"INFO","thread":"BftProcessorExecutor-QBFT-0","class":"QbftBesuControllerBuilder","message":"Imported #613 / 0 tx / 0 pending / 0 (0.0%) gas / (0x96c3c7a4d04a15db5c1a774ec3f1203bc48b14eb868de125ebe3c9c2d848daf9)","throwable":""}
{"timestamp":"2025-09-10T16:50:18,009","container":"7965dbe76a4e","level":"INFO","thread":"BftProcessorExecutor-QBFT-0","class":"QbftBesuControllerBuilder","message":"Produced #614 / 0 tx / 0 pending / 0 (0.0%) gas / (0xb0b8519efb4a279490e5d20766526ddf6ec3d65f732b554ae740cccc86fbbf44)","throwable":""}
{"timestamp":"2025-09-10T16:50:26,018","container":"7965dbe76a4e","level":"INFO","thread":"EthScheduler-Workers-0","class":"PersistBlockTask","message":"Block 615 (0x66e7b83d24c8c64dd15d879494c35c7c3b53a47a75fd1f90a67bc7c3bdc8e977) is already imported","throwable":""}
{"timestamp":"2025-09-10T16:50:26,019","container":"7965dbe76a4e","level":"INFO","thread":"BftProcessorExecutor-QBFT-0","class":"QbftBesuControllerBuilder","message":"Imported #615 / 0 tx / 0 pending / 0 (0.0%) gas / (0x66e7b83d24c8c64dd15d879494c35c7c3b53a47a75fd1f90a67bc7c3bdc8e977)","throwable":""}
{"timestamp":"2025-09-10T16:50:34,018","container":"7965dbe76a4e","level":"INFO","thread":"EthScheduler-Workers-0","class":"PersistBlockTask","message":"Block 616 (0x7e63b2d29762580ad68c08257b1ed94244847d0eed001b55c99d02c5486be938) is already imported","throwable":""}
{"timestamp":"2025-09-10T16:50:34,019","container":"7965dbe76a4e","level":"INFO","thread":"BftProcessorExecutor-QBFT-0","class":"QbftBesuControllerBuilder","message":"Imported #616 / 0 tx / 0 pending / 0 (0.0%) gas / (0x7e63b2d29762580ad68c08257b1ed94244847d0eed001b55c99d02c5486be938)","throwable":""}
{"timestamp":"2025-09-10T16:50:42,011","container":"7965dbe76a4e","level":"INFO","thread":"BftProcessorExecutor-QBFT-0","class":"QbftBesuControllerBuilder","message":"Imported #617 / 0 tx / 0 pending / 0 (0.0%) gas / (0xa1805f7ad107648e473dc4a390406e9ff7ad9a41a102e417d490be964a4f340c)","throwable":""}
{"timestamp":"2025-09-10T16:50:50,016","container":"7965dbe76a4e","level":"INFO","thread":"EthScheduler-Workers-0","class":"PersistBlockTask","message":"Block 618 (0xdb7e6be03332273e532940dbd6d9072c9ad78595d5bbf40fbd761482fe17365a) is already imported","throwable":""}
{"timestamp":"2025-09-10T16:50:50,016","container":"7965dbe76a4e","level":"INFO","thread":"BftProcessorExecutor-QBFT-0","class":"QbftBesuControllerBuilder","message":"Produced #618 / 0 tx / 0 pending / 0 (0.0%) gas / (0xdb7e6be03332273e532940dbd6d9072c9ad78595d5bbf40fbd761482fe17365a)","throwable":""}
{"timestamp":"2025-09-10T16:50:58,012","container":"7965dbe76a4e","level":"INFO","thread":"BftProcessorExecutor-QBFT-0","class":"QbftBesuControllerBuilder","message":"Imported #619 / 0 tx / 0 pending / 0 (0.0%) gas / (0x9f192c682a758aacfcaa635c6e4d0357e9413719ce3cf4d9d44e4fd092cb37b1)","throwable":""}
{"timestamp":"2025-09-10T16:51:06,014","container":"7965dbe76a4e","level":"INFO","thread":"BftProcessorExecutor-QBFT-0","class":"QbftBesuControllerBuilder","message":"Imported #620 / 0 tx / 0 pending / 0 (0.0%) gas / (0x66a67472f05e46b067e7c7990baf8c7ad69b7a35a37b42f92e87e088abc95536)","throwable":""}
{"timestamp":"2025-09-10T16:51:14,011","container":"7965dbe76a4e","level":"INFO","thread":"BftProcessorExecutor-QBFT-0","class":"QbftBesuControllerBuilder","message":"Imported #621 / 0 tx / 0 pending / 0 (0.0%) gas / (0xc416deb807150b56cad92ae316be0c3f9682b6e933f63f7f1cb79f6eed2d8630)","throwable":""}
{"timestamp":"2025-09-10T16:51:22,013","container":"7965dbe76a4e","level":"INFO","thread":"BftProcessorExecutor-QBFT-0","class":"QbftBesuControllerBuilder","message":"Produced #622 / 0 tx / 0 pending / 0 (0.0%) gas / (0xb959c97718dd7d7273efb01e2598a2df07d7df5820bacf479ef4fdb5865e0111)","throwable":""}
{"timestamp":"2025-09-10T16:51:30,013","container":"7965dbe76a4e","level":"INFO","thread":"EthScheduler-Workers-0","class":"PersistBlockTask","message":"Block 623 (0x71ee485ad0646c4c54df4b15b4d9db0cbd381d3b9cab543a39c476b9fed8a3aa) is already imported","throwable":""}
{"timestamp":"2025-09-10T16:51:30,013","container":"7965dbe76a4e","level":"INFO","thread":"BftProcessorExecutor-QBFT-0","class":"QbftBesuControllerBuilder","message":"Imported #623 / 0 tx / 0 pending / 0 (0.0%) gas / (0x71ee485ad0646c4c54df4b15b4d9db0cbd381d3b9cab543a39c476b9fed8a3aa)","throwable":""}
{"timestamp":"2025-09-10T16:51:38,025","container":"7965dbe76a4e","level":"INFO","thread":"BftProcessorExecutor-QBFT-0","class":"QbftBesuControllerBuilder","message":"Imported #624 / 0 tx / 0 pending / 0 (0.0%) gas / (0xa82a11eb913591db684f09f731566dc208450044b7d49d1608267f714c373a55)","throwable":""}
{"timestamp":"2025-09-10T16:51:38,028","container":"7965dbe76a4e","level":"INFO","thread":"EthScheduler-Workers-0","class":"PersistBlockTask","message":"Block 624 (0xa82a11eb913591db684f09f731566dc208450044b7d49d1608267f714c373a55) is already imported","throwable":""}
{"timestamp":"2025-09-10T16:51:46,020","container":"7965dbe76a4e","level":"INFO","thread":"EthScheduler-Workers-0","class":"PersistBlockTask","message":"Block 625 (0x2c9a996eeb10057324994e67d81193b1591445a72e928d0870b53a7605fd6939) is already imported","throwable":""}
{"timestamp":"2025-09-10T16:51:46,020","container":"7965dbe76a4e","level":"INFO","thread":"BftProcessorExecutor-QBFT-0","class":"QbftBesuControllerBuilder","message":"Imported #625 / 0 tx / 0 pending / 0 (0.0%) gas / (0x2c9a996eeb10057324994e67d81193b1591445a72e928d0870b53a7605fd6939)","throwable":""}
{"timestamp":"2025-09-10T16:51:54,008","container":"7965dbe76a4e","level":"INFO","thread":"BftProcessorExecutor-QBFT-0","class":"QbftBesuControllerBuilder","message":"Produced #626 / 0 tx / 0 pending / 0 (0.0%) gas / (0xdbb703c31f3dc3d5184cab65b0c73186aac86826ab00097791f87cfbb753e807)","throwable":""}
{"timestamp":"2025-09-10T16:52:02,010","container":"7965dbe76a4e","level":"INFO","thread":"BftProcessorExecutor-QBFT-0","class":"QbftBesuControllerBuilder","message":"Imported #627 / 0 tx / 0 pending / 0 (0.0%) gas / (0xe9fcf6dc0f4d6b1b47ef1d9a2f15e7cb04768343208573239d785abd0e5b5b31)","throwable":""}
{"timestamp":"2025-09-10T16:52:10,015","container":"7965dbe76a4e","level":"INFO","thread":"BftProcessorExecutor-QBFT-0","class":"QbftBesuControllerBuilder","message":"Imported #628 / 0 tx / 0 pending / 0 (0.0%) gas / (0x0824cd76ffe4ba0077195b6d18253b065ef639827779c1492219bebabb12df4a)","throwable":""}
{"timestamp":"2025-09-10T16:52:18,009","container":"7965dbe76a4e","level":"INFO","thread":"BftProcessorExecutor-QBFT-0","class":"QbftBesuControllerBuilder","message":"Imported #629 / 0 tx / 0 pending / 0 (0.0%) gas / (0x7474754c68f79834cdd81cd472d08d54e2cced6331295ed16f4bab0228c00055)","throwable":""}
{"timestamp":"2025-09-10T16:52:26,015","container":"7965dbe76a4e","level":"INFO","thread":"BftProcessorExecutor-QBFT-0","class":"QbftBesuControllerBuilder","message":"Produced #630 / 0 tx / 0 pending / 0 (0.0%) gas / (0x20da5601467017abc92dc947beae697ce3103b6308db5bd7870591264d9d3e6d)","throwable":""}
{"timestamp":"2025-09-10T16:52:34,017","container":"7965dbe76a4e","level":"INFO","thread":"BftProcessorExecutor-QBFT-0","class":"QbftBesuControllerBuilder","message":"Imported #631 / 0 tx / 0 pending / 0 (0.0%) gas / (0x6e08bc2261ed2e44453293001e8bd75a8484808db9102ea27b5a78a7afe12ce2)","throwable":""}
{"timestamp":"2025-09-10T16:52:34,018","container":"7965dbe76a4e","level":"INFO","thread":"EthScheduler-Workers-0","class":"PersistBlockTask","message":"Block 631 (0x6e08bc2261ed2e44453293001e8bd75a8484808db9102ea27b5a78a7afe12ce2) is already imported","throwable":""}
{"timestamp":"2025-09-10T16:52:42,012","container":"7965dbe76a4e","level":"INFO","thread":"BftProcessorExecutor-QBFT-0","class":"QbftBesuControllerBuilder","message":"Imported #632 / 0 tx / 0 pending / 0 (0.0%) gas / (0x9c8d0cc2a64b3c67c0b4bd26b2a9c0dde09503b3d572db12cd1caa4390f873d6)","throwable":""}
{"timestamp":"2025-09-10T16:52:42,013","container":"7965dbe76a4e","level":"INFO","thread":"EthScheduler-Workers-0","class":"PersistBlockTask","message":"Block 632 (0x9c8d0cc2a64b3c67c0b4bd26b2a9c0dde09503b3d572db12cd1caa4390f873d6) is already imported","throwable":""}
{"timestamp":"2025-09-10T16:52:50,015","container":"7965dbe76a4e","level":"INFO","thread":"BftProcessorExecutor-QBFT-0","class":"QbftBesuControllerBuilder","message":"Imported #633 / 0 tx / 0 pending / 0 (0.0%) gas / (0xb95c46385077dcf6a6aa7920760a4c1185f476bbdf90ef88ed2a12032917f23d)","throwable":""}
{"timestamp":"2025-09-10T16:52:58,018","container":"7965dbe76a4e","level":"INFO","thread":"BftProcessorExecutor-QBFT-0","class":"QbftBesuControllerBuilder","message":"Produced #634 / 0 tx / 0 pending / 0 (0.0%) gas / (0x43cd2232f628fcac988a4d387b67ebc766c107f4a815edb945a24ad0d173e5c3)","throwable":""}
{"timestamp":"2025-09-10T16:53:06,025","container":"7965dbe76a4e","level":"INFO","thread":"BftProcessorExecutor-QBFT-0","class":"QbftBesuControllerBuilder","message":"Imported #635 / 0 tx / 0 pending / 0 (0.0%) gas / (0x6ac550945b5c4dda73dd84d65549e62f6f0c209c1b5a1f9da2523c33de31c3ee)","throwable":""}
{"timestamp":"2025-09-10T16:53:14,014","container":"7965dbe76a4e","level":"INFO","thread":"BftProcessorExecutor-QBFT-0","class":"QbftBesuControllerBuilder","message":"Imported #636 / 0 tx / 0 pending / 0 (0.0%) gas / (0x06003404d555d7da7dfe74be4d543b8e42759b0b9f92cd92a0d8f569c2ca995a)","throwable":""}
{"timestamp":"2025-09-10T16:53:22,023","container":"7965dbe76a4e","level":"INFO","thread":"BftProcessorExecutor-QBFT-0","class":"QbftBesuControllerBuilder","message":"Imported #637 / 0 tx / 0 pending / 0 (0.0%) gas / (0x902b46cc164d4cf74effaec09d7cba8e5cbcc61db5884fb212869e172e950e41)","throwable":""}
{"timestamp":"2025-09-10T16:53:22,023","container":"7965dbe76a4e","level":"INFO","thread":"EthScheduler-Workers-0","class":"PersistBlockTask","message":"Block 637 (0x902b46cc164d4cf74effaec09d7cba8e5cbcc61db5884fb212869e172e950e41) is already imported","throwable":""}
{"timestamp":"2025-09-10T16:53:30,015","container":"7965dbe76a4e","level":"INFO","thread":"BftProcessorExecutor-QBFT-0","class":"QbftBesuControllerBuilder","message":"Produced #638 / 0 tx / 0 pending / 0 (0.0%) gas / (0xb18cf381aad71a7bcb03ed9629c7cde9c1189d9dba9e81e2163a8080fbff2437)","throwable":""}
{"timestamp":"2025-09-10T16:53:38,012","container":"7965dbe76a4e","level":"INFO","thread":"BftProcessorExecutor-QBFT-0","class":"QbftBesuControllerBuilder","message":"Imported #639 / 0 tx / 0 pending / 0 (0.0%) gas / (0xbbef55eae56e761e4af71b2bd67bc23f6a2f5ab418956d780b43de277ee83905)","throwable":""}
{"timestamp":"2025-09-10T16:53:46,012","container":"7965dbe76a4e","level":"INFO","thread":"BftProcessorExecutor-QBFT-0","class":"QbftBesuControllerBuilder","message":"Imported #640 / 0 tx / 0 pending / 0 (0.0%) gas / (0x9a23971ba5ad02fca68dca67f6bd78d371ba7378544563fed3eb12ae8f409878)","throwable":""}
{"timestamp":"2025-09-10T16:53:54,021","container":"7965dbe76a4e","level":"INFO","thread":"BftProcessorExecutor-QBFT-0","class":"QbftBesuControllerBuilder","message":"Imported #641 / 0 tx / 0 pending / 0 (0.0%) gas / (0x3434eebff2c8cce0738bc7a177d6595437fe50c3a69661e0d2bc1d985ccaa356)","throwable":""}
{"timestamp":"2025-09-10T16:53:54,022","container":"7965dbe76a4e","level":"INFO","thread":"EthScheduler-Workers-0","class":"PersistBlockTask","message":"Block 641 (0x3434eebff2c8cce0738bc7a177d6595437fe50c3a69661e0d2bc1d985ccaa356) is already imported","throwable":""}
{"timestamp":"2025-09-10T16:54:02,020","container":"7965dbe76a4e","level":"INFO","thread":"EthScheduler-Workers-0","class":"PersistBlockTask","message":"Block 642 (0x1f78ffcd5e47c4ff9dfacf06e0485d797404af3ca74add420c3ae757f03f0487) is already imported","throwable":""}
{"timestamp":"2025-09-10T16:54:02,020","container":"7965dbe76a4e","level":"INFO","thread":"BftProcessorExecutor-QBFT-0","class":"QbftBesuControllerBuilder","message":"Produced #642 / 0 tx / 0 pending / 0 (0.0%) gas / (0x1f78ffcd5e47c4ff9dfacf06e0485d797404af3ca74add420c3ae757f03f0487)","throwable":""}
{"timestamp":"2025-09-10T16:54:10,022","container":"7965dbe76a4e","level":"INFO","thread":"EthScheduler-Workers-0","class":"PersistBlockTask","message":"Block 643 (0xfd5d8b55a68da9ffa745a17b21776f0ad60e451df13149ad6f882a3592eef004) is already imported","throwable":""}
{"timestamp":"2025-09-10T16:54:10,022","container":"7965dbe76a4e","level":"INFO","thread":"BftProcessorExecutor-QBFT-0","class":"QbftBesuControllerBuilder","message":"Imported #643 / 0 tx / 0 pending / 0 (0.0%) gas / (0xfd5d8b55a68da9ffa745a17b21776f0ad60e451df13149ad6f882a3592eef004)","throwable":""}
{"timestamp":"2025-09-10T16:54:18,024","container":"7965dbe76a4e","level":"INFO","thread":"BftProcessorExecutor-QBFT-0","class":"QbftBesuControllerBuilder","message":"Imported #644 / 0 tx / 0 pending / 0 (0.0%) gas / (0xf6e7574299ccdfefd23118668be316a90c4977917ef236a9a6d1b605a7c6eb4c)","throwable":""}
{"timestamp":"2025-09-10T16:54:26,015","container":"7965dbe76a4e","level":"INFO","thread":"BftProcessorExecutor-QBFT-0","class":"QbftBesuControllerBuilder","message":"Imported #645 / 0 tx / 0 pending / 0 (0.0%) gas / (0x1a5e2e16ffa3b3a70a1dfdcf9613a6889a4ff71223d0c230382ca6889c0fc743)","throwable":""}
{"timestamp":"2025-09-10T16:54:34,018","container":"7965dbe76a4e","level":"INFO","thread":"BftProcessorExecutor-QBFT-0","class":"QbftBesuControllerBuilder","message":"Produced #646 / 0 tx / 0 pending / 0 (0.0%) gas / (0xa5288fea1fcd529908af261dc36189d820e8771a3d7735fb4a427b8738ab3110)","throwable":""}
{"timestamp":"2025-09-10T16:54:42,023","container":"7965dbe76a4e","level":"INFO","thread":"BftProcessorExecutor-QBFT-0","class":"QbftBesuControllerBuilder","message":"Imported #647 / 0 tx / 0 pending / 0 (0.0%) gas / (0x835439a9ffe29ad6278c74b4deb4987aa05be2a5f4a88353d3204a522a63e6a5)","throwable":""}
{"timestamp":"2025-09-10T16:54:42,025","container":"7965dbe76a4e","level":"INFO","thread":"EthScheduler-Workers-0","class":"PersistBlockTask","message":"Block 647 (0x835439a9ffe29ad6278c74b4deb4987aa05be2a5f4a88353d3204a522a63e6a5) is already imported","throwable":""}
{"timestamp":"2025-09-10T16:54:50,015","container":"7965dbe76a4e","level":"INFO","thread":"BftProcessorExecutor-QBFT-0","class":"QbftBesuControllerBuilder","message":"Imported #648 / 0 tx / 0 pending / 0 (0.0%) gas / (0x740c861a2a64c4f1c59d67f936d9c93877f03a0f19ad48e26af715ad302ca49d)","throwable":""}
{"timestamp":"2025-09-10T16:54:58,023","container":"7965dbe76a4e","level":"INFO","thread":"BftProcessorExecutor-QBFT-0","class":"QbftBesuControllerBuilder","message":"Imported #649 / 0 tx / 0 pending / 0 (0.0%) gas / (0x024c2c46781f9e80db32d22cc6becfca5f1def4269e838bd640374690dcc8b44)","throwable":""}
{"timestamp":"2025-09-10T16:55:06,014","container":"7965dbe76a4e","level":"INFO","thread":"BftProcessorExecutor-QBFT-0","class":"QbftBesuControllerBuilder","message":"Produced #650 / 0 tx / 0 pending / 0 (0.0%) gas / (0xe1cc373dcb3c273160bd91d1e96aa09bab1e37baf04b1bbdc8269026b8e7c08a)","throwable":""}
{"timestamp":"2025-09-10T16:55:14,009","container":"7965dbe76a4e","level":"INFO","thread":"BftProcessorExecutor-QBFT-0","class":"QbftBesuControllerBuilder","message":"Imported #651 / 0 tx / 0 pending / 0 (0.0%) gas / (0xa2a55d391ca18193fdf61689ab3a664781429da25e024493fc345b56f904796d)","throwable":""}
{"timestamp":"2025-09-10T16:55:22,013","container":"7965dbe76a4e","level":"INFO","thread":"BftProcessorExecutor-QBFT-0","class":"QbftBesuControllerBuilder","message":"Imported #652 / 0 tx / 0 pending / 0 (0.0%) gas / (0x0dad871149dc3a61d7579223d195a4a5011f27115ca190efb7006d116ae31860)","throwable":""}
{"timestamp":"2025-09-10T16:55:30,011","container":"7965dbe76a4e","level":"INFO","thread":"BftProcessorExecutor-QBFT-0","class":"QbftBesuControllerBuilder","message":"Imported #653 / 0 tx / 0 pending / 0 (0.0%) gas / (0xa444b06aba21176db7479d86261dc6c3e9bb51ab3124965e8678db9baf9093bc)","throwable":""}
{"timestamp":"2025-09-10T16:55:38,011","container":"7965dbe76a4e","level":"INFO","thread":"BftProcessorExecutor-QBFT-0","class":"QbftBesuControllerBuilder","message":"Produced #654 / 0 tx / 0 pending / 0 (0.0%) gas / (0x5cd418f8ca445ddbf3cbb7929324d09d9e8ae907561fe55b601557fcee69f2ca)","throwable":""}
{"timestamp":"2025-09-10T16:55:46,009","container":"7965dbe76a4e","level":"INFO","thread":"BftProcessorExecutor-QBFT-0","class":"QbftBesuControllerBuilder","message":"Imported #655 / 0 tx / 0 pending / 0 (0.0%) gas / (0x15b2435ec2dd8148ca7cddf4e467a883f7592f24f0c41b8f56b1471eace9ee29)","throwable":""}
{"timestamp":"2025-09-10T16:55:54,013","container":"7965dbe76a4e","level":"INFO","thread":"EthScheduler-Workers-0","class":"PersistBlockTask","message":"Block 656 (0x09db72fbc4ca326952b9386a48459b2a01e125be183054825910a4bfe547a32d) is already imported","throwable":""}
{"timestamp":"2025-09-10T16:55:54,014","container":"7965dbe76a4e","level":"INFO","thread":"BftProcessorExecutor-QBFT-0","class":"QbftBesuControllerBuilder","message":"Imported #656 / 0 tx / 0 pending / 0 (0.0%) gas / (0x09db72fbc4ca326952b9386a48459b2a01e125be183054825910a4bfe547a32d)","throwable":""}
{"timestamp":"2025-09-10T16:56:02,021","container":"7965dbe76a4e","level":"INFO","thread":"BftProcessorExecutor-QBFT-0","class":"QbftBesuControllerBuilder","message":"Imported #657 / 0 tx / 0 pending / 0 (0.0%) gas / (0xefb556da521edb0fd3500baee6ecf0f915d6f4396ad8034c94b5c0d241b9e154)","throwable":""}
{"timestamp":"2025-09-10T16:56:02,021","container":"7965dbe76a4e","level":"INFO","thread":"EthScheduler-Workers-0","class":"PersistBlockTask","message":"Block 657 (0xefb556da521edb0fd3500baee6ecf0f915d6f4396ad8034c94b5c0d241b9e154) is already imported","throwable":""}
{"timestamp":"2025-09-10T16:56:10,010","container":"7965dbe76a4e","level":"INFO","thread":"BftProcessorExecutor-QBFT-0","class":"QbftBesuControllerBuilder","message":"Produced #658 / 0 tx / 0 pending / 0 (0.0%) gas / (0x361f3f823f6297128805cbace5241c7adb3944dfad882b0fc5dcac7ca0ff947a)","throwable":""}
{"timestamp":"2025-09-10T16:56:18,010","container":"7965dbe76a4e","level":"INFO","thread":"BftProcessorExecutor-QBFT-0","class":"QbftBesuControllerBuilder","message":"Imported #659 / 0 tx / 0 pending / 0 (0.0%) gas / (0xdb3334ebd8fb74ba6cb42e771e401437fe57d96e5aadc02f257c7f854e6c92bc)","throwable":""}
{"timestamp":"2025-09-10T16:56:26,019","container":"7965dbe76a4e","level":"INFO","thread":"EthScheduler-Workers-0","class":"PersistBlockTask","message":"Imported #660 / 0 tx / 0 om / 0 (0.0%) gas / (0x040205dc6b036f0b2a205d1e6bb164cf64405d0a7635a2e64e8164a6f12bfc6f) in 0.001s. Peers: 5","throwable":""}
{"timestamp":"2025-09-10T16:56:26,019","container":"7965dbe76a4e","level":"INFO","thread":"BftProcessorExecutor-QBFT-0","class":"QbftBesuControllerBuilder","message":"Imported #660 / 0 tx / 0 pending / 0 (0.0%) gas / (0x040205dc6b036f0b2a205d1e6bb164cf64405d0a7635a2e64e8164a6f12bfc6f)","throwable":""}
{"timestamp":"2025-09-10T16:56:34,014","container":"7965dbe76a4e","level":"INFO","thread":"BftProcessorExecutor-QBFT-0","class":"QbftBesuControllerBuilder","message":"Imported #661 / 0 tx / 0 pending / 0 (0.0%) gas / (0xf2bf5394e8cdbfc31fea8a9d2f90cf680635aa95f53242faea6d4d62c7b5e5bb)","throwable":""}
{"timestamp":"2025-09-10T16:56:42,027","container":"7965dbe76a4e","level":"INFO","thread":"BftProcessorExecutor-QBFT-0","class":"QbftBesuControllerBuilder","message":"Produced #662 / 0 tx / 0 pending / 0 (0.0%) gas / (0x46f7b4972164555bb777057f659488e554afcf14763c5f0973f74edf5179921d)","throwable":""}
{"timestamp":"2025-09-10T16:56:50,015","container":"7965dbe76a4e","level":"INFO","thread":"BftProcessorExecutor-QBFT-0","class":"QbftBesuControllerBuilder","message":"Imported #663 / 0 tx / 0 pending / 0 (0.0%) gas / (0x95ad97f1b78c4442f0c4c3a868b0ab79be1fa1d1e7130bd1b3cdf552d73cf2f7)","throwable":""}
{"timestamp":"2025-09-10T16:56:58,012","container":"7965dbe76a4e","level":"INFO","thread":"EthScheduler-Workers-0","class":"PersistBlockTask","message":"Block 664 (0x8eb3ec7df5dbb575af02f22e1d8471e3f9be2c8d83a76759f16c874c0cde750f) is already imported","throwable":""}
{"timestamp":"2025-09-10T16:56:58,013","container":"7965dbe76a4e","level":"INFO","thread":"BftProcessorExecutor-QBFT-0","class":"QbftBesuControllerBuilder","message":"Imported #664 / 0 tx / 0 pending / 0 (0.0%) gas / (0x8eb3ec7df5dbb575af02f22e1d8471e3f9be2c8d83a76759f16c874c0cde750f)","throwable":""}
{"timestamp":"2025-09-10T16:57:06,013","container":"7965dbe76a4e","level":"INFO","thread":"BftProcessorExecutor-QBFT-0","class":"QbftBesuControllerBuilder","message":"Imported #665 / 0 tx / 0 pending / 0 (0.0%) gas / (0xbe22ec9684689593e8a57efe59aefa6ee0ed119822c4cba61f212d23df1feffb)","throwable":""}
{"timestamp":"2025-09-10T16:57:06,013","container":"7965dbe76a4e","level":"INFO","thread":"EthScheduler-Workers-0","class":"PersistBlockTask","message":"Block 665 (0xbe22ec9684689593e8a57efe59aefa6ee0ed119822c4cba61f212d23df1feffb) is already imported","throwable":""}
{"timestamp":"2025-09-10T16:57:14,009","container":"7965dbe76a4e","level":"INFO","thread":"EthScheduler-Workers-0","class":"PersistBlockTask","message":"Block 666 (0x14c14cf07319253324d93534d15dbfbbf8f52e3e7d0a87bc3442e240a302d06d) is already imported","throwable":""}
{"timestamp":"2025-09-10T16:57:14,009","container":"7965dbe76a4e","level":"INFO","thread":"BftProcessorExecutor-QBFT-0","class":"QbftBesuControllerBuilder","message":"Produced #666 / 0 tx / 0 pending / 0 (0.0%) gas / (0x14c14cf07319253324d93534d15dbfbbf8f52e3e7d0a87bc3442e240a302d06d)","throwable":""}
{"timestamp":"2025-09-10T16:57:22,020","container":"7965dbe76a4e","level":"INFO","thread":"BftProcessorExecutor-QBFT-0","class":"QbftBesuControllerBuilder","message":"Imported #667 / 0 tx / 0 pending / 0 (0.0%) gas / (0xa07ee3a045677e7a6b69bb50b4dbba259687409a9eb3cf0ffd543579181c96fb)","throwable":""}
{"timestamp":"2025-09-10T16:57:30,018","container":"7965dbe76a4e","level":"INFO","thread":"EthScheduler-Workers-0","class":"PersistBlockTask","message":"Block 668 (0xeafbcb13fa6fe80c34d71fa250d3a44a1b07364b1201a618c691c46c343c1afa) is already imported","throwable":""}
{"timestamp":"2025-09-10T16:57:30,018","container":"7965dbe76a4e","level":"INFO","thread":"BftProcessorExecutor-QBFT-0","class":"QbftBesuControllerBuilder","message":"Imported #668 / 0 tx / 0 pending / 0 (0.0%) gas / (0xeafbcb13fa6fe80c34d71fa250d3a44a1b07364b1201a618c691c46c343c1afa)","throwable":""}
{"timestamp":"2025-09-10T16:57:38,033","container":"7965dbe76a4e","level":"INFO","thread":"BftProcessorExecutor-QBFT-0","class":"QbftBesuControllerBuilder","message":"Imported #669 / 0 tx / 0 pending / 0 (0.0%) gas / (0x5e7e7354a364b0ca3030be3ee4189604787b33805c574573415eee3ca7936874)","throwable":""}
{"timestamp":"2025-09-10T16:57:46,013","container":"7965dbe76a4e","level":"INFO","thread":"BftProcessorExecutor-QBFT-0","class":"QbftBesuControllerBuilder","message":"Produced #670 / 0 tx / 0 pending / 0 (0.0%) gas / (0x83995924bb9adef7b824ec206b7ef992bfc7db6b5412e4b5ffda4a43c168f227)","throwable":""}
{"timestamp":"2025-09-10T16:57:54,026","container":"7965dbe76a4e","level":"INFO","thread":"BftProcessorExecutor-QBFT-0","class":"QbftBesuControllerBuilder","message":"Imported #671 / 0 tx / 0 pending / 0 (0.0%) gas / (0x4ff8bfd11c756c7877a4893beb351c22b9a18b28db2b36f8fbd2fee2fb479bea)","throwable":""}
{"timestamp":"2025-09-10T16:58:02,019","container":"7965dbe76a4e","level":"INFO","thread":"BftProcessorExecutor-QBFT-0","class":"QbftBesuControllerBuilder","message":"Imported #672 / 0 tx / 0 pending / 0 (0.0%) gas / (0xc232cc1dbdc5453f70fa070c9a2111f110ef51306aee421ae727b1694feb47c5)","throwable":""}
{"timestamp":"2025-09-10T16:58:10,015","container":"7965dbe76a4e","level":"INFO","thread":"EthScheduler-Workers-0","class":"PersistBlockTask","message":"Block 673 (0xfbcb51dbec8e314e88b5252cdbdbd101efdb0ec9573a9261168ad8024fc6fe54) is already imported","throwable":""}
{"timestamp":"2025-09-10T16:58:10,015","container":"7965dbe76a4e","level":"INFO","thread":"BftProcessorExecutor-QBFT-0","class":"QbftBesuControllerBuilder","message":"Imported #673 / 0 tx / 0 pending / 0 (0.0%) gas / (0xfbcb51dbec8e314e88b5252cdbdbd101efdb0ec9573a9261168ad8024fc6fe54)","throwable":""}
{"timestamp":"2025-09-10T16:58:18,014","container":"7965dbe76a4e","level":"INFO","thread":"BftProcessorExecutor-QBFT-0","class":"QbftBesuControllerBuilder","message":"Produced #674 / 0 tx / 0 pending / 0 (0.0%) gas / (0xa348daf30829a8b409d85fa48cbc51601cf494d577dabe99833bc4fb67ab274c)","throwable":""}
{"timestamp":"2025-09-10T16:58:26,010","container":"7965dbe76a4e","level":"INFO","thread":"BftProcessorExecutor-QBFT-0","class":"QbftBesuControllerBuilder","message":"Imported #675 / 0 tx / 0 pending / 0 (0.0%) gas / (0x736593733c6d00b48030fa04aa622691fb3bd9d9b42db032540ad6ec7eb7d626)","throwable":""}
{"timestamp":"2025-09-10T16:58:34,011","container":"7965dbe76a4e","level":"INFO","thread":"EthScheduler-Workers-0","class":"PersistBlockTask","message":"Block 676 (0x37fe48014875da5c5bbb8b3152aaaff85b7b8d7b39ed5d9082dd2cc095f340ad) is already imported","throwable":""}
{"timestamp":"2025-09-10T16:58:34,011","container":"7965dbe76a4e","level":"INFO","thread":"BftProcessorExecutor-QBFT-0","class":"QbftBesuControllerBuilder","message":"Imported #676 / 0 tx / 0 pending / 0 (0.0%) gas / (0x37fe48014875da5c5bbb8b3152aaaff85b7b8d7b39ed5d9082dd2cc095f340ad)","throwable":""}
{"timestamp":"2025-09-10T16:58:42,017","container":"7965dbe76a4e","level":"INFO","thread":"BftProcessorExecutor-QBFT-0","class":"QbftBesuControllerBuilder","message":"Imported #677 / 0 tx / 0 pending / 0 (0.0%) gas / (0x016902263f6d6185a9bc52fc044e20b62971cf96194dbf87f27e74718217b09c)","throwable":""}
{"timestamp":"2025-09-10T16:58:42,017","container":"7965dbe76a4e","level":"INFO","thread":"EthScheduler-Workers-0","class":"PersistBlockTask","message":"Block 677 (0x016902263f6d6185a9bc52fc044e20b62971cf96194dbf87f27e74718217b09c) is already imported","throwable":""}
{"timestamp":"2025-09-10T16:58:50,012","container":"7965dbe76a4e","level":"INFO","thread":"BftProcessorExecutor-QBFT-0","class":"QbftBesuControllerBuilder","message":"Produced #678 / 0 tx / 0 pending / 0 (0.0%) gas / (0x553020a94fe7a093f888f78cea2f41be2b252691ad33a513e362938400c50780)","throwable":""}
{"timestamp":"2025-09-10T16:58:50,014","container":"7965dbe76a4e","level":"INFO","thread":"EthScheduler-Workers-0","class":"PersistBlockTask","message":"Block 678 (0x553020a94fe7a093f888f78cea2f41be2b252691ad33a513e362938400c50780) is already imported","throwable":""}
{"timestamp":"2025-09-10T16:58:58,012","container":"7965dbe76a4e","level":"INFO","thread":"BftProcessorExecutor-QBFT-0","class":"QbftBesuControllerBuilder","message":"Imported #679 / 0 tx / 0 pending / 0 (0.0%) gas / (0x7c7e77ea18046ada4ec7f4c4746b23f5d39e9e12601c18538368ab2364b141f4)","throwable":""}
{"timestamp":"2025-09-10T16:59:06,012","container":"7965dbe76a4e","level":"INFO","thread":"EthScheduler-Workers-0","class":"PersistBlockTask","message":"Block 680 (0x008478625e4624960d41811fa61c18f96f738b35a9c2aff6bf8dbc7fe73bbae3) is already imported","throwable":""}
{"timestamp":"2025-09-10T16:59:06,012","container":"7965dbe76a4e","level":"INFO","thread":"BftProcessorExecutor-QBFT-0","class":"QbftBesuControllerBuilder","message":"Imported #680 / 0 tx / 0 pending / 0 (0.0%) gas / (0x008478625e4624960d41811fa61c18f96f738b35a9c2aff6bf8dbc7fe73bbae3)","throwable":""}
{"timestamp":"2025-09-10T16:59:14,008","container":"7965dbe76a4e","level":"INFO","thread":"BftProcessorExecutor-QBFT-0","class":"QbftBesuControllerBuilder","message":"Imported #681 / 0 tx / 0 pending / 0 (0.0%) gas / (0x26dcf3ee47ac57b79e2db91dce315950ef37c843783f2fb606bacff126b6b431)","throwable":""}
{"timestamp":"2025-09-10T16:59:22,014","container":"7965dbe76a4e","level":"INFO","thread":"BftProcessorExecutor-QBFT-0","class":"QbftBesuControllerBuilder","message":"Produced #682 / 0 tx / 0 pending / 0 (0.0%) gas / (0x964fc0c80cf4ec8ffcc3d908de79188ef3f34625b4cc2cce6b9615349b1d2077)","throwable":""}
{"timestamp":"2025-09-10T16:59:30,013","container":"7965dbe76a4e","level":"INFO","thread":"BftProcessorExecutor-QBFT-0","class":"QbftBesuControllerBuilder","message":"Imported #683 / 0 tx / 0 pending / 0 (0.0%) gas / (0x5d032fcd23532678a7c3a2ddbf4cb690f501038e11749edf1f660d7dcf9a57a2)","throwable":""}
{"timestamp":"2025-09-10T16:59:38,016","container":"7965dbe76a4e","level":"INFO","thread":"EthScheduler-Workers-0","class":"PersistBlockTask","message":"Imported #684 / 0 tx / 0 om / 0 (0.0%) gas / (0xf550058152b3b76b4f30630b361fe8828b1817f6eb99e2161697b736274d1462) in 0.001s. Peers: 5","throwable":""}
{"timestamp":"2025-09-10T16:59:38,016","container":"7965dbe76a4e","level":"INFO","thread":"BftProcessorExecutor-QBFT-0","class":"QbftBesuControllerBuilder","message":"Imported #684 / 0 tx / 0 pending / 0 (0.0%) gas / (0xf550058152b3b76b4f30630b361fe8828b1817f6eb99e2161697b736274d1462)","throwable":""}
{"timestamp":"2025-09-10T16:59:46,018","container":"7965dbe76a4e","level":"INFO","thread":"EthScheduler-Workers-0","class":"PersistBlockTask","message":"Block 685 (0x8aed2c591847a93f0efc4068d42c7d0438c7f45ff7949e33db8eb87af40c317c) is already imported","throwable":""}
{"timestamp":"2025-09-10T16:59:46,018","container":"7965dbe76a4e","level":"INFO","thread":"BftProcessorExecutor-QBFT-0","class":"QbftBesuControllerBuilder","message":"Imported #685 / 0 tx / 0 pending / 0 (0.0%) gas / (0x8aed2c591847a93f0efc4068d42c7d0438c7f45ff7949e33db8eb87af40c317c)","throwable":""}
{"timestamp":"2025-09-10T16:59:54,014","container":"7965dbe76a4e","level":"INFO","thread":"BftProcessorExecutor-QBFT-0","class":"QbftBesuControllerBuilder","message":"Produced #686 / 0 tx / 0 pending / 0 (0.0%) gas / (0x2bbd2f16f3de8b3e1d10e771aed6579ca4908e5f699172e89782b22b2edf1459)","throwable":""}
{"timestamp":"2025-09-10T17:00:02,015","container":"7965dbe76a4e","level":"INFO","thread":"BftProcessorExecutor-QBFT-0","class":"QbftBesuControllerBuilder","message":"Imported #687 / 0 tx / 0 pending / 0 (0.0%) gas / (0x5e156edbb5d5468215ef95928733be5170d5dc7d7567459d3474caccfda4b02f)","throwable":""}
{"timestamp":"2025-09-10T17:00:10,023","container":"7965dbe76a4e","level":"INFO","thread":"EthScheduler-Workers-0","class":"PersistBlockTask","message":"Block 688 (0x5e6071102ef07ce3d7d5e8011e24a766f2b807c6ace8f1773ae62ef0d104a9e4) is already imported","throwable":""}
{"timestamp":"2025-09-10T17:00:10,024","container":"7965dbe76a4e","level":"INFO","thread":"BftProcessorExecutor-QBFT-0","class":"QbftBesuControllerBuilder","message":"Imported #688 / 0 tx / 0 pending / 0 (0.0%) gas / (0x5e6071102ef07ce3d7d5e8011e24a766f2b807c6ace8f1773ae62ef0d104a9e4)","throwable":""}
{"timestamp":"2025-09-10T17:00:18,054","container":"7965dbe76a4e","level":"INFO","thread":"BftProcessorExecutor-QBFT-0","class":"QbftBesuControllerBuilder","message":"Imported #689 / 0 tx / 0 pending / 0 (0.0%) gas / (0x02ee2ca4fb6e0c978d3a7ca066b6783145186e14f2e738d3ca5f428845f0bc03)","throwable":""}
{"timestamp":"2025-09-10T17:00:26,013","container":"7965dbe76a4e","level":"INFO","thread":"BftProcessorExecutor-QBFT-0","class":"QbftBesuControllerBuilder","message":"Produced #690 / 0 tx / 0 pending / 0 (0.0%) gas / (0x12b3b9d7f67c855ee35ce1dee774eb271e9b8c1b67b6be9b68d2bd6e5f8c1e1b)","throwable":""}
{"timestamp":"2025-09-10T17:00:34,016","container":"7965dbe76a4e","level":"INFO","thread":"BftProcessorExecutor-QBFT-0","class":"QbftBesuControllerBuilder","message":"Imported #691 / 0 tx / 0 pending / 0 (0.0%) gas / (0x2b8d9642c3f0e5cd648a6a13bf617dd6f611bac824901a51ad0f915bf61bfd7b)","throwable":""}
{"timestamp":"2025-09-10T17:00:42,017","container":"7965dbe76a4e","level":"INFO","thread":"BftProcessorExecutor-QBFT-0","class":"QbftBesuControllerBuilder","message":"Imported #692 / 0 tx / 0 pending / 0 (0.0%) gas / (0xf1fdf3915597fb30455f38fe1f359164e0b350a92bd0b752ae3ed5c7af4d8180)","throwable":""}
{"timestamp":"2025-09-10T17:00:50,013","container":"7965dbe76a4e","level":"INFO","thread":"BftProcessorExecutor-QBFT-0","class":"QbftBesuControllerBuilder","message":"Imported #693 / 0 tx / 0 pending / 0 (0.0%) gas / (0x09ecd66d5fc4b42cd81fc871251db56c95c1c8cb1863a48e18f07516011eae78)","throwable":""}
{"timestamp":"2025-09-10T17:00:58,019","container":"7965dbe76a4e","level":"INFO","thread":"BftProcessorExecutor-QBFT-0","class":"QbftBesuControllerBuilder","message":"Produced #694 / 0 tx / 0 pending / 0 (0.0%) gas / (0xa224b2f1d2c1f40e479a4bab2e09c74370aec61c0784da391ea47914df21af58)","throwable":""}
{"timestamp":"2025-09-10T17:01:06,010","container":"7965dbe76a4e","level":"INFO","thread":"BftProcessorExecutor-QBFT-0","class":"QbftBesuControllerBuilder","message":"Imported #695 / 0 tx / 0 pending / 0 (0.0%) gas / (0x4d99eb609ce3ecc0407ea2e42a0d2d922c5a40642939396ca3a3bdf8f61a9087)","throwable":""}
{"timestamp":"2025-09-10T17:01:14,017","container":"7965dbe76a4e","level":"INFO","thread":"BftProcessorExecutor-QBFT-0","class":"QbftBesuControllerBuilder","message":"Imported #696 / 0 tx / 0 pending / 0 (0.0%) gas / (0x5ae7fa3a30f816fe9476c208e1dd6423f0b967629fba91f41dc1c33183ad221a)","throwable":""}
{"timestamp":"2025-09-10T17:01:14,017","container":"7965dbe76a4e","level":"INFO","thread":"EthScheduler-Workers-0","class":"PersistBlockTask","message":"Block 696 (0x5ae7fa3a30f816fe9476c208e1dd6423f0b967629fba91f41dc1c33183ad221a) is already imported","throwable":""}
{"timestamp":"2025-09-10T17:01:22,012","container":"7965dbe76a4e","level":"INFO","thread":"BftProcessorExecutor-QBFT-0","class":"QbftBesuControllerBuilder","message":"Imported #697 / 0 tx / 0 pending / 0 (0.0%) gas / (0x526a5f85f153e895fe8ff74062f1d0d9e0f3d2893b910c7fe64c1f6fdbb04ba8)","throwable":""}
{"timestamp":"2025-09-10T17:01:30,016","container":"7965dbe76a4e","level":"INFO","thread":"BftProcessorExecutor-QBFT-0","class":"QbftBesuControllerBuilder","message":"Produced #698 / 0 tx / 0 pending / 0 (0.0%) gas / (0x4a280f4a04c031ce9356442c0bca1d95479aa11b880f144cd30853f55f12fc72)","throwable":""}
{"timestamp":"2025-09-10T17:01:38,012","container":"7965dbe76a4e","level":"INFO","thread":"BftProcessorExecutor-QBFT-0","class":"QbftBesuControllerBuilder","message":"Imported #699 / 0 tx / 0 pending / 0 (0.0%) gas / (0xaf4b02b837c70233de553f72a67b53584478cf5ed2a955bef7b15888ab1b4df7)","throwable":""}
{"timestamp":"2025-09-10T17:01:46,014","container":"7965dbe76a4e","level":"INFO","thread":"BftProcessorExecutor-QBFT-0","class":"QbftBesuControllerBuilder","message":"Imported #700 / 0 tx / 0 pending / 0 (0.0%) gas / (0xc47d70810cfacec546c90847c633d0ea539c19c2103860d6779ad7e53457ac02)","throwable":""}
{"timestamp":"2025-09-10T17:01:54,012","container":"7965dbe76a4e","level":"INFO","thread":"BftProcessorExecutor-QBFT-0","class":"QbftBesuControllerBuilder","message":"Imported #701 / 0 tx / 0 pending / 0 (0.0%) gas / (0xd4d8f9eaac13de27a3ebb6ddfe0239b3a34d4efa6d837be121150f87e41fcfa2)","throwable":""}
{"timestamp":"2025-09-10T17:01:54,012","container":"7965dbe76a4e","level":"INFO","thread":"EthScheduler-Workers-0","class":"PersistBlockTask","message":"Block 701 (0xd4d8f9eaac13de27a3ebb6ddfe0239b3a34d4efa6d837be121150f87e41fcfa2) is already imported","throwable":""}
{"timestamp":"2025-09-10T17:02:02,013","container":"7965dbe76a4e","level":"INFO","thread":"BftProcessorExecutor-QBFT-0","class":"QbftBesuControllerBuilder","message":"Produced #702 / 0 tx / 0 pending / 0 (0.0%) gas / (0xefbbc109146516e2e9c441a985cbb791646a6d30936f0238655c3df85db6deca)","throwable":""}
{"timestamp":"2025-09-10T17:02:10,014","container":"7965dbe76a4e","level":"INFO","thread":"BftProcessorExecutor-QBFT-0","class":"QbftBesuControllerBuilder","message":"Imported #703 / 0 tx / 0 pending / 0 (0.0%) gas / (0x3bb05722fcdb564912bbd30d022fe98b2ddd751b913e333d811bf16e82b6fc02)","throwable":""}
{"timestamp":"2025-09-10T17:02:18,015","container":"7965dbe76a4e","level":"INFO","thread":"BftProcessorExecutor-QBFT-0","class":"QbftBesuControllerBuilder","message":"Imported #704 / 0 tx / 0 pending / 0 (0.0%) gas / (0x8b32b2676ab505d60b675e8ececd0af723050ea05d0bdf013da2e6b9ab6b33ee)","throwable":""}
{"timestamp":"2025-09-10T17:02:18,016","container":"7965dbe76a4e","level":"INFO","thread":"EthScheduler-Workers-0","class":"PersistBlockTask","message":"Block 704 (0x8b32b2676ab505d60b675e8ececd0af723050ea05d0bdf013da2e6b9ab6b33ee) is already imported","throwable":""}
{"timestamp":"2025-09-10T17:02:26,013","container":"7965dbe76a4e","level":"INFO","thread":"BftProcessorExecutor-QBFT-0","class":"QbftBesuControllerBuilder","message":"Imported #705 / 0 tx / 0 pending / 0 (0.0%) gas / (0x53ba76681a778a9683fcb6add2f8610f36b16ef673086871f30367290f0f900d)","throwable":""}
{"timestamp":"2025-09-10T17:02:34,014","container":"7965dbe76a4e","level":"INFO","thread":"EthScheduler-Workers-0","class":"PersistBlockTask","message":"Block 706 (0x02029cb4ebcc89e2b0e9ce3f07461a5398d98a6a22442edb9a85e284c33c5359) is already imported","throwable":""}
{"timestamp":"2025-09-10T17:02:34,014","container":"7965dbe76a4e","level":"INFO","thread":"BftProcessorExecutor-QBFT-0","class":"QbftBesuControllerBuilder","message":"Produced #706 / 0 tx / 0 pending / 0 (0.0%) gas / (0x02029cb4ebcc89e2b0e9ce3f07461a5398d98a6a22442edb9a85e284c33c5359)","throwable":""}
{"timestamp":"2025-09-10T17:02:42,016","container":"7965dbe76a4e","level":"INFO","thread":"EthScheduler-Workers-0","class":"PersistBlockTask","message":"Imported #707 / 0 tx / 0 om / 0 (0.0%) gas / (0x3c610c22523947a5f5fe4bf1a5bbb06d30ef4069bcaa9cff67bc8a71e568d555) in 0.001s. Peers: 5","throwable":""}
{"timestamp":"2025-09-10T17:02:50,014","container":"7965dbe76a4e","level":"INFO","thread":"BftProcessorExecutor-QBFT-0","class":"QbftBesuControllerBuilder","message":"Imported #708 / 0 tx / 0 pending / 0 (0.0%) gas / (0x1636e079d60e3984851f13e7ce47fffa58f264da4e3f1ec9feda3b2db656732d)","throwable":""}
{"timestamp":"2025-09-10T17:02:58,016","container":"7965dbe76a4e","level":"INFO","thread":"EthScheduler-Workers-0","class":"PersistBlockTask","message":"Imported #709 / 0 tx / 0 om / 0 (0.0%) gas / (0x4c0421468cf7f1007b9053dbb83ec94d675376dbfe83dd01e655ee0229ec28ea) in 0.001s. Peers: 5","throwable":""}
{"timestamp":"2025-09-10T17:02:58,017","container":"7965dbe76a4e","level":"INFO","thread":"BftProcessorExecutor-QBFT-0","class":"QbftBesuControllerBuilder","message":"Imported #709 / 0 tx / 0 pending / 0 (0.0%) gas / (0x4c0421468cf7f1007b9053dbb83ec94d675376dbfe83dd01e655ee0229ec28ea)","throwable":""}
{"timestamp":"2025-09-10T17:03:06,013","container":"7965dbe76a4e","level":"INFO","thread":"BftProcessorExecutor-QBFT-0","class":"QbftBesuControllerBuilder","message":"Produced #710 / 0 tx / 0 pending / 0 (0.0%) gas / (0x467cbf4a17cf7644d570202ca3ff4e6ad46b6b48a2243fa6f0f6dd2ed62cbc03)","throwable":""}
{"timestamp":"2025-09-10T17:03:14,010","container":"7965dbe76a4e","level":"INFO","thread":"BftProcessorExecutor-QBFT-0","class":"QbftBesuControllerBuilder","message":"Imported #711 / 0 tx / 0 pending / 0 (0.0%) gas / (0x8d7f3a9330d8c149b5032d29c75d6e7b9b5b2a94a5d6fe82d9953503a0996eea)","throwable":""}
{"timestamp":"2025-09-10T17:03:22,015","container":"7965dbe76a4e","level":"INFO","thread":"BftProcessorExecutor-QBFT-0","class":"QbftBesuControllerBuilder","message":"Imported #712 / 0 tx / 0 pending / 0 (0.0%) gas / (0x8a2582b961fc5fdd5bf62681b000aa904f763c917abf6317e76049223f8ba81e)","throwable":""}
{"timestamp":"2025-09-10T17:03:22,015","container":"7965dbe76a4e","level":"INFO","thread":"EthScheduler-Workers-0","class":"PersistBlockTask","message":"Block 712 (0x8a2582b961fc5fdd5bf62681b000aa904f763c917abf6317e76049223f8ba81e) is already imported","throwable":""}
{"timestamp":"2025-09-10T17:03:30,018","container":"7965dbe76a4e","level":"INFO","thread":"EthScheduler-Workers-0","class":"PersistBlockTask","message":"Block 713 (0x976ff920b425d8ad53a638f967a7d204d82c24ff6591b6b04fa27be5b8831ea0) is already imported","throwable":""}
{"timestamp":"2025-09-10T17:03:30,018","container":"7965dbe76a4e","level":"INFO","thread":"BftProcessorExecutor-QBFT-0","class":"QbftBesuControllerBuilder","message":"Imported #713 / 0 tx / 0 pending / 0 (0.0%) gas / (0x976ff920b425d8ad53a638f967a7d204d82c24ff6591b6b04fa27be5b8831ea0)","throwable":""}
{"timestamp":"2025-09-10T17:03:38,019","container":"7965dbe76a4e","level":"INFO","thread":"EthScheduler-Workers-0","class":"PersistBlockTask","message":"Block 714 (0xd452e345fd64223adf9ca889a62fba3a823ff66002bd5f9822a0973a8921f35f) is already imported","throwable":""}
{"timestamp":"2025-09-10T17:03:38,019","container":"7965dbe76a4e","level":"INFO","thread":"BftProcessorExecutor-QBFT-0","class":"QbftBesuControllerBuilder","message":"Produced #714 / 0 tx / 0 pending / 0 (0.0%) gas / (0xd452e345fd64223adf9ca889a62fba3a823ff66002bd5f9822a0973a8921f35f)","throwable":""}
{"timestamp":"2025-09-10T17:03:46,012","container":"7965dbe76a4e","level":"INFO","thread":"BftProcessorExecutor-QBFT-0","class":"QbftBesuControllerBuilder","message":"Imported #715 / 0 tx / 0 pending / 0 (0.0%) gas / (0x13aad7b209a3aa9ef71885763d329bd7814be7d99c1b47a8b55f0ff61757c8bc)","throwable":""}
{"timestamp":"2025-09-10T17:03:54,008","container":"7965dbe76a4e","level":"INFO","thread":"BftProcessorExecutor-QBFT-0","class":"QbftBesuControllerBuilder","message":"Imported #716 / 0 tx / 0 pending / 0 (0.0%) gas / (0x1aa0f6081e53b70875335a6fa3904ce6da3b5192b9fa5f22d32ba2733fb34bdb)","throwable":""}
{"timestamp":"2025-09-10T17:04:02,015","container":"7965dbe76a4e","level":"INFO","thread":"EthScheduler-Workers-0","class":"PersistBlockTask","message":"Imported #717 / 0 tx / 0 om / 0 (0.0%) gas / (0x0e7d27c45b7bee68e925c0ca399e28e5d009e80a93717c992339d5ed1b011445) in 0.001s. Peers: 5","throwable":""}
{"timestamp":"2025-09-10T17:04:10,011","container":"7965dbe76a4e","level":"INFO","thread":"BftProcessorExecutor-QBFT-0","class":"QbftBesuControllerBuilder","message":"Produced #718 / 0 tx / 0 pending / 0 (0.0%) gas / (0x9de10f02b9dd1fc66a59291c4cd5e45c5fa7e8f8c8df15f47b24a8281682bc4b)","throwable":""}
{"timestamp":"2025-09-10T17:04:18,027","container":"7965dbe76a4e","level":"INFO","thread":"BftProcessorExecutor-QBFT-0","class":"QbftBesuControllerBuilder","message":"Imported #719 / 0 tx / 0 pending / 0 (0.0%) gas / (0x4f62f2e9bd2b6f152d90d0c5d98e1d11f3a9b714540cbc1525a5de6e9c79912c)","throwable":""}
{"timestamp":"2025-09-10T17:04:26,014","container":"7965dbe76a4e","level":"INFO","thread":"BftProcessorExecutor-QBFT-0","class":"QbftBesuControllerBuilder","message":"Imported #720 / 0 tx / 0 pending / 0 (0.0%) gas / (0xfe9f0d380c9b80e253fc814b152750b6f549c7abc276e2eb880f8fd739699f1e)","throwable":""}
{"timestamp":"2025-09-10T17:04:34,016","container":"7965dbe76a4e","level":"INFO","thread":"BftProcessorExecutor-QBFT-0","class":"QbftBesuControllerBuilder","message":"Imported #721 / 0 tx / 0 pending / 0 (0.0%) gas / (0xa9f7ce1c850727b76cb10e06e8b0ed07a9de8db0845e37a8ff2d32f93611d683)","throwable":""}
{"timestamp":"2025-09-10T17:04:42,013","container":"7965dbe76a4e","level":"INFO","thread":"BftProcessorExecutor-QBFT-0","class":"QbftBesuControllerBuilder","message":"Produced #722 / 0 tx / 0 pending / 0 (0.0%) gas / (0x4278b55a8727ee761f1533e31bee350fae9783074855cec3471b27eeaf4d307a)","throwable":""}
{"timestamp":"2025-09-10T17:04:50,018","container":"7965dbe76a4e","level":"INFO","thread":"BftProcessorExecutor-QBFT-0","class":"QbftBesuControllerBuilder","message":"Imported #723 / 0 tx / 0 pending / 0 (0.0%) gas / (0x03922b997617eafbc394223daa25e01a556a1a8462730418436dc161dbcb5050)","throwable":""}
{"timestamp":"2025-09-10T17:04:58,014","container":"7965dbe76a4e","level":"INFO","thread":"BftProcessorExecutor-QBFT-0","class":"QbftBesuControllerBuilder","message":"Imported #724 / 0 tx / 0 pending / 0 (0.0%) gas / (0xb44c9d1c8f81e47e4f43be08245525cfc2ad42cebbe2b5ecb24f87125b794193)","throwable":""}
{"timestamp":"2025-09-10T17:05:06,009","container":"7965dbe76a4e","level":"INFO","thread":"BftProcessorExecutor-QBFT-0","class":"QbftBesuControllerBuilder","message":"Imported #725 / 0 tx / 0 pending / 0 (0.0%) gas / (0xaf84102656977492c43b9faf2cc769d67bc32ffeb8cebb4377d3f8e4924e10c8)","throwable":""}
{"timestamp":"2025-09-10T17:05:14,012","container":"7965dbe76a4e","level":"INFO","thread":"BftProcessorExecutor-QBFT-0","class":"QbftBesuControllerBuilder","message":"Produced #726 / 0 tx / 0 pending / 0 (0.0%) gas / (0xc055b597d31ac6f3e396018a12575acc530de59abdca7d3593e4f4bb586d10aa)","throwable":""}
{"timestamp":"2025-09-10T17:05:22,014","container":"7965dbe76a4e","level":"INFO","thread":"BftProcessorExecutor-QBFT-0","class":"QbftBesuControllerBuilder","message":"Imported #727 / 0 tx / 0 pending / 0 (0.0%) gas / (0x0944dc29a02cf2aa5dea612c99f1cd349acd8061986a68f72d893a1ead8a7ee8)","throwable":""}
{"timestamp":"2025-09-10T17:05:30,012","container":"7965dbe76a4e","level":"INFO","thread":"BftProcessorExecutor-QBFT-0","class":"QbftBesuControllerBuilder","message":"Imported #728 / 0 tx / 0 pending / 0 (0.0%) gas / (0x5b4c39308fba78c148748887666cca81c3cce7d486a5f5bc1f4af103dbb1ce40)","throwable":""}
{"timestamp":"2025-09-10T17:05:38,014","container":"7965dbe76a4e","level":"INFO","thread":"BftProcessorExecutor-QBFT-0","class":"QbftBesuControllerBuilder","message":"Imported #729 / 0 tx / 0 pending / 0 (0.0%) gas / (0x2471e5411aba0d20a28835db9cc7abaa79b377dd1fd764c9ec65b77ae6944ebd)","throwable":""}
{"timestamp":"2025-09-10T17:05:46,023","container":"7965dbe76a4e","level":"INFO","thread":"BftProcessorExecutor-QBFT-0","class":"QbftBesuControllerBuilder","message":"Produced #730 / 0 tx / 0 pending / 0 (0.0%) gas / (0x9264468d2f6cb59f5d06f5b38b7cf0a615baaae17a44f731525763715b86a75f)","throwable":""}
{"timestamp":"2025-09-10T17:05:46,023","container":"7965dbe76a4e","level":"INFO","thread":"EthScheduler-Workers-0","class":"PersistBlockTask","message":"Block 730 (0x9264468d2f6cb59f5d06f5b38b7cf0a615baaae17a44f731525763715b86a75f) is already imported","throwable":""}
{"timestamp":"2025-09-10T17:05:54,014","container":"7965dbe76a4e","level":"INFO","thread":"EthScheduler-Workers-0","class":"PersistBlockTask","message":"Imported #731 / 0 tx / 0 om / 0 (0.0%) gas / (0x97a95a4d59ce314a9fa72ca38ec4bbf23d39e7f4097c0a7356ac597a312498df) in 0.001s. Peers: 5","throwable":""}
{"timestamp":"2025-09-10T17:05:54,014","container":"7965dbe76a4e","level":"INFO","thread":"BftProcessorExecutor-QBFT-0","class":"QbftBesuControllerBuilder","message":"Imported #731 / 0 tx / 0 pending / 0 (0.0%) gas / (0x97a95a4d59ce314a9fa72ca38ec4bbf23d39e7f4097c0a7356ac597a312498df)","throwable":""}
{"timestamp":"2025-09-10T17:06:02,014","container":"7965dbe76a4e","level":"INFO","thread":"BftProcessorExecutor-QBFT-0","class":"QbftBesuControllerBuilder","message":"Imported #732 / 0 tx / 0 pending / 0 (0.0%) gas / (0x5959a52e6031a1eb3d490761e14f7590917c9f20ed699156e38b9764ebf6b1f2)","throwable":""}
{"timestamp":"2025-09-10T17:06:10,011","container":"7965dbe76a4e","level":"INFO","thread":"BftProcessorExecutor-QBFT-0","class":"QbftBesuControllerBuilder","message":"Imported #733 / 0 tx / 0 pending / 0 (0.0%) gas / (0x3308e0858026aebdead7c8e72075935d1bbd74088ad77b03e9ceeefdfd4144ca)","throwable":""}
{"timestamp":"2025-09-10T17:06:10,011","container":"7965dbe76a4e","level":"INFO","thread":"EthScheduler-Workers-0","class":"PersistBlockTask","message":"Block 733 (0x3308e0858026aebdead7c8e72075935d1bbd74088ad77b03e9ceeefdfd4144ca) is already imported","throwable":""}
{"timestamp":"2025-09-10T17:06:18,016","container":"7965dbe76a4e","level":"INFO","thread":"BftProcessorExecutor-QBFT-0","class":"QbftBesuControllerBuilder","message":"Produced #734 / 0 tx / 0 pending / 0 (0.0%) gas / (0xa39573637189672e5d3fe5edba3aa438dd1a5b75c7b0508c8002cac41a7a2e0d)","throwable":""}
{"timestamp":"2025-09-10T17:06:26,019","container":"7965dbe76a4e","level":"INFO","thread":"BftProcessorExecutor-QBFT-0","class":"QbftBesuControllerBuilder","message":"Imported #735 / 0 tx / 0 pending / 0 (0.0%) gas / (0xcffb9a926dbbbe9471feafd7897a35858fc8b242c82a1403d0a23409899958de)","throwable":""}
{"timestamp":"2025-09-10T17:06:26,019","container":"7965dbe76a4e","level":"INFO","thread":"EthScheduler-Workers-0","class":"PersistBlockTask","message":"Block 735 (0xcffb9a926dbbbe9471feafd7897a35858fc8b242c82a1403d0a23409899958de) is already imported","throwable":""}
{"timestamp":"2025-09-10T17:06:34,011","container":"7965dbe76a4e","level":"INFO","thread":"BftProcessorExecutor-QBFT-0","class":"QbftBesuControllerBuilder","message":"Imported #736 / 0 tx / 0 pending / 0 (0.0%) gas / (0x864c2338c95e67ebd4658b538a9a9e4fa9e1a861cfde4c8b4f608ca168d20510)","throwable":""}
{"timestamp":"2025-09-10T17:06:42,014","container":"7965dbe76a4e","level":"INFO","thread":"BftProcessorExecutor-QBFT-0","class":"QbftBesuControllerBuilder","message":"Imported #737 / 0 tx / 0 pending / 0 (0.0%) gas / (0x2537e49c7b675abaadf267e0dad1f12fbe35200685efe392198450786b76e8b6)","throwable":""}
{"timestamp":"2025-09-10T17:06:50,012","container":"7965dbe76a4e","level":"INFO","thread":"BftProcessorExecutor-QBFT-0","class":"QbftBesuControllerBuilder","message":"Produced #738 / 0 tx / 0 pending / 0 (0.0%) gas / (0x415c93e90da76b1ec58c495bd25da8ecc8ce707c42c7378db52742f704cd69bb)","throwable":""}
{"timestamp":"2025-09-10T17:06:58,015","container":"7965dbe76a4e","level":"INFO","thread":"BftProcessorExecutor-QBFT-0","class":"QbftBesuControllerBuilder","message":"Imported #739 / 0 tx / 0 pending / 0 (0.0%) gas / (0x05f3c45b260af8e45bbd47ef42bf7a13553ba3b2cbe89587fede07e4e8ee8b2a)","throwable":""}
{"timestamp":"2025-09-10T17:06:58,017","container":"7965dbe76a4e","level":"INFO","thread":"EthScheduler-Workers-0","class":"PersistBlockTask","message":"Block 739 (0x05f3c45b260af8e45bbd47ef42bf7a13553ba3b2cbe89587fede07e4e8ee8b2a) is already imported","throwable":""}
{"timestamp":"2025-09-10T17:11:36,483","container":"7965dbe76a4e","level":"INFO","thread":"BftProcessorExecutor-QBFT-0","class":"QbftBesuControllerBuilder","message":"Imported #740 / 0 tx / 0 pending / 0 (0.0%) gas / (0xf3576fe54516a221680320ebbdc438c36ee190e83baa2c57062e8dea6a0729bd)","throwable":""}
{"timestamp":"2025-09-10T17:22:30,787","container":"7965dbe76a4e","level":"INFO","thread":"BftProcessorExecutor-QBFT-0","class":"QbftBesuControllerBuilder","message":"Imported #741 / 0 tx / 0 pending / 0 (0.0%) gas / (0x10dc2815fa299a8e94b929db257069505ed36f14ea855894b912f45947e3e2c9)","throwable":""}
{"timestamp":"2025-09-10T17:22:39,021","container":"7965dbe76a4e","level":"INFO","thread":"BftProcessorExecutor-QBFT-0","class":"QbftBesuControllerBuilder","message":"Produced #742 / 0 tx / 0 pending / 0 (0.0%) gas / (0x51157f925928ae36e934760e53a9e3b6ba9daaa2ca5db846a746e2e7ab15f8f3)","throwable":""}
{"timestamp":"2025-09-10T17:22:47,020","container":"7965dbe76a4e","level":"INFO","thread":"BftProcessorExecutor-QBFT-0","class":"QbftBesuControllerBuilder","message":"Imported #743 / 0 tx / 0 pending / 0 (0.0%) gas / (0x8d74c3adf81b52dc2494a37a7f39c8f3fe3737623e4d17abe57c34e83060a883)","throwable":""}
{"timestamp":"2025-09-10T17:22:55,021","container":"7965dbe76a4e","level":"INFO","thread":"BftProcessorExecutor-QBFT-0","class":"QbftBesuControllerBuilder","message":"Imported #744 / 0 tx / 0 pending / 0 (0.0%) gas / (0x7296ba1898f60ccddad6954a6c22c644ca1b8109b294599f8f7636972ebf679c)","throwable":""}
{"timestamp":"2025-09-10T17:23:03,020","container":"7965dbe76a4e","level":"INFO","thread":"BftProcessorExecutor-QBFT-0","class":"QbftBesuControllerBuilder","message":"Imported #745 / 0 tx / 0 pending / 0 (0.0%) gas / (0x9ec74f3d43046d135214f7a2ac9dcbb4255ece8b4a2b3d0793161f692ca517eb)","throwable":""}
{"timestamp":"2025-09-10T17:23:11,018","container":"7965dbe76a4e","level":"INFO","thread":"BftProcessorExecutor-QBFT-0","class":"QbftBesuControllerBuilder","message":"Produced #746 / 0 tx / 0 pending / 0 (0.0%) gas / (0x87a29ea1fa7ce2fcbc9adce5f333f991dc8c12ce5c2ed40749ee18cef4a12825)","throwable":""}
{"timestamp":"2025-09-10T17:23:19,034","container":"7965dbe76a4e","level":"INFO","thread":"BftProcessorExecutor-QBFT-0","class":"QbftBesuControllerBuilder","message":"Imported #747 / 0 tx / 0 pending / 0 (0.0%) gas / (0x96f7be3f88ceadd35039cdff143a253893180390d618fbc63553d5e4ce7968d9)","throwable":""}
{"timestamp":"2025-09-10T17:23:19,035","container":"7965dbe76a4e","level":"INFO","thread":"EthScheduler-Workers-0","class":"PersistBlockTask","message":"Block 747 (0x96f7be3f88ceadd35039cdff143a253893180390d618fbc63553d5e4ce7968d9) is already imported","throwable":""}
{"timestamp":"2025-09-10T17:23:27,022","container":"7965dbe76a4e","level":"INFO","thread":"BftProcessorExecutor-QBFT-0","class":"QbftBesuControllerBuilder","message":"Imported #748 / 0 tx / 0 pending / 0 (0.0%) gas / (0x981974d5af56c3e6064b4c311278b4bbd840bb9f397df8c00c91bab164ceecb4)","throwable":""}
{"timestamp":"2025-09-10T17:23:27,022","container":"7965dbe76a4e","level":"INFO","thread":"EthScheduler-Workers-0","class":"PersistBlockTask","message":"Block 748 (0x981974d5af56c3e6064b4c311278b4bbd840bb9f397df8c00c91bab164ceecb4) is already imported","throwable":""}
{"timestamp":"2025-09-10T17:23:35,017","container":"7965dbe76a4e","level":"INFO","thread":"BftProcessorExecutor-QBFT-0","class":"QbftBesuControllerBuilder","message":"Imported #749 / 0 tx / 0 pending / 0 (0.0%) gas / (0x3eb8fe434749a68da1c4b3e9b37422139db2c40b4aef9ae4ec0e3c35b6fe9984)","throwable":""}
{"timestamp":"2025-09-10T17:23:43,019","container":"7965dbe76a4e","level":"INFO","thread":"BftProcessorExecutor-QBFT-0","class":"QbftBesuControllerBuilder","message":"Produced #750 / 0 tx / 0 pending / 0 (0.0%) gas / (0x0743641ecc48c1ac90e0aefb8e3bac00bf41d12b01e032d836c6cd875a7fe598)","throwable":""}
{"timestamp":"2025-09-10T17:23:51,025","container":"7965dbe76a4e","level":"INFO","thread":"EthScheduler-Workers-0","class":"PersistBlockTask","message":"Imported #751 / 0 tx / 0 om / 0 (0.0%) gas / (0x176d91d3c9907bc4145e6df4c42d1744e9273216a305cff07a4735a63771aa1d) in 0.004s. Peers: 5","throwable":""}
{"timestamp":"2025-09-10T17:23:59,018","container":"7965dbe76a4e","level":"INFO","thread":"BftProcessorExecutor-QBFT-0","class":"QbftBesuControllerBuilder","message":"Imported #752 / 0 tx / 0 pending / 0 (0.0%) gas / (0x5bcda9a74b17f5677c0481244239813a5d4c63d6f7478451b9dcff06cb943359)","throwable":""}
{"timestamp":"2025-09-10T17:24:07,021","container":"7965dbe76a4e","level":"INFO","thread":"EthScheduler-Workers-0","class":"PersistBlockTask","message":"Imported #753 / 0 tx / 0 om / 0 (0.0%) gas / (0x5f8923a6f7345607429c4da4a23a0a5282561e40fead24a01aba45c1775d5501) in 0.001s. Peers: 5","throwable":""}
{"timestamp":"2025-09-10T17:24:15,030","container":"7965dbe76a4e","level":"INFO","thread":"EthScheduler-Workers-0","class":"PersistBlockTask","message":"Imported #754 / 0 tx / 0 om / 0 (0.0%) gas / (0x919af2a8f3c69f60c55a3c401838886384c6aa13e76a3f0987cd16ba1e599c37) in 0.008s. Peers: 5","throwable":""}
{"timestamp":"2025-09-10T17:24:23,048","container":"7965dbe76a4e","level":"INFO","thread":"BftProcessorExecutor-QBFT-0","class":"QbftBesuControllerBuilder","message":"Imported #755 / 0 tx / 0 pending / 0 (0.0%) gas / (0xf8e6ea733005c4999103c28bb5be0390044f6a203cbe6a04a7f96f8cf4043208)","throwable":""}
{"timestamp":"2025-09-10T17:24:23,048","container":"7965dbe76a4e","level":"INFO","thread":"EthScheduler-Workers-0","class":"PersistBlockTask","message":"Block 755 (0xf8e6ea733005c4999103c28bb5be0390044f6a203cbe6a04a7f96f8cf4043208) is already imported","throwable":""}
{"timestamp":"2025-09-10T17:24:31,032","container":"7965dbe76a4e","level":"INFO","thread":"BftProcessorExecutor-QBFT-0","class":"QbftBesuControllerBuilder","message":"Imported #756 / 0 tx / 0 pending / 0 (0.0%) gas / (0x4d4a56ed8d256e469309e1ab6faa11eac8d4e09527fc215e0569da4b7894785b)","throwable":""}
{"timestamp":"2025-09-10T17:24:39,052","container":"7965dbe76a4e","level":"INFO","thread":"BftProcessorExecutor-QBFT-0","class":"QbftBesuControllerBuilder","message":"Imported #757 / 0 tx / 0 pending / 0 (0.0%) gas / (0x494e58c30b967eaad78a3bb165893a14f664a0290cb62772459fe3784d82275c)","throwable":""}
{"timestamp":"2025-09-10T17:24:47,018","container":"7965dbe76a4e","level":"INFO","thread":"BftProcessorExecutor-QBFT-0","class":"QbftBesuControllerBuilder","message":"Produced #758 / 0 tx / 0 pending / 0 (0.0%) gas / (0x831de26def936be5b9690d122a804e5120e0c962e008fe819d0a436bac58a8ad)","throwable":""}
{"timestamp":"2025-09-10T17:24:55,016","container":"7965dbe76a4e","level":"INFO","thread":"BftProcessorExecutor-QBFT-0","class":"QbftBesuControllerBuilder","message":"Imported #759 / 0 tx / 0 pending / 0 (0.0%) gas / (0x8db4f1d4c5f529ca84fc704eca5355c2f915bb945a78fb2e4980f27fa8ab62fc)","throwable":""}
{"timestamp":"2025-09-10T17:25:03,021","container":"7965dbe76a4e","level":"INFO","thread":"BftProcessorExecutor-QBFT-0","class":"QbftBesuControllerBuilder","message":"Imported #760 / 0 tx / 0 pending / 0 (0.0%) gas / (0x7c0491bd43faac63f48f44c550a198bbac1c74b8db8459643723b80ee01ba838)","throwable":""}
{"timestamp":"2025-09-10T17:25:03,022","container":"7965dbe76a4e","level":"INFO","thread":"EthScheduler-Workers-0","class":"PersistBlockTask","message":"Block 760 (0x7c0491bd43faac63f48f44c550a198bbac1c74b8db8459643723b80ee01ba838) is already imported","throwable":""}
{"timestamp":"2025-09-10T17:25:11,018","container":"7965dbe76a4e","level":"INFO","thread":"BftProcessorExecutor-QBFT-0","class":"QbftBesuControllerBuilder","message":"Imported #761 / 0 tx / 0 pending / 0 (0.0%) gas / (0xcd644f7c8f87bd03b491be1383f8fa50f7346995c395d3c95cd04f6579b88e4d)","throwable":""}
{"timestamp":"2025-09-10T17:25:19,019","container":"7965dbe76a4e","level":"INFO","thread":"BftProcessorExecutor-QBFT-0","class":"QbftBesuControllerBuilder","message":"Produced #762 / 0 tx / 0 pending / 0 (0.0%) gas / (0x48fd7c9cc381c467baab145c1a9ad203c3b628dbfce72ca8e96a17ff3c122a5b)","throwable":""}
{"timestamp":"2025-09-10T17:25:27,016","container":"7965dbe76a4e","level":"INFO","thread":"BftProcessorExecutor-QBFT-0","class":"QbftBesuControllerBuilder","message":"Imported #763 / 0 tx / 0 pending / 0 (0.0%) gas / (0x07bce1f5d323aa2cbafa9579e2a95eed65a44cda4888a1aad658061528655127)","throwable":""}
{"timestamp":"2025-09-10T17:25:35,012","container":"7965dbe76a4e","level":"INFO","thread":"BftProcessorExecutor-QBFT-0","class":"QbftBesuControllerBuilder","message":"Imported #764 / 0 tx / 0 pending / 0 (0.0%) gas / (0xde5bfb8995cce72b6b765d98a711d5d8ee81cbc55c6cd3882c3993343121ca01)","throwable":""}
{"timestamp":"2025-09-10T17:25:43,014","container":"7965dbe76a4e","level":"INFO","thread":"BftProcessorExecutor-QBFT-0","class":"QbftBesuControllerBuilder","message":"Imported #765 / 0 tx / 0 pending / 0 (0.0%) gas / (0xec1c975601d8b861719329aa3205c5610f0016e2e6ef2e4a6165ad5298e3dff2)","throwable":""}
{"timestamp":"2025-09-10T17:25:51,032","container":"7965dbe76a4e","level":"INFO","thread":"BftProcessorExecutor-QBFT-0","class":"QbftBesuControllerBuilder","message":"Produced #766 / 0 tx / 0 pending / 0 (0.0%) gas / (0xcdf161e2c2d27b80040476d49f0368a2afcc7fdb040faf9028ece9436de3a2e6)","throwable":""}
{"timestamp":"2025-09-10T17:25:59,017","container":"7965dbe76a4e","level":"INFO","thread":"BftProcessorExecutor-QBFT-0","class":"QbftBesuControllerBuilder","message":"Imported #767 / 0 tx / 0 pending / 0 (0.0%) gas / (0xde27f8bdaa7447d28afa4864fcd5fe35be5823b9a63b5f1ac5bf0ac106c11c03)","throwable":""}
{"timestamp":"2025-09-10T17:26:07,036","container":"7965dbe76a4e","level":"INFO","thread":"BftProcessorExecutor-QBFT-0","class":"QbftBesuControllerBuilder","message":"Imported #768 / 0 tx / 0 pending / 0 (0.0%) gas / (0x9fa045f266fc964c33722ba06d11d136fb1f1358cc92f0452905b6c9ded427e9)","throwable":""}
{"timestamp":"2025-09-10T17:26:15,026","container":"7965dbe76a4e","level":"INFO","thread":"BftProcessorExecutor-QBFT-0","class":"QbftBesuControllerBuilder","message":"Imported #769 / 0 tx / 0 pending / 0 (0.0%) gas / (0x53ca747a65120087d699e559c4b97d524c95ee0af25f533707624299152c7ae8)","throwable":""}
{"timestamp":"2025-09-10T17:26:23,014","container":"7965dbe76a4e","level":"INFO","thread":"BftProcessorExecutor-QBFT-0","class":"QbftBesuControllerBuilder","message":"Produced #770 / 0 tx / 0 pending / 0 (0.0%) gas / (0x6fc198227aca09b7b281979fdbd029bc93e3b763757ab593d1e6af62c8237b61)","throwable":""}
{"timestamp":"2025-09-10T17:26:31,019","container":"7965dbe76a4e","level":"INFO","thread":"BftProcessorExecutor-QBFT-0","class":"QbftBesuControllerBuilder","message":"Imported #771 / 0 tx / 0 pending / 0 (0.0%) gas / (0x2e401bc53c2ea515a7b961069b493225c01214f44370e79e1d0ad2dd93cfff0c)","throwable":""}
{"timestamp":"2025-09-10T17:26:31,019","container":"7965dbe76a4e","level":"INFO","thread":"EthScheduler-Workers-0","class":"PersistBlockTask","message":"Block 771 (0x2e401bc53c2ea515a7b961069b493225c01214f44370e79e1d0ad2dd93cfff0c) is already imported","throwable":""}
{"timestamp":"2025-09-10T17:26:39,012","container":"7965dbe76a4e","level":"INFO","thread":"BftProcessorExecutor-QBFT-0","class":"QbftBesuControllerBuilder","message":"Imported #772 / 0 tx / 0 pending / 0 (0.0%) gas / (0xb11d6c2a03179981865243da792afa18395f6d4769542091c070d367b7e2f1b1)","throwable":""}
{"timestamp":"2025-09-10T17:26:39,012","container":"7965dbe76a4e","level":"INFO","thread":"EthScheduler-Workers-0","class":"PersistBlockTask","message":"Block 772 (0xb11d6c2a03179981865243da792afa18395f6d4769542091c070d367b7e2f1b1) is already imported","throwable":""}
{"timestamp":"2025-09-10T17:26:47,010","container":"7965dbe76a4e","level":"INFO","thread":"BftProcessorExecutor-QBFT-0","class":"QbftBesuControllerBuilder","message":"Imported #773 / 0 tx / 0 pending / 0 (0.0%) gas / (0x55fb12a1408c044adaceee6484bb93eddbb8ebc1599cfe67ac10145b7f3ceb06)","throwable":""}
{"timestamp":"2025-09-10T17:26:55,015","container":"7965dbe76a4e","level":"INFO","thread":"BftProcessorExecutor-QBFT-0","class":"QbftBesuControllerBuilder","message":"Produced #774 / 0 tx / 0 pending / 0 (0.0%) gas / (0xf96719d13726f0706081745caa7aee02dd749f268178e19df52e012cec8df311)","throwable":""}
{"timestamp":"2025-09-10T17:27:03,013","container":"7965dbe76a4e","level":"INFO","thread":"BftProcessorExecutor-QBFT-0","class":"QbftBesuControllerBuilder","message":"Imported #775 / 0 tx / 0 pending / 0 (0.0%) gas / (0x4edbf42afc14d94e42f5f8de9ba51c9308063967db8421529b8f3fbea5ff4e5a)","throwable":""}
{"timestamp":"2025-09-10T17:27:11,018","container":"7965dbe76a4e","level":"INFO","thread":"BftProcessorExecutor-QBFT-0","class":"QbftBesuControllerBuilder","message":"Imported #776 / 0 tx / 0 pending / 0 (0.0%) gas / (0xd4cfae1ef26dd8419e37872bce8b6a1506ca0c2fbcadd148ac38a0a92a639aa6)","throwable":""}
{"timestamp":"2025-09-10T17:27:19,011","container":"7965dbe76a4e","level":"INFO","thread":"BftProcessorExecutor-QBFT-0","class":"QbftBesuControllerBuilder","message":"Imported #777 / 0 tx / 0 pending / 0 (0.0%) gas / (0xe176786e09b44f6e0e7e7c58692244780d5fdc0f55fc79b223e44b4855f00163)","throwable":""}
{"timestamp":"2025-09-10T17:27:27,008","container":"7965dbe76a4e","level":"INFO","thread":"BftProcessorExecutor-QBFT-0","class":"QbftBesuControllerBuilder","message":"Produced #778 / 0 tx / 0 pending / 0 (0.0%) gas / (0xeafbeca1792992d7434983ce49d0dcf31e2bd11d0fde2f23a5f04d0530912612)","throwable":""}
{"timestamp":"2025-09-10T17:27:35,039","container":"7965dbe76a4e","level":"INFO","thread":"BftProcessorExecutor-QBFT-0","class":"QbftBesuControllerBuilder","message":"Imported #779 / 0 tx / 0 pending / 0 (0.0%) gas / (0x3df10757e7dc90ff2d55e7ab3d6c5d20f8817b94c0d42b65f245cbbb7ec792bf)","throwable":""}
{"timestamp":"2025-09-10T17:27:35,039","container":"7965dbe76a4e","level":"INFO","thread":"EthScheduler-Workers-0","class":"PersistBlockTask","message":"Block 779 (0x3df10757e7dc90ff2d55e7ab3d6c5d20f8817b94c0d42b65f245cbbb7ec792bf) is already imported","throwable":""}
{"timestamp":"2025-09-10T17:27:43,009","container":"7965dbe76a4e","level":"INFO","thread":"BftProcessorExecutor-QBFT-0","class":"QbftBesuControllerBuilder","message":"Imported #780 / 0 tx / 0 pending / 0 (0.0%) gas / (0xf19454bd9975b6687e90f572e15971a3dcf32e157efe919af6f22087cb068baa)","throwable":""}
{"timestamp":"2025-09-10T17:27:51,020","container":"7965dbe76a4e","level":"INFO","thread":"EthScheduler-Workers-0","class":"PersistBlockTask","message":"Imported #781 / 0 tx / 0 om / 0 (0.0%) gas / (0xf09747354df24b9246183f5ca66ca12312769f4c557460c8f859cba0342e3f3f) in 0.003s. Peers: 5","throwable":""}
{"timestamp":"2025-09-10T17:27:51,020","container":"7965dbe76a4e","level":"INFO","thread":"BftProcessorExecutor-QBFT-0","class":"QbftBesuControllerBuilder","message":"Imported #781 / 0 tx / 0 pending / 0 (0.0%) gas / (0xf09747354df24b9246183f5ca66ca12312769f4c557460c8f859cba0342e3f3f)","throwable":""}
{"timestamp":"2025-09-10T17:27:59,023","container":"7965dbe76a4e","level":"INFO","thread":"EthScheduler-Workers-0","class":"PersistBlockTask","message":"Block 782 (0xeca64dbffea447418baa82f3578bb0c91ca47f4da93f094a3aaa775adf795a4c) is already imported","throwable":""}
{"timestamp":"2025-09-10T17:27:59,023","container":"7965dbe76a4e","level":"INFO","thread":"BftProcessorExecutor-QBFT-0","class":"QbftBesuControllerBuilder","message":"Produced #782 / 0 tx / 0 pending / 0 (0.0%) gas / (0xeca64dbffea447418baa82f3578bb0c91ca47f4da93f094a3aaa775adf795a4c)","throwable":""}
{"timestamp":"2025-09-10T17:28:07,010","container":"7965dbe76a4e","level":"INFO","thread":"BftProcessorExecutor-QBFT-0","class":"QbftBesuControllerBuilder","message":"Imported #783 / 0 tx / 0 pending / 0 (0.0%) gas / (0xc558d59a854e61412887b7846fee68c797167a3e3a82f7f2fc1a16a9a63cacc3)","throwable":""}
{"timestamp":"2025-09-10T17:28:15,017","container":"7965dbe76a4e","level":"INFO","thread":"BftProcessorExecutor-QBFT-0","class":"QbftBesuControllerBuilder","message":"Imported #784 / 0 tx / 0 pending / 0 (0.0%) gas / (0x28e9c5d1d9011fa9b8863433f2fd5980ed1601b667b718f1d778af0a2a233e99)","throwable":""}
{"timestamp":"2025-09-10T17:28:15,018","container":"7965dbe76a4e","level":"INFO","thread":"EthScheduler-Workers-0","class":"PersistBlockTask","message":"Block 784 (0x28e9c5d1d9011fa9b8863433f2fd5980ed1601b667b718f1d778af0a2a233e99) is already imported","throwable":""}
{"timestamp":"2025-09-10T17:28:23,012","container":"7965dbe76a4e","level":"INFO","thread":"BftProcessorExecutor-QBFT-0","class":"QbftBesuControllerBuilder","message":"Imported #785 / 0 tx / 0 pending / 0 (0.0%) gas / (0x1a59500d8b3e599e50c5cdf9f9a7f3359561ac946aa7f0a14da6324005ab3ac5)","throwable":""}
{"timestamp":"2025-09-10T17:28:31,032","container":"7965dbe76a4e","level":"INFO","thread":"BftProcessorExecutor-QBFT-0","class":"QbftBesuControllerBuilder","message":"Produced #786 / 0 tx / 0 pending / 0 (0.0%) gas / (0x5755368e74439290757bf92805c623eb37483c32c8b6b9ecde021d88db73d957)","throwable":""}
{"timestamp":"2025-09-10T17:28:31,032","container":"7965dbe76a4e","level":"INFO","thread":"EthScheduler-Workers-0","class":"PersistBlockTask","message":"Block 786 (0x5755368e74439290757bf92805c623eb37483c32c8b6b9ecde021d88db73d957) is already imported","throwable":""}
{"timestamp":"2025-09-10T17:28:39,014","container":"7965dbe76a4e","level":"INFO","thread":"BftProcessorExecutor-QBFT-0","class":"QbftBesuControllerBuilder","message":"Imported #787 / 0 tx / 0 pending / 0 (0.0%) gas / (0xfe905b4d824c72f4bd62de2bda58573a9571b2c96ef4b433eb6ed3647ba1d2c5)","throwable":""}
{"timestamp":"2025-09-10T17:28:47,017","container":"7965dbe76a4e","level":"INFO","thread":"EthScheduler-Workers-0","class":"PersistBlockTask","message":"Block 788 (0x371560a1ab1ac04d340e5dc4711f40b686e157db67aed25ae6246b489ee658eb) is already imported","throwable":""}
{"timestamp":"2025-09-10T17:28:47,017","container":"7965dbe76a4e","level":"INFO","thread":"BftProcessorExecutor-QBFT-0","class":"QbftBesuControllerBuilder","message":"Imported #788 / 0 tx / 0 pending / 0 (0.0%) gas / (0x371560a1ab1ac04d340e5dc4711f40b686e157db67aed25ae6246b489ee658eb)","throwable":""}
{"timestamp":"2025-09-10T17:28:55,012","container":"7965dbe76a4e","level":"INFO","thread":"BftProcessorExecutor-QBFT-0","class":"QbftBesuControllerBuilder","message":"Imported #789 / 0 tx / 0 pending / 0 (0.0%) gas / (0xc454c00527661ecc1aa29580bd599409bf0de30af99a5cedf0686746779713e3)","throwable":""}
{"timestamp":"2025-09-10T17:29:03,010","container":"7965dbe76a4e","level":"INFO","thread":"BftProcessorExecutor-QBFT-0","class":"QbftBesuControllerBuilder","message":"Produced #790 / 0 tx / 0 pending / 0 (0.0%) gas / (0x102ace5ae86f59f812615087c4324af547dd13b5dbc06deb13733094c43bccf4)","throwable":""}
{"timestamp":"2025-09-10T17:29:11,017","container":"7965dbe76a4e","level":"INFO","thread":"EthScheduler-Workers-0","class":"PersistBlockTask","message":"Imported #791 / 0 tx / 0 om / 0 (0.0%) gas / (0xaf66bd7955f0c832fecdb0c1b263723e9f5f4fe584e4de24ba0fb8fc4028bee0) in 0.001s. Peers: 5","throwable":""}
{"timestamp":"2025-09-10T17:29:19,012","container":"7965dbe76a4e","level":"INFO","thread":"EthScheduler-Workers-0","class":"PersistBlockTask","message":"Block 792 (0x5fb48ebbf8ae313e4691e992634eb29101bd5326948b53e2cf34ae196e196e6a) is already imported","throwable":""}
{"timestamp":"2025-09-10T17:29:19,012","container":"7965dbe76a4e","level":"INFO","thread":"BftProcessorExecutor-QBFT-0","class":"QbftBesuControllerBuilder","message":"Imported #792 / 0 tx / 0 pending / 0 (0.0%) gas / (0x5fb48ebbf8ae313e4691e992634eb29101bd5326948b53e2cf34ae196e196e6a)","throwable":""}
{"timestamp":"2025-09-10T17:29:27,014","container":"7965dbe76a4e","level":"INFO","thread":"BftProcessorExecutor-QBFT-0","class":"QbftBesuControllerBuilder","message":"Imported #793 / 0 tx / 0 pending / 0 (0.0%) gas / (0xa6f62d54ec90e3c850ab49f9dcc2af477606a8884623ae691d180b3e56dae4c9)","throwable":""}
{"timestamp":"2025-09-10T17:29:27,015","container":"7965dbe76a4e","level":"INFO","thread":"EthScheduler-Workers-0","class":"PersistBlockTask","message":"Block 793 (0xa6f62d54ec90e3c850ab49f9dcc2af477606a8884623ae691d180b3e56dae4c9) is already imported","throwable":""}
{"timestamp":"2025-09-10T17:29:35,012","container":"7965dbe76a4e","level":"INFO","thread":"BftProcessorExecutor-QBFT-0","class":"QbftBesuControllerBuilder","message":"Produced #794 / 0 tx / 0 pending / 0 (0.0%) gas / (0x5f7df5251c815dd1dd882098307a6acea53fc8be7616afb8e5547f736bb13804)","throwable":""}
{"timestamp":"2025-09-10T17:29:43,014","container":"7965dbe76a4e","level":"INFO","thread":"BftProcessorExecutor-QBFT-0","class":"QbftBesuControllerBuilder","message":"Imported #795 / 0 tx / 0 pending / 0 (0.0%) gas / (0xbc8e2bafdb0de58b156ccf2aaada8c23f06c6019d5d49747ef90a05f9d804770)","throwable":""}
{"timestamp":"2025-09-10T17:29:51,015","container":"7965dbe76a4e","level":"INFO","thread":"BftProcessorExecutor-QBFT-0","class":"QbftBesuControllerBuilder","message":"Imported #796 / 0 tx / 0 pending / 0 (0.0%) gas / (0x861245f8acde721d0d00edb2f2af40dc3f58a4054d56bc85012b928bf5463440)","throwable":""}
{"timestamp":"2025-09-10T17:29:59,010","container":"7965dbe76a4e","level":"INFO","thread":"BftProcessorExecutor-QBFT-0","class":"QbftBesuControllerBuilder","message":"Imported #797 / 0 tx / 0 pending / 0 (0.0%) gas / (0xc11d3dc1f1d239966032c90cca824dd166ac1ba4822f4a7626fcf0f38ce0e0ad)","throwable":""}
{"timestamp":"2025-09-10T17:30:07,014","container":"7965dbe76a4e","level":"INFO","thread":"BftProcessorExecutor-QBFT-0","class":"QbftBesuControllerBuilder","message":"Produced #798 / 0 tx / 0 pending / 0 (0.0%) gas / (0xa4d8942dedf3a4f8f2e333be6d3a2c8f1be9d5c9d29e6bf5da6bc5513276d1f3)","throwable":""}
{"timestamp":"2025-09-10T17:30:15,018","container":"7965dbe76a4e","level":"INFO","thread":"BftProcessorExecutor-QBFT-0","class":"QbftBesuControllerBuilder","message":"Imported #799 / 0 tx / 0 pending / 0 (0.0%) gas / (0xdaff8bbda4aade7e2aeb829b9717804a5c0f956a060c56e0111e8494f82d4135)","throwable":""}
{"timestamp":"2025-09-10T17:30:15,018","container":"7965dbe76a4e","level":"INFO","thread":"EthScheduler-Workers-0","class":"PersistBlockTask","message":"Block 799 (0xdaff8bbda4aade7e2aeb829b9717804a5c0f956a060c56e0111e8494f82d4135) is already imported","throwable":""}
{"timestamp":"2025-09-10T17:30:23,014","container":"7965dbe76a4e","level":"INFO","thread":"BftProcessorExecutor-QBFT-0","class":"QbftBesuControllerBuilder","message":"Imported #800 / 0 tx / 0 pending / 0 (0.0%) gas / (0x2df2aaa5e501a825b9ef1c04bcdc1dce9c67ae7a324b51cf1de487612f1c74ba)","throwable":""}
{"timestamp":"2025-09-10T17:30:31,031","container":"7965dbe76a4e","level":"INFO","thread":"EthScheduler-Workers-0","class":"PersistBlockTask","message":"Imported #801 / 0 tx / 0 om / 0 (0.0%) gas / (0x07e138c1ac5e3f0c883b6a8edcb56fe6f9b56593f612d43eaea23ca7b623b4e8) in 0.001s. Peers: 5","throwable":""}
{"timestamp":"2025-09-10T17:30:31,031","container":"7965dbe76a4e","level":"INFO","thread":"BftProcessorExecutor-QBFT-0","class":"QbftBesuControllerBuilder","message":"Imported #801 / 0 tx / 0 pending / 0 (0.0%) gas / (0x07e138c1ac5e3f0c883b6a8edcb56fe6f9b56593f612d43eaea23ca7b623b4e8)","throwable":""}
{"timestamp":"2025-09-10T17:30:39,014","container":"7965dbe76a4e","level":"INFO","thread":"BftProcessorExecutor-QBFT-0","class":"QbftBesuControllerBuilder","message":"Produced #802 / 0 tx / 0 pending / 0 (0.0%) gas / (0xf6e0e1e07f7339782142823dd904e7cb0b2636f8b50ee2859fee8b7866593872)","throwable":""}
{"timestamp":"2025-09-10T17:30:39,014","container":"7965dbe76a4e","level":"INFO","thread":"EthScheduler-Workers-0","class":"PersistBlockTask","message":"Block 802 (0xf6e0e1e07f7339782142823dd904e7cb0b2636f8b50ee2859fee8b7866593872) is already imported","throwable":""}
{"timestamp":"2025-09-10T17:30:47,023","container":"7965dbe76a4e","level":"INFO","thread":"BftProcessorExecutor-QBFT-0","class":"QbftBesuControllerBuilder","message":"Imported #803 / 0 tx / 0 pending / 0 (0.0%) gas / (0xdd6a1296e7574001091ebcf6a4ccba064e60d31ba54cc4243ed2f1ff174df835)","throwable":""}
{"timestamp":"2025-09-10T17:30:55,010","container":"7965dbe76a4e","level":"INFO","thread":"BftProcessorExecutor-QBFT-0","class":"QbftBesuControllerBuilder","message":"Imported #804 / 0 tx / 0 pending / 0 (0.0%) gas / (0x69905333e27b59577a62292d3e7c4e0b39734400355342629340608fcbd74184)","throwable":""}
{"timestamp":"2025-09-10T17:31:03,011","container":"7965dbe76a4e","level":"INFO","thread":"BftProcessorExecutor-QBFT-0","class":"QbftBesuControllerBuilder","message":"Imported #805 / 0 tx / 0 pending / 0 (0.0%) gas / (0x9542857a8bf0beec92f8bc54fc8e3c6e80a611748d412bffaaadbbfc153b542e)","throwable":""}
{"timestamp":"2025-09-10T17:31:11,014","container":"7965dbe76a4e","level":"INFO","thread":"EthScheduler-Workers-0","class":"PersistBlockTask","message":"Imported #806 / 0 tx / 0 om / 0 (0.0%) gas / (0xae3b9d398434c967ad1b94e6ab896cfeb7fd977f161489621632fb023429274a) in 0.001s. Peers: 5","throwable":""}
{"timestamp":"2025-09-10T17:31:19,009","container":"7965dbe76a4e","level":"INFO","thread":"BftProcessorExecutor-QBFT-0","class":"QbftBesuControllerBuilder","message":"Imported #807 / 0 tx / 0 pending / 0 (0.0%) gas / (0x678fb7e909f4f88c3eabe67f7880cf3e7edff762f28e8a27cf6f3ee6561be5cd)","throwable":""}
{"timestamp":"2025-09-10T17:31:27,016","container":"7965dbe76a4e","level":"INFO","thread":"EthScheduler-Workers-0","class":"PersistBlockTask","message":"Imported #808 / 0 tx / 0 om / 0 (0.0%) gas / (0x7ac685d6cb00b50a6990efb14a821ce8de965c01b69bb2d4e135f4d0edbe8eb0) in 0.001s. Peers: 5","throwable":""}
{"timestamp":"2025-09-10T17:31:27,016","container":"7965dbe76a4e","level":"INFO","thread":"BftProcessorExecutor-QBFT-0","class":"QbftBesuControllerBuilder","message":"Imported #808 / 0 tx / 0 pending / 0 (0.0%) gas / (0x7ac685d6cb00b50a6990efb14a821ce8de965c01b69bb2d4e135f4d0edbe8eb0)","throwable":""}
{"timestamp":"2025-09-10T17:31:35,010","container":"7965dbe76a4e","level":"INFO","thread":"EthScheduler-Workers-0","class":"PersistBlockTask","message":"Block 809 (0xadb30878ba97001e657658fc5ec501ae265835ea13c1f18674a208e4b958b4ef) is already imported","throwable":""}
{"timestamp":"2025-09-10T17:31:35,010","container":"7965dbe76a4e","level":"INFO","thread":"BftProcessorExecutor-QBFT-0","class":"QbftBesuControllerBuilder","message":"Imported #809 / 0 tx / 0 pending / 0 (0.0%) gas / (0xadb30878ba97001e657658fc5ec501ae265835ea13c1f18674a208e4b958b4ef)","throwable":""}
{"timestamp":"2025-09-10T17:31:43,019","container":"7965dbe76a4e","level":"INFO","thread":"BftProcessorExecutor-QBFT-0","class":"QbftBesuControllerBuilder","message":"Produced #810 / 0 tx / 0 pending / 0 (0.0%) gas / (0x85da42c87769814d31ca788bd3a8d3a0fe6eb59a80b935f692e4700810144374)","throwable":""}
{"timestamp":"2025-09-10T17:31:51,033","container":"7965dbe76a4e","level":"INFO","thread":"BftProcessorExecutor-QBFT-0","class":"QbftBesuControllerBuilder","message":"Imported #811 / 0 tx / 0 pending / 0 (0.0%) gas / (0x312014ba2053b98412eff8b100512cb788e02836e0a81c23d09dc70bfa6ed987)","throwable":""}
{"timestamp":"2025-09-10T17:31:51,033","container":"7965dbe76a4e","level":"INFO","thread":"EthScheduler-Workers-0","class":"PersistBlockTask","message":"Block 811 (0x312014ba2053b98412eff8b100512cb788e02836e0a81c23d09dc70bfa6ed987) is already imported","throwable":""}
{"timestamp":"2025-09-10T17:31:59,012","container":"7965dbe76a4e","level":"INFO","thread":"BftProcessorExecutor-QBFT-0","class":"QbftBesuControllerBuilder","message":"Imported #812 / 0 tx / 0 pending / 0 (0.0%) gas / (0x0fd50d333fb1e0ef312da3e2e07d8022c41792c874a0a3f38c657171f67b7f5c)","throwable":""}
{"timestamp":"2025-09-10T17:31:59,012","container":"7965dbe76a4e","level":"INFO","thread":"EthScheduler-Workers-0","class":"PersistBlockTask","message":"Block 812 (0x0fd50d333fb1e0ef312da3e2e07d8022c41792c874a0a3f38c657171f67b7f5c) is already imported","throwable":""}
{"timestamp":"2025-09-10T17:32:07,015","container":"7965dbe76a4e","level":"INFO","thread":"EthScheduler-Workers-0","class":"PersistBlockTask","message":"Block 813 (0x8b0f09afc98ee84df4f01368e9073632ff4126baa72194e847ff702fe9d0c8a7) is already imported","throwable":""}
{"timestamp":"2025-09-10T17:32:07,015","container":"7965dbe76a4e","level":"INFO","thread":"BftProcessorExecutor-QBFT-0","class":"QbftBesuControllerBuilder","message":"Imported #813 / 0 tx / 0 pending / 0 (0.0%) gas / (0x8b0f09afc98ee84df4f01368e9073632ff4126baa72194e847ff702fe9d0c8a7)","throwable":""}
{"timestamp":"2025-09-10T17:32:15,009","container":"7965dbe76a4e","level":"INFO","thread":"BftProcessorExecutor-QBFT-0","class":"QbftBesuControllerBuilder","message":"Produced #814 / 0 tx / 0 pending / 0 (0.0%) gas / (0xfc9256420451bd259a3a3e834544f5c1e66f46af0a690f4206db79fc6986a060)","throwable":""}
{"timestamp":"2025-09-10T17:32:23,019","container":"7965dbe76a4e","level":"INFO","thread":"BftProcessorExecutor-QBFT-0","class":"QbftBesuControllerBuilder","message":"Imported #815 / 0 tx / 0 pending / 0 (0.0%) gas / (0x495f3a20013812fca015b0fbcb37b871e535d732045f086d9a494c4a305f6611)","throwable":""}
{"timestamp":"2025-09-10T17:32:31,012","container":"7965dbe76a4e","level":"INFO","thread":"BftProcessorExecutor-QBFT-0","class":"QbftBesuControllerBuilder","message":"Imported #816 / 0 tx / 0 pending / 0 (0.0%) gas / (0xae7b6685d23167a2eef8d1d0b80fe837482576291faf40066704454bb8bdb9dc)","throwable":""}
{"timestamp":"2025-09-10T17:32:39,019","container":"7965dbe76a4e","level":"INFO","thread":"EthScheduler-Workers-0","class":"PersistBlockTask","message":"Imported #817 / 0 tx / 0 om / 0 (0.0%) gas / (0x3e28e339ea8164481d2170179c929ad4c1caa4686422f61ef98eadc4f50851c1) in 0.002s. Peers: 5","throwable":""}
{"timestamp":"2025-09-10T17:32:39,020","container":"7965dbe76a4e","level":"INFO","thread":"BftProcessorExecutor-QBFT-0","class":"QbftBesuControllerBuilder","message":"Imported #817 / 0 tx / 0 pending / 0 (0.0%) gas / (0x3e28e339ea8164481d2170179c929ad4c1caa4686422f61ef98eadc4f50851c1)","throwable":""}
{"timestamp":"2025-09-10T17:32:47,013","container":"7965dbe76a4e","level":"INFO","thread":"EthScheduler-Workers-0","class":"PersistBlockTask","message":"Block 818 (0x9f2e2d3b6f1830e923c5a495d08a9ed549d61d12c4b8e65b9e1f22f5292a8db7) is already imported","throwable":""}
{"timestamp":"2025-09-10T17:32:47,014","container":"7965dbe76a4e","level":"INFO","thread":"BftProcessorExecutor-QBFT-0","class":"QbftBesuControllerBuilder","message":"Produced #818 / 0 tx / 0 pending / 0 (0.0%) gas / (0x9f2e2d3b6f1830e923c5a495d08a9ed549d61d12c4b8e65b9e1f22f5292a8db7)","throwable":""}
{"timestamp":"2025-09-10T17:32:55,015","container":"7965dbe76a4e","level":"INFO","thread":"BftProcessorExecutor-QBFT-0","class":"QbftBesuControllerBuilder","message":"Imported #819 / 0 tx / 0 pending / 0 (0.0%) gas / (0xeafd3926f6b21684afcc85a4920eb878b9c2296ecd55b3226343cdd9db7a3721)","throwable":""}
{"timestamp":"2025-09-10T17:33:03,016","container":"7965dbe76a4e","level":"INFO","thread":"EthScheduler-Workers-0","class":"PersistBlockTask","message":"Block 820 (0x1f0e08dcb66ef044930543b00ca3adb903fd91ac04f2fa9fe8bc695b0e545144) is already imported","throwable":""}
{"timestamp":"2025-09-10T17:33:03,016","container":"7965dbe76a4e","level":"INFO","thread":"BftProcessorExecutor-QBFT-0","class":"QbftBesuControllerBuilder","message":"Imported #820 / 0 tx / 0 pending / 0 (0.0%) gas / (0x1f0e08dcb66ef044930543b00ca3adb903fd91ac04f2fa9fe8bc695b0e545144)","throwable":""}
{"timestamp":"2025-09-10T17:33:11,013","container":"7965dbe76a4e","level":"INFO","thread":"BftProcessorExecutor-QBFT-0","class":"QbftBesuControllerBuilder","message":"Imported #821 / 0 tx / 0 pending / 0 (0.0%) gas / (0xb5564bce8d3a444282a8304c9a7f1e79260b7649f09a7a98e9c3de518fbe033c)","throwable":""}
{"timestamp":"2025-09-10T17:33:19,011","container":"7965dbe76a4e","level":"INFO","thread":"BftProcessorExecutor-QBFT-0","class":"QbftBesuControllerBuilder","message":"Produced #822 / 0 tx / 0 pending / 0 (0.0%) gas / (0xa4c0a1de779a892dc6c349d3b20b0a37a0e99c8ea2b202b96b2b74126f3d9a8a)","throwable":""}
{"timestamp":"2025-09-10T17:33:27,014","container":"7965dbe76a4e","level":"INFO","thread":"EthScheduler-Workers-0","class":"PersistBlockTask","message":"Block 823 (0xd46950e98cd6b86460cecdd9fb732ebea0628d20412cff6a5e11f2a94224ebc9) is already imported","throwable":""}
{"timestamp":"2025-09-10T17:33:27,014","container":"7965dbe76a4e","level":"INFO","thread":"BftProcessorExecutor-QBFT-0","class":"QbftBesuControllerBuilder","message":"Imported #823 / 0 tx / 0 pending / 0 (0.0%) gas / (0xd46950e98cd6b86460cecdd9fb732ebea0628d20412cff6a5e11f2a94224ebc9)","throwable":""}
{"timestamp":"2025-09-10T17:33:35,014","container":"7965dbe76a4e","level":"INFO","thread":"BftProcessorExecutor-QBFT-0","class":"QbftBesuControllerBuilder","message":"Imported #824 / 0 tx / 0 pending / 0 (0.0%) gas / (0x529a1754ca4fbfdb3c434273155c67dfcf5a024db3373a67cd47b640e5efc10d)","throwable":""}
{"timestamp":"2025-09-10T17:33:43,022","container":"7965dbe76a4e","level":"INFO","thread":"BftProcessorExecutor-QBFT-0","class":"QbftBesuControllerBuilder","message":"Imported #825 / 0 tx / 0 pending / 0 (0.0%) gas / (0xcbbdd85d7d25ce7d12f1878cbfcc2c75f994e88650ec7cb4dc5d8a8b0378104e)","throwable":""}
{"timestamp":"2025-09-10T17:33:43,022","container":"7965dbe76a4e","level":"INFO","thread":"EthScheduler-Workers-0","class":"PersistBlockTask","message":"Block 825 (0xcbbdd85d7d25ce7d12f1878cbfcc2c75f994e88650ec7cb4dc5d8a8b0378104e) is already imported","throwable":""}
{"timestamp":"2025-09-10T17:33:51,011","container":"7965dbe76a4e","level":"INFO","thread":"BftProcessorExecutor-QBFT-0","class":"QbftBesuControllerBuilder","message":"Produced #826 / 0 tx / 0 pending / 0 (0.0%) gas / (0xfcdf5152f6e0688aa9b6a15d1ac067aaaabc8ab90ae02f6c0ecc0f441986acfa)","throwable":""}
{"timestamp":"2025-09-10T17:33:59,016","container":"7965dbe76a4e","level":"INFO","thread":"BftProcessorExecutor-QBFT-0","class":"QbftBesuControllerBuilder","message":"Imported #827 / 0 tx / 0 pending / 0 (0.0%) gas / (0x28059fcaccc3654b7b6e874cbf44bd512b400f32f9454cc1ba930ca4aae995be)","throwable":""}
{"timestamp":"2025-09-10T17:34:07,007","container":"7965dbe76a4e","level":"INFO","thread":"BftProcessorExecutor-QBFT-0","class":"QbftBesuControllerBuilder","message":"Imported #828 / 0 tx / 0 pending / 0 (0.0%) gas / (0xb03541a6beeb53691e8227485c2709d353e7efe332d4e558cedc2291bfc5b07f)","throwable":""}
{"timestamp":"2025-09-10T17:34:15,009","container":"7965dbe76a4e","level":"INFO","thread":"BftProcessorExecutor-QBFT-0","class":"QbftBesuControllerBuilder","message":"Imported #829 / 0 tx / 0 pending / 0 (0.0%) gas / (0x83980e1c2cd2d7b90e76fdee9c0cce95a77fb63304f34125d2bfe8daf97039ee)","throwable":""}
{"timestamp":"2025-09-10T17:34:23,010","container":"7965dbe76a4e","level":"INFO","thread":"BftProcessorExecutor-QBFT-0","class":"QbftBesuControllerBuilder","message":"Produced #830 / 0 tx / 0 pending / 0 (0.0%) gas / (0xdd11a5306c2e367d868e9d01c633d931621f31cfbec043fcd55c1323b2a70570)","throwable":""}
{"timestamp":"2025-09-10T17:34:31,010","container":"7965dbe76a4e","level":"INFO","thread":"BftProcessorExecutor-QBFT-0","class":"QbftBesuControllerBuilder","message":"Imported #831 / 0 tx / 0 pending / 0 (0.0%) gas / (0x46b336a517c02bdaac71012a33258a5bbd1640b98c7cdc708d9315f87c6f7ab3)","throwable":""}
{"timestamp":"2025-09-10T17:34:39,010","container":"7965dbe76a4e","level":"INFO","thread":"BftProcessorExecutor-QBFT-0","class":"QbftBesuControllerBuilder","message":"Imported #832 / 0 tx / 0 pending / 0 (0.0%) gas / (0xc8e385975d92b1bf659a60106aa1ac11216b85f37be4d5d6ccf0233f960668da)","throwable":""}
{"timestamp":"2025-09-10T17:34:47,006","container":"7965dbe76a4e","level":"INFO","thread":"BftProcessorExecutor-QBFT-0","class":"QbftBesuControllerBuilder","message":"Imported #833 / 0 tx / 0 pending / 0 (0.0%) gas / (0x04b01403139ffc84164127265cbc0f9da2ed2f5efa355a9abf1048df91b459c0)","throwable":""}
{"timestamp":"2025-09-10T17:34:55,014","container":"7965dbe76a4e","level":"INFO","thread":"EthScheduler-Workers-0","class":"PersistBlockTask","message":"Block 834 (0x4a9bcd960d4fd8f2a0d23cd6ee413196eb298e2cbc8b8b61ac33e45eac54bdba) is already imported","throwable":""}
{"timestamp":"2025-09-10T17:34:55,014","container":"7965dbe76a4e","level":"INFO","thread":"BftProcessorExecutor-QBFT-0","class":"QbftBesuControllerBuilder","message":"Produced #834 / 0 tx / 0 pending / 0 (0.0%) gas / (0x4a9bcd960d4fd8f2a0d23cd6ee413196eb298e2cbc8b8b61ac33e45eac54bdba)","throwable":""}
{"timestamp":"2025-09-10T17:35:03,011","container":"7965dbe76a4e","level":"INFO","thread":"BftProcessorExecutor-QBFT-0","class":"QbftBesuControllerBuilder","message":"Imported #835 / 0 tx / 0 pending / 0 (0.0%) gas / (0xf216b5a638c7fef3202e95bdfb0c6b4cc3c00da5f0054e6370aa15e2f53b869f)","throwable":""}
{"timestamp":"2025-09-10T17:35:11,015","container":"7965dbe76a4e","level":"INFO","thread":"BftProcessorExecutor-QBFT-0","class":"QbftBesuControllerBuilder","message":"Imported #836 / 0 tx / 0 pending / 0 (0.0%) gas / (0x949a9eadfde901db16dfffc6ab53d5ed645dbb1c73563f69ce8a57ec0c110dac)","throwable":""}
{"timestamp":"2025-09-10T17:35:19,014","container":"7965dbe76a4e","level":"INFO","thread":"BftProcessorExecutor-QBFT-0","class":"QbftBesuControllerBuilder","message":"Imported #837 / 0 tx / 0 pending / 0 (0.0%) gas / (0x31cda3608c7cb91aaf4c9c2d398437d018e0e62c923d29b4d7d9540626f197ad)","throwable":""}
{"timestamp":"2025-09-10T17:35:27,031","container":"7965dbe76a4e","level":"INFO","thread":"BftProcessorExecutor-QBFT-0","class":"QbftBesuControllerBuilder","message":"Produced #838 / 0 tx / 0 pending / 0 (0.0%) gas / (0x12b16f17deb0a4ae4b841eab4e205593d58099fc235cf90be409c3eee8778a33)","throwable":""}
{"timestamp":"2025-09-10T17:35:35,012","container":"7965dbe76a4e","level":"INFO","thread":"BftProcessorExecutor-QBFT-0","class":"QbftBesuControllerBuilder","message":"Imported #839 / 0 tx / 0 pending / 0 (0.0%) gas / (0x0318b24845e404fd287000aebda523b98aba2192a16b4125dd1d0123ab96fb84)","throwable":""}
{"timestamp":"2025-09-10T17:35:43,019","container":"7965dbe76a4e","level":"INFO","thread":"EthScheduler-Workers-0","class":"PersistBlockTask","message":"Block 840 (0x2e1d7d52b4b14114e67a4be6025475100bd94b2b6beb374fc2f766879c2c653e) is already imported","throwable":""}
{"timestamp":"2025-09-10T17:35:43,020","container":"7965dbe76a4e","level":"INFO","thread":"BftProcessorExecutor-QBFT-0","class":"QbftBesuControllerBuilder","message":"Imported #840 / 0 tx / 0 pending / 0 (0.0%) gas / (0x2e1d7d52b4b14114e67a4be6025475100bd94b2b6beb374fc2f766879c2c653e)","throwable":""}
{"timestamp":"2025-09-10T17:35:51,018","container":"7965dbe76a4e","level":"INFO","thread":"BftProcessorExecutor-QBFT-0","class":"QbftBesuControllerBuilder","message":"Imported #841 / 0 tx / 0 pending / 0 (0.0%) gas / (0x2bea98d80378207bfafc196e54cf8be95b566c5f08db3a5e2a321889468acad8)","throwable":""}
{"timestamp":"2025-09-10T17:35:59,010","container":"7965dbe76a4e","level":"INFO","thread":"BftProcessorExecutor-QBFT-0","class":"QbftBesuControllerBuilder","message":"Produced #842 / 0 tx / 0 pending / 0 (0.0%) gas / (0x0cf73dbdc06c22721901d0c183a2ab227cb5f7de24a40f7fa8ce2b9f25e3f5d2)","throwable":""}
{"timestamp":"2025-09-10T17:35:59,010","container":"7965dbe76a4e","level":"INFO","thread":"EthScheduler-Workers-0","class":"PersistBlockTask","message":"Block 842 (0x0cf73dbdc06c22721901d0c183a2ab227cb5f7de24a40f7fa8ce2b9f25e3f5d2) is already imported","throwable":""}
{"timestamp":"2025-09-10T17:36:07,016","container":"7965dbe76a4e","level":"INFO","thread":"BftProcessorExecutor-QBFT-0","class":"QbftBesuControllerBuilder","message":"Imported #843 / 0 tx / 0 pending / 0 (0.0%) gas / (0xf3a7b8f88aae88e8ef916bafacb12f061ce9a495ae14303d8748dfb069e08755)","throwable":""}
{"timestamp":"2025-09-10T17:36:07,016","container":"7965dbe76a4e","level":"INFO","thread":"EthScheduler-Workers-0","class":"PersistBlockTask","message":"Block 843 (0xf3a7b8f88aae88e8ef916bafacb12f061ce9a495ae14303d8748dfb069e08755) is already imported","throwable":""}
{"timestamp":"2025-09-10T17:36:15,013","container":"7965dbe76a4e","level":"INFO","thread":"BftProcessorExecutor-QBFT-0","class":"QbftBesuControllerBuilder","message":"Imported #844 / 0 tx / 0 pending / 0 (0.0%) gas / (0x69fb48b35d20d35a8890e4cc8834acac38cb3e73791148a610ee8688323f8e89)","throwable":""}
{"timestamp":"2025-09-10T17:36:23,015","container":"7965dbe76a4e","level":"INFO","thread":"BftProcessorExecutor-QBFT-0","class":"QbftBesuControllerBuilder","message":"Imported #845 / 0 tx / 0 pending / 0 (0.0%) gas / (0x6b74a0235c5f5d2ce8de419142bf2ac9f37aa455b0665ae1e456b0d39e529194)","throwable":""}
{"timestamp":"2025-09-10T17:36:31,011","container":"7965dbe76a4e","level":"INFO","thread":"BftProcessorExecutor-QBFT-0","class":"QbftBesuControllerBuilder","message":"Produced #846 / 0 tx / 0 pending / 0 (0.0%) gas / (0xbac270bc4bdfe432fa91c7f9d2191e9bc860d9d778b69c0b10843377cc93af9b)","throwable":""}
{"timestamp":"2025-09-10T17:36:39,017","container":"7965dbe76a4e","level":"INFO","thread":"EthScheduler-Workers-0","class":"PersistBlockTask","message":"Imported #847 / 0 tx / 0 om / 0 (0.0%) gas / (0x4fbf66ca09ee546c4764983d562468a24cad15f215b127788e7f62f4ba1cd30d) in 0.001s. Peers: 5","throwable":""}
{"timestamp":"2025-09-10T17:36:47,007","container":"7965dbe76a4e","level":"INFO","thread":"BftProcessorExecutor-QBFT-0","class":"QbftBesuControllerBuilder","message":"Imported #848 / 0 tx / 0 pending / 0 (0.0%) gas / (0x747ac7cdde0bd6834b86757e74f91eb0694387b7a29e785a601687f6d5e038c7)","throwable":""}
{"timestamp":"2025-09-10T17:36:55,017","container":"7965dbe76a4e","level":"INFO","thread":"BftProcessorExecutor-QBFT-0","class":"QbftBesuControllerBuilder","message":"Imported #849 / 0 tx / 0 pending / 0 (0.0%) gas / (0xee8d359ca31e2965c1bcc471f002250c77cac54d0e7ae7bddb5374094bdb7755)","throwable":""}
{"timestamp":"2025-09-10T17:36:55,018","container":"7965dbe76a4e","level":"INFO","thread":"EthScheduler-Workers-0","class":"PersistBlockTask","message":"Block 849 (0xee8d359ca31e2965c1bcc471f002250c77cac54d0e7ae7bddb5374094bdb7755) is already imported","throwable":""}
{"timestamp":"2025-09-10T17:37:03,012","container":"7965dbe76a4e","level":"INFO","thread":"BftProcessorExecutor-QBFT-0","class":"QbftBesuControllerBuilder","message":"Produced #850 / 0 tx / 0 pending / 0 (0.0%) gas / (0xa54ec71da19387d756a5dbd6cf603cfc6770c366a9a7d293baaabd6a9c115059)","throwable":""}
{"timestamp":"2025-09-10T17:37:11,007","container":"7965dbe76a4e","level":"INFO","thread":"BftProcessorExecutor-QBFT-0","class":"QbftBesuControllerBuilder","message":"Imported #851 / 0 tx / 0 pending / 0 (0.0%) gas / (0x28e6535c394c34846b4deb6c581e6c1a36bc5c7077511c73aae343fa52a62a95)","throwable":""}
{"timestamp":"2025-09-10T17:37:19,014","container":"7965dbe76a4e","level":"INFO","thread":"BftProcessorExecutor-QBFT-0","class":"QbftBesuControllerBuilder","message":"Imported #852 / 0 tx / 0 pending / 0 (0.0%) gas / (0x93d6148ca6a976020e83aa5f68a70f4ab8efa893254ed37294050dd65e0275d3)","throwable":""}
{"timestamp":"2025-09-10T17:37:27,015","container":"7965dbe76a4e","level":"INFO","thread":"BftProcessorExecutor-QBFT-0","class":"QbftBesuControllerBuilder","message":"Imported #853 / 0 tx / 0 pending / 0 (0.0%) gas / (0x0d63398692a700b9312707e21aaa55541654a79af84abc8df654c432d69e6c91)","throwable":""}
{"timestamp":"2025-09-10T17:37:35,016","container":"7965dbe76a4e","level":"INFO","thread":"EthScheduler-Workers-0","class":"PersistBlockTask","message":"Block 854 (0xf7c42608700bb4a824915fe5d121a51fe97a0bb6bdf221b61be8cebf98687f17) is already imported","throwable":""}
{"timestamp":"2025-09-10T17:37:35,016","container":"7965dbe76a4e","level":"INFO","thread":"BftProcessorExecutor-QBFT-0","class":"QbftBesuControllerBuilder","message":"Produced #854 / 0 tx / 0 pending / 0 (0.0%) gas / (0xf7c42608700bb4a824915fe5d121a51fe97a0bb6bdf221b61be8cebf98687f17)","throwable":""}
{"timestamp":"2025-09-10T17:37:43,016","container":"7965dbe76a4e","level":"INFO","thread":"EthScheduler-Workers-0","class":"PersistBlockTask","message":"Block 855 (0x2164898439580d9551dd0a401e8a0bb1109a38dc4a886af5e758df3b62e99133) is already imported","throwable":""}
{"timestamp":"2025-09-10T17:37:43,016","container":"7965dbe76a4e","level":"INFO","thread":"BftProcessorExecutor-QBFT-0","class":"QbftBesuControllerBuilder","message":"Imported #855 / 0 tx / 0 pending / 0 (0.0%) gas / (0x2164898439580d9551dd0a401e8a0bb1109a38dc4a886af5e758df3b62e99133)","throwable":""}
{"timestamp":"2025-09-10T17:37:51,017","container":"7965dbe76a4e","level":"INFO","thread":"EthScheduler-Workers-0","class":"PersistBlockTask","message":"Imported #856 / 0 tx / 0 om / 0 (0.0%) gas / (0x9972918934af771e6274867d6468f00e3d1ea5f25d3c22b877bc338119acf52c) in 0.001s. Peers: 5","throwable":""}
{"timestamp":"2025-09-10T17:37:51,018","container":"7965dbe76a4e","level":"INFO","thread":"BftProcessorExecutor-QBFT-0","class":"QbftBesuControllerBuilder","message":"Imported #856 / 0 tx / 0 pending / 0 (0.0%) gas / (0x9972918934af771e6274867d6468f00e3d1ea5f25d3c22b877bc338119acf52c)","throwable":""}
{"timestamp":"2025-09-10T17:37:59,014","container":"7965dbe76a4e","level":"INFO","thread":"EthScheduler-Workers-0","class":"PersistBlockTask","message":"Block 857 (0x63fa9caaca1c195ac4fb404c4c463627dfa500238799209d5f5c188eddb79922) is already imported","throwable":""}
{"timestamp":"2025-09-10T17:37:59,014","container":"7965dbe76a4e","level":"INFO","thread":"BftProcessorExecutor-QBFT-0","class":"QbftBesuControllerBuilder","message":"Imported #857 / 0 tx / 0 pending / 0 (0.0%) gas / (0x63fa9caaca1c195ac4fb404c4c463627dfa500238799209d5f5c188eddb79922)","throwable":""}
{"timestamp":"2025-09-10T17:38:07,018","container":"7965dbe76a4e","level":"INFO","thread":"EthScheduler-Workers-0","class":"PersistBlockTask","message":"Block 858 (0x39d6ba55cf2af799e10a7997c2ca290262679f0f10b971e7158987753af7fb01) is already imported","throwable":""}
{"timestamp":"2025-09-10T17:38:07,018","container":"7965dbe76a4e","level":"INFO","thread":"BftProcessorExecutor-QBFT-0","class":"QbftBesuControllerBuilder","message":"Produced #858 / 0 tx / 0 pending / 0 (0.0%) gas / (0x39d6ba55cf2af799e10a7997c2ca290262679f0f10b971e7158987753af7fb01)","throwable":""}
{"timestamp":"2025-09-10T17:38:15,011","container":"7965dbe76a4e","level":"INFO","thread":"BftProcessorExecutor-QBFT-0","class":"QbftBesuControllerBuilder","message":"Imported #859 / 0 tx / 0 pending / 0 (0.0%) gas / (0x322873d24dc3b862a7a20e5897cdefd267a679a6f89ccd4e5e4f2c5e7f2174cf)","throwable":""}
{"timestamp":"2025-09-10T17:38:23,020","container":"7965dbe76a4e","level":"INFO","thread":"BftProcessorExecutor-QBFT-0","class":"QbftBesuControllerBuilder","message":"Imported #860 / 0 tx / 0 pending / 0 (0.0%) gas / (0x0a272ca32f2076d04aa3df885e40395b20185af2024ed2a01890a78c2aa251ac)","throwable":""}
{"timestamp":"2025-09-10T17:38:23,024","container":"7965dbe76a4e","level":"INFO","thread":"EthScheduler-Workers-0","class":"PersistBlockTask","message":"Block 860 (0x0a272ca32f2076d04aa3df885e40395b20185af2024ed2a01890a78c2aa251ac) is already imported","throwable":""}
{"timestamp":"2025-09-10T17:38:31,014","container":"7965dbe76a4e","level":"INFO","thread":"BftProcessorExecutor-QBFT-0","class":"QbftBesuControllerBuilder","message":"Imported #861 / 0 tx / 0 pending / 0 (0.0%) gas / (0xdfb0f4c13cf8968ac2734df649c137b60010b429d09aea462623c605d7719f2e)","throwable":""}
{"timestamp":"2025-09-10T17:38:39,014","container":"7965dbe76a4e","level":"INFO","thread":"BftProcessorExecutor-QBFT-0","class":"QbftBesuControllerBuilder","message":"Produced #862 / 0 tx / 0 pending / 0 (0.0%) gas / (0xb91224f282dfc5c220da599ed88326b920070c7b09140cb9a04d37cf73ae7eaa)","throwable":""}
{"timestamp":"2025-09-10T17:38:47,018","container":"7965dbe76a4e","level":"INFO","thread":"BftProcessorExecutor-QBFT-0","class":"QbftBesuControllerBuilder","message":"Imported #863 / 0 tx / 0 pending / 0 (0.0%) gas / (0x3e2fd71c505f94992a138e09f85bb21cb350e2bc2f65ad768a886cf89f03a4c5)","throwable":""}
{"timestamp":"2025-09-10T17:38:55,020","container":"7965dbe76a4e","level":"INFO","thread":"BftProcessorExecutor-QBFT-0","class":"QbftBesuControllerBuilder","message":"Imported #864 / 0 tx / 0 pending / 0 (0.0%) gas / (0xc8f9ff1b025c86a97f7a1d3bdf86bfed2b340ac590c83c9d6f85a758c59617df)","throwable":""}
{"timestamp":"2025-09-10T17:38:55,020","container":"7965dbe76a4e","level":"INFO","thread":"EthScheduler-Workers-0","class":"PersistBlockTask","message":"Block 864 (0xc8f9ff1b025c86a97f7a1d3bdf86bfed2b340ac590c83c9d6f85a758c59617df) is already imported","throwable":""}
{"timestamp":"2025-09-10T17:39:03,028","container":"7965dbe76a4e","level":"INFO","thread":"BftProcessorExecutor-QBFT-0","class":"QbftBesuControllerBuilder","message":"Imported #865 / 0 tx / 0 pending / 0 (0.0%) gas / (0x74eb7ce36f3d6275d31c07cb5b7073878af1ee0b8c63daf1e881d54635245cb5)","throwable":""}
{"timestamp":"2025-09-10T17:39:11,024","container":"7965dbe76a4e","level":"INFO","thread":"EthScheduler-Workers-0","class":"PersistBlockTask","message":"Block 866 (0xf38554a6bf624bea3653faaf17fc118f5e16585a33f2ec46a3aae462d565d38e) is already imported","throwable":""}
{"timestamp":"2025-09-10T17:39:11,025","container":"7965dbe76a4e","level":"INFO","thread":"BftProcessorExecutor-QBFT-0","class":"QbftBesuControllerBuilder","message":"Produced #866 / 0 tx / 0 pending / 0 (0.0%) gas / (0xf38554a6bf624bea3653faaf17fc118f5e16585a33f2ec46a3aae462d565d38e)","throwable":""}
{"timestamp":"2025-09-10T17:39:19,010","container":"7965dbe76a4e","level":"INFO","thread":"BftProcessorExecutor-QBFT-0","class":"QbftBesuControllerBuilder","message":"Imported #867 / 0 tx / 0 pending / 0 (0.0%) gas / (0xdfbf72ffbbc0eed600a83eb4ac516d2f3217b6de8180b2369171b3166fa495c1)","throwable":""}
{"timestamp":"2025-09-10T17:39:27,026","container":"7965dbe76a4e","level":"INFO","thread":"EthScheduler-Workers-0","class":"PersistBlockTask","message":"Imported #868 / 0 tx / 0 om / 0 (0.0%) gas / (0x198b0aeeb17c4548cac13b4d95890f1e9a3e232a2efa3f205ef2105a0c46951b) in 0.002s. Peers: 5","throwable":""}
{"timestamp":"2025-09-10T17:39:27,027","container":"7965dbe76a4e","level":"INFO","thread":"BftProcessorExecutor-QBFT-0","class":"QbftBesuControllerBuilder","message":"Imported #868 / 0 tx / 0 pending / 0 (0.0%) gas / (0x198b0aeeb17c4548cac13b4d95890f1e9a3e232a2efa3f205ef2105a0c46951b)","throwable":""}
{"timestamp":"2025-09-10T17:39:35,013","container":"7965dbe76a4e","level":"INFO","thread":"BftProcessorExecutor-QBFT-0","class":"QbftBesuControllerBuilder","message":"Imported #869 / 0 tx / 0 pending / 0 (0.0%) gas / (0x26c2513c00553939aef575b881ba4d0d0b0ed42d3595b3de58917eb4d359f26e)","throwable":""}
{"timestamp":"2025-09-10T17:39:43,014","container":"7965dbe76a4e","level":"INFO","thread":"EthScheduler-Workers-0","class":"PersistBlockTask","message":"Block 870 (0xe9cb93bc7f4861752c28b0e55b8f99faeb1dc512fffb0b51b200c78c8e772bf0) is already imported","throwable":""}
{"timestamp":"2025-09-10T17:39:43,014","container":"7965dbe76a4e","level":"INFO","thread":"BftProcessorExecutor-QBFT-0","class":"QbftBesuControllerBuilder","message":"Produced #870 / 0 tx / 0 pending / 0 (0.0%) gas / (0xe9cb93bc7f4861752c28b0e55b8f99faeb1dc512fffb0b51b200c78c8e772bf0)","throwable":""}
{"timestamp":"2025-09-10T17:39:51,012","container":"7965dbe76a4e","level":"INFO","thread":"BftProcessorExecutor-QBFT-0","class":"QbftBesuControllerBuilder","message":"Imported #871 / 0 tx / 0 pending / 0 (0.0%) gas / (0x9683c737cf1dfd1ddc0e954ade14807a7d6f2f36f33c0ec6895dd9cd58d9fbbe)","throwable":""}
{"timestamp":"2025-09-10T17:39:59,009","container":"7965dbe76a4e","level":"INFO","thread":"BftProcessorExecutor-QBFT-0","class":"QbftBesuControllerBuilder","message":"Imported #872 / 0 tx / 0 pending / 0 (0.0%) gas / (0x56a8a273b57a27fc3c837a4ffe02cd56639144c46e93dbb3b2f9bfa9e3031279)","throwable":""}
{"timestamp":"2025-09-10T17:40:07,012","container":"7965dbe76a4e","level":"INFO","thread":"BftProcessorExecutor-QBFT-0","class":"QbftBesuControllerBuilder","message":"Imported #873 / 0 tx / 0 pending / 0 (0.0%) gas / (0x8e148f786ce10916163a2cc735ff0a0067fe29b1570bf577f3f84d5a828bb8cd)","throwable":""}
{"timestamp":"2025-09-10T17:40:07,012","container":"7965dbe76a4e","level":"INFO","thread":"EthScheduler-Workers-0","class":"PersistBlockTask","message":"Block 873 (0x8e148f786ce10916163a2cc735ff0a0067fe29b1570bf577f3f84d5a828bb8cd) is already imported","throwable":""}
{"timestamp":"2025-09-10T17:40:15,011","container":"7965dbe76a4e","level":"INFO","thread":"EthScheduler-Workers-0","class":"PersistBlockTask","message":"Block 874 (0x3eed13cb02677dc3b946928ef6d1a323ccced72ce5ec47e0ed59da6585e61cba) is already imported","throwable":""}
{"timestamp":"2025-09-10T17:40:15,011","container":"7965dbe76a4e","level":"INFO","thread":"BftProcessorExecutor-QBFT-0","class":"QbftBesuControllerBuilder","message":"Produced #874 / 0 tx / 0 pending / 0 (0.0%) gas / (0x3eed13cb02677dc3b946928ef6d1a323ccced72ce5ec47e0ed59da6585e61cba)","throwable":""}
{"timestamp":"2025-09-10T17:40:23,019","container":"7965dbe76a4e","level":"INFO","thread":"BftProcessorExecutor-QBFT-0","class":"QbftBesuControllerBuilder","message":"Imported #875 / 0 tx / 0 pending / 0 (0.0%) gas / (0xe9cd9a9e5aeee8d5c5f82acd9c38ffaaabdc09a362d63da6fe869cfdccc467ea)","throwable":""}
{"timestamp":"2025-09-10T17:40:31,009","container":"7965dbe76a4e","level":"INFO","thread":"BftProcessorExecutor-QBFT-0","class":"QbftBesuControllerBuilder","message":"Imported #876 / 0 tx / 0 pending / 0 (0.0%) gas / (0x89532bbef2f28995c281e6c142ee36468fab5cf73200e63fc9f9da25d17ecc47)","throwable":""}
{"timestamp":"2025-09-10T17:40:39,012","container":"7965dbe76a4e","level":"INFO","thread":"BftProcessorExecutor-QBFT-0","class":"QbftBesuControllerBuilder","message":"Imported #877 / 0 tx / 0 pending / 0 (0.0%) gas / (0xf5908be22656b9a4738c15f5cbc5fc7f49e0640a486b77d68996b93c0fc87559)","throwable":""}
{"timestamp":"2025-09-10T17:40:39,013","container":"7965dbe76a4e","level":"INFO","thread":"EthScheduler-Workers-0","class":"PersistBlockTask","message":"Block 877 (0xf5908be22656b9a4738c15f5cbc5fc7f49e0640a486b77d68996b93c0fc87559) is already imported","throwable":""}
{"timestamp":"2025-09-10T17:40:47,014","container":"7965dbe76a4e","level":"INFO","thread":"BftProcessorExecutor-QBFT-0","class":"QbftBesuControllerBuilder","message":"Produced #878 / 0 tx / 0 pending / 0 (0.0%) gas / (0x1bf613a958627706b5320dd4d84d64a10e159fbf6016686ca838302cefb9a95f)","throwable":""}
{"timestamp":"2025-09-10T17:40:47,014","container":"7965dbe76a4e","level":"INFO","thread":"EthScheduler-Workers-0","class":"PersistBlockTask","message":"Block 878 (0x1bf613a958627706b5320dd4d84d64a10e159fbf6016686ca838302cefb9a95f) is already imported","throwable":""}
{"timestamp":"2025-09-10T17:40:55,011","container":"7965dbe76a4e","level":"INFO","thread":"BftProcessorExecutor-QBFT-0","class":"QbftBesuControllerBuilder","message":"Imported #879 / 0 tx / 0 pending / 0 (0.0%) gas / (0x4fa7332b8385e64482d74b7047ef3f0f3274525c56f68be4a17e23b59be77e9d)","throwable":""}
{"timestamp":"2025-09-10T17:40:55,012","container":"7965dbe76a4e","level":"INFO","thread":"EthScheduler-Workers-0","class":"PersistBlockTask","message":"Block 879 (0x4fa7332b8385e64482d74b7047ef3f0f3274525c56f68be4a17e23b59be77e9d) is already imported","throwable":""}
{"timestamp":"2025-09-10T17:41:03,013","container":"7965dbe76a4e","level":"INFO","thread":"BftProcessorExecutor-QBFT-0","class":"QbftBesuControllerBuilder","message":"Imported #880 / 0 tx / 0 pending / 0 (0.0%) gas / (0x2f62f8e3db61b892cc3d43c5fe79ef8e9dd73bc49e7e974fd535ca6523993691)","throwable":""}
{"timestamp":"2025-09-10T17:41:03,014","container":"7965dbe76a4e","level":"INFO","thread":"EthScheduler-Workers-0","class":"PersistBlockTask","message":"Block 880 (0x2f62f8e3db61b892cc3d43c5fe79ef8e9dd73bc49e7e974fd535ca6523993691) is already imported","throwable":""}
{"timestamp":"2025-09-10T17:41:11,015","container":"7965dbe76a4e","level":"INFO","thread":"EthScheduler-Workers-0","class":"PersistBlockTask","message":"Imported #881 / 0 tx / 0 om / 0 (0.0%) gas / (0x1df2002111037f8f71fa322c980e4e28d5d843db1ce9ae391f33ef39d78af2fa) in 0.002s. Peers: 5","throwable":""}
{"timestamp":"2025-09-10T17:41:11,016","container":"7965dbe76a4e","level":"INFO","thread":"BftProcessorExecutor-QBFT-0","class":"QbftBesuControllerBuilder","message":"Imported #881 / 0 tx / 0 pending / 0 (0.0%) gas / (0x1df2002111037f8f71fa322c980e4e28d5d843db1ce9ae391f33ef39d78af2fa)","throwable":""}
{"timestamp":"2025-09-10T17:41:19,017","container":"7965dbe76a4e","level":"INFO","thread":"BftProcessorExecutor-QBFT-0","class":"QbftBesuControllerBuilder","message":"Produced #882 / 0 tx / 0 pending / 0 (0.0%) gas / (0xcd5076091b0958f45b2586fae981e9c36fc3d7426f4f47bf4d53b0720ac23959)","throwable":""}
{"timestamp":"2025-09-10T17:41:27,008","container":"7965dbe76a4e","level":"INFO","thread":"BftProcessorExecutor-QBFT-0","class":"QbftBesuControllerBuilder","message":"Imported #883 / 0 tx / 0 pending / 0 (0.0%) gas / (0x7226c1b3d7701ce7c724af08de559de36a634ee3e18d32cbf80cc934c3f4e85f)","throwable":""}
{"timestamp":"2025-09-10T17:41:35,020","container":"7965dbe76a4e","level":"INFO","thread":"BftProcessorExecutor-QBFT-0","class":"QbftBesuControllerBuilder","message":"Imported #884 / 0 tx / 0 pending / 0 (0.0%) gas / (0x017bcd5b0f4ae9a8fcbbece0b381d132b16b8100805af816a08e2fed93392fce)","throwable":""}
{"timestamp":"2025-09-10T17:41:43,015","container":"7965dbe76a4e","level":"INFO","thread":"BftProcessorExecutor-QBFT-0","class":"QbftBesuControllerBuilder","message":"Imported #885 / 0 tx / 0 pending / 0 (0.0%) gas / (0x32d657dce315fa44193177e10315e6c1cc7ddcda0bd4c438ec460627b0ea0112)","throwable":""}
{"timestamp":"2025-09-10T17:41:51,009","container":"7965dbe76a4e","level":"INFO","thread":"BftProcessorExecutor-QBFT-0","class":"QbftBesuControllerBuilder","message":"Produced #886 / 0 tx / 0 pending / 0 (0.0%) gas / (0x3ea0f3a3bff61baf408ee1b918b081be74bfc1c2c70d6feb3e57432c8669f622)","throwable":""}
{"timestamp":"2025-09-10T17:41:59,022","container":"7965dbe76a4e","level":"INFO","thread":"EthScheduler-Workers-0","class":"PersistBlockTask","message":"Block 887 (0xce5a494af84915ee2d7f72093ae4e705bbc0cada5aafaf2064b8c2dafb652f1e) is already imported","throwable":""}
{"timestamp":"2025-09-10T17:41:59,022","container":"7965dbe76a4e","level":"INFO","thread":"BftProcessorExecutor-QBFT-0","class":"QbftBesuControllerBuilder","message":"Imported #887 / 0 tx / 0 pending / 0 (0.0%) gas / (0xce5a494af84915ee2d7f72093ae4e705bbc0cada5aafaf2064b8c2dafb652f1e)","throwable":""}
{"timestamp":"2025-09-10T17:42:07,012","container":"7965dbe76a4e","level":"INFO","thread":"BftProcessorExecutor-QBFT-0","class":"QbftBesuControllerBuilder","message":"Imported #888 / 0 tx / 0 pending / 0 (0.0%) gas / (0xd293839c3c323a5a2870fdf6c26ee32deb90a66d690857fdf75dd6b7e805c698)","throwable":""}
{"timestamp":"2025-09-10T17:42:15,014","container":"7965dbe76a4e","level":"INFO","thread":"BftProcessorExecutor-QBFT-0","class":"QbftBesuControllerBuilder","message":"Imported #889 / 0 tx / 0 pending / 0 (0.0%) gas / (0x92533f01fa5aa4ba1d2b59e335fbafe745e7e4ce74bd7c1554041ea4feff9307)","throwable":""}
{"timestamp":"2025-09-10T17:42:23,009","container":"7965dbe76a4e","level":"INFO","thread":"BftProcessorExecutor-QBFT-0","class":"QbftBesuControllerBuilder","message":"Produced #890 / 0 tx / 0 pending / 0 (0.0%) gas / (0x5a83027e399b1190a402f27517e1a02f0c66f1b6349a06797c23279e2de42911)","throwable":""}
{"timestamp":"2025-09-10T17:42:31,010","container":"7965dbe76a4e","level":"INFO","thread":"BftProcessorExecutor-QBFT-0","class":"QbftBesuControllerBuilder","message":"Imported #891 / 0 tx / 0 pending / 0 (0.0%) gas / (0x45adbfb77ed6ae944744ea2e4012967252320a473e24c68f70929e0b6c2afc15)","throwable":""}
{"timestamp":"2025-09-10T17:42:39,014","container":"7965dbe76a4e","level":"INFO","thread":"BftProcessorExecutor-QBFT-0","class":"QbftBesuControllerBuilder","message":"Imported #892 / 0 tx / 0 pending / 0 (0.0%) gas / (0x68806adc0ac24ba1d99cfc9f266e20a91683ba21b26155bf7b8a0e469026c062)","throwable":""}
{"timestamp":"2025-09-10T17:42:47,015","container":"7965dbe76a4e","level":"INFO","thread":"BftProcessorExecutor-QBFT-0","class":"QbftBesuControllerBuilder","message":"Imported #893 / 0 tx / 0 pending / 0 (0.0%) gas / (0x71221d3804244d848b6c627780aa2dd916a454ef332181a83ed8b22347a1b426)","throwable":""}
{"timestamp":"2025-09-10T17:42:55,010","container":"7965dbe76a4e","level":"INFO","thread":"BftProcessorExecutor-QBFT-0","class":"QbftBesuControllerBuilder","message":"Produced #894 / 0 tx / 0 pending / 0 (0.0%) gas / (0x8a1fc6fb5a442961ac9be4cb1f0cdf51fea8e93c814e23f1becfe7e38e3d5baf)","throwable":""}
{"timestamp":"2025-09-10T17:43:03,021","container":"7965dbe76a4e","level":"INFO","thread":"BftProcessorExecutor-QBFT-0","class":"QbftBesuControllerBuilder","message":"Imported #895 / 0 tx / 0 pending / 0 (0.0%) gas / (0xa8c458992fdfc0c2ac38936197227565f5f9b0d894a62f8f03d5e1d378f312da)","throwable":""}
{"timestamp":"2025-09-10T17:43:03,021","container":"7965dbe76a4e","level":"INFO","thread":"EthScheduler-Workers-0","class":"PersistBlockTask","message":"Block 895 (0xa8c458992fdfc0c2ac38936197227565f5f9b0d894a62f8f03d5e1d378f312da) is already imported","throwable":""}
{"timestamp":"2025-09-10T17:43:11,008","container":"7965dbe76a4e","level":"INFO","thread":"BftProcessorExecutor-QBFT-0","class":"QbftBesuControllerBuilder","message":"Imported #896 / 0 tx / 0 pending / 0 (0.0%) gas / (0xac09757d3e11713b60a49d07bc39889f53e1db1e890d82737890cc6aa509228f)","throwable":""}
{"timestamp":"2025-09-10T17:43:19,016","container":"7965dbe76a4e","level":"INFO","thread":"BftProcessorExecutor-QBFT-0","class":"QbftBesuControllerBuilder","message":"Imported #897 / 0 tx / 0 pending / 0 (0.0%) gas / (0x1771be970f6fac627b794ceed10ee8e05a9b71c13cfdedb15a8559d7c73e74ca)","throwable":""}
{"timestamp":"2025-09-10T17:43:19,017","container":"7965dbe76a4e","level":"INFO","thread":"EthScheduler-Workers-0","class":"PersistBlockTask","message":"Block 897 (0x1771be970f6fac627b794ceed10ee8e05a9b71c13cfdedb15a8559d7c73e74ca) is already imported","throwable":""}
{"timestamp":"2025-09-10T17:43:27,014","container":"7965dbe76a4e","level":"INFO","thread":"BftProcessorExecutor-QBFT-0","class":"QbftBesuControllerBuilder","message":"Produced #898 / 0 tx / 0 pending / 0 (0.0%) gas / (0x470c73f778203430731b39d05b3e1b08d572140480c640bda5fb2065349cad4e)","throwable":""}
{"timestamp":"2025-09-10T17:43:35,014","container":"7965dbe76a4e","level":"INFO","thread":"BftProcessorExecutor-QBFT-0","class":"QbftBesuControllerBuilder","message":"Imported #899 / 0 tx / 0 pending / 0 (0.0%) gas / (0x53cfa58d41046c68df8205a9752e3cdb75a0f340447c89e14276098c28eb0dd7)","throwable":""}
{"timestamp":"2025-09-10T17:43:43,016","container":"7965dbe76a4e","level":"INFO","thread":"BftProcessorExecutor-QBFT-0","class":"QbftBesuControllerBuilder","message":"Imported #900 / 0 tx / 0 pending / 0 (0.0%) gas / (0xec19d47bc26f5cfbe5883726e6f060f194d47db437cb9f2809a75e05b358dd4f)","throwable":""}
{"timestamp":"2025-09-10T17:43:51,012","container":"7965dbe76a4e","level":"INFO","thread":"BftProcessorExecutor-QBFT-0","class":"QbftBesuControllerBuilder","message":"Imported #901 / 0 tx / 0 pending / 0 (0.0%) gas / (0x053083d07f35ddc7cb2c51d73b1888e8b864f8e3042ba2f5800016e75d52e02a)","throwable":""}
{"timestamp":"2025-09-10T17:43:59,017","container":"7965dbe76a4e","level":"INFO","thread":"EthScheduler-Workers-0","class":"PersistBlockTask","message":"Block 902 (0x2ed26228f5ca274196163b5c8f2113ce47a5286e2f9535f945f30d40bed9cddd) is already imported","throwable":""}
{"timestamp":"2025-09-10T17:43:59,017","container":"7965dbe76a4e","level":"INFO","thread":"BftProcessorExecutor-QBFT-0","class":"QbftBesuControllerBuilder","message":"Produced #902 / 0 tx / 0 pending / 0 (0.0%) gas / (0x2ed26228f5ca274196163b5c8f2113ce47a5286e2f9535f945f30d40bed9cddd)","throwable":""}
{"timestamp":"2025-09-10T17:44:07,014","container":"7965dbe76a4e","level":"INFO","thread":"BftProcessorExecutor-QBFT-0","class":"QbftBesuControllerBuilder","message":"Imported #903 / 0 tx / 0 pending / 0 (0.0%) gas / (0x4a7cfbfdf3b6fed55d603ad70cee2d73573196779925d77a0b000b23a32cb2ae)","throwable":""}
{"timestamp":"2025-09-10T17:44:15,010","container":"7965dbe76a4e","level":"INFO","thread":"BftProcessorExecutor-QBFT-0","class":"QbftBesuControllerBuilder","message":"Imported #904 / 0 tx / 0 pending / 0 (0.0%) gas / (0x32270738401af0697cbba4931fefcb53ed7e11c772a7445eeb4e5bd6c73a2dbd)","throwable":""}
{"timestamp":"2025-09-10T17:44:23,016","container":"7965dbe76a4e","level":"INFO","thread":"EthScheduler-Workers-0","class":"PersistBlockTask","message":"Imported #905 / 0 tx / 0 om / 0 (0.0%) gas / (0x725d057d984eeb52321fc16bc5c88b878cd6de2be619b70edd1bdbe34ed0360f) in 0.001s. Peers: 5","throwable":""}
{"timestamp":"2025-09-10T17:44:23,016","container":"7965dbe76a4e","level":"INFO","thread":"BftProcessorExecutor-QBFT-0","class":"QbftBesuControllerBuilder","message":"Imported #905 / 0 tx / 0 pending / 0 (0.0%) gas / (0x725d057d984eeb52321fc16bc5c88b878cd6de2be619b70edd1bdbe34ed0360f)","throwable":""}
{"timestamp":"2025-09-10T17:44:31,017","container":"7965dbe76a4e","level":"INFO","thread":"BftProcessorExecutor-QBFT-0","class":"QbftBesuControllerBuilder","message":"Produced #906 / 0 tx / 0 pending / 0 (0.0%) gas / (0x0766e89cb10834398043bc0c28f385698dfbe0ed212bf3e0a462c28902fd70b1)","throwable":""}
{"timestamp":"2025-09-10T17:44:31,017","container":"7965dbe76a4e","level":"INFO","thread":"EthScheduler-Workers-0","class":"PersistBlockTask","message":"Block 906 (0x0766e89cb10834398043bc0c28f385698dfbe0ed212bf3e0a462c28902fd70b1) is already imported","throwable":""}
{"timestamp":"2025-09-10T17:44:39,013","container":"7965dbe76a4e","level":"INFO","thread":"BftProcessorExecutor-QBFT-0","class":"QbftBesuControllerBuilder","message":"Imported #907 / 0 tx / 0 pending / 0 (0.0%) gas / (0xbe89653cf97409b7cb639f119eaa7710d63c1af00e51d7331ed5c77b379361c4)","throwable":""}
{"timestamp":"2025-09-10T17:44:47,013","container":"7965dbe76a4e","level":"INFO","thread":"BftProcessorExecutor-QBFT-0","class":"QbftBesuControllerBuilder","message":"Imported #908 / 0 tx / 0 pending / 0 (0.0%) gas / (0xf690256f83090b96e0b07096e4fd726014cb6a2eda08fe5c942333d991ebe61d)","throwable":""}
{"timestamp":"2025-09-10T17:44:55,008","container":"7965dbe76a4e","level":"INFO","thread":"BftProcessorExecutor-QBFT-0","class":"QbftBesuControllerBuilder","message":"Imported #909 / 0 tx / 0 pending / 0 (0.0%) gas / (0xad831534b6e2307c3acd4678aa581b3565479c6440aa7d8b944aec6f7177c553)","throwable":""}
{"timestamp":"2025-09-10T17:45:03,015","container":"7965dbe76a4e","level":"INFO","thread":"BftProcessorExecutor-QBFT-0","class":"QbftBesuControllerBuilder","message":"Produced #910 / 0 tx / 0 pending / 0 (0.0%) gas / (0xf3723885c8487cf6f6450aecc0ea9dd7ff0ca6788f5888de55281fba28ac8364)","throwable":""}
{"timestamp":"2025-09-10T17:45:03,015","container":"7965dbe76a4e","level":"INFO","thread":"EthScheduler-Workers-0","class":"PersistBlockTask","message":"Block 910 (0xf3723885c8487cf6f6450aecc0ea9dd7ff0ca6788f5888de55281fba28ac8364) is already imported","throwable":""}
{"timestamp":"2025-09-10T17:45:11,019","container":"7965dbe76a4e","level":"INFO","thread":"BftProcessorExecutor-QBFT-0","class":"QbftBesuControllerBuilder","message":"Imported #911 / 0 tx / 0 pending / 0 (0.0%) gas / (0x39f750f5c61133f1ac0a97226698ae34914dbbd4ee88c76c0d0fad1b1ef479c2)","throwable":""}
{"timestamp":"2025-09-10T17:45:11,019","container":"7965dbe76a4e","level":"INFO","thread":"EthScheduler-Workers-0","class":"PersistBlockTask","message":"Block 911 (0x39f750f5c61133f1ac0a97226698ae34914dbbd4ee88c76c0d0fad1b1ef479c2) is already imported","throwable":""}
{"timestamp":"2025-09-10T17:45:19,011","container":"7965dbe76a4e","level":"INFO","thread":"BftProcessorExecutor-QBFT-0","class":"QbftBesuControllerBuilder","message":"Imported #912 / 0 tx / 0 pending / 0 (0.0%) gas / (0xcb4fa3d7be40c37e88e251ee4968ee4cdd017a32b3861b5dfae3280ce44a2f04)","throwable":""}
{"timestamp":"2025-09-10T17:45:27,020","container":"7965dbe76a4e","level":"INFO","thread":"EthScheduler-Workers-0","class":"PersistBlockTask","message":"Block 913 (0xf31a9a8b9080f0da5162e6ceeb4c5e9b4837b14e4887ca7fb6ffc9d2aa45da11) is already imported","throwable":""}
{"timestamp":"2025-09-10T17:45:27,021","container":"7965dbe76a4e","level":"INFO","thread":"BftProcessorExecutor-QBFT-0","class":"QbftBesuControllerBuilder","message":"Imported #913 / 0 tx / 0 pending / 0 (0.0%) gas / (0xf31a9a8b9080f0da5162e6ceeb4c5e9b4837b14e4887ca7fb6ffc9d2aa45da11)","throwable":""}
{"timestamp":"2025-09-10T17:45:35,011","container":"7965dbe76a4e","level":"INFO","thread":"BftProcessorExecutor-QBFT-0","class":"QbftBesuControllerBuilder","message":"Produced #914 / 0 tx / 0 pending / 0 (0.0%) gas / (0x9bede2209109bace928d47f93aba13c2d2d4897f90507433897ed3bcbb36dcff)","throwable":""}
{"timestamp":"2025-09-10T17:45:43,016","container":"7965dbe76a4e","level":"INFO","thread":"EthScheduler-Workers-0","class":"PersistBlockTask","message":"Imported #915 / 0 tx / 0 om / 0 (0.0%) gas / (0x35def1239531b46e53d0b0f0ec072ad972fd76b6177edd7642606b98d9136cd5) in 0.002s. Peers: 5","throwable":""}
{"timestamp":"2025-09-10T17:45:43,017","container":"7965dbe76a4e","level":"INFO","thread":"BftProcessorExecutor-QBFT-0","class":"QbftBesuControllerBuilder","message":"Imported #915 / 0 tx / 0 pending / 0 (0.0%) gas / (0x35def1239531b46e53d0b0f0ec072ad972fd76b6177edd7642606b98d9136cd5)","throwable":""}
{"timestamp":"2025-09-10T17:45:51,008","container":"7965dbe76a4e","level":"INFO","thread":"BftProcessorExecutor-QBFT-0","class":"QbftBesuControllerBuilder","message":"Imported #916 / 0 tx / 0 pending / 0 (0.0%) gas / (0x53720ba096d49a746faad9faf62af4586b2ab184f980eff0cce6b650718bae6b)","throwable":""}
{"timestamp":"2025-09-10T17:45:59,023","container":"7965dbe76a4e","level":"INFO","thread":"BftProcessorExecutor-QBFT-0","class":"QbftBesuControllerBuilder","message":"Imported #917 / 0 tx / 0 pending / 0 (0.0%) gas / (0x94e0840e3b15eb9f9e8b811ecf464827436b1c66d53e80726ebeb7eeeefc4d93)","throwable":""}
{"timestamp":"2025-09-10T17:45:59,023","container":"7965dbe76a4e","level":"INFO","thread":"EthScheduler-Workers-0","class":"PersistBlockTask","message":"Block 917 (0x94e0840e3b15eb9f9e8b811ecf464827436b1c66d53e80726ebeb7eeeefc4d93) is already imported","throwable":""}
{"timestamp":"2025-09-10T17:46:07,011","container":"7965dbe76a4e","level":"INFO","thread":"BftProcessorExecutor-QBFT-0","class":"QbftBesuControllerBuilder","message":"Produced #918 / 0 tx / 0 pending / 0 (0.0%) gas / (0x7e825b2224195c5d27f68b34ee1c767ac52656fcb365a4926336f409723ec527)","throwable":""}
{"timestamp":"2025-09-10T17:46:07,012","container":"7965dbe76a4e","level":"INFO","thread":"EthScheduler-Workers-0","class":"PersistBlockTask","message":"Block 918 (0x7e825b2224195c5d27f68b34ee1c767ac52656fcb365a4926336f409723ec527) is already imported","throwable":""}
{"timestamp":"2025-09-10T17:46:15,020","container":"7965dbe76a4e","level":"INFO","thread":"EthScheduler-Workers-0","class":"PersistBlockTask","message":"Block 919 (0x4aeea60d00b4ee147ce99fa7fa88ea228920a04b93a9e947cedc874455d9ba86) is already imported","throwable":""}
{"timestamp":"2025-09-10T17:46:15,020","container":"7965dbe76a4e","level":"INFO","thread":"BftProcessorExecutor-QBFT-0","class":"QbftBesuControllerBuilder","message":"Imported #919 / 0 tx / 0 pending / 0 (0.0%) gas / (0x4aeea60d00b4ee147ce99fa7fa88ea228920a04b93a9e947cedc874455d9ba86)","throwable":""}
{"timestamp":"2025-09-10T17:46:23,017","container":"7965dbe76a4e","level":"INFO","thread":"EthScheduler-Workers-0","class":"PersistBlockTask","message":"Block 920 (0x1b6f1a4bc13b856f6b6c6933559a59d5756414408ee6f0cdac4373c271739286) is already imported","throwable":""}
{"timestamp":"2025-09-10T17:46:23,017","container":"7965dbe76a4e","level":"INFO","thread":"BftProcessorExecutor-QBFT-0","class":"QbftBesuControllerBuilder","message":"Imported #920 / 0 tx / 0 pending / 0 (0.0%) gas / (0x1b6f1a4bc13b856f6b6c6933559a59d5756414408ee6f0cdac4373c271739286)","throwable":""}
{"timestamp":"2025-09-10T17:46:31,017","container":"7965dbe76a4e","level":"INFO","thread":"EthScheduler-Workers-0","class":"PersistBlockTask","message":"Imported #921 / 0 tx / 0 om / 0 (0.0%) gas / (0x45e1534dd4b797c93375e9563652913d81b5dcc4db69e5389487c129db96c432) in 0.001s. Peers: 5","throwable":""}
{"timestamp":"2025-09-10T17:46:39,015","container":"7965dbe76a4e","level":"INFO","thread":"BftProcessorExecutor-QBFT-0","class":"QbftBesuControllerBuilder","message":"Produced #922 / 0 tx / 0 pending / 0 (0.0%) gas / (0x96c1e6ffb3e2390a71243cd5b036142ccc60d5e4721205c23f9ce6f8ef184bdd)","throwable":""}
{"timestamp":"2025-09-10T17:46:39,014","container":"7965dbe76a4e","level":"INFO","thread":"EthScheduler-Workers-0","class":"PersistBlockTask","message":"Block 922 (0x96c1e6ffb3e2390a71243cd5b036142ccc60d5e4721205c23f9ce6f8ef184bdd) is already imported","throwable":""}
{"timestamp":"2025-09-10T17:46:47,011","container":"7965dbe76a4e","level":"INFO","thread":"BftProcessorExecutor-QBFT-0","class":"QbftBesuControllerBuilder","message":"Imported #923 / 0 tx / 0 pending / 0 (0.0%) gas / (0x0f0fff94db141ca7029f879e3cdbb339cf1200fa6fb2e095ee16247b0d00fb3a)","throwable":""}
{"timestamp":"2025-09-10T17:46:47,011","container":"7965dbe76a4e","level":"INFO","thread":"EthScheduler-Workers-0","class":"PersistBlockTask","message":"Block 923 (0x0f0fff94db141ca7029f879e3cdbb339cf1200fa6fb2e095ee16247b0d00fb3a) is already imported","throwable":""}
{"timestamp":"2025-09-10T17:46:55,012","container":"7965dbe76a4e","level":"INFO","thread":"BftProcessorExecutor-QBFT-0","class":"QbftBesuControllerBuilder","message":"Imported #924 / 0 tx / 0 pending / 0 (0.0%) gas / (0x77092f4cb0591501df0b7646366ce52cb3eefc823711ab03e6b388612cd0f3ad)","throwable":""}
{"timestamp":"2025-09-10T17:47:03,010","container":"7965dbe76a4e","level":"INFO","thread":"BftProcessorExecutor-QBFT-0","class":"QbftBesuControllerBuilder","message":"Imported #925 / 0 tx / 0 pending / 0 (0.0%) gas / (0x2773c1b2965f9b126b4a39c3af49e0e55bb294f62b8427d13d542b842debd6d8)","throwable":""}
{"timestamp":"2025-09-10T17:47:11,012","container":"7965dbe76a4e","level":"INFO","thread":"BftProcessorExecutor-QBFT-0","class":"QbftBesuControllerBuilder","message":"Produced #926 / 0 tx / 0 pending / 0 (0.0%) gas / (0xd45cc837e20b90ffc708f9ceeefd1f34802ece793aef8e4f205b3f96d1cccf4d)","throwable":""}
{"timestamp":"2025-09-10T17:47:19,017","container":"7965dbe76a4e","level":"INFO","thread":"EthScheduler-Workers-0","class":"PersistBlockTask","message":"Block 927 (0xecbf4cffa9aef94e3d3115f0931dcf5958b0367dac9b24714df51a3ec40932e7) is already imported","throwable":""}
{"timestamp":"2025-09-10T17:47:19,017","container":"7965dbe76a4e","level":"INFO","thread":"BftProcessorExecutor-QBFT-0","class":"QbftBesuControllerBuilder","message":"Imported #927 / 0 tx / 0 pending / 0 (0.0%) gas / (0xecbf4cffa9aef94e3d3115f0931dcf5958b0367dac9b24714df51a3ec40932e7)","throwable":""}
{"timestamp":"2025-09-10T17:47:27,015","container":"7965dbe76a4e","level":"INFO","thread":"BftProcessorExecutor-QBFT-0","class":"QbftBesuControllerBuilder","message":"Imported #928 / 0 tx / 0 pending / 0 (0.0%) gas / (0x477bfd11dc428af06c432b8915fc5b8d17179b18105e0ef3b0012c8b1607b6e5)","throwable":""}
{"timestamp":"2025-09-10T17:47:35,023","container":"7965dbe76a4e","level":"INFO","thread":"BftProcessorExecutor-QBFT-0","class":"QbftBesuControllerBuilder","message":"Imported #929 / 0 tx / 0 pending / 0 (0.0%) gas / (0x73172fc851f22d7fd8bfcad34c79011b9598dc32695414809597aced9258577c)","throwable":""}
{"timestamp":"2025-09-10T17:47:35,023","container":"7965dbe76a4e","level":"INFO","thread":"EthScheduler-Workers-0","class":"PersistBlockTask","message":"Block 929 (0x73172fc851f22d7fd8bfcad34c79011b9598dc32695414809597aced9258577c) is already imported","throwable":""}
{"timestamp":"2025-09-10T17:47:43,012","container":"7965dbe76a4e","level":"INFO","thread":"BftProcessorExecutor-QBFT-0","class":"QbftBesuControllerBuilder","message":"Produced #930 / 0 tx / 0 pending / 0 (0.0%) gas / (0xb42f78f060ac1a5fec7ce7eb1981a484e043139c1de973f8fd24c071317d1a65)","throwable":""}
{"timestamp":"2025-09-10T17:47:51,011","container":"7965dbe76a4e","level":"INFO","thread":"BftProcessorExecutor-QBFT-0","class":"QbftBesuControllerBuilder","message":"Imported #931 / 0 tx / 0 pending / 0 (0.0%) gas / (0x914550fb807c7d0dc6b6f03d86f773c6f1a703ec331be7bfd305edd9c0c0d93b)","throwable":""}
{"timestamp":"2025-09-10T17:47:59,013","container":"7965dbe76a4e","level":"INFO","thread":"EthScheduler-Workers-0","class":"PersistBlockTask","message":"Block 932 (0x307e605ba5fa516991a51543e5f45bddcb64e83a7acbb1324af2551c6f4470c4) is already imported","throwable":""}
{"timestamp":"2025-09-10T17:47:59,013","container":"7965dbe76a4e","level":"INFO","thread":"BftProcessorExecutor-QBFT-0","class":"QbftBesuControllerBuilder","message":"Imported #932 / 0 tx / 0 pending / 0 (0.0%) gas / (0x307e605ba5fa516991a51543e5f45bddcb64e83a7acbb1324af2551c6f4470c4)","throwable":""}
{"timestamp":"2025-09-10T17:48:07,015","container":"7965dbe76a4e","level":"INFO","thread":"EthScheduler-Workers-0","class":"PersistBlockTask","message":"Imported #933 / 0 tx / 0 om / 0 (0.0%) gas / (0x5910e1d64c28fd438ee660fd5ba58bdf408f16e00efbad9fe9fb7e7031a900b7) in 0.001s. Peers: 5","throwable":""}
{"timestamp":"2025-09-10T17:48:07,016","container":"7965dbe76a4e","level":"INFO","thread":"BftProcessorExecutor-QBFT-0","class":"QbftBesuControllerBuilder","message":"Imported #933 / 0 tx / 0 pending / 0 (0.0%) gas / (0x5910e1d64c28fd438ee660fd5ba58bdf408f16e00efbad9fe9fb7e7031a900b7)","throwable":""}
{"timestamp":"2025-09-10T17:48:15,011","container":"7965dbe76a4e","level":"INFO","thread":"BftProcessorExecutor-QBFT-0","class":"QbftBesuControllerBuilder","message":"Produced #934 / 0 tx / 0 pending / 0 (0.0%) gas / (0xf120472d8f63480778a9df78707e8ea002ef9a8b4128feccbe445566084dd345)","throwable":""}
{"timestamp":"2025-09-10T17:48:23,023","container":"7965dbe76a4e","level":"INFO","thread":"EthScheduler-Workers-0","class":"PersistBlockTask","message":"Block 935 (0xabb60e565a25f12d6ab58b416c584ad26a15ca9cf172ef345ca960cd03f18df3) is already imported","throwable":""}
{"timestamp":"2025-09-10T17:48:23,023","container":"7965dbe76a4e","level":"INFO","thread":"BftProcessorExecutor-QBFT-0","class":"QbftBesuControllerBuilder","message":"Imported #935 / 0 tx / 0 pending / 0 (0.0%) gas / (0xabb60e565a25f12d6ab58b416c584ad26a15ca9cf172ef345ca960cd03f18df3)","throwable":""}
{"timestamp":"2025-09-10T17:48:31,013","container":"7965dbe76a4e","level":"INFO","thread":"BftProcessorExecutor-QBFT-0","class":"QbftBesuControllerBuilder","message":"Imported #936 / 0 tx / 0 pending / 0 (0.0%) gas / (0xe95596bd86ba8b073a31296c93a07a2d1e750d29059e44d2fafc3ecd3c0544cb)","throwable":""}
{"timestamp":"2025-09-10T17:48:39,011","container":"7965dbe76a4e","level":"INFO","thread":"BftProcessorExecutor-QBFT-0","class":"QbftBesuControllerBuilder","message":"Imported #937 / 0 tx / 0 pending / 0 (0.0%) gas / (0x7fa9b66a076afd158bd095af290e157cb7d37d0c0d51350dce8008d29bd129e8)","throwable":""}
{"timestamp":"2025-09-10T18:14:00,419","container":"7965dbe76a4e","level":"INFO","thread":"BftProcessorExecutor-QBFT-0","class":"QbftBesuControllerBuilder","message":"Produced #938 / 0 tx / 0 pending / 0 (0.0%) gas / (0x8e01530dd53fb79b77dbdf84098ac3cab0adddf3b326c8df07dc40b5256899c4)","throwable":""}
{"timestamp":"2025-09-10T18:14:08,013","container":"7965dbe76a4e","level":"INFO","thread":"BftProcessorExecutor-QBFT-0","class":"QbftBesuControllerBuilder","message":"Imported #939 / 0 tx / 0 pending / 0 (0.0%) gas / (0x051caf29577f2507d0269aa73943141b558e9d0ef93a737213d491d7e09f6f98)","throwable":""}
{"timestamp":"2025-09-10T18:14:08,013","container":"7965dbe76a4e","level":"INFO","thread":"EthScheduler-Workers-0","class":"PersistBlockTask","message":"Block 939 (0x051caf29577f2507d0269aa73943141b558e9d0ef93a737213d491d7e09f6f98) is already imported","throwable":""}
{"timestamp":"2025-09-10T18:14:16,015","container":"7965dbe76a4e","level":"INFO","thread":"EthScheduler-Workers-0","class":"PersistBlockTask","message":"Block 940 (0x0fd93a5a966c5777b9ce4582f4775bde36ff01178a1b82f63e87f94820cf0745) is already imported","throwable":""}
{"timestamp":"2025-09-10T18:14:16,015","container":"7965dbe76a4e","level":"INFO","thread":"BftProcessorExecutor-QBFT-0","class":"QbftBesuControllerBuilder","message":"Imported #940 / 0 tx / 0 pending / 0 (0.0%) gas / (0x0fd93a5a966c5777b9ce4582f4775bde36ff01178a1b82f63e87f94820cf0745)","throwable":""}
{"timestamp":"2025-09-10T18:14:24,022","container":"7965dbe76a4e","level":"INFO","thread":"BftProcessorExecutor-QBFT-0","class":"QbftBesuControllerBuilder","message":"Imported #941 / 0 tx / 0 pending / 0 (0.0%) gas / (0x3ba3aaa3f33b0457f4e1d4955b6f5eebaa997742920736a1200db600250d52cf)","throwable":""}
{"timestamp":"2025-09-10T18:14:32,008","container":"7965dbe76a4e","level":"INFO","thread":"BftProcessorExecutor-QBFT-0","class":"QbftBesuControllerBuilder","message":"Produced #942 / 0 tx / 0 pending / 0 (0.0%) gas / (0xa3161ef17cd24d3ba0a08dbedae456c1eaab56a2763642b0f1786a5844414bbf)","throwable":""}
{"timestamp":"2025-09-10T18:14:40,012","container":"7965dbe76a4e","level":"INFO","thread":"BftProcessorExecutor-QBFT-0","class":"QbftBesuControllerBuilder","message":"Imported #943 / 0 tx / 0 pending / 0 (0.0%) gas / (0x034c52976cb23977c9fb1c9200c1ca7410356ca6964ca94dafb45661638bd82f)","throwable":""}
{"timestamp":"2025-09-10T18:14:40,013","container":"7965dbe76a4e","level":"INFO","thread":"EthScheduler-Workers-0","class":"PersistBlockTask","message":"Block 943 (0x034c52976cb23977c9fb1c9200c1ca7410356ca6964ca94dafb45661638bd82f) is already imported","throwable":""}
{"timestamp":"2025-09-10T18:14:48,013","container":"7965dbe76a4e","level":"INFO","thread":"EthScheduler-Workers-0","class":"PersistBlockTask","message":"Imported #944 / 0 tx / 0 om / 0 (0.0%) gas / (0x87f10afa29049ce9f44bae59637e4b87ecea1750e1a6eecf202e0b77185c8f51) in 0.002s. Peers: 5","throwable":""}
{"timestamp":"2025-09-10T18:14:48,014","container":"7965dbe76a4e","level":"INFO","thread":"BftProcessorExecutor-QBFT-0","class":"QbftBesuControllerBuilder","message":"Imported #944 / 0 tx / 0 pending / 0 (0.0%) gas / (0x87f10afa29049ce9f44bae59637e4b87ecea1750e1a6eecf202e0b77185c8f51)","throwable":""}
{"timestamp":"2025-09-10T18:14:56,009","container":"7965dbe76a4e","level":"INFO","thread":"BftProcessorExecutor-QBFT-0","class":"QbftBesuControllerBuilder","message":"Imported #945 / 0 tx / 0 pending / 0 (0.0%) gas / (0x61883edc4332bf860d33c05b93e93e87a8eacc2dd9697387e977f33154447edb)","throwable":""}
{"timestamp":"2025-09-10T18:15:04,008","container":"7965dbe76a4e","level":"INFO","thread":"BftProcessorExecutor-QBFT-0","class":"QbftBesuControllerBuilder","message":"Produced #946 / 0 tx / 0 pending / 0 (0.0%) gas / (0xd9e2decd7888847bf44f045c51f9537e5a7ea8b6b424493bd43636f0cf5b917a)","throwable":""}
{"timestamp":"2025-09-10T18:15:12,009","container":"7965dbe76a4e","level":"INFO","thread":"BftProcessorExecutor-QBFT-0","class":"QbftBesuControllerBuilder","message":"Imported #947 / 0 tx / 0 pending / 0 (0.0%) gas / (0x717f2f53be729f0758e1f4e52324fa5c9a83ba343590380df0c3e1a68ed0d60b)","throwable":""}
{"timestamp":"2025-09-10T18:15:12,010","container":"7965dbe76a4e","level":"INFO","thread":"EthScheduler-Workers-0","class":"PersistBlockTask","message":"Block 947 (0x717f2f53be729f0758e1f4e52324fa5c9a83ba343590380df0c3e1a68ed0d60b) is already imported","throwable":""}
{"timestamp":"2025-09-10T18:15:20,009","container":"7965dbe76a4e","level":"INFO","thread":"BftProcessorExecutor-QBFT-0","class":"QbftBesuControllerBuilder","message":"Imported #948 / 0 tx / 0 pending / 0 (0.0%) gas / (0x8f573e2e5496d8412384f655cb0d7e65bee26f3dd1b888118ab54772e7030ea5)","throwable":""}
{"timestamp":"2025-09-10T18:15:20,009","container":"7965dbe76a4e","level":"INFO","thread":"EthScheduler-Workers-0","class":"PersistBlockTask","message":"Block 948 (0x8f573e2e5496d8412384f655cb0d7e65bee26f3dd1b888118ab54772e7030ea5) is already imported","throwable":""}
{"timestamp":"2025-09-10T18:15:28,007","container":"7965dbe76a4e","level":"INFO","thread":"BftProcessorExecutor-QBFT-0","class":"QbftBesuControllerBuilder","message":"Imported #949 / 0 tx / 0 pending / 0 (0.0%) gas / (0x5fe71076056db8dc47cfb696e7aa7ae3dc7b98e98ac89835f7a6ae4786655644)","throwable":""}
{"timestamp":"2025-09-10T18:15:36,013","container":"7965dbe76a4e","level":"INFO","thread":"BftProcessorExecutor-QBFT-0","class":"QbftBesuControllerBuilder","message":"Produced #950 / 0 tx / 0 pending / 0 (0.0%) gas / (0xb2f655594dfba70114f3bd498a3e8e865c72586d7698a6310700f4ebd7de213e)","throwable":""}
{"timestamp":"2025-09-10T18:15:44,015","container":"7965dbe76a4e","level":"INFO","thread":"BftProcessorExecutor-QBFT-0","class":"QbftBesuControllerBuilder","message":"Imported #951 / 0 tx / 0 pending / 0 (0.0%) gas / (0x3df17332b9ee103d6f81ae0cb589656403396be5c46340877a70e1450b857109)","throwable":""}
{"timestamp":"2025-09-10T18:15:52,017","container":"7965dbe76a4e","level":"INFO","thread":"BftProcessorExecutor-QBFT-0","class":"QbftBesuControllerBuilder","message":"Imported #952 / 0 tx / 0 pending / 0 (0.0%) gas / (0x9510d462341dec208570ed40a2e8f81c63904622d108fe52e869ae0d7cf004be)","throwable":""}
{"timestamp":"2025-09-10T18:16:00,008","container":"7965dbe76a4e","level":"INFO","thread":"BftProcessorExecutor-QBFT-0","class":"QbftBesuControllerBuilder","message":"Imported #953 / 0 tx / 0 pending / 0 (0.0%) gas / (0x7429a85ae56dfc45efa6b63dac64d57496aeaa5d76b2c6deaa1ca403aff48ba3)","throwable":""}
{"timestamp":"2025-09-10T18:16:08,008","container":"7965dbe76a4e","level":"INFO","thread":"BftProcessorExecutor-QBFT-0","class":"QbftBesuControllerBuilder","message":"Produced #954 / 0 tx / 0 pending / 0 (0.0%) gas / (0xcd2c880f7fc6917eb515319e6ffe8772d99a58d54be14aa157b2095097fd6197)","throwable":""}
{"timestamp":"2025-09-10T18:16:08,009","container":"7965dbe76a4e","level":"INFO","thread":"EthScheduler-Workers-0","class":"PersistBlockTask","message":"Block 954 (0xcd2c880f7fc6917eb515319e6ffe8772d99a58d54be14aa157b2095097fd6197) is already imported","throwable":""}
{"timestamp":"2025-09-10T18:16:16,021","container":"7965dbe76a4e","level":"INFO","thread":"EthScheduler-Workers-0","class":"PersistBlockTask","message":"Block 955 (0x0b2cf4ff57f0d66b80d33b13c38fadbdcf4fbc081dc6d0445c0db60a71afaa5a) is already imported","throwable":""}
{"timestamp":"2025-09-10T18:16:16,021","container":"7965dbe76a4e","level":"INFO","thread":"BftProcessorExecutor-QBFT-0","class":"QbftBesuControllerBuilder","message":"Imported #955 / 0 tx / 0 pending / 0 (0.0%) gas / (0x0b2cf4ff57f0d66b80d33b13c38fadbdcf4fbc081dc6d0445c0db60a71afaa5a)","throwable":""}
{"timestamp":"2025-09-10T18:16:24,015","container":"7965dbe76a4e","level":"INFO","thread":"BftProcessorExecutor-QBFT-0","class":"QbftBesuControllerBuilder","message":"Imported #956 / 0 tx / 0 pending / 0 (0.0%) gas / (0xfbd0d9d6dec38a392980f89c6bcb4cbc50ab1dfcc699504bee34bb3d7c6431c4)","throwable":""}
{"timestamp":"2025-09-10T18:16:24,015","container":"7965dbe76a4e","level":"INFO","thread":"EthScheduler-Workers-0","class":"PersistBlockTask","message":"Block 956 (0xfbd0d9d6dec38a392980f89c6bcb4cbc50ab1dfcc699504bee34bb3d7c6431c4) is already imported","throwable":""}
{"timestamp":"2025-09-10T18:16:32,014","container":"7965dbe76a4e","level":"INFO","thread":"EthScheduler-Workers-0","class":"PersistBlockTask","message":"Block 957 (0x8376263af13f068194680858d7f85500bd002a71b0159f081a2a030e985f9fdf) is already imported","throwable":""}
{"timestamp":"2025-09-10T18:16:32,014","container":"7965dbe76a4e","level":"INFO","thread":"BftProcessorExecutor-QBFT-0","class":"QbftBesuControllerBuilder","message":"Imported #957 / 0 tx / 0 pending / 0 (0.0%) gas / (0x8376263af13f068194680858d7f85500bd002a71b0159f081a2a030e985f9fdf)","throwable":""}
{"timestamp":"2025-09-10T18:16:40,013","container":"7965dbe76a4e","level":"INFO","thread":"BftProcessorExecutor-QBFT-0","class":"QbftBesuControllerBuilder","message":"Produced #958 / 0 tx / 0 pending / 0 (0.0%) gas / (0xb7460f0dc53f635298d629bc4249d0ddf602020effc7a6c27900aed0ded60e61)","throwable":""}
{"timestamp":"2025-09-10T18:16:40,013","container":"7965dbe76a4e","level":"INFO","thread":"EthScheduler-Workers-0","class":"PersistBlockTask","message":"Block 958 (0xb7460f0dc53f635298d629bc4249d0ddf602020effc7a6c27900aed0ded60e61) is already imported","throwable":""}
{"timestamp":"2025-09-10T18:16:48,014","container":"7965dbe76a4e","level":"INFO","thread":"EthScheduler-Workers-0","class":"PersistBlockTask","message":"Block 959 (0xda42b5f0f8e5d0d4dbe533aca0e29420704ab048035a0d31e8a4488cd0549a75) is already imported","throwable":""}
{"timestamp":"2025-09-10T18:16:48,019","container":"7965dbe76a4e","level":"INFO","thread":"BftProcessorExecutor-QBFT-0","class":"QbftBesuControllerBuilder","message":"Imported #959 / 0 tx / 0 pending / 0 (0.0%) gas / (0xda42b5f0f8e5d0d4dbe533aca0e29420704ab048035a0d31e8a4488cd0549a75)","throwable":""}
{"timestamp":"2025-09-10T18:16:56,013","container":"7965dbe76a4e","level":"INFO","thread":"BftProcessorExecutor-QBFT-0","class":"QbftBesuControllerBuilder","message":"Imported #960 / 0 tx / 0 pending / 0 (0.0%) gas / (0xa8e8976722aeea660d19f0c6e3a51265eb15dfd6a56daff85b926a0826e21cfa)","throwable":""}
{"timestamp":"2025-09-10T18:16:56,014","container":"7965dbe76a4e","level":"INFO","thread":"EthScheduler-Workers-0","class":"PersistBlockTask","message":"Block 960 (0xa8e8976722aeea660d19f0c6e3a51265eb15dfd6a56daff85b926a0826e21cfa) is already imported","throwable":""}
{"timestamp":"2025-09-10T18:17:04,012","container":"7965dbe76a4e","level":"INFO","thread":"EthScheduler-Workers-0","class":"PersistBlockTask","message":"Block 961 (0x8c61944c780b564b1079f1e598c8174e39c51783698c62e11a1953d228556567) is already imported","throwable":""}
{"timestamp":"2025-09-10T18:17:04,014","container":"7965dbe76a4e","level":"INFO","thread":"BftProcessorExecutor-QBFT-0","class":"QbftBesuControllerBuilder","message":"Imported #961 / 0 tx / 0 pending / 0 (0.0%) gas / (0x8c61944c780b564b1079f1e598c8174e39c51783698c62e11a1953d228556567)","throwable":""}
{"timestamp":"2025-09-10T18:17:12,007","container":"7965dbe76a4e","level":"INFO","thread":"BftProcessorExecutor-QBFT-0","class":"QbftBesuControllerBuilder","message":"Produced #962 / 0 tx / 0 pending / 0 (0.0%) gas / (0x930579e6ec4822b247e578115e63e9b5b30956ae1cdd8d9572d81681fde75994)","throwable":""}
{"timestamp":"2025-09-10T18:17:20,012","container":"7965dbe76a4e","level":"INFO","thread":"EthScheduler-Workers-0","class":"PersistBlockTask","message":"Block 963 (0xd6960a09f54f20cb7e9775729007f174033be1074957e3a774cd752f890a5531) is already imported","throwable":""}
{"timestamp":"2025-09-10T18:17:20,013","container":"7965dbe76a4e","level":"INFO","thread":"BftProcessorExecutor-QBFT-0","class":"QbftBesuControllerBuilder","message":"Imported #963 / 0 tx / 0 pending / 0 (0.0%) gas / (0xd6960a09f54f20cb7e9775729007f174033be1074957e3a774cd752f890a5531)","throwable":""}
{"timestamp":"2025-09-10T18:17:28,027","container":"7965dbe76a4e","level":"INFO","thread":"EthScheduler-Workers-0","class":"PersistBlockTask","message":"Imported #964 / 0 tx / 0 om / 0 (0.0%) gas / (0x8793e603ad53c57e82ec1451a078e60f4fceb86faa7bd193297c6ce15d9b61f7) in 0.002s. Peers: 5","throwable":""}
{"timestamp":"2025-09-10T18:17:36,008","container":"7965dbe76a4e","level":"INFO","thread":"BftProcessorExecutor-QBFT-0","class":"QbftBesuControllerBuilder","message":"Imported #965 / 0 tx / 0 pending / 0 (0.0%) gas / (0xaac8a4be25950b403ed5a02d5481ebb2346013da6a86173d4fe67552f28fc8d2)","throwable":""}
{"timestamp":"2025-09-10T18:17:44,014","container":"7965dbe76a4e","level":"INFO","thread":"BftProcessorExecutor-QBFT-0","class":"QbftBesuControllerBuilder","message":"Produced #966 / 0 tx / 0 pending / 0 (0.0%) gas / (0xd2689e2274274c6ed3aab2ce5f6d2ad17cd6c373a442eb0a6588ecff59d0f250)","throwable":""}
{"timestamp":"2025-09-10T18:17:52,008","container":"7965dbe76a4e","level":"INFO","thread":"BftProcessorExecutor-QBFT-0","class":"QbftBesuControllerBuilder","message":"Imported #967 / 0 tx / 0 pending / 0 (0.0%) gas / (0x46473e88fea9adbcdcf399b68ab199d2c97115a6e82823543801ce3ef293ce6c)","throwable":""}
{"timestamp":"2025-09-10T18:18:00,010","container":"7965dbe76a4e","level":"INFO","thread":"BftProcessorExecutor-QBFT-0","class":"QbftBesuControllerBuilder","message":"Imported #968 / 0 tx / 0 pending / 0 (0.0%) gas / (0xf5c003acef6f168cb98b85567f2432245c20075acf6e1230bb8e2baf0dc7ad9f)","throwable":""}
{"timestamp":"2025-09-10T18:18:00,009","container":"7965dbe76a4e","level":"INFO","thread":"EthScheduler-Workers-0","class":"PersistBlockTask","message":"Block 968 (0xf5c003acef6f168cb98b85567f2432245c20075acf6e1230bb8e2baf0dc7ad9f) is already imported","throwable":""}
{"timestamp":"2025-09-10T18:18:08,013","container":"7965dbe76a4e","level":"INFO","thread":"BftProcessorExecutor-QBFT-0","class":"QbftBesuControllerBuilder","message":"Imported #969 / 0 tx / 0 pending / 0 (0.0%) gas / (0xe4e110c564e799384901b7419d7d45d9dd9854a3e34b0e1a8fe6af92775bfd3d)","throwable":""}
{"timestamp":"2025-09-10T18:18:08,013","container":"7965dbe76a4e","level":"INFO","thread":"EthScheduler-Workers-0","class":"PersistBlockTask","message":"Block 969 (0xe4e110c564e799384901b7419d7d45d9dd9854a3e34b0e1a8fe6af92775bfd3d) is already imported","throwable":""}
{"timestamp":"2025-09-10T18:18:16,007","container":"7965dbe76a4e","level":"INFO","thread":"BftProcessorExecutor-QBFT-0","class":"QbftBesuControllerBuilder","message":"Produced #970 / 0 tx / 0 pending / 0 (0.0%) gas / (0x75444932466a7ad4359c25404cc374580b7bfa0880396ab0de726718955686f5)","throwable":""}
{"timestamp":"2025-09-10T18:18:24,011","container":"7965dbe76a4e","level":"INFO","thread":"EthScheduler-Workers-0","class":"PersistBlockTask","message":"Block 971 (0xff386b2857fece0b95cbf26c8844a87fb3e3791b5169922876e173f9773166db) is already imported","throwable":""}
{"timestamp":"2025-09-10T18:18:24,011","container":"7965dbe76a4e","level":"INFO","thread":"BftProcessorExecutor-QBFT-0","class":"QbftBesuControllerBuilder","message":"Imported #971 / 0 tx / 0 pending / 0 (0.0%) gas / (0xff386b2857fece0b95cbf26c8844a87fb3e3791b5169922876e173f9773166db)","throwable":""}
{"timestamp":"2025-09-10T18:18:32,010","container":"7965dbe76a4e","level":"INFO","thread":"BftProcessorExecutor-QBFT-0","class":"QbftBesuControllerBuilder","message":"Imported #972 / 0 tx / 0 pending / 0 (0.0%) gas / (0xde3f1dd61ef872cb639d164dee4a094e2efa813c18ab8bbaf5023e595e5485f4)","throwable":""}
{"timestamp":"2025-09-10T18:18:40,009","container":"7965dbe76a4e","level":"INFO","thread":"EthScheduler-Workers-0","class":"PersistBlockTask","message":"Imported #973 / 0 tx / 0 om / 0 (0.0%) gas / (0x8b487de9325bfba75854ab2fc3ad6b52493a777411c5608ba41e91417d6b366a) in 0.001s. Peers: 5","throwable":""}
{"timestamp":"2025-09-10T18:18:48,008","container":"7965dbe76a4e","level":"INFO","thread":"BftProcessorExecutor-QBFT-0","class":"QbftBesuControllerBuilder","message":"Produced #974 / 0 tx / 0 pending / 0 (0.0%) gas / (0x96b4118a81bf193c127318c0019aa2d90748dad8887dc8d0605eef249ea591e0)","throwable":""}
{"timestamp":"2025-09-10T18:18:48,008","container":"7965dbe76a4e","level":"INFO","thread":"EthScheduler-Workers-0","class":"PersistBlockTask","message":"Block 974 (0x96b4118a81bf193c127318c0019aa2d90748dad8887dc8d0605eef249ea591e0) is already imported","throwable":""}
{"timestamp":"2025-09-10T18:18:56,009","container":"7965dbe76a4e","level":"INFO","thread":"BftProcessorExecutor-QBFT-0","class":"QbftBesuControllerBuilder","message":"Imported #975 / 0 tx / 0 pending / 0 (0.0%) gas / (0xaed8e7955c7513ec134086e6b982b88988a071075a324c905537058adcd73991)","throwable":""}
{"timestamp":"2025-09-10T18:19:04,011","container":"7965dbe76a4e","level":"INFO","thread":"EthScheduler-Workers-0","class":"PersistBlockTask","message":"Block 976 (0x2a43dcb91b76bc3e869b1038eb25f52e17b194ab8f5797142cef139acb679656) is already imported","throwable":""}
{"timestamp":"2025-09-10T18:19:04,011","container":"7965dbe76a4e","level":"INFO","thread":"BftProcessorExecutor-QBFT-0","class":"QbftBesuControllerBuilder","message":"Imported #976 / 0 tx / 0 pending / 0 (0.0%) gas / (0x2a43dcb91b76bc3e869b1038eb25f52e17b194ab8f5797142cef139acb679656)","throwable":""}
{"timestamp":"2025-09-10T18:19:12,006","container":"7965dbe76a4e","level":"INFO","thread":"BftProcessorExecutor-QBFT-0","class":"QbftBesuControllerBuilder","message":"Imported #977 / 0 tx / 0 pending / 0 (0.0%) gas / (0xa080b7f0df7397de724cf8e12338a0c2115cb385c18717bbeb9bc86f12cb182e)","throwable":""}
{"timestamp":"2025-09-10T18:19:20,010","container":"7965dbe76a4e","level":"INFO","thread":"BftProcessorExecutor-QBFT-0","class":"QbftBesuControllerBuilder","message":"Produced #978 / 0 tx / 0 pending / 0 (0.0%) gas / (0x21c577518f7fe3e6b83c5884cf7287410e25d6974293426a84c29ab3ab80c876)","throwable":""}
{"timestamp":"2025-09-10T18:19:28,027","container":"7965dbe76a4e","level":"INFO","thread":"EthScheduler-Workers-0","class":"PersistBlockTask","message":"Imported #979 / 0 tx / 0 om / 0 (0.0%) gas / (0xddff217f567c3d80be8a0f04920e63e9348dbb9ae93803894fdc5415b42a4811) in 0.011s. Peers: 5","throwable":""}
{"timestamp":"2025-09-10T18:19:28,030","container":"7965dbe76a4e","level":"INFO","thread":"BftProcessorExecutor-QBFT-0","class":"QbftBesuControllerBuilder","message":"Imported #979 / 0 tx / 0 pending / 0 (0.0%) gas / (0xddff217f567c3d80be8a0f04920e63e9348dbb9ae93803894fdc5415b42a4811)","throwable":""}
{"timestamp":"2025-09-10T18:21:08,060","container":"7965dbe76a4e","level":"INFO","thread":"BftProcessorExecutor-QBFT-0","class":"QbftBesuControllerBuilder","message":"Imported #980 / 0 tx / 0 pending / 0 (0.0%) gas / (0xe8da37db33071cb10e30a34bdcbf73f91b0c989f8556a79c2bba7f7df0fd7e1a)","throwable":""}
{"timestamp":"2025-09-10T18:21:16,011","container":"7965dbe76a4e","level":"INFO","thread":"EthScheduler-Workers-0","class":"PersistBlockTask","message":"Block 981 (0xe84e375652825aaedeb13ac85eb764303bd8f9469b5e837f41a8778113e58331) is already imported","throwable":""}
{"timestamp":"2025-09-10T18:21:16,011","container":"7965dbe76a4e","level":"INFO","thread":"BftProcessorExecutor-QBFT-0","class":"QbftBesuControllerBuilder","message":"Imported #981 / 0 tx / 0 pending / 0 (0.0%) gas / (0xe84e375652825aaedeb13ac85eb764303bd8f9469b5e837f41a8778113e58331)","throwable":""}
{"timestamp":"2025-09-10T18:21:24,009","container":"7965dbe76a4e","level":"INFO","thread":"EthScheduler-Workers-0","class":"PersistBlockTask","message":"Block 982 (0xd64c7a3eba4ea3c33545e1e74d4d7db6d3d6b70336309062d738c4b2188ac9d5) is already imported","throwable":""}
{"timestamp":"2025-09-10T18:21:24,009","container":"7965dbe76a4e","level":"INFO","thread":"BftProcessorExecutor-QBFT-0","class":"QbftBesuControllerBuilder","message":"Produced #982 / 0 tx / 0 pending / 0 (0.0%) gas / (0xd64c7a3eba4ea3c33545e1e74d4d7db6d3d6b70336309062d738c4b2188ac9d5)","throwable":""}
{"timestamp":"2025-09-10T18:21:32,010","container":"7965dbe76a4e","level":"INFO","thread":"BftProcessorExecutor-QBFT-0","class":"QbftBesuControllerBuilder","message":"Imported #983 / 0 tx / 0 pending / 0 (0.0%) gas / (0x61e534603b24430d6dad0fccdf492554b0656fa631f12fe0d80059e459e3e6f9)","throwable":""}
{"timestamp":"2025-09-10T18:21:40,008","container":"7965dbe76a4e","level":"INFO","thread":"BftProcessorExecutor-QBFT-0","class":"QbftBesuControllerBuilder","message":"Imported #984 / 0 tx / 0 pending / 0 (0.0%) gas / (0xf950eade8a501f0192ec913397dcc64a191e5a22c07d66c5887d363af9174e16)","throwable":""}
{"timestamp":"2025-09-10T18:21:48,014","container":"7965dbe76a4e","level":"INFO","thread":"BftProcessorExecutor-QBFT-0","class":"QbftBesuControllerBuilder","message":"Imported #985 / 0 tx / 0 pending / 0 (0.0%) gas / (0x2e763a9c8e004803f72717e97ed105169e70ac3ff4343a594f6cfa1f3499baef)","throwable":""}
{"timestamp":"2025-09-10T18:21:48,014","container":"7965dbe76a4e","level":"INFO","thread":"EthScheduler-Workers-0","class":"PersistBlockTask","message":"Block 985 (0x2e763a9c8e004803f72717e97ed105169e70ac3ff4343a594f6cfa1f3499baef) is already imported","throwable":""}
{"timestamp":"2025-09-10T18:21:56,014","container":"7965dbe76a4e","level":"INFO","thread":"BftProcessorExecutor-QBFT-0","class":"QbftBesuControllerBuilder","message":"Produced #986 / 0 tx / 0 pending / 0 (0.0%) gas / (0x47c4df697a8c49aa177d283a7334a46b95d25814aca60ea53d76caededb26b01)","throwable":""}
{"timestamp":"2025-09-10T18:22:04,014","container":"7965dbe76a4e","level":"INFO","thread":"BftProcessorExecutor-QBFT-0","class":"QbftBesuControllerBuilder","message":"Imported #987 / 0 tx / 0 pending / 0 (0.0%) gas / (0x126fa440f30f415c6259dbe6d1f67cd418a0afb0e0eb122fc76bb11727b65926)","throwable":""}
{"timestamp":"2025-09-10T18:22:12,014","container":"7965dbe76a4e","level":"INFO","thread":"BftProcessorExecutor-QBFT-0","class":"QbftBesuControllerBuilder","message":"Imported #988 / 0 tx / 0 pending / 0 (0.0%) gas / (0x164209d5a395ff179f4ed4e1785aec3a46125a21503928e97c1cce01f6fe6178)","throwable":""}
{"timestamp":"2025-09-10T18:22:20,009","container":"7965dbe76a4e","level":"INFO","thread":"BftProcessorExecutor-QBFT-0","class":"QbftBesuControllerBuilder","message":"Imported #989 / 0 tx / 0 pending / 0 (0.0%) gas / (0xeee276f934560408aa4fcb874b1fd9eac9b52654e1af5007580a91b71712f03a)","throwable":""}
{"timestamp":"2025-09-10T18:22:28,012","container":"7965dbe76a4e","level":"INFO","thread":"BftProcessorExecutor-QBFT-0","class":"QbftBesuControllerBuilder","message":"Produced #990 / 0 tx / 0 pending / 0 (0.0%) gas / (0xf221b14d55e02babdcf936043a56d4f3f5f966f1d79bc1b2dcb27a0df3dbb78d)","throwable":""}
{"timestamp":"2025-09-10T18:22:36,014","container":"7965dbe76a4e","level":"INFO","thread":"BftProcessorExecutor-QBFT-0","class":"QbftBesuControllerBuilder","message":"Imported #991 / 0 tx / 0 pending / 0 (0.0%) gas / (0x79e9c63fc8ca20224ffa91d1e3fd51645f4ddeecd3cad2995c2e3e5d41b173a2)","throwable":""}
{"timestamp":"2025-09-10T18:22:44,012","container":"7965dbe76a4e","level":"INFO","thread":"BftProcessorExecutor-QBFT-0","class":"QbftBesuControllerBuilder","message":"Imported #992 / 0 tx / 0 pending / 0 (0.0%) gas / (0x3da2c2473dc6b476f68d2d95709fe015ad00fd7c1ced12da392e482a4a2e215b)","throwable":""}
{"timestamp":"2025-09-10T18:22:52,017","container":"7965dbe76a4e","level":"INFO","thread":"EthScheduler-Workers-0","class":"PersistBlockTask","message":"Imported #993 / 0 tx / 0 om / 0 (0.0%) gas / (0xb0d1068793c1425f0ee8a230f11fe0e3618dde5625d6f4228cd5602371d0d761) in 0.001s. Peers: 5","throwable":""}
{"timestamp":"2025-09-10T18:22:52,025","container":"7965dbe76a4e","level":"INFO","thread":"BftProcessorExecutor-QBFT-0","class":"QbftBesuControllerBuilder","message":"Imported #993 / 0 tx / 0 pending / 0 (0.0%) gas / (0xb0d1068793c1425f0ee8a230f11fe0e3618dde5625d6f4228cd5602371d0d761)","throwable":""}
{"timestamp":"2025-09-10T18:23:00,010","container":"7965dbe76a4e","level":"INFO","thread":"BftProcessorExecutor-QBFT-0","class":"QbftBesuControllerBuilder","message":"Produced #994 / 0 tx / 0 pending / 0 (0.0%) gas / (0x0836bbc8457548599eaa1698477ee23c476c8b4752b21952c048380ef2861da2)","throwable":""}
{"timestamp":"2025-09-10T18:23:08,018","container":"7965dbe76a4e","level":"INFO","thread":"BftProcessorExecutor-QBFT-0","class":"QbftBesuControllerBuilder","message":"Imported #995 / 0 tx / 0 pending / 0 (0.0%) gas / (0x27c04db99be203ae7e4efc0f0db2b443b3980bcce096cc4d75bfbd2f07ad2241)","throwable":""}
{"timestamp":"2025-09-10T18:23:16,009","container":"7965dbe76a4e","level":"INFO","thread":"BftProcessorExecutor-QBFT-0","class":"QbftBesuControllerBuilder","message":"Imported #996 / 0 tx / 0 pending / 0 (0.0%) gas / (0x3d16a54b2513876a1853bcda20777e657b9833f63be61a7348b37264618a072c)","throwable":""}
{"timestamp":"2025-09-10T18:23:24,014","container":"7965dbe76a4e","level":"INFO","thread":"BftProcessorExecutor-QBFT-0","class":"QbftBesuControllerBuilder","message":"Imported #997 / 0 tx / 0 pending / 0 (0.0%) gas / (0x2c137781ef71b2dfc38c2e104b3eaf7b87205c65257bd0f16716f947d9d6060d)","throwable":""}
{"timestamp":"2025-09-10T18:23:32,019","container":"7965dbe76a4e","level":"INFO","thread":"BftProcessorExecutor-QBFT-0","class":"QbftBesuControllerBuilder","message":"Produced #998 / 0 tx / 0 pending / 0 (0.0%) gas / (0xe01b58f1b9bbda8a2218dd7153dbdf7aecc1c4a4a5918306a911b9fb1e1a173e)","throwable":""}
{"timestamp":"2025-09-10T18:23:40,015","container":"7965dbe76a4e","level":"INFO","thread":"BftProcessorExecutor-QBFT-0","class":"QbftBesuControllerBuilder","message":"Imported #999 / 0 tx / 0 pending / 0 (0.0%) gas / (0x0ec4c8c965dbf6857749e95e6e950a4ee9b03fef6d8c64ffa80719382274b8eb)","throwable":""}
{"timestamp":"2025-09-10T18:23:48,013","container":"7965dbe76a4e","level":"INFO","thread":"BftProcessorExecutor-QBFT-0","class":"QbftBesuControllerBuilder","message":"Imported #1,000 / 0 tx / 0 pending / 0 (0.0%) gas / (0x31d57fc61e563edb4ec96fc9e9b3cc5ca3af1c09fe99ae1ef51662e6db710992)","throwable":""}
{"timestamp":"2025-09-10T18:23:56,021","container":"7965dbe76a4e","level":"INFO","thread":"BftProcessorExecutor-QBFT-0","class":"QbftBesuControllerBuilder","message":"Imported #1,001 / 0 tx / 0 pending / 0 (0.0%) gas / (0xc5014e04ecc82cece4f5e01cfeb52ae4fddd5373fa2c158025f5f1f8ca2076ed)","throwable":""}
{"timestamp":"2025-09-10T18:24:04,012","container":"7965dbe76a4e","level":"INFO","thread":"BftProcessorExecutor-QBFT-0","class":"QbftBesuControllerBuilder","message":"Produced #1,002 / 0 tx / 0 pending / 0 (0.0%) gas / (0xcb4e8b704a32c6e2d02d72fd691e730dde45846a48cb5f3e85a0f6aacae119a2)","throwable":""}
{"timestamp":"2025-09-10T18:24:12,013","container":"7965dbe76a4e","level":"INFO","thread":"BftProcessorExecutor-QBFT-0","class":"QbftBesuControllerBuilder","message":"Imported #1,003 / 0 tx / 0 pending / 0 (0.0%) gas / (0x4f7c23afe558398824d6551b164134ed46c5d09ac0b84df3b6924f9144e60c03)","throwable":""}
{"timestamp":"2025-09-10T18:24:12,015","container":"7965dbe76a4e","level":"INFO","thread":"EthScheduler-Workers-0","class":"PersistBlockTask","message":"Block 1003 (0x4f7c23afe558398824d6551b164134ed46c5d09ac0b84df3b6924f9144e60c03) is already imported","throwable":""}
{"timestamp":"2025-09-10T18:24:20,021","container":"7965dbe76a4e","level":"INFO","thread":"EthScheduler-Workers-0","class":"PersistBlockTask","message":"Imported #1,004 / 0 tx / 0 om / 0 (0.0%) gas / (0x075a0b2ef569288ac271b0e8cf218c28fd0041d721dc728ef152a157514fa1af) in 0.001s. Peers: 5","throwable":""}
{"timestamp":"2025-09-10T18:24:28,017","container":"7965dbe76a4e","level":"INFO","thread":"BftProcessorExecutor-QBFT-0","class":"QbftBesuControllerBuilder","message":"Imported #1,005 / 0 tx / 0 pending / 0 (0.0%) gas / (0xd387bcfad79049c1a5558ff535bf21bca0beb8a85d2c47d368d2940efe517fb4)","throwable":""}
{"timestamp":"2025-09-10T18:24:28,024","container":"7965dbe76a4e","level":"INFO","thread":"EthScheduler-Workers-0","class":"PersistBlockTask","message":"Block 1005 (0xd387bcfad79049c1a5558ff535bf21bca0beb8a85d2c47d368d2940efe517fb4) is already imported","throwable":""}
{"timestamp":"2025-09-10T18:24:36,046","container":"7965dbe76a4e","level":"INFO","thread":"BftProcessorExecutor-QBFT-0","class":"QbftBesuControllerBuilder","message":"Produced #1,006 / 0 tx / 0 pending / 0 (0.0%) gas / (0xfb9010a1c9107d0bddda4149d9bb5fe23db713d72632df7d507160f7ff59a835)","throwable":""}
{"timestamp":"2025-09-10T18:48:34,972","container":"7965dbe76a4e","level":"INFO","thread":"BftProcessorExecutor-QBFT-0","class":"QbftBesuControllerBuilder","message":"Imported #1,007 / 0 tx / 0 pending / 0 (0.0%) gas / (0x8720d5a807c4ffd35297b7cf00e79f5a86d6f4c8aaa073c0507ea0ca1cd99b6b)","throwable":""}
{"timestamp":"2025-09-10T18:48:43,019","container":"7965dbe76a4e","level":"INFO","thread":"BftProcessorExecutor-QBFT-0","class":"QbftBesuControllerBuilder","message":"Imported #1,008 / 0 tx / 0 pending / 0 (0.0%) gas / (0xc670a5622e7c1c3fce1f3a855c7025151e3bf8f63a9b942472af1958b71425e8)","throwable":""}
{"timestamp":"2025-09-10T18:48:51,010","container":"7965dbe76a4e","level":"INFO","thread":"BftProcessorExecutor-QBFT-0","class":"QbftBesuControllerBuilder","message":"Imported #1,009 / 0 tx / 0 pending / 0 (0.0%) gas / (0xea74bc409f1d5f20eb9f86373be2850c2ec9e1584c99bd867887a2317f734959)","throwable":""}
{"timestamp":"2025-09-10T18:48:59,010","container":"7965dbe76a4e","level":"INFO","thread":"BftProcessorExecutor-QBFT-0","class":"QbftBesuControllerBuilder","message":"Produced #1,010 / 0 tx / 0 pending / 0 (0.0%) gas / (0x414f57d6e19a83c434cba511fbb87faf0040bb33dc6ccd7ee2aaa522508200cd)","throwable":""}
{"timestamp":"2025-09-10T18:49:07,021","container":"7965dbe76a4e","level":"INFO","thread":"BftProcessorExecutor-QBFT-0","class":"QbftBesuControllerBuilder","message":"Imported #1,011 / 0 tx / 0 pending / 0 (0.0%) gas / (0x85a1b50ce464054703ad9a58878206e8e08615048b000c912541002a9b9824db)","throwable":""}
{"timestamp":"2025-09-10T18:49:15,021","container":"7965dbe76a4e","level":"INFO","thread":"BftProcessorExecutor-QBFT-0","class":"QbftBesuControllerBuilder","message":"Imported #1,012 / 0 tx / 0 pending / 0 (0.0%) gas / (0x5316306c319de518c22eb594feb6dee1f7fdfee03b5b10239345d7915e32af1e)","throwable":""}
{"timestamp":"2025-09-10T18:49:15,024","container":"7965dbe76a4e","level":"INFO","thread":"EthScheduler-Workers-0","class":"PersistBlockTask","message":"Block 1012 (0x5316306c319de518c22eb594feb6dee1f7fdfee03b5b10239345d7915e32af1e) is already imported","throwable":""}
{"timestamp":"2025-09-10T18:49:23,009","container":"7965dbe76a4e","level":"INFO","thread":"BftProcessorExecutor-QBFT-0","class":"QbftBesuControllerBuilder","message":"Imported #1,013 / 0 tx / 0 pending / 0 (0.0%) gas / (0x277b3549c472c97bf3bd4f72509dc3e96733b35d77554c4016bc4ea7150686e9)","throwable":""}
{"timestamp":"2025-09-10T18:49:31,014","container":"7965dbe76a4e","level":"INFO","thread":"BftProcessorExecutor-QBFT-0","class":"QbftBesuControllerBuilder","message":"Produced #1,014 / 0 tx / 0 pending / 0 (0.0%) gas / (0x776df0af4569e39b70f95beb193f1b6d98401f8a5f7208db93cbaffc8de84f35)","throwable":""}
{"timestamp":"2025-09-10T18:49:39,032","container":"7965dbe76a4e","level":"INFO","thread":"BftProcessorExecutor-QBFT-0","class":"QbftBesuControllerBuilder","message":"Imported #1,015 / 0 tx / 0 pending / 0 (0.0%) gas / (0xe325375df63f5f0716ad80aa54af6b3fe3d4fa98903d4dfc48018cb8de690141)","throwable":""}
{"timestamp":"2025-09-10T18:49:39,032","container":"7965dbe76a4e","level":"INFO","thread":"EthScheduler-Workers-0","class":"PersistBlockTask","message":"Block 1015 (0xe325375df63f5f0716ad80aa54af6b3fe3d4fa98903d4dfc48018cb8de690141) is already imported","throwable":""}
{"timestamp":"2025-09-10T18:49:47,024","container":"7965dbe76a4e","level":"INFO","thread":"EthScheduler-Workers-0","class":"PersistBlockTask","message":"Imported #1,016 / 0 tx / 0 om / 0 (0.0%) gas / (0x1508b5cad953d1270797c1fc99ec1cff884b47a203af2c2fdcf1d666386e2f1d) in 0.001s. Peers: 5","throwable":""}
{"timestamp":"2025-09-10T18:49:47,036","container":"7965dbe76a4e","level":"INFO","thread":"BftProcessorExecutor-QBFT-0","class":"QbftBesuControllerBuilder","message":"Imported #1,016 / 0 tx / 0 pending / 0 (0.0%) gas / (0x1508b5cad953d1270797c1fc99ec1cff884b47a203af2c2fdcf1d666386e2f1d)","throwable":""}
{"timestamp":"2025-09-10T18:49:55,010","container":"7965dbe76a4e","level":"INFO","thread":"BftProcessorExecutor-QBFT-0","class":"QbftBesuControllerBuilder","message":"Imported #1,017 / 0 tx / 0 pending / 0 (0.0%) gas / (0x47c197e3c3ef8c5afb14a0df852db1c336e12df5fdbd9fe1ad862c4303ccb356)","throwable":""}
{"timestamp":"2025-09-10T18:50:03,014","container":"7965dbe76a4e","level":"INFO","thread":"EthScheduler-Workers-0","class":"PersistBlockTask","message":"Imported #1,018 / 0 tx / 0 om / 0 (0.0%) gas / (0xa81e2addde6cdf18afcc452055a7308a138046a81f86187dc102a578354987c8) in 0.001s. Peers: 5","throwable":""}
{"timestamp":"2025-09-10T18:50:11,023","container":"7965dbe76a4e","level":"INFO","thread":"BftProcessorExecutor-QBFT-0","class":"QbftBesuControllerBuilder","message":"Imported #1,019 / 0 tx / 0 pending / 0 (0.0%) gas / (0xb4a4834325ef7f9a40ff56de1cb23aae3c3ac5c07033e5d18bdf6c282e19a8df)","throwable":""}
{"timestamp":"2025-09-10T18:50:11,023","container":"7965dbe76a4e","level":"INFO","thread":"EthScheduler-Workers-0","class":"PersistBlockTask","message":"Block 1019 (0xb4a4834325ef7f9a40ff56de1cb23aae3c3ac5c07033e5d18bdf6c282e19a8df) is already imported","throwable":""}
{"timestamp":"2025-09-10T18:50:19,015","container":"7965dbe76a4e","level":"INFO","thread":"BftProcessorExecutor-QBFT-0","class":"QbftBesuControllerBuilder","message":"Imported #1,020 / 0 tx / 0 pending / 0 (0.0%) gas / (0xd19b3277ed4d9d6a24e02ff238478537ec7a6fe98ee1865bb719e798766a55db)","throwable":""}
{"timestamp":"2025-09-10T18:50:27,020","container":"7965dbe76a4e","level":"INFO","thread":"EthScheduler-Workers-0","class":"PersistBlockTask","message":"Block 1021 (0x4d0652444a9f88351008834d9d9a9e9ea4cb02af76c5b675a5e3d476e81c0574) is already imported","throwable":""}
{"timestamp":"2025-09-10T18:50:27,020","container":"7965dbe76a4e","level":"INFO","thread":"BftProcessorExecutor-QBFT-0","class":"QbftBesuControllerBuilder","message":"Imported #1,021 / 0 tx / 0 pending / 0 (0.0%) gas / (0x4d0652444a9f88351008834d9d9a9e9ea4cb02af76c5b675a5e3d476e81c0574)","throwable":""}
{"timestamp":"2025-09-10T18:50:35,018","container":"7965dbe76a4e","level":"INFO","thread":"BftProcessorExecutor-QBFT-0","class":"QbftBesuControllerBuilder","message":"Produced #1,022 / 0 tx / 0 pending / 0 (0.0%) gas / (0x2ea209063ee5fa9333e32917187c93f805f869fc6c6f76a2169f312d4c66ca64)","throwable":""}
{"timestamp":"2025-09-10T18:50:35,019","container":"7965dbe76a4e","level":"INFO","thread":"EthScheduler-Workers-0","class":"PersistBlockTask","message":"Block 1022 (0x2ea209063ee5fa9333e32917187c93f805f869fc6c6f76a2169f312d4c66ca64) is already imported","throwable":""}
{"timestamp":"2025-09-10T18:50:43,012","container":"7965dbe76a4e","level":"INFO","thread":"EthScheduler-Workers-0","class":"PersistBlockTask","message":"Imported #1,023 / 0 tx / 0 om / 0 (0.0%) gas / (0xbc4fd72998ef7ae3f458e99e8cf6dba82b0af885446fefc334512cef831197ce) in 0.001s. Peers: 5","throwable":""}
{"timestamp":"2025-09-10T18:50:51,016","container":"7965dbe76a4e","level":"INFO","thread":"BftProcessorExecutor-QBFT-0","class":"QbftBesuControllerBuilder","message":"Imported #1,024 / 0 tx / 0 pending / 0 (0.0%) gas / (0x3d5ded85b5bbdd09049aa1c80882f02d636c8f8c1eaa77c3e09b28bff7777deb)","throwable":""}
{"timestamp":"2025-09-10T18:50:51,022","container":"7965dbe76a4e","level":"INFO","thread":"EthScheduler-Workers-0","class":"PersistBlockTask","message":"Block 1024 (0x3d5ded85b5bbdd09049aa1c80882f02d636c8f8c1eaa77c3e09b28bff7777deb) is already imported","throwable":""}
{"timestamp":"2025-09-10T18:50:59,009","container":"7965dbe76a4e","level":"INFO","thread":"BftProcessorExecutor-QBFT-0","class":"QbftBesuControllerBuilder","message":"Imported #1,025 / 0 tx / 0 pending / 0 (0.0%) gas / (0x5933584d25ab9553fef6831e9ed8f3b14a4111b447b25e6414ab0bf954075796)","throwable":""}
{"timestamp":"2025-09-10T18:51:07,041","container":"7965dbe76a4e","level":"INFO","thread":"EthScheduler-Workers-0","class":"PersistBlockTask","message":"Imported #1,026 / 0 tx / 0 om / 0 (0.0%) gas / (0x7415dadb8468f7ff3ae3720343ed98129b4b1fdf62ffcde891ca4f4d42c696e5) in 0.007s. Peers: 5","throwable":""}
{"timestamp":"2025-09-10T18:51:15,021","container":"7965dbe76a4e","level":"INFO","thread":"BftProcessorExecutor-QBFT-0","class":"QbftBesuControllerBuilder","message":"Imported #1,027 / 0 tx / 0 pending / 0 (0.0%) gas / (0x395b5d02146ef55ba1c44becc9b56e781faa166895692acef391a7b79b32b74f)","throwable":""}
{"timestamp":"2025-09-10T18:51:15,021","container":"7965dbe76a4e","level":"INFO","thread":"EthScheduler-Workers-0","class":"PersistBlockTask","message":"Block 1027 (0x395b5d02146ef55ba1c44becc9b56e781faa166895692acef391a7b79b32b74f) is already imported","throwable":""}
{"timestamp":"2025-09-10T18:51:23,010","container":"7965dbe76a4e","level":"INFO","thread":"BftProcessorExecutor-QBFT-0","class":"QbftBesuControllerBuilder","message":"Imported #1,028 / 0 tx / 0 pending / 0 (0.0%) gas / (0xf6601fd347797e86dc03e093fd3d7401bbc8223ad83c6e086757ad4f1c587de8)","throwable":""}
{"timestamp":"2025-09-10T18:51:31,016","container":"7965dbe76a4e","level":"INFO","thread":"BftProcessorExecutor-QBFT-0","class":"QbftBesuControllerBuilder","message":"Imported #1,029 / 0 tx / 0 pending / 0 (0.0%) gas / (0x7fb751eaa63007eb62768b9ff7081435faf234a9f3fd57c7d1fc6dbeac503cc4)","throwable":""}
{"timestamp":"2025-09-10T18:51:39,021","container":"7965dbe76a4e","level":"INFO","thread":"EthScheduler-Workers-0","class":"PersistBlockTask","message":"Block 1030 (0x0a7bd1741c22ccf06df0e52f354d042bb33f566024f3c4322eaccd0fab344322) is already imported","throwable":""}
{"timestamp":"2025-09-10T18:51:39,021","container":"7965dbe76a4e","level":"INFO","thread":"BftProcessorExecutor-QBFT-0","class":"QbftBesuControllerBuilder","message":"Produced #1,030 / 0 tx / 0 pending / 0 (0.0%) gas / (0x0a7bd1741c22ccf06df0e52f354d042bb33f566024f3c4322eaccd0fab344322)","throwable":""}
{"timestamp":"2025-09-10T18:51:47,017","container":"7965dbe76a4e","level":"INFO","thread":"BftProcessorExecutor-QBFT-0","class":"QbftBesuControllerBuilder","message":"Imported #1,031 / 0 tx / 0 pending / 0 (0.0%) gas / (0x1478fd8330b26f6b0418c5319d3b6bc9798293d1dcd4ab0a1315e9e9abd1a764)","throwable":""}
{"timestamp":"2025-09-10T18:51:55,042","container":"7965dbe76a4e","level":"INFO","thread":"BftProcessorExecutor-QBFT-0","class":"QbftBesuControllerBuilder","message":"Imported #1,032 / 0 tx / 0 pending / 0 (0.0%) gas / (0x4e2a7911880a6075911aea2ca23e811b4b129031f8657458a7e61eb0d4a3f546)","throwable":""}
{"timestamp":"2025-09-10T18:53:35,718","container":"7965dbe76a4e","level":"INFO","thread":"BftProcessorExecutor-QBFT-0","class":"QbftBesuControllerBuilder","message":"Imported #1,033 / 0 tx / 0 pending / 0 (0.0%) gas / (0xde426bc6396fd1a2c28980ab1889b3c17631b94ba8c299bc866712d056bb2085)","throwable":""}
{"timestamp":"2025-09-10T19:05:00,445","container":"7965dbe76a4e","level":"INFO","thread":"BftProcessorExecutor-QBFT-0","class":"QbftBesuControllerBuilder","message":"Produced #1,034 / 0 tx / 0 pending / 0 (0.0%) gas / (0x41a339c9c05de7ebc487bab368f9bcd775ae6cdad5dc63b58426f91b11bc01bc)","throwable":""}
{"timestamp":"2025-09-10T19:05:08,014","container":"7965dbe76a4e","level":"INFO","thread":"BftProcessorExecutor-QBFT-0","class":"QbftBesuControllerBuilder","message":"Imported #1,035 / 0 tx / 0 pending / 0 (0.0%) gas / (0x8d6a445fee937e6f2e9f99e04e1b18e7db744622b86d517a0ff6cbcb59adeddd)","throwable":""}
{"timestamp":"2025-09-10T19:05:16,026","container":"7965dbe76a4e","level":"INFO","thread":"BftProcessorExecutor-QBFT-0","class":"QbftBesuControllerBuilder","message":"Imported #1,036 / 0 tx / 0 pending / 0 (0.0%) gas / (0xf7e9631481a97bb576df072ffa29b6ff58ffd7bccee79edcb39ba786aa8001e3)","throwable":""}
{"timestamp":"2025-09-10T19:05:24,024","container":"7965dbe76a4e","level":"INFO","thread":"BftProcessorExecutor-QBFT-0","class":"QbftBesuControllerBuilder","message":"Imported #1,037 / 0 tx / 0 pending / 0 (0.0%) gas / (0x6648c49440bbb4efbb6cd750089a612430c911e58ceb9ef57b59c6818502fb56)","throwable":""}
{"timestamp":"2025-09-10T19:05:32,024","container":"7965dbe76a4e","level":"INFO","thread":"BftProcessorExecutor-QBFT-0","class":"QbftBesuControllerBuilder","message":"Produced #1,038 / 0 tx / 0 pending / 0 (0.0%) gas / (0x2be8a97a5e785fca00b1324d5b0f06e9a32a1c487dd77d191b4c85ee061c2937)","throwable":""}
{"timestamp":"2025-09-10T19:05:40,020","container":"7965dbe76a4e","level":"INFO","thread":"BftProcessorExecutor-QBFT-0","class":"QbftBesuControllerBuilder","message":"Imported #1,039 / 0 tx / 0 pending / 0 (0.0%) gas / (0xb36ff1d6a782d977be038a96e2db1ef57d6404e7406af0aad649f6a069613531)","throwable":""}
{"timestamp":"2025-09-10T19:05:40,038","container":"7965dbe76a4e","level":"INFO","thread":"EthScheduler-Workers-0","class":"PersistBlockTask","message":"Block 1039 (0xb36ff1d6a782d977be038a96e2db1ef57d6404e7406af0aad649f6a069613531) is already imported","throwable":""}
{"timestamp":"2025-09-10T19:05:48,033","container":"7965dbe76a4e","level":"INFO","thread":"EthScheduler-Workers-0","class":"PersistBlockTask","message":"Imported #1,040 / 0 tx / 0 om / 0 (0.0%) gas / (0x213e62dec217f22e98b7ae71e4e6c1ba9f17373fe307574307df519647ee1967) in 0.001s. Peers: 5","throwable":""}
{"timestamp":"2025-09-10T19:05:56,017","container":"7965dbe76a4e","level":"INFO","thread":"BftProcessorExecutor-QBFT-0","class":"QbftBesuControllerBuilder","message":"Imported #1,041 / 0 tx / 0 pending / 0 (0.0%) gas / (0xbca43eb6d7cf2f3df85cc97f9165348b0019c7285dc267f4c3a5791234ed3666)","throwable":""}
{"timestamp":"2025-09-10T19:06:04,013","container":"7965dbe76a4e","level":"INFO","thread":"BftProcessorExecutor-QBFT-0","class":"QbftBesuControllerBuilder","message":"Produced #1,042 / 0 tx / 0 pending / 0 (0.0%) gas / (0x4d258444b66f0dc59fd3006b443c19885411997f2fd767a1b92b4abd97c5a39f)","throwable":""}
{"timestamp":"2025-09-10T19:06:12,014","container":"7965dbe76a4e","level":"INFO","thread":"BftProcessorExecutor-QBFT-0","class":"QbftBesuControllerBuilder","message":"Imported #1,043 / 0 tx / 0 pending / 0 (0.0%) gas / (0xd01e1be77a818b3ff60f95607cb1e02e95fa5d937a3aad76a587954fc3c8d8c6)","throwable":""}
{"timestamp":"2025-09-10T19:06:20,014","container":"7965dbe76a4e","level":"INFO","thread":"BftProcessorExecutor-QBFT-0","class":"QbftBesuControllerBuilder","message":"Imported #1,044 / 0 tx / 0 pending / 0 (0.0%) gas / (0x18cbded4f62b42350f344bf28212c807c46064ac0348a1dcd74fff0b29dd1b77)","throwable":""}
{"timestamp":"2025-09-10T19:06:28,020","container":"7965dbe76a4e","level":"INFO","thread":"BftProcessorExecutor-QBFT-0","class":"QbftBesuControllerBuilder","message":"Imported #1,045 / 0 tx / 0 pending / 0 (0.0%) gas / (0x923de667e41430be6ffad116da2f2dbad53b3f7519d5bb1807db43fb5e7bf5a1)","throwable":""}
{"timestamp":"2025-09-10T19:06:36,011","container":"7965dbe76a4e","level":"INFO","thread":"BftProcessorExecutor-QBFT-0","class":"QbftBesuControllerBuilder","message":"Produced #1,046 / 0 tx / 0 pending / 0 (0.0%) gas / (0x132ce24c944f8301586cc8eeb5113787cbf5f09a0ac381d1be044e3738b79db6)","throwable":""}
{"timestamp":"2025-09-10T19:06:44,022","container":"7965dbe76a4e","level":"INFO","thread":"BftProcessorExecutor-QBFT-0","class":"QbftBesuControllerBuilder","message":"Imported #1,047 / 0 tx / 0 pending / 0 (0.0%) gas / (0x4f404227c1d96ccf0e7a4bc4f3d265643d0c26a2f38287930572434e3113d1fa)","throwable":""}
{"timestamp":"2025-09-10T19:06:52,016","container":"7965dbe76a4e","level":"INFO","thread":"BftProcessorExecutor-QBFT-0","class":"QbftBesuControllerBuilder","message":"Imported #1,048 / 0 tx / 0 pending / 0 (0.0%) gas / (0x36b523cb8024bbcb3131f6da8b97f3a48840f126441db7183374cc3537fc1af8)","throwable":""}
{"timestamp":"2025-09-10T19:07:00,033","container":"7965dbe76a4e","level":"INFO","thread":"BftProcessorExecutor-QBFT-0","class":"QbftBesuControllerBuilder","message":"Imported #1,049 / 0 tx / 0 pending / 0 (0.0%) gas / (0x10c0a22214e270e0bebfc6467eaae22e8991919e23617262c1778d359a4ab00f)","throwable":""}
{"timestamp":"2025-09-10T19:07:00,037","container":"7965dbe76a4e","level":"INFO","thread":"EthScheduler-Workers-0","class":"PersistBlockTask","message":"Block 1049 (0x10c0a22214e270e0bebfc6467eaae22e8991919e23617262c1778d359a4ab00f) is already imported","throwable":""}
{"timestamp":"2025-09-10T19:07:08,016","container":"7965dbe76a4e","level":"INFO","thread":"BftProcessorExecutor-QBFT-0","class":"QbftBesuControllerBuilder","message":"Produced #1,050 / 0 tx / 0 pending / 0 (0.0%) gas / (0x403958cb021c2d9b5b5529209e4fb3a81168ac0001957339fb9a56d6108a8b1a)","throwable":""}
{"timestamp":"2025-09-10T19:07:16,022","container":"7965dbe76a4e","level":"INFO","thread":"EthScheduler-Workers-0","class":"PersistBlockTask","message":"Imported #1,051 / 0 tx / 0 om / 0 (0.0%) gas / (0x44699ccb069ba3dcde665be41fe86539cb87acd74093edd0d7a5cb48b2a39ede) in 0.001s. Peers: 5","throwable":""}
{"timestamp":"2025-09-10T19:07:24,011","container":"7965dbe76a4e","level":"INFO","thread":"BftProcessorExecutor-QBFT-0","class":"QbftBesuControllerBuilder","message":"Imported #1,052 / 0 tx / 0 pending / 0 (0.0%) gas / (0xac5183de71de77774975dd39a8c65cf2d4461e7c208a2e5dbb97c88ffa49b8a0)","throwable":""}
{"timestamp":"2025-09-10T19:07:32,013","container":"7965dbe76a4e","level":"INFO","thread":"BftProcessorExecutor-QBFT-0","class":"QbftBesuControllerBuilder","message":"Imported #1,053 / 0 tx / 0 pending / 0 (0.0%) gas / (0x5b7f087045e94cae3c755e957e6ee0afdf2255687bba8d3a6aa5423d54b3ddfa)","throwable":""}
{"timestamp":"2025-09-10T19:07:40,019","container":"7965dbe76a4e","level":"INFO","thread":"BftProcessorExecutor-QBFT-0","class":"QbftBesuControllerBuilder","message":"Produced #1,054 / 0 tx / 0 pending / 0 (0.0%) gas / (0xd154a236e596729e15c139ad544f72c0624b47464a24cbf999d10ba22a18833b)","throwable":""}
{"timestamp":"2025-09-10T19:07:48,035","container":"7965dbe76a4e","level":"INFO","thread":"BftProcessorExecutor-QBFT-0","class":"QbftBesuControllerBuilder","message":"Imported #1,055 / 0 tx / 0 pending / 0 (0.0%) gas / (0x6f270104c344189335c32671039a090243bd3ef0056acc5b3579879ec3115723)","throwable":""}
{"timestamp":"2025-09-10T19:07:48,040","container":"7965dbe76a4e","level":"INFO","thread":"EthScheduler-Workers-0","class":"PersistBlockTask","message":"Block 1055 (0x6f270104c344189335c32671039a090243bd3ef0056acc5b3579879ec3115723) is already imported","throwable":""}
{"timestamp":"2025-09-10T19:07:56,026","container":"7965dbe76a4e","level":"INFO","thread":"BftProcessorExecutor-QBFT-0","class":"QbftBesuControllerBuilder","message":"Imported #1,056 / 0 tx / 0 pending / 0 (0.0%) gas / (0xe3f911face137d7c59e0333f905b1427b9cb9a7011d3cdcf157b1a3f6146d066)","throwable":""}
{"timestamp":"2025-09-10T19:08:04,014","container":"7965dbe76a4e","level":"INFO","thread":"BftProcessorExecutor-QBFT-0","class":"QbftBesuControllerBuilder","message":"Imported #1,057 / 0 tx / 0 pending / 0 (0.0%) gas / (0xefcabfe90c5254365819dc5815345698d4c9e22a7b5e55c3e0c6e39844136299)","throwable":""}
{"timestamp":"2025-09-10T19:08:12,017","container":"7965dbe76a4e","level":"INFO","thread":"BftProcessorExecutor-QBFT-0","class":"QbftBesuControllerBuilder","message":"Produced #1,058 / 0 tx / 0 pending / 0 (0.0%) gas / (0x61cc757d708b88d54bd73afdc650a4c012aea162bcf8e90ab27affb797b6a1de)","throwable":""}
{"timestamp":"2025-09-10T19:08:20,013","container":"7965dbe76a4e","level":"INFO","thread":"BftProcessorExecutor-QBFT-0","class":"QbftBesuControllerBuilder","message":"Imported #1,059 / 0 tx / 0 pending / 0 (0.0%) gas / (0xcfe6f825b83c176c4cce725ed6c0fa94261294f9f88634b901db9e9e76345a03)","throwable":""}
{"timestamp":"2025-09-10T19:08:28,019","container":"7965dbe76a4e","level":"INFO","thread":"BftProcessorExecutor-QBFT-0","class":"QbftBesuControllerBuilder","message":"Imported #1,060 / 0 tx / 0 pending / 0 (0.0%) gas / (0xce8eb96caa711cf89d5e883d97df1910ccbcd29b0e5ce3d9222213c710ff6c09)","throwable":""}
{"timestamp":"2025-09-10T19:08:36,014","container":"7965dbe76a4e","level":"INFO","thread":"BftProcessorExecutor-QBFT-0","class":"QbftBesuControllerBuilder","message":"Imported #1,061 / 0 tx / 0 pending / 0 (0.0%) gas / (0x44f4502353a0a3190e04527c4dd9f6bb8305866286077801f409c868374f967b)","throwable":""}
{"timestamp":"2025-09-10T19:08:44,030","container":"7965dbe76a4e","level":"INFO","thread":"BftProcessorExecutor-QBFT-0","class":"QbftBesuControllerBuilder","message":"Produced #1,062 / 0 tx / 0 pending / 0 (0.0%) gas / (0x98d3342b9dd149f8321dcba3b45843f4ba68c3ba9fd273ef0e2bfe4079feca65)","throwable":""}
{"timestamp":"2025-09-10T19:08:44,030","container":"7965dbe76a4e","level":"INFO","thread":"EthScheduler-Workers-0","class":"PersistBlockTask","message":"Block 1062 (0x98d3342b9dd149f8321dcba3b45843f4ba68c3ba9fd273ef0e2bfe4079feca65) is already imported","throwable":""}
{"timestamp":"2025-09-10T19:08:52,028","container":"7965dbe76a4e","level":"INFO","thread":"BftProcessorExecutor-QBFT-0","class":"QbftBesuControllerBuilder","message":"Imported #1,063 / 0 tx / 0 pending / 0 (0.0%) gas / (0x922b231c3760ef01df4d29a8bd70f14978ce61844fb9bf00a5ae7486a24af017)","throwable":""}
{"timestamp":"2025-09-10T19:09:00,038","container":"7965dbe76a4e","level":"INFO","thread":"BftProcessorExecutor-QBFT-0","class":"QbftBesuControllerBuilder","message":"Imported #1,064 / 0 tx / 0 pending / 0 (0.0%) gas / (0x52847f06c048a630b8ee43149ff1acaf3e658a98acb6651197227ed702f5cb74)","throwable":""}
{"timestamp":"2025-09-10T19:09:08,053","container":"7965dbe76a4e","level":"INFO","thread":"BftProcessorExecutor-QBFT-0","class":"QbftBesuControllerBuilder","message":"Imported #1,065 / 0 tx / 0 pending / 0 (0.0%) gas / (0x3fc3fb78f166cac93b90cba99821ad4077ce10c32c2341a72204a1e8b71868c4)","throwable":""}
{"timestamp":"2025-09-10T19:09:08,061","container":"7965dbe76a4e","level":"INFO","thread":"EthScheduler-Workers-0","class":"PersistBlockTask","message":"Block 1065 (0x3fc3fb78f166cac93b90cba99821ad4077ce10c32c2341a72204a1e8b71868c4) is already imported","throwable":""}
{"timestamp":"2025-09-10T19:09:16,045","container":"7965dbe76a4e","level":"INFO","thread":"BftProcessorExecutor-QBFT-0","class":"QbftBesuControllerBuilder","message":"Produced #1,066 / 0 tx / 0 pending / 0 (0.0%) gas / (0x8694614dcaafb2b582fa61461d8a58b2b59dae909fd7c7fdd009256fd7e9e713)","throwable":""}
{"timestamp":"2025-09-10T19:09:24,045","container":"7965dbe76a4e","level":"INFO","thread":"EthScheduler-Workers-0","class":"PersistBlockTask","message":"Block 1067 (0xea6cc5f19815df33a769a887b68d0ac090bdf9e4476d6ddc4b0e13c6449ffeac) is already imported","throwable":""}
{"timestamp":"2025-09-10T19:09:24,047","container":"7965dbe76a4e","level":"INFO","thread":"BftProcessorExecutor-QBFT-0","class":"QbftBesuControllerBuilder","message":"Imported #1,067 / 0 tx / 0 pending / 0 (0.0%) gas / (0xea6cc5f19815df33a769a887b68d0ac090bdf9e4476d6ddc4b0e13c6449ffeac)","throwable":""}
{"timestamp":"2025-09-10T19:09:32,026","container":"7965dbe76a4e","level":"INFO","thread":"BftProcessorExecutor-QBFT-0","class":"QbftBesuControllerBuilder","message":"Imported #1,068 / 0 tx / 0 pending / 0 (0.0%) gas / (0x5776892057645f3df4d2488e194f2f5f52456f9c68ad0f4bbae8ec26db9a8b07)","throwable":""}
{"timestamp":"2025-09-10T19:09:32,030","container":"7965dbe76a4e","level":"INFO","thread":"EthScheduler-Workers-0","class":"PersistBlockTask","message":"Block 1068 (0x5776892057645f3df4d2488e194f2f5f52456f9c68ad0f4bbae8ec26db9a8b07) is already imported","throwable":""}
{"timestamp":"2025-09-10T19:09:40,035","container":"7965dbe76a4e","level":"INFO","thread":"EthScheduler-Workers-0","class":"PersistBlockTask","message":"Block 1069 (0xb7c3ddf11d468c7004b5cb3c5070065f5b30039c3df37491b2fdd9288b606bcc) is already imported","throwable":""}
{"timestamp":"2025-09-10T19:09:40,037","container":"7965dbe76a4e","level":"INFO","thread":"BftProcessorExecutor-QBFT-0","class":"QbftBesuControllerBuilder","message":"Imported #1,069 / 0 tx / 0 pending / 0 (0.0%) gas / (0xb7c3ddf11d468c7004b5cb3c5070065f5b30039c3df37491b2fdd9288b606bcc)","throwable":""}
{"timestamp":"2025-09-10T19:09:48,019","container":"7965dbe76a4e","level":"INFO","thread":"EthScheduler-Workers-0","class":"PersistBlockTask","message":"Imported #1,070 / 0 tx / 0 om / 0 (0.0%) gas / (0xf059721905849384903a475b3e43efc00288843be9de59937e4de6f1de0c4130) in 0.001s. Peers: 5","throwable":""}
{"timestamp":"2025-09-10T19:09:56,023","container":"7965dbe76a4e","level":"INFO","thread":"EthScheduler-Workers-0","class":"PersistBlockTask","message":"Imported #1,071 / 0 tx / 0 om / 0 (0.0%) gas / (0xa376918b63a0fc36d36c73523e544852b84b7f5d48d936438c3314d08ffd92f2) in 0.001s. Peers: 5","throwable":""}
{"timestamp":"2025-09-10T19:10:04,017","container":"7965dbe76a4e","level":"INFO","thread":"EthScheduler-Workers-0","class":"PersistBlockTask","message":"Imported #1,072 / 0 tx / 0 om / 0 (0.0%) gas / (0x999824ec40e18a823bcfd12af8bf9593be6fe8f669718dbdebd9d4a7116b4204) in 0.001s. Peers: 5","throwable":""}
{"timestamp":"2025-09-10T19:10:04,019","container":"7965dbe76a4e","level":"INFO","thread":"BftProcessorExecutor-QBFT-0","class":"QbftBesuControllerBuilder","message":"Imported #1,072 / 0 tx / 0 pending / 0 (0.0%) gas / (0x999824ec40e18a823bcfd12af8bf9593be6fe8f669718dbdebd9d4a7116b4204)","throwable":""}
{"timestamp":"2025-09-10T19:10:12,022","container":"7965dbe76a4e","level":"INFO","thread":"BftProcessorExecutor-QBFT-0","class":"QbftBesuControllerBuilder","message":"Imported #1,073 / 0 tx / 0 pending / 0 (0.0%) gas / (0xd9604d95e44c44e26949aa148cb93331ca7b1c5b2519f1cd89da3a8d0932c235)","throwable":""}
{"timestamp":"2025-09-10T19:10:20,013","container":"7965dbe76a4e","level":"INFO","thread":"BftProcessorExecutor-QBFT-0","class":"QbftBesuControllerBuilder","message":"Produced #1,074 / 0 tx / 0 pending / 0 (0.0%) gas / (0x22a1e2c2723cb95d6571cc8fc351695cc25c4304d662f806462d9b671a20e690)","throwable":""}
{"timestamp":"2025-09-10T19:10:28,016","container":"7965dbe76a4e","level":"INFO","thread":"BftProcessorExecutor-QBFT-0","class":"QbftBesuControllerBuilder","message":"Imported #1,075 / 0 tx / 0 pending / 0 (0.0%) gas / (0x1d253bcbb740e2f91d328e6dc2592ad0d586d71bf541e7feee923867fc4692e6)","throwable":""}
{"timestamp":"2025-09-10T19:10:36,021","container":"7965dbe76a4e","level":"INFO","thread":"EthScheduler-Workers-0","class":"PersistBlockTask","message":"Imported #1,076 / 0 tx / 0 om / 0 (0.0%) gas / (0x152bb0acdf221832d45bc8f32a33858a5563592b60bdb7522aa8ee42047f6164) in 0.004s. Peers: 5","throwable":""}
{"timestamp":"2025-09-10T19:10:36,025","container":"7965dbe76a4e","level":"INFO","thread":"BftProcessorExecutor-QBFT-0","class":"QbftBesuControllerBuilder","message":"Imported #1,076 / 0 tx / 0 pending / 0 (0.0%) gas / (0x152bb0acdf221832d45bc8f32a33858a5563592b60bdb7522aa8ee42047f6164)","throwable":""}
{"timestamp":"2025-09-10T19:10:44,016","container":"7965dbe76a4e","level":"INFO","thread":"BftProcessorExecutor-QBFT-0","class":"QbftBesuControllerBuilder","message":"Imported #1,077 / 0 tx / 0 pending / 0 (0.0%) gas / (0xd04edfdfb8d47a5a63e9042d3561afe384ce2469cc4cd0b0a4ed8a78d5d027ef)","throwable":""}
{"timestamp":"2025-09-10T19:10:52,034","container":"7965dbe76a4e","level":"INFO","thread":"BftProcessorExecutor-QBFT-0","class":"QbftBesuControllerBuilder","message":"Produced #1,078 / 0 tx / 0 pending / 0 (0.0%) gas / (0xff5629ffe492d15c1503e8195e8ab6955337e6a82e2973044c4d7410f3de2621)","throwable":""}
{"timestamp":"2025-09-10T19:11:00,024","container":"7965dbe76a4e","level":"INFO","thread":"BftProcessorExecutor-QBFT-0","class":"QbftBesuControllerBuilder","message":"Imported #1,079 / 0 tx / 0 pending / 0 (0.0%) gas / (0xc37fc370aab2c0d680d489067474af0fabbb9d73210a88d3f800195f69f212cd)","throwable":""}
{"timestamp":"2025-09-10T19:14:51,677","container":"7965dbe76a4e","level":"INFO","thread":"BftProcessorExecutor-QBFT-0","class":"QbftBesuControllerBuilder","message":"Imported #1,080 / 0 tx / 0 pending / 0 (0.0%) gas / (0xe4bd031561e0577951d784d97bdff9aecd7864d5fe553fbac7449d27fc9ba3f4)","throwable":""}
{"timestamp":"2025-09-10T23:53:50,003","container":"7965dbe76a4e","level":"INFO","thread":"BftProcessorExecutor-QBFT-0","class":"QbftBesuControllerBuilder","message":"Imported #1,081 / 0 tx / 0 pending / 0 (0.0%) gas / (0x6feb107ba7ea8e23f35d70fbd733d8408acaed9d08998e238f94422521935b5a)","throwable":""}
{"timestamp":"2025-09-12T16:07:15,884","container":"7965dbe76a4e","level":"INFO","thread":"BftProcessorExecutor-QBFT-0","class":"QbftBesuControllerBuilder","message":"Produced #1,082 / 0 tx / 0 pending / 0 (0.0%) gas / (0x0c22351cdec6d01b7268ba8fe3afcfd5997a502e1d82addf78e30ee109d0da54)","throwable":""}
{"timestamp":"2025-09-12T16:07:15,895","container":"7965dbe76a4e","level":"INFO","thread":"EthScheduler-Workers-0","class":"PersistBlockTask","message":"Imported #1,082 / 0 tx / 0 om / 0 (0.0%) gas / (0x0c22351cdec6d01b7268ba8fe3afcfd5997a502e1d82addf78e30ee109d0da54) in 0.012s. Peers: 5","throwable":""}
{"timestamp":"2025-09-12T16:07:24,022","container":"7965dbe76a4e","level":"INFO","thread":"BftProcessorExecutor-QBFT-0","class":"QbftBesuControllerBuilder","message":"Imported #1,083 / 0 tx / 0 pending / 0 (0.0%) gas / (0x3e38ad0f8d5d32712eb4f9d7c0b5fd3cde2681534635be50b925e1659087e0ab)","throwable":""}
{"timestamp":"2025-09-12T16:07:32,056","container":"7965dbe76a4e","level":"INFO","thread":"BftProcessorExecutor-QBFT-0","class":"QbftBesuControllerBuilder","message":"Imported #1,084 / 0 tx / 0 pending / 0 (0.0%) gas / (0xc07f51ae9e1ec1b08719ae6a1517d1ab46ab0a7eeb5cfbdc184550cceaff2792)","throwable":""}
{"timestamp":"2025-09-12T16:07:40,024","container":"7965dbe76a4e","level":"INFO","thread":"BftProcessorExecutor-QBFT-0","class":"QbftBesuControllerBuilder","message":"Imported #1,085 / 0 tx / 0 pending / 0 (0.0%) gas / (0xb77139624b9380dcfda0949f810e2531b13eb2aca85320c28dde5afdb0fc8cf1)","throwable":""}
{"timestamp":"2025-09-12T16:07:48,036","container":"7965dbe76a4e","level":"INFO","thread":"BftProcessorExecutor-QBFT-0","class":"QbftBesuControllerBuilder","message":"Produced #1,086 / 0 tx / 0 pending / 0 (0.0%) gas / (0x06072eeca945ed718c5bebef8a456cdce00c3287b2b26c3935548f6cd425be67)","throwable":""}
{"timestamp":"2025-09-12T16:07:56,031","container":"7965dbe76a4e","level":"INFO","thread":"BftProcessorExecutor-QBFT-0","class":"QbftBesuControllerBuilder","message":"Imported #1,087 / 0 tx / 0 pending / 0 (0.0%) gas / (0x8abfe7024ecebc984e73dbfa83d8f8a97385a51f5b84d239116cf0a2a48531a0)","throwable":""}
{"timestamp":"2025-09-12T16:08:04,031","container":"7965dbe76a4e","level":"INFO","thread":"BftProcessorExecutor-QBFT-0","class":"QbftBesuControllerBuilder","message":"Imported #1,088 / 0 tx / 0 pending / 0 (0.0%) gas / (0x56681b214a750de861994e43a2fc492e80634df5684aeae8f2f6ea6bda66ba89)","throwable":""}
{"timestamp":"2025-09-12T16:08:12,028","container":"7965dbe76a4e","level":"INFO","thread":"BftProcessorExecutor-QBFT-0","class":"QbftBesuControllerBuilder","message":"Imported #1,089 / 0 tx / 0 pending / 0 (0.0%) gas / (0xe5bfa978e827d26bf0870a619caff542867251446e2e064949363f02c2d80ce5)","throwable":""}
{"timestamp":"2025-09-12T16:08:20,022","container":"7965dbe76a4e","level":"INFO","thread":"BftProcessorExecutor-QBFT-0","class":"QbftBesuControllerBuilder","message":"Produced #1,090 / 0 tx / 0 pending / 0 (0.0%) gas / (0x3ac531532971e68f0b3e31df148957d2353635f7192f1e86e649e1de203124fa)","throwable":""}
{"timestamp":"2025-09-12T16:08:28,024","container":"7965dbe76a4e","level":"INFO","thread":"BftProcessorExecutor-QBFT-0","class":"QbftBesuControllerBuilder","message":"Imported #1,091 / 0 tx / 0 pending / 0 (0.0%) gas / (0x1189b43e79819873834224b018bf820d557280d4208b405101e4cb0830e6b107)","throwable":""}
{"timestamp":"2025-09-12T16:08:36,023","container":"7965dbe76a4e","level":"INFO","thread":"BftProcessorExecutor-QBFT-0","class":"QbftBesuControllerBuilder","message":"Imported #1,092 / 0 tx / 0 pending / 0 (0.0%) gas / (0xb03f2a5c92c32df962d5b1d1ec5a799025c8d03782f9bd07db6d3c94830d8d2d)","throwable":""}
{"timestamp":"2025-09-12T16:08:44,032","container":"7965dbe76a4e","level":"INFO","thread":"BftProcessorExecutor-QBFT-0","class":"QbftBesuControllerBuilder","message":"Imported #1,093 / 0 tx / 0 pending / 0 (0.0%) gas / (0xdb5f597000d58dc1dcd5cf5caa1c4dae4312450625960db42e5c85a0e783deb2)","throwable":""}
{"timestamp":"2025-09-12T16:08:52,032","container":"7965dbe76a4e","level":"INFO","thread":"BftProcessorExecutor-QBFT-0","class":"QbftBesuControllerBuilder","message":"Produced #1,094 / 0 tx / 0 pending / 0 (0.0%) gas / (0x063973db26029f2ab1a489fd25a570072ccdd6e3052fa81e158c35845b6c58f2)","throwable":""}
{"timestamp":"2025-09-12T16:08:52,034","container":"7965dbe76a4e","level":"INFO","thread":"EthScheduler-Workers-0","class":"PersistBlockTask","message":"Block 1094 (0x063973db26029f2ab1a489fd25a570072ccdd6e3052fa81e158c35845b6c58f2) is already imported","throwable":""}
{"timestamp":"2025-09-12T16:09:00,029","container":"7965dbe76a4e","level":"INFO","thread":"BftProcessorExecutor-QBFT-0","class":"QbftBesuControllerBuilder","message":"Imported #1,095 / 0 tx / 0 pending / 0 (0.0%) gas / (0x3667bc5d5194cba96299442d6c91530501e7add17662e47799504cb073e282a5)","throwable":""}
{"timestamp":"2025-09-12T16:09:00,030","container":"7965dbe76a4e","level":"INFO","thread":"EthScheduler-Workers-0","class":"PersistBlockTask","message":"Block 1095 (0x3667bc5d5194cba96299442d6c91530501e7add17662e47799504cb073e282a5) is already imported","throwable":""}
{"timestamp":"2025-09-12T16:09:08,020","container":"7965dbe76a4e","level":"INFO","thread":"BftProcessorExecutor-QBFT-0","class":"QbftBesuControllerBuilder","message":"Imported #1,096 / 0 tx / 0 pending / 0 (0.0%) gas / (0xb4cdfb60171aa917955e598a1ba18f6bd99f8388e13cc2f7277cfe2665c7ddc1)","throwable":""}
{"timestamp":"2025-09-12T16:09:16,055","container":"7965dbe76a4e","level":"INFO","thread":"BftProcessorExecutor-QBFT-0","class":"QbftBesuControllerBuilder","message":"Imported #1,097 / 0 tx / 0 pending / 0 (0.0%) gas / (0xd2f9a21e86f924e90f20847c12a08369800645703132e04c18480d2c6fbc3f74)","throwable":""}
{"timestamp":"2025-09-12T16:09:24,020","container":"7965dbe76a4e","level":"INFO","thread":"BftProcessorExecutor-QBFT-0","class":"QbftBesuControllerBuilder","message":"Produced #1,098 / 0 tx / 0 pending / 0 (0.0%) gas / (0x24eec41cc7d8e385df73f7584554209df06d5d5975b8a8fd90cc41c00467152a)","throwable":""}
{"timestamp":"2025-09-12T16:09:32,026","container":"7965dbe76a4e","level":"INFO","thread":"BftProcessorExecutor-QBFT-0","class":"QbftBesuControllerBuilder","message":"Imported #1,099 / 0 tx / 0 pending / 0 (0.0%) gas / (0xf2c90b4655aba76738b30927369f6b079bf76d402af423eadd2851b0fa7a66ee)","throwable":""}
{"timestamp":"2025-09-12T16:09:40,021","container":"7965dbe76a4e","level":"INFO","thread":"BftProcessorExecutor-QBFT-0","class":"QbftBesuControllerBuilder","message":"Imported #1,100 / 0 tx / 0 pending / 0 (0.0%) gas / (0x420aa48f0bfd078e20bd9b478df06fb2fe6677461f11546607f0c150f8aaa345)","throwable":""}
{"timestamp":"2025-09-12T16:09:48,026","container":"7965dbe76a4e","level":"INFO","thread":"BftProcessorExecutor-QBFT-0","class":"QbftBesuControllerBuilder","message":"Imported #1,101 / 0 tx / 0 pending / 0 (0.0%) gas / (0x539402f21ef5f0b8bb69a28e4ff4e80b73eed001a84b93964348882e4ad673f1)","throwable":""}
{"timestamp":"2025-09-12T16:09:56,021","container":"7965dbe76a4e","level":"INFO","thread":"BftProcessorExecutor-QBFT-0","class":"QbftBesuControllerBuilder","message":"Produced #1,102 / 0 tx / 0 pending / 0 (0.0%) gas / (0xc4c9c60c04e6e50bce036440ea6b2553c4eb38a041f1fa60ebb7c72b4a0cf69c)","throwable":""}
{"timestamp":"2025-09-12T16:10:04,021","container":"7965dbe76a4e","level":"INFO","thread":"BftProcessorExecutor-QBFT-0","class":"QbftBesuControllerBuilder","message":"Imported #1,103 / 0 tx / 0 pending / 0 (0.0%) gas / (0x600b23fff3ca9113fb6e0929776d331276f6cbe7143aad792fa2fc6e1201d4da)","throwable":""}
{"timestamp":"2025-09-12T16:10:12,024","container":"7965dbe76a4e","level":"INFO","thread":"EthScheduler-Workers-0","class":"PersistBlockTask","message":"Block 1104 (0x3f640f7e14a0a96415b177f1b1c465dea79504c32c25a91c6d6d39b7baec9049) is already imported","throwable":""}
{"timestamp":"2025-09-12T16:10:12,024","container":"7965dbe76a4e","level":"INFO","thread":"BftProcessorExecutor-QBFT-0","class":"QbftBesuControllerBuilder","message":"Imported #1,104 / 0 tx / 0 pending / 0 (0.0%) gas / (0x3f640f7e14a0a96415b177f1b1c465dea79504c32c25a91c6d6d39b7baec9049)","throwable":""}
{"timestamp":"2025-09-12T16:10:20,024","container":"7965dbe76a4e","level":"INFO","thread":"BftProcessorExecutor-QBFT-0","class":"QbftBesuControllerBuilder","message":"Imported #1,105 / 0 tx / 0 pending / 0 (0.0%) gas / (0x153be06be62fa2174c432eea04dc1b137646ab68aee12869faf41398083c93cb)","throwable":""}
{"timestamp":"2025-09-12T16:10:28,023","container":"7965dbe76a4e","level":"INFO","thread":"BftProcessorExecutor-QBFT-0","class":"QbftBesuControllerBuilder","message":"Produced #1,106 / 0 tx / 0 pending / 0 (0.0%) gas / (0x72d20686dbd49491f7d5f1d0b8482b94cb60b5401b2c875592108f6bfcbf77c4)","throwable":""}
{"timestamp":"2025-09-12T16:10:28,023","container":"7965dbe76a4e","level":"INFO","thread":"EthScheduler-Workers-0","class":"PersistBlockTask","message":"Block 1106 (0x72d20686dbd49491f7d5f1d0b8482b94cb60b5401b2c875592108f6bfcbf77c4) is already imported","throwable":""}
{"timestamp":"2025-09-12T16:10:36,032","container":"7965dbe76a4e","level":"INFO","thread":"EthScheduler-Workers-0","class":"PersistBlockTask","message":"Imported #1,107 / 0 tx / 0 om / 0 (0.0%) gas / (0x54ae222a4fae50b17950e8ce0cabd05e19473b0c4eee758754b6753c375f1bf6) in 0.003s. Peers: 5","throwable":""}
{"timestamp":"2025-09-12T16:10:44,020","container":"7965dbe76a4e","level":"INFO","thread":"BftProcessorExecutor-QBFT-0","class":"QbftBesuControllerBuilder","message":"Imported #1,108 / 0 tx / 0 pending / 0 (0.0%) gas / (0x4161a43dd710b626485d8df11342408d50ff646fa52392ea6c92e89be87c685b)","throwable":""}
{"timestamp":"2025-09-12T16:10:52,034","container":"7965dbe76a4e","level":"INFO","thread":"EthScheduler-Workers-0","class":"PersistBlockTask","message":"Block 1109 (0xba739540633de083b8fd8dc3f4bbcdaa7119b909eddf4ca7434380c260fffb0b) is already imported","throwable":""}
{"timestamp":"2025-09-12T16:10:52,034","container":"7965dbe76a4e","level":"INFO","thread":"BftProcessorExecutor-QBFT-0","class":"QbftBesuControllerBuilder","message":"Imported #1,109 / 0 tx / 0 pending / 0 (0.0%) gas / (0xba739540633de083b8fd8dc3f4bbcdaa7119b909eddf4ca7434380c260fffb0b)","throwable":""}
{"timestamp":"2025-09-12T16:11:00,024","container":"7965dbe76a4e","level":"INFO","thread":"BftProcessorExecutor-QBFT-0","class":"QbftBesuControllerBuilder","message":"Produced #1,110 / 0 tx / 0 pending / 0 (0.0%) gas / (0x9efbc5a2aae4300070d4059d45474230714325beed72a248775de7648c794427)","throwable":""}
{"timestamp":"2025-09-12T16:11:08,020","container":"7965dbe76a4e","level":"INFO","thread":"BftProcessorExecutor-QBFT-0","class":"QbftBesuControllerBuilder","message":"Imported #1,111 / 0 tx / 0 pending / 0 (0.0%) gas / (0x45d3494f0d02c4a5a65f172ccc1a3aaf0512c4f867977b8a33716155dab85819)","throwable":""}
{"timestamp":"2025-09-12T16:11:16,019","container":"7965dbe76a4e","level":"INFO","thread":"BftProcessorExecutor-QBFT-0","class":"QbftBesuControllerBuilder","message":"Imported #1,112 / 0 tx / 0 pending / 0 (0.0%) gas / (0xcf485dc649825f76f833bfbd1d21657b958a348ad7e923237f03ce8af2bec808)","throwable":""}
{"timestamp":"2025-09-12T16:11:24,024","container":"7965dbe76a4e","level":"INFO","thread":"BftProcessorExecutor-QBFT-0","class":"QbftBesuControllerBuilder","message":"Imported #1,113 / 0 tx / 0 pending / 0 (0.0%) gas / (0x3cbc4acc137f362de3911dabd796b5eb2edb3eecb7f2e7d577f0c5f7fecce0f7)","throwable":""}
{"timestamp":"2025-09-12T16:11:32,021","container":"7965dbe76a4e","level":"INFO","thread":"EthScheduler-Workers-0","class":"PersistBlockTask","message":"Block 1114 (0x861faa672a6a164b33d49991eac6e9422074d12070691563287d67fec593e97d) is already imported","throwable":""}
{"timestamp":"2025-09-12T16:11:32,022","container":"7965dbe76a4e","level":"INFO","thread":"BftProcessorExecutor-QBFT-0","class":"QbftBesuControllerBuilder","message":"Produced #1,114 / 0 tx / 0 pending / 0 (0.0%) gas / (0x861faa672a6a164b33d49991eac6e9422074d12070691563287d67fec593e97d)","throwable":""}
{"timestamp":"2025-09-12T16:11:40,025","container":"7965dbe76a4e","level":"INFO","thread":"EthScheduler-Workers-0","class":"PersistBlockTask","message":"Block 1115 (0x69a3aa34a39ded9b43050b611320d92cde7fe4cbfe46eb92cfab7819787f42cc) is already imported","throwable":""}
{"timestamp":"2025-09-12T16:11:40,026","container":"7965dbe76a4e","level":"INFO","thread":"BftProcessorExecutor-QBFT-0","class":"QbftBesuControllerBuilder","message":"Imported #1,115 / 0 tx / 0 pending / 0 (0.0%) gas / (0x69a3aa34a39ded9b43050b611320d92cde7fe4cbfe46eb92cfab7819787f42cc)","throwable":""}
{"timestamp":"2025-09-12T16:11:48,021","container":"7965dbe76a4e","level":"INFO","thread":"BftProcessorExecutor-QBFT-0","class":"QbftBesuControllerBuilder","message":"Imported #1,116 / 0 tx / 0 pending / 0 (0.0%) gas / (0x426941cb1301f6f0b593245d23739923f38f9a051981560dedcc4969365f577b)","throwable":""}
{"timestamp":"2025-09-12T16:11:48,024","container":"7965dbe76a4e","level":"INFO","thread":"EthScheduler-Workers-0","class":"PersistBlockTask","message":"Block 1116 (0x426941cb1301f6f0b593245d23739923f38f9a051981560dedcc4969365f577b) is already imported","throwable":""}
{"timestamp":"2025-09-12T16:11:56,025","container":"7965dbe76a4e","level":"INFO","thread":"EthScheduler-Workers-0","class":"PersistBlockTask","message":"Block 1117 (0x4e2e4dfea0a7c06e0c86c4c9674211e914177dfb4f38b85c0e18880647ba2fbf) is already imported","throwable":""}
{"timestamp":"2025-09-12T16:11:56,025","container":"7965dbe76a4e","level":"INFO","thread":"BftProcessorExecutor-QBFT-0","class":"QbftBesuControllerBuilder","message":"Imported #1,117 / 0 tx / 0 pending / 0 (0.0%) gas / (0x4e2e4dfea0a7c06e0c86c4c9674211e914177dfb4f38b85c0e18880647ba2fbf)","throwable":""}
{"timestamp":"2025-09-12T16:12:04,021","container":"7965dbe76a4e","level":"INFO","thread":"BftProcessorExecutor-QBFT-0","class":"QbftBesuControllerBuilder","message":"Produced #1,118 / 0 tx / 0 pending / 0 (0.0%) gas / (0x3920087262452323cce2e4fde909662afb6626d64fc1935a0ff19b294cc04a54)","throwable":""}
{"timestamp":"2025-09-12T16:12:12,016","container":"7965dbe76a4e","level":"INFO","thread":"BftProcessorExecutor-QBFT-0","class":"QbftBesuControllerBuilder","message":"Imported #1,119 / 0 tx / 0 pending / 0 (0.0%) gas / (0x997f5e165544a01aa9b43a5d72385e268903fcae5d4c761ed3b5b8068582eabf)","throwable":""}
{"timestamp":"2025-09-12T16:12:20,019","container":"7965dbe76a4e","level":"INFO","thread":"BftProcessorExecutor-QBFT-0","class":"QbftBesuControllerBuilder","message":"Imported #1,120 / 0 tx / 0 pending / 0 (0.0%) gas / (0xd1dd1e79e2d6129e280aa642c981f18ae1dc6d3141039e1af6758f27f04095c0)","throwable":""}
{"timestamp":"2025-09-12T16:12:20,019","container":"7965dbe76a4e","level":"INFO","thread":"EthScheduler-Workers-0","class":"PersistBlockTask","message":"Block 1120 (0xd1dd1e79e2d6129e280aa642c981f18ae1dc6d3141039e1af6758f27f04095c0) is already imported","throwable":""}
{"timestamp":"2025-09-12T16:12:28,024","container":"7965dbe76a4e","level":"INFO","thread":"EthScheduler-Workers-0","class":"PersistBlockTask","message":"Imported #1,121 / 0 tx / 0 om / 0 (0.0%) gas / (0x085580a6971038219d121bdded34acc8ad4e4818f297ce15b39627fb425370de) in 0.002s. Peers: 5","throwable":""}
{"timestamp":"2025-09-12T16:12:36,022","container":"7965dbe76a4e","level":"INFO","thread":"BftProcessorExecutor-QBFT-0","class":"QbftBesuControllerBuilder","message":"Produced #1,122 / 0 tx / 0 pending / 0 (0.0%) gas / (0xa6c4412524894e70b2b9fbffea30f6ad003cd6b5c91f3db570af1ac86753cf3b)","throwable":""}
{"timestamp":"2025-09-12T16:12:36,022","container":"7965dbe76a4e","level":"INFO","thread":"EthScheduler-Workers-0","class":"PersistBlockTask","message":"Block 1122 (0xa6c4412524894e70b2b9fbffea30f6ad003cd6b5c91f3db570af1ac86753cf3b) is already imported","throwable":""}
{"timestamp":"2025-09-12T16:12:44,024","container":"7965dbe76a4e","level":"INFO","thread":"BftProcessorExecutor-QBFT-0","class":"QbftBesuControllerBuilder","message":"Imported #1,123 / 0 tx / 0 pending / 0 (0.0%) gas / (0xf542743db3ca00dacbb50cb9be00ae55961c6ace4b385620526cb6f93907907f)","throwable":""}
{"timestamp":"2025-09-12T16:12:52,028","container":"7965dbe76a4e","level":"INFO","thread":"BftProcessorExecutor-QBFT-0","class":"QbftBesuControllerBuilder","message":"Imported #1,124 / 0 tx / 0 pending / 0 (0.0%) gas / (0xd14a0cafb2915c4138dbfe786b3c66494356bab24c6c8542fbc5725ecaffe541)","throwable":""}
{"timestamp":"2025-09-12T16:13:00,028","container":"7965dbe76a4e","level":"INFO","thread":"BftProcessorExecutor-QBFT-0","class":"QbftBesuControllerBuilder","message":"Imported #1,125 / 0 tx / 0 pending / 0 (0.0%) gas / (0xfb8b34704bdc39e01748e744c8743074c87d9dd205ef5ba2004819e3b03cf62a)","throwable":""}
{"timestamp":"2025-09-12T16:13:00,029","container":"7965dbe76a4e","level":"INFO","thread":"EthScheduler-Workers-0","class":"PersistBlockTask","message":"Block 1125 (0xfb8b34704bdc39e01748e744c8743074c87d9dd205ef5ba2004819e3b03cf62a) is already imported","throwable":""}
{"timestamp":"2025-09-12T16:13:08,049","container":"7965dbe76a4e","level":"INFO","thread":"BftProcessorExecutor-QBFT-0","class":"QbftBesuControllerBuilder","message":"Produced #1,126 / 0 tx / 0 pending / 0 (0.0%) gas / (0xabb7c2fe847cdc770c59c7445e1cc0c8686e82d85747f0ac6881103286b80575)","throwable":""}
{"timestamp":"2025-09-12T16:13:08,060","container":"7965dbe76a4e","level":"INFO","thread":"EthScheduler-Workers-0","class":"PersistBlockTask","message":"Block 1126 (0xabb7c2fe847cdc770c59c7445e1cc0c8686e82d85747f0ac6881103286b80575) is already imported","throwable":""}
{"timestamp":"2025-09-12T16:13:16,034","container":"7965dbe76a4e","level":"INFO","thread":"EthScheduler-Workers-0","class":"PersistBlockTask","message":"Imported #1,127 / 0 tx / 0 om / 0 (0.0%) gas / (0x4a5a6a26b8aa322de38d093d5fb5dec87946ec07c782eac0bc1fb1f526a237c8) in 0.002s. Peers: 5","throwable":""}
{"timestamp":"2025-09-12T16:13:24,022","container":"7965dbe76a4e","level":"INFO","thread":"BftProcessorExecutor-QBFT-0","class":"QbftBesuControllerBuilder","message":"Imported #1,128 / 0 tx / 0 pending / 0 (0.0%) gas / (0xab245a59dd273f854deb9d8aff444a731954f2c0b2d08ab8e059711ba74b0eb8)","throwable":""}
{"timestamp":"2025-09-12T16:13:24,023","container":"7965dbe76a4e","level":"INFO","thread":"EthScheduler-Workers-0","class":"PersistBlockTask","message":"Block 1128 (0xab245a59dd273f854deb9d8aff444a731954f2c0b2d08ab8e059711ba74b0eb8) is already imported","throwable":""}
{"timestamp":"2025-09-12T16:13:32,020","container":"7965dbe76a4e","level":"INFO","thread":"BftProcessorExecutor-QBFT-0","class":"QbftBesuControllerBuilder","message":"Imported #1,129 / 0 tx / 0 pending / 0 (0.0%) gas / (0x2a1e1e443c26b2bdee0aba3bbb9c1b99a5167f3eb6ca6c12f25ae15b59c0ae21)","throwable":""}
{"timestamp":"2025-09-12T16:13:40,015","container":"7965dbe76a4e","level":"INFO","thread":"BftProcessorExecutor-QBFT-0","class":"QbftBesuControllerBuilder","message":"Produced #1,130 / 0 tx / 0 pending / 0 (0.0%) gas / (0x73861e4aa99a60b2d68da153736bbec5867cb38d23abcce8964d8c15b6142235)","throwable":""}
{"timestamp":"2025-09-12T16:13:48,022","container":"7965dbe76a4e","level":"INFO","thread":"BftProcessorExecutor-QBFT-0","class":"QbftBesuControllerBuilder","message":"Imported #1,131 / 0 tx / 0 pending / 0 (0.0%) gas / (0x51229c407db33be05ae2143888e1a28c9be1cb3aa9948d777c8d48eefce90cc5)","throwable":""}
{"timestamp":"2025-09-12T16:13:48,022","container":"7965dbe76a4e","level":"INFO","thread":"EthScheduler-Workers-0","class":"PersistBlockTask","message":"Block 1131 (0x51229c407db33be05ae2143888e1a28c9be1cb3aa9948d777c8d48eefce90cc5) is already imported","throwable":""}
{"timestamp":"2025-09-12T16:13:56,025","container":"7965dbe76a4e","level":"INFO","thread":"BftProcessorExecutor-QBFT-0","class":"QbftBesuControllerBuilder","message":"Imported #1,132 / 0 tx / 0 pending / 0 (0.0%) gas / (0x8e1bf7fa8a22f31e9d241e3d9dd9b94c557754b0b7bde0737afce2ed0f4e3af8)","throwable":""}
{"timestamp":"2025-09-12T16:13:56,027","container":"7965dbe76a4e","level":"INFO","thread":"EthScheduler-Workers-0","class":"PersistBlockTask","message":"Block 1132 (0x8e1bf7fa8a22f31e9d241e3d9dd9b94c557754b0b7bde0737afce2ed0f4e3af8) is already imported","throwable":""}
{"timestamp":"2025-09-12T16:14:04,019","container":"7965dbe76a4e","level":"INFO","thread":"BftProcessorExecutor-QBFT-0","class":"QbftBesuControllerBuilder","message":"Imported #1,133 / 0 tx / 0 pending / 0 (0.0%) gas / (0x22afceeec2caf5ede9b54fb32e0daf6eca888935e78ddff86e8ecb9dcdb200a6)","throwable":""}
{"timestamp":"2025-09-12T16:14:12,023","container":"7965dbe76a4e","level":"INFO","thread":"BftProcessorExecutor-QBFT-0","class":"QbftBesuControllerBuilder","message":"Produced #1,134 / 0 tx / 0 pending / 0 (0.0%) gas / (0xa8b7bb68e18eb851e12f02b87758ab6984c24f016d8155f2226f0357a97b101e)","throwable":""}
{"timestamp":"2025-09-12T16:14:20,022","container":"7965dbe76a4e","level":"INFO","thread":"EthScheduler-Workers-0","class":"PersistBlockTask","message":"Block 1135 (0x542e095734eb75056c2e42cbd5b766f9b9e2a748a3b20678f4174e9b28657701) is already imported","throwable":""}
{"timestamp":"2025-09-12T16:14:20,023","container":"7965dbe76a4e","level":"INFO","thread":"BftProcessorExecutor-QBFT-0","class":"QbftBesuControllerBuilder","message":"Imported #1,135 / 0 tx / 0 pending / 0 (0.0%) gas / (0x542e095734eb75056c2e42cbd5b766f9b9e2a748a3b20678f4174e9b28657701)","throwable":""}
{"timestamp":"2025-09-12T16:14:28,019","container":"7965dbe76a4e","level":"INFO","thread":"BftProcessorExecutor-QBFT-0","class":"QbftBesuControllerBuilder","message":"Imported #1,136 / 0 tx / 0 pending / 0 (0.0%) gas / (0xbf992ef466e82c0ccbea15d36d56d029d644c6823065bfbb5506becb356e1c2e)","throwable":""}
{"timestamp":"2025-09-12T16:14:36,024","container":"7965dbe76a4e","level":"INFO","thread":"EthScheduler-Workers-0","class":"PersistBlockTask","message":"Imported #1,137 / 0 tx / 0 om / 0 (0.0%) gas / (0xc46631162c1e5f34293fca502e4813ffa16fdbc788b3b1bfb022803a586a6bf9) in 0.002s. Peers: 5","throwable":""}
{"timestamp":"2025-09-12T16:14:44,020","container":"7965dbe76a4e","level":"INFO","thread":"BftProcessorExecutor-QBFT-0","class":"QbftBesuControllerBuilder","message":"Produced #1,138 / 0 tx / 0 pending / 0 (0.0%) gas / (0x50b2a4c8373b06a6f6fb8353b387cdf27281a055de6aee102b7e51d75eebf1c8)","throwable":""}
{"timestamp":"2025-09-12T16:14:52,025","container":"7965dbe76a4e","level":"INFO","thread":"EthScheduler-Workers-0","class":"PersistBlockTask","message":"Block 1139 (0x99b7a4723b1fb765e87970e4cfcab2e105ce1e1701fa14faa3386e9452eda11f) is already imported","throwable":""}
{"timestamp":"2025-09-12T16:14:52,026","container":"7965dbe76a4e","level":"INFO","thread":"BftProcessorExecutor-QBFT-0","class":"QbftBesuControllerBuilder","message":"Imported #1,139 / 0 tx / 0 pending / 0 (0.0%) gas / (0x99b7a4723b1fb765e87970e4cfcab2e105ce1e1701fa14faa3386e9452eda11f)","throwable":""}
{"timestamp":"2025-09-12T16:15:00,022","container":"7965dbe76a4e","level":"INFO","thread":"BftProcessorExecutor-QBFT-0","class":"QbftBesuControllerBuilder","message":"Imported #1,140 / 0 tx / 0 pending / 0 (0.0%) gas / (0x6580115418462d2ae425b9a0f6b35883a624f05420bbbd75d015c8e661282000)","throwable":""}
{"timestamp":"2025-09-12T16:15:08,023","container":"7965dbe76a4e","level":"INFO","thread":"EthScheduler-Workers-0","class":"PersistBlockTask","message":"Block 1141 (0x9af893250c763ecd6185ba393d2113c512b032d774bc82ce7f2db028c973e1c6) is already imported","throwable":""}
{"timestamp":"2025-09-12T16:15:08,024","container":"7965dbe76a4e","level":"INFO","thread":"BftProcessorExecutor-QBFT-0","class":"QbftBesuControllerBuilder","message":"Imported #1,141 / 0 tx / 0 pending / 0 (0.0%) gas / (0x9af893250c763ecd6185ba393d2113c512b032d774bc82ce7f2db028c973e1c6)","throwable":""}
{"timestamp":"2025-09-12T16:15:16,018","container":"7965dbe76a4e","level":"INFO","thread":"BftProcessorExecutor-QBFT-0","class":"QbftBesuControllerBuilder","message":"Produced #1,142 / 0 tx / 0 pending / 0 (0.0%) gas / (0xdca6843cf28722a210ab813b94deb36a1466e4a6d4a97fe9514a0ff0836a3f2c)","throwable":""}
{"timestamp":"2025-09-12T16:15:24,016","container":"7965dbe76a4e","level":"INFO","thread":"BftProcessorExecutor-QBFT-0","class":"QbftBesuControllerBuilder","message":"Imported #1,143 / 0 tx / 0 pending / 0 (0.0%) gas / (0x4d0b3b0ef5d0a47a1e1e70c15bb3866c6271c952836c301c1a4d944d9c12445e)","throwable":""}
{"timestamp":"2025-09-12T16:15:32,020","container":"7965dbe76a4e","level":"INFO","thread":"BftProcessorExecutor-QBFT-0","class":"QbftBesuControllerBuilder","message":"Imported #1,144 / 0 tx / 0 pending / 0 (0.0%) gas / (0x7bdc280dfc39f0a7b1bf707229d4cc1517341202338a593e9171816614f4bd27)","throwable":""}
{"timestamp":"2025-09-12T16:15:40,019","container":"7965dbe76a4e","level":"INFO","thread":"BftProcessorExecutor-QBFT-0","class":"QbftBesuControllerBuilder","message":"Imported #1,145 / 0 tx / 0 pending / 0 (0.0%) gas / (0x27e44e8ddc254f90041ed39c4ff440c7031eb6519f9815fe4603bf3c127d438e)","throwable":""}
{"timestamp":"2025-09-12T16:15:40,020","container":"7965dbe76a4e","level":"INFO","thread":"EthScheduler-Workers-0","class":"PersistBlockTask","message":"Block 1145 (0x27e44e8ddc254f90041ed39c4ff440c7031eb6519f9815fe4603bf3c127d438e) is already imported","throwable":""}
{"timestamp":"2025-09-12T16:15:48,021","container":"7965dbe76a4e","level":"INFO","thread":"EthScheduler-Workers-0","class":"PersistBlockTask","message":"Block 1146 (0x7f05cbee390fef9e4e0472b5f22cf8d979816099a87313f2fa9a44a3ed957726) is already imported","throwable":""}
{"timestamp":"2025-09-12T16:15:48,021","container":"7965dbe76a4e","level":"INFO","thread":"BftProcessorExecutor-QBFT-0","class":"QbftBesuControllerBuilder","message":"Produced #1,146 / 0 tx / 0 pending / 0 (0.0%) gas / (0x7f05cbee390fef9e4e0472b5f22cf8d979816099a87313f2fa9a44a3ed957726)","throwable":""}
{"timestamp":"2025-09-12T16:15:56,017","container":"7965dbe76a4e","level":"INFO","thread":"BftProcessorExecutor-QBFT-0","class":"QbftBesuControllerBuilder","message":"Imported #1,147 / 0 tx / 0 pending / 0 (0.0%) gas / (0xa9b702cf4d64b8897e845766ab3dd91a088df1314f7c2781bc14261f1db11ad1)","throwable":""}
{"timestamp":"2025-09-12T16:16:04,016","container":"7965dbe76a4e","level":"INFO","thread":"BftProcessorExecutor-QBFT-0","class":"QbftBesuControllerBuilder","message":"Imported #1,148 / 0 tx / 0 pending / 0 (0.0%) gas / (0xf62b8c03c45a6ee225b066bd7fab7276d2b8072249ce659da0ae2cfa20463e9f)","throwable":""}
{"timestamp":"2025-09-12T16:16:12,020","container":"7965dbe76a4e","level":"INFO","thread":"BftProcessorExecutor-QBFT-0","class":"QbftBesuControllerBuilder","message":"Imported #1,149 / 0 tx / 0 pending / 0 (0.0%) gas / (0xa315776d7cb21d996bab87bdf441cede6984e0205873aa0dadc3064424c50e3c)","throwable":""}
{"timestamp":"2025-09-12T16:16:20,031","container":"7965dbe76a4e","level":"INFO","thread":"EthScheduler-Workers-0","class":"PersistBlockTask","message":"Block 1150 (0x24b80706e075e6057dc0bb084574d0d3e7d5185f05eaf7926b25423054710678) is already imported","throwable":""}
{"timestamp":"2025-09-12T16:16:20,032","container":"7965dbe76a4e","level":"INFO","thread":"BftProcessorExecutor-QBFT-0","class":"QbftBesuControllerBuilder","message":"Produced #1,150 / 0 tx / 0 pending / 0 (0.0%) gas / (0x24b80706e075e6057dc0bb084574d0d3e7d5185f05eaf7926b25423054710678)","throwable":""}
{"timestamp":"2025-09-12T16:16:28,019","container":"7965dbe76a4e","level":"INFO","thread":"BftProcessorExecutor-QBFT-0","class":"QbftBesuControllerBuilder","message":"Imported #1,151 / 0 tx / 0 pending / 0 (0.0%) gas / (0x72466e28314c1dbaf234e0a68881e12bd8322ea6ddc250dad1679d5af3b77b59)","throwable":""}
{"timestamp":"2025-09-12T16:16:36,029","container":"7965dbe76a4e","level":"INFO","thread":"BftProcessorExecutor-QBFT-0","class":"QbftBesuControllerBuilder","message":"Imported #1,152 / 0 tx / 0 pending / 0 (0.0%) gas / (0x3bc670c4ea38b9230a223ff3ed5c621e713f3b6c6422e3d41f7d345b087a4ecb)","throwable":""}
{"timestamp":"2025-09-12T16:16:44,016","container":"7965dbe76a4e","level":"INFO","thread":"BftProcessorExecutor-QBFT-0","class":"QbftBesuControllerBuilder","message":"Imported #1,153 / 0 tx / 0 pending / 0 (0.0%) gas / (0x78fd4550c9abad05be2ae9c52510bf32d82af6ffbf8c9bf7461b547e82a7c3bd)","throwable":""}
{"timestamp":"2025-09-12T16:16:52,020","container":"7965dbe76a4e","level":"INFO","thread":"BftProcessorExecutor-QBFT-0","class":"QbftBesuControllerBuilder","message":"Produced #1,154 / 0 tx / 0 pending / 0 (0.0%) gas / (0xbe087de34dfdb469298bad6c7a474eeefd76ce50a33f1a244d2f056c67f66ca9)","throwable":""}
{"timestamp":"2025-09-12T16:16:52,020","container":"7965dbe76a4e","level":"INFO","thread":"EthScheduler-Workers-0","class":"PersistBlockTask","message":"Block 1154 (0xbe087de34dfdb469298bad6c7a474eeefd76ce50a33f1a244d2f056c67f66ca9) is already imported","throwable":""}
{"timestamp":"2025-09-12T16:17:00,019","container":"7965dbe76a4e","level":"INFO","thread":"BftProcessorExecutor-QBFT-0","class":"QbftBesuControllerBuilder","message":"Imported #1,155 / 0 tx / 0 pending / 0 (0.0%) gas / (0xafe06f2c8b3c80794e020a96eb2792b98343cba8ca4bea997388b4559effa755)","throwable":""}
{"timestamp":"2025-09-12T16:17:08,023","container":"7965dbe76a4e","level":"INFO","thread":"BftProcessorExecutor-QBFT-0","class":"QbftBesuControllerBuilder","message":"Imported #1,156 / 0 tx / 0 pending / 0 (0.0%) gas / (0xaedad8fb6e6d8394196389dfc6d8a6e48c7411d4e386a057527fe9f0317c0c8f)","throwable":""}
{"timestamp":"2025-09-12T16:17:16,024","container":"7965dbe76a4e","level":"INFO","thread":"BftProcessorExecutor-QBFT-0","class":"QbftBesuControllerBuilder","message":"Imported #1,157 / 0 tx / 0 pending / 0 (0.0%) gas / (0xcdc8efc50e88ab561b0e8002b741bdef4840eaeef77aab6a455dfc806a2ee781)","throwable":""}
{"timestamp":"2025-09-12T16:17:16,026","container":"7965dbe76a4e","level":"INFO","thread":"EthScheduler-Workers-0","class":"PersistBlockTask","message":"Block 1157 (0xcdc8efc50e88ab561b0e8002b741bdef4840eaeef77aab6a455dfc806a2ee781) is already imported","throwable":""}
{"timestamp":"2025-09-12T16:17:24,015","container":"7965dbe76a4e","level":"INFO","thread":"BftProcessorExecutor-QBFT-0","class":"QbftBesuControllerBuilder","message":"Produced #1,158 / 0 tx / 0 pending / 0 (0.0%) gas / (0x120a1247b81626a981197f0fafe9e19b266d05663b47821baef946257f720f70)","throwable":""}
{"timestamp":"2025-09-12T16:17:32,019","container":"7965dbe76a4e","level":"INFO","thread":"BftProcessorExecutor-QBFT-0","class":"QbftBesuControllerBuilder","message":"Imported #1,159 / 0 tx / 0 pending / 0 (0.0%) gas / (0xf89e4f1b091b215d5e2baa4ea5761d3d26cd05a7f8b7901395286070bffcb291)","throwable":""}
{"timestamp":"2025-09-12T16:17:40,023","container":"7965dbe76a4e","level":"INFO","thread":"BftProcessorExecutor-QBFT-0","class":"QbftBesuControllerBuilder","message":"Imported #1,160 / 0 tx / 0 pending / 0 (0.0%) gas / (0xf5d679d3a901b8529b6fc1807b1abc5a5aa63d22fbd50c7ff214d4755afa0623)","throwable":""}
{"timestamp":"2025-09-12T16:17:40,024","container":"7965dbe76a4e","level":"INFO","thread":"EthScheduler-Workers-0","class":"PersistBlockTask","message":"Block 1160 (0xf5d679d3a901b8529b6fc1807b1abc5a5aa63d22fbd50c7ff214d4755afa0623) is already imported","throwable":""}
{"timestamp":"2025-09-12T16:17:48,022","container":"7965dbe76a4e","level":"INFO","thread":"BftProcessorExecutor-QBFT-0","class":"QbftBesuControllerBuilder","message":"Imported #1,161 / 0 tx / 0 pending / 0 (0.0%) gas / (0x72aaf322dc55b212c70f8a70032f46a5434998703a6e92ea7ae1395c167279b7)","throwable":""}
{"timestamp":"2025-09-12T16:17:56,015","container":"7965dbe76a4e","level":"INFO","thread":"BftProcessorExecutor-QBFT-0","class":"QbftBesuControllerBuilder","message":"Produced #1,162 / 0 tx / 0 pending / 0 (0.0%) gas / (0xb9bf458dd452e016b69cf726bdc7f41671a1c65b385cdfb0170cb8c39861b990)","throwable":""}
{"timestamp":"2025-09-12T16:18:04,022","container":"7965dbe76a4e","level":"INFO","thread":"BftProcessorExecutor-QBFT-0","class":"QbftBesuControllerBuilder","message":"Imported #1,163 / 0 tx / 0 pending / 0 (0.0%) gas / (0x9ea4b8326ac2e153c34a52463a3bc27d5c0ace6ceff1fe96d4f0be868507035a)","throwable":""}
{"timestamp":"2025-09-12T16:18:12,018","container":"7965dbe76a4e","level":"INFO","thread":"BftProcessorExecutor-QBFT-0","class":"QbftBesuControllerBuilder","message":"Imported #1,164 / 0 tx / 0 pending / 0 (0.0%) gas / (0xd773e5163f4839f5f703e9b3b9aca7cc4ebca73f80935d8a9c8fca337a6737dd)","throwable":""}
{"timestamp":"2025-09-12T16:18:20,017","container":"7965dbe76a4e","level":"INFO","thread":"BftProcessorExecutor-QBFT-0","class":"QbftBesuControllerBuilder","message":"Imported #1,165 / 0 tx / 0 pending / 0 (0.0%) gas / (0x43381954bd90f00b3132441ebfb205bb656b5c4bb500cba40c3d08bac367c345)","throwable":""}
{"timestamp":"2025-09-12T16:18:28,034","container":"7965dbe76a4e","level":"INFO","thread":"EthScheduler-Workers-0","class":"PersistBlockTask","message":"Imported #1,166 / 0 tx / 0 om / 0 (0.0%) gas / (0xd2479bb385ebaa9b3b22c5093c1fe2aa938639dc3db054fd6b33d2e129e83240) in 0.004s. Peers: 5","throwable":""}
{"timestamp":"2025-09-12T16:18:36,026","container":"7965dbe76a4e","level":"INFO","thread":"EthScheduler-Workers-0","class":"PersistBlockTask","message":"Block 1167 (0x0149f29e11c677004c93768a0058afaf4aab34fc37c70c29af1e05968d2d1fa4) is already imported","throwable":""}
{"timestamp":"2025-09-12T16:18:36,026","container":"7965dbe76a4e","level":"INFO","thread":"BftProcessorExecutor-QBFT-0","class":"QbftBesuControllerBuilder","message":"Imported #1,167 / 0 tx / 0 pending / 0 (0.0%) gas / (0x0149f29e11c677004c93768a0058afaf4aab34fc37c70c29af1e05968d2d1fa4)","throwable":""}
{"timestamp":"2025-09-12T16:18:44,024","container":"7965dbe76a4e","level":"INFO","thread":"EthScheduler-Workers-0","class":"PersistBlockTask","message":"Block 1168 (0xe4ed57a57784ef6d81ea733e70ca122ba2f064281a8b12e019daaf8442bd6835) is already imported","throwable":""}
{"timestamp":"2025-09-12T16:18:44,024","container":"7965dbe76a4e","level":"INFO","thread":"BftProcessorExecutor-QBFT-0","class":"QbftBesuControllerBuilder","message":"Imported #1,168 / 0 tx / 0 pending / 0 (0.0%) gas / (0xe4ed57a57784ef6d81ea733e70ca122ba2f064281a8b12e019daaf8442bd6835)","throwable":""}
{"timestamp":"2025-09-12T16:18:52,026","container":"7965dbe76a4e","level":"INFO","thread":"BftProcessorExecutor-QBFT-0","class":"QbftBesuControllerBuilder","message":"Imported #1,169 / 0 tx / 0 pending / 0 (0.0%) gas / (0xbafab38a6c60137031c4bc33acf46a7491736110b5a49601da1c74c86805fed9)","throwable":""}
{"timestamp":"2025-09-12T16:18:52,027","container":"7965dbe76a4e","level":"INFO","thread":"EthScheduler-Workers-0","class":"PersistBlockTask","message":"Block 1169 (0xbafab38a6c60137031c4bc33acf46a7491736110b5a49601da1c74c86805fed9) is already imported","throwable":""}
{"timestamp":"2025-09-12T16:19:00,019","container":"7965dbe76a4e","level":"INFO","thread":"BftProcessorExecutor-QBFT-0","class":"QbftBesuControllerBuilder","message":"Produced #1,170 / 0 tx / 0 pending / 0 (0.0%) gas / (0x7ed81aa55e8992bc9d8575462681351f92712155f77b89ad43c93a89ad5d38d6)","throwable":""}
{"timestamp":"2025-09-12T16:19:08,028","container":"7965dbe76a4e","level":"INFO","thread":"EthScheduler-Workers-0","class":"PersistBlockTask","message":"Imported #1,171 / 0 tx / 0 om / 0 (0.0%) gas / (0xf8e62eee6da6ec023a3a8cb3bef2a0698bc26a94fedff2e7a493a358a39129d5) in 0.005s. Peers: 5","throwable":""}
{"timestamp":"2025-09-12T16:19:08,030","container":"7965dbe76a4e","level":"INFO","thread":"BftProcessorExecutor-QBFT-0","class":"QbftBesuControllerBuilder","message":"Imported #1,171 / 0 tx / 0 pending / 0 (0.0%) gas / (0xf8e62eee6da6ec023a3a8cb3bef2a0698bc26a94fedff2e7a493a358a39129d5)","throwable":""}
{"timestamp":"2025-09-12T16:19:16,027","container":"7965dbe76a4e","level":"INFO","thread":"BftProcessorExecutor-QBFT-0","class":"QbftBesuControllerBuilder","message":"Imported #1,172 / 0 tx / 0 pending / 0 (0.0%) gas / (0x14a3811762ba27b05e2f9c3f9f2be36d3d88ac25d5ea2f4771e55c68cb7de6d9)","throwable":""}
{"timestamp":"2025-09-12T16:19:24,022","container":"7965dbe76a4e","level":"INFO","thread":"BftProcessorExecutor-QBFT-0","class":"QbftBesuControllerBuilder","message":"Imported #1,173 / 0 tx / 0 pending / 0 (0.0%) gas / (0x3f73e4b549e6774c8d52ec5837dd1aba696bbe80156342ab75c6f3a0746bc630)","throwable":""}
{"timestamp":"2025-09-12T16:19:32,018","container":"7965dbe76a4e","level":"INFO","thread":"BftProcessorExecutor-QBFT-0","class":"QbftBesuControllerBuilder","message":"Produced #1,174 / 0 tx / 0 pending / 0 (0.0%) gas / (0x72811841813358f320adfa32dd386c0b601b3ccc8797f98b2db55ac73fe4a4cc)","throwable":""}
{"timestamp":"2025-09-12T16:19:40,023","container":"7965dbe76a4e","level":"INFO","thread":"BftProcessorExecutor-QBFT-0","class":"QbftBesuControllerBuilder","message":"Imported #1,175 / 0 tx / 0 pending / 0 (0.0%) gas / (0x63e257c1dcfc2a29b36efbeaa263cb5b3a349ada2f7e92c2a62e461f94489634)","throwable":""}
{"timestamp":"2025-09-12T16:19:48,018","container":"7965dbe76a4e","level":"INFO","thread":"BftProcessorExecutor-QBFT-0","class":"QbftBesuControllerBuilder","message":"Imported #1,176 / 0 tx / 0 pending / 0 (0.0%) gas / (0x40923f1f8faee3bf485ff27c5ac242059edb98ed419742998146638bc16ee1d8)","throwable":""}
{"timestamp":"2025-09-12T16:19:56,025","container":"7965dbe76a4e","level":"INFO","thread":"BftProcessorExecutor-QBFT-0","class":"QbftBesuControllerBuilder","message":"Imported #1,177 / 0 tx / 0 pending / 0 (0.0%) gas / (0xd75eb105d7c0714e2a207aaa7f374958676ff4112ae865135745e0997b7ca89b)","throwable":""}
{"timestamp":"2025-09-12T16:20:04,027","container":"7965dbe76a4e","level":"INFO","thread":"BftProcessorExecutor-QBFT-0","class":"QbftBesuControllerBuilder","message":"Produced #1,178 / 0 tx / 0 pending / 0 (0.0%) gas / (0x87c0e5a40a6aa1f454e8bff8e49882a6f09acee55014d8745fe3415127b8eced)","throwable":""}
{"timestamp":"2025-09-12T16:20:12,018","container":"7965dbe76a4e","level":"INFO","thread":"BftProcessorExecutor-QBFT-0","class":"QbftBesuControllerBuilder","message":"Imported #1,179 / 0 tx / 0 pending / 0 (0.0%) gas / (0x8f01dfe59fe6e4426af4cd5a64c161367c337b7bee6f97827c2dc646318d735f)","throwable":""}
{"timestamp":"2025-09-12T16:20:20,016","container":"7965dbe76a4e","level":"INFO","thread":"BftProcessorExecutor-QBFT-0","class":"QbftBesuControllerBuilder","message":"Imported #1,180 / 0 tx / 0 pending / 0 (0.0%) gas / (0x741519d9b532c3f25c74d3758ffeac625d4e9ae9356b6f07f8602f5b80c94454)","throwable":""}
{"timestamp":"2025-09-12T16:20:28,022","container":"7965dbe76a4e","level":"INFO","thread":"BftProcessorExecutor-QBFT-0","class":"QbftBesuControllerBuilder","message":"Imported #1,181 / 0 tx / 0 pending / 0 (0.0%) gas / (0xc64f269501f9a4ad4480579a856da0f073d52e7d0a2c81b9867239c9c88e010d)","throwable":""}
{"timestamp":"2025-09-12T16:20:36,023","container":"7965dbe76a4e","level":"INFO","thread":"BftProcessorExecutor-QBFT-0","class":"QbftBesuControllerBuilder","message":"Produced #1,182 / 0 tx / 0 pending / 0 (0.0%) gas / (0x2b7eb15a104b7ac4a6d4ab60d41bbc568d86a66de24cfbf8272638ac06571e89)","throwable":""}
{"timestamp":"2025-09-12T16:20:44,016","container":"7965dbe76a4e","level":"INFO","thread":"BftProcessorExecutor-QBFT-0","class":"QbftBesuControllerBuilder","message":"Imported #1,183 / 0 tx / 0 pending / 0 (0.0%) gas / (0x74461c564bb60b57309e56f67e9b2b63ada9d73f50ff095fbbf32d26701d6314)","throwable":""}
{"timestamp":"2025-09-12T16:20:52,016","container":"7965dbe76a4e","level":"INFO","thread":"BftProcessorExecutor-QBFT-0","class":"QbftBesuControllerBuilder","message":"Imported #1,184 / 0 tx / 0 pending / 0 (0.0%) gas / (0xec830ff4b9f6b89b9ad95395141e6bd750535c06707912b2570dc5dcc93d330e)","throwable":""}
{"timestamp":"2025-09-12T16:20:52,017","container":"7965dbe76a4e","level":"INFO","thread":"EthScheduler-Workers-0","class":"PersistBlockTask","message":"Block 1184 (0xec830ff4b9f6b89b9ad95395141e6bd750535c06707912b2570dc5dcc93d330e) is already imported","throwable":""}
{"timestamp":"2025-09-12T16:21:00,025","container":"7965dbe76a4e","level":"INFO","thread":"BftProcessorExecutor-QBFT-0","class":"QbftBesuControllerBuilder","message":"Imported #1,185 / 0 tx / 0 pending / 0 (0.0%) gas / (0xf26c067a820b16623686b48fea7f6458ca6ecb2e48d296d84ab5a761617320b7)","throwable":""}
{"timestamp":"2025-09-12T16:21:08,015","container":"7965dbe76a4e","level":"INFO","thread":"BftProcessorExecutor-QBFT-0","class":"QbftBesuControllerBuilder","message":"Produced #1,186 / 0 tx / 0 pending / 0 (0.0%) gas / (0x27876db4ad0e787c8e357856c93acc5f6240813b5cc08aa2e46475b31e6c1a8c)","throwable":""}
{"timestamp":"2025-09-12T16:21:16,015","container":"7965dbe76a4e","level":"INFO","thread":"BftProcessorExecutor-QBFT-0","class":"QbftBesuControllerBuilder","message":"Imported #1,187 / 0 tx / 0 pending / 0 (0.0%) gas / (0xb5b0a733f7fb4331802a976f325ad2180fb9528669be8dc1b0c6d4a5fc23f73b)","throwable":""}
{"timestamp":"2025-09-12T16:21:24,020","container":"7965dbe76a4e","level":"INFO","thread":"EthScheduler-Workers-0","class":"PersistBlockTask","message":"Block 1188 (0x1bf527f860f71b182faf9e302171620b098218a12eea265a366bde620d24acef) is already imported","throwable":""}
{"timestamp":"2025-09-12T16:21:24,021","container":"7965dbe76a4e","level":"INFO","thread":"BftProcessorExecutor-QBFT-0","class":"QbftBesuControllerBuilder","message":"Imported #1,188 / 0 tx / 0 pending / 0 (0.0%) gas / (0x1bf527f860f71b182faf9e302171620b098218a12eea265a366bde620d24acef)","throwable":""}
{"timestamp":"2025-09-12T16:21:32,017","container":"7965dbe76a4e","level":"INFO","thread":"BftProcessorExecutor-QBFT-0","class":"QbftBesuControllerBuilder","message":"Imported #1,189 / 0 tx / 0 pending / 0 (0.0%) gas / (0xe9c2c4baeaaff92fe7b7ef0a31990913693cc347b92b5ddb08864bb70d02a509)","throwable":""}
{"timestamp":"2025-09-12T16:21:40,019","container":"7965dbe76a4e","level":"INFO","thread":"BftProcessorExecutor-QBFT-0","class":"QbftBesuControllerBuilder","message":"Produced #1,190 / 0 tx / 0 pending / 0 (0.0%) gas / (0x4f857c651676aa77c471cc6bc22952fbf58120dc49917fa720bf6c8bdc595b57)","throwable":""}
{"timestamp":"2025-09-12T16:21:48,018","container":"7965dbe76a4e","level":"INFO","thread":"BftProcessorExecutor-QBFT-0","class":"QbftBesuControllerBuilder","message":"Imported #1,191 / 0 tx / 0 pending / 0 (0.0%) gas / (0x75eda7a29a59d59e0bdbfe06343ee6942b7cad6d9e39eb1b0e16a4ccbc8f2e5c)","throwable":""}
{"timestamp":"2025-09-12T16:21:56,022","container":"7965dbe76a4e","level":"INFO","thread":"EthScheduler-Workers-0","class":"PersistBlockTask","message":"Imported #1,192 / 0 tx / 0 om / 0 (0.0%) gas / (0x4542ce9b49a24e59214cc4c9a64f52005ed82437da2098b951a4fdd47312b360) in 0.002s. Peers: 5","throwable":""}
{"timestamp":"2025-09-12T16:21:56,023","container":"7965dbe76a4e","level":"INFO","thread":"BftProcessorExecutor-QBFT-0","class":"QbftBesuControllerBuilder","message":"Imported #1,192 / 0 tx / 0 pending / 0 (0.0%) gas / (0x4542ce9b49a24e59214cc4c9a64f52005ed82437da2098b951a4fdd47312b360)","throwable":""}
{"timestamp":"2025-09-12T16:22:04,020","container":"7965dbe76a4e","level":"INFO","thread":"BftProcessorExecutor-QBFT-0","class":"QbftBesuControllerBuilder","message":"Imported #1,193 / 0 tx / 0 pending / 0 (0.0%) gas / (0x9aa10d1297a1273044937cfa3b19d734e09d96487ac66089157a3b11f35cd2cb)","throwable":""}
{"timestamp":"2025-09-12T16:22:12,028","container":"7965dbe76a4e","level":"INFO","thread":"BftProcessorExecutor-QBFT-0","class":"QbftBesuControllerBuilder","message":"Produced #1,194 / 0 tx / 0 pending / 0 (0.0%) gas / (0x52237c244f628bb8ecebfdc429ed9ab17a9ac6f2f1636415fc856cc698fbe409)","throwable":""}
{"timestamp":"2025-09-12T16:22:20,026","container":"7965dbe76a4e","level":"INFO","thread":"BftProcessorExecutor-QBFT-0","class":"QbftBesuControllerBuilder","message":"Imported #1,195 / 0 tx / 0 pending / 0 (0.0%) gas / (0x3f9b8f352754fab319cdfccc0680085fb5b567528d06e83f7b724d449a993de1)","throwable":""}
{"timestamp":"2025-09-12T16:22:20,027","container":"7965dbe76a4e","level":"INFO","thread":"EthScheduler-Workers-0","class":"PersistBlockTask","message":"Block 1195 (0x3f9b8f352754fab319cdfccc0680085fb5b567528d06e83f7b724d449a993de1) is already imported","throwable":""}
{"timestamp":"2025-09-12T16:22:28,018","container":"7965dbe76a4e","level":"INFO","thread":"BftProcessorExecutor-QBFT-0","class":"QbftBesuControllerBuilder","message":"Imported #1,196 / 0 tx / 0 pending / 0 (0.0%) gas / (0x5a0c1565eebfb3bd8064ec068b8420650296c891d194ba2b359387611b374a86)","throwable":""}
{"timestamp":"2025-09-12T16:22:36,021","container":"7965dbe76a4e","level":"INFO","thread":"BftProcessorExecutor-QBFT-0","class":"QbftBesuControllerBuilder","message":"Imported #1,197 / 0 tx / 0 pending / 0 (0.0%) gas / (0xc1d8f50e1b64e805d40de50b42f98183a1ef6dacfa4eeea3dde45adaad0fc7bf)","throwable":""}
{"timestamp":"2025-09-12T16:22:36,024","container":"7965dbe76a4e","level":"INFO","thread":"EthScheduler-Workers-0","class":"PersistBlockTask","message":"Block 1197 (0xc1d8f50e1b64e805d40de50b42f98183a1ef6dacfa4eeea3dde45adaad0fc7bf) is already imported","throwable":""}
{"timestamp":"2025-09-12T16:22:44,016","container":"7965dbe76a4e","level":"INFO","thread":"BftProcessorExecutor-QBFT-0","class":"QbftBesuControllerBuilder","message":"Produced #1,198 / 0 tx / 0 pending / 0 (0.0%) gas / (0xee56e38c65609e532aa7616e517a439a1e80134c58b7402afc38a3a3d0146d8a)","throwable":""}
{"timestamp":"2025-09-12T16:22:52,019","container":"7965dbe76a4e","level":"INFO","thread":"EthScheduler-Workers-0","class":"PersistBlockTask","message":"Block 1199 (0xa5df3a255ed03339ce0faa688986004d6626e1be86c2a40193624a83235e6422) is already imported","throwable":""}
{"timestamp":"2025-09-12T16:22:52,020","container":"7965dbe76a4e","level":"INFO","thread":"BftProcessorExecutor-QBFT-0","class":"QbftBesuControllerBuilder","message":"Imported #1,199 / 0 tx / 0 pending / 0 (0.0%) gas / (0xa5df3a255ed03339ce0faa688986004d6626e1be86c2a40193624a83235e6422)","throwable":""}
{"timestamp":"2025-09-12T16:23:00,023","container":"7965dbe76a4e","level":"INFO","thread":"EthScheduler-Workers-0","class":"PersistBlockTask","message":"Block 1200 (0xd08973e3f0082182a6e24c49746c437ab5c5cd202d309876ac78e5c3df52fa19) is already imported","throwable":""}
{"timestamp":"2025-09-12T16:23:00,023","container":"7965dbe76a4e","level":"INFO","thread":"BftProcessorExecutor-QBFT-0","class":"QbftBesuControllerBuilder","message":"Imported #1,200 / 0 tx / 0 pending / 0 (0.0%) gas / (0xd08973e3f0082182a6e24c49746c437ab5c5cd202d309876ac78e5c3df52fa19)","throwable":""}
{"timestamp":"2025-09-12T16:23:08,025","container":"7965dbe76a4e","level":"INFO","thread":"EthScheduler-Workers-0","class":"PersistBlockTask","message":"Block 1201 (0x38db542f076d73fda39de02e10f3393f104e80b375d22f130cdb361262d88b77) is already imported","throwable":""}
{"timestamp":"2025-09-12T16:23:08,025","container":"7965dbe76a4e","level":"INFO","thread":"BftProcessorExecutor-QBFT-0","class":"QbftBesuControllerBuilder","message":"Imported #1,201 / 0 tx / 0 pending / 0 (0.0%) gas / (0x38db542f076d73fda39de02e10f3393f104e80b375d22f130cdb361262d88b77)","throwable":""}
{"timestamp":"2025-09-12T16:23:16,018","container":"7965dbe76a4e","level":"INFO","thread":"BftProcessorExecutor-QBFT-0","class":"QbftBesuControllerBuilder","message":"Produced #1,202 / 0 tx / 0 pending / 0 (0.0%) gas / (0x0001242bebb9b8ecdc870504060844be7485177b6478e2760d5e434c7f156efb)","throwable":""}
{"timestamp":"2025-09-12T16:23:24,021","container":"7965dbe76a4e","level":"INFO","thread":"BftProcessorExecutor-QBFT-0","class":"QbftBesuControllerBuilder","message":"Imported #1,203 / 0 tx / 0 pending / 0 (0.0%) gas / (0xda1baba0d66d4e9d9ca840b2acacb171b7081f07247e08a9f5bca2b090bd8d2a)","throwable":""}
{"timestamp":"2025-09-12T16:23:32,027","container":"7965dbe76a4e","level":"INFO","thread":"BftProcessorExecutor-QBFT-0","class":"QbftBesuControllerBuilder","message":"Imported #1,204 / 0 tx / 0 pending / 0 (0.0%) gas / (0xded286d094f2bc8bfc31b23267318cad2ace097a0c9ca1c678f2bef4e662cecc)","throwable":""}
{"timestamp":"2025-09-12T16:23:40,033","container":"7965dbe76a4e","level":"INFO","thread":"EthScheduler-Workers-0","class":"PersistBlockTask","message":"Imported #1,205 / 0 tx / 0 om / 0 (0.0%) gas / (0xb618b017c7a1e2e2fe294ff132c169b9ab5021940322c296419d41fd2606d787) in 0.002s. Peers: 5","throwable":""}
{"timestamp":"2025-09-12T16:23:48,021","container":"7965dbe76a4e","level":"INFO","thread":"BftProcessorExecutor-QBFT-0","class":"QbftBesuControllerBuilder","message":"Produced #1,206 / 0 tx / 0 pending / 0 (0.0%) gas / (0x272380877180d2f5e3bfca3af37dbc76eecf9ae1cf831cd322ba99ab6b342e7a)","throwable":""}
{"timestamp":"2025-09-12T16:23:56,023","container":"7965dbe76a4e","level":"INFO","thread":"BftProcessorExecutor-QBFT-0","class":"QbftBesuControllerBuilder","message":"Imported #1,207 / 0 tx / 0 pending / 0 (0.0%) gas / (0x4471e41effd21392af174edd729434026f8ab19dd6082c255153ffd85fd48191)","throwable":""}
{"timestamp":"2025-09-12T16:24:04,018","container":"7965dbe76a4e","level":"INFO","thread":"BftProcessorExecutor-QBFT-0","class":"QbftBesuControllerBuilder","message":"Imported #1,208 / 0 tx / 0 pending / 0 (0.0%) gas / (0x6ba98fe1bfd303a5a5d5d1857cee64a7bb0644bffd134bf7ae7cbbc70e9a4e4c)","throwable":""}
{"timestamp":"2025-09-12T16:24:12,017","container":"7965dbe76a4e","level":"INFO","thread":"BftProcessorExecutor-QBFT-0","class":"QbftBesuControllerBuilder","message":"Imported #1,209 / 0 tx / 0 pending / 0 (0.0%) gas / (0x02581daf10438c4adf25bfc1b90e73f9fba9f00668e3f6946d80fb3bd011fa4c)","throwable":""}
{"timestamp":"2025-09-12T16:24:20,020","container":"7965dbe76a4e","level":"INFO","thread":"BftProcessorExecutor-QBFT-0","class":"QbftBesuControllerBuilder","message":"Produced #1,210 / 0 tx / 0 pending / 0 (0.0%) gas / (0x3618e5adb54386ac6e8801ed4550b55bc1b8b1fe1826e3d27affa8efa0e68f1e)","throwable":""}
{"timestamp":"2025-09-12T16:24:28,022","container":"7965dbe76a4e","level":"INFO","thread":"BftProcessorExecutor-QBFT-0","class":"QbftBesuControllerBuilder","message":"Imported #1,211 / 0 tx / 0 pending / 0 (0.0%) gas / (0xdd8b304e4e483880be5217413dc70e6226c2b04a5b061fdd8b689ba193d3d883)","throwable":""}
{"timestamp":"2025-09-12T16:24:28,022","container":"7965dbe76a4e","level":"INFO","thread":"EthScheduler-Workers-0","class":"PersistBlockTask","message":"Block 1211 (0xdd8b304e4e483880be5217413dc70e6226c2b04a5b061fdd8b689ba193d3d883) is already imported","throwable":""}
{"timestamp":"2025-09-12T16:24:36,019","container":"7965dbe76a4e","level":"INFO","thread":"BftProcessorExecutor-QBFT-0","class":"QbftBesuControllerBuilder","message":"Imported #1,212 / 0 tx / 0 pending / 0 (0.0%) gas / (0x1442e03fa846a83f4f3f238039a9f7a7712e2afed9fed07ba517dc6aed1c6cfc)","throwable":""}
{"timestamp":"2025-09-12T16:24:44,016","container":"7965dbe76a4e","level":"INFO","thread":"BftProcessorExecutor-QBFT-0","class":"QbftBesuControllerBuilder","message":"Imported #1,213 / 0 tx / 0 pending / 0 (0.0%) gas / (0x643310485b330f8ae4392bfd0e51f52f9cb531ff8280feca1a01cc2ebb03629a)","throwable":""}
{"timestamp":"2025-09-12T16:24:52,019","container":"7965dbe76a4e","level":"INFO","thread":"BftProcessorExecutor-QBFT-0","class":"QbftBesuControllerBuilder","message":"Produced #1,214 / 0 tx / 0 pending / 0 (0.0%) gas / (0x123674fd008b2629806b089ae8d0b9fab94c28a0ad9fdad064edbb6fea674250)","throwable":""}
{"timestamp":"2025-09-12T16:25:00,024","container":"7965dbe76a4e","level":"INFO","thread":"EthScheduler-Workers-0","class":"PersistBlockTask","message":"Block 1215 (0xe08d71fd30ada9ab10da1d55a2312b47c55b85bcf992d6c3ec4b49b98dc095f9) is already imported","throwable":""}
{"timestamp":"2025-09-12T16:25:00,024","container":"7965dbe76a4e","level":"INFO","thread":"BftProcessorExecutor-QBFT-0","class":"QbftBesuControllerBuilder","message":"Imported #1,215 / 0 tx / 0 pending / 0 (0.0%) gas / (0xe08d71fd30ada9ab10da1d55a2312b47c55b85bcf992d6c3ec4b49b98dc095f9)","throwable":""}
{"timestamp":"2025-09-12T16:25:08,021","container":"7965dbe76a4e","level":"INFO","thread":"BftProcessorExecutor-QBFT-0","class":"QbftBesuControllerBuilder","message":"Imported #1,216 / 0 tx / 0 pending / 0 (0.0%) gas / (0x74d478668a30414f062c701188ff30d3685eb95f5069f88372e8175233086925)","throwable":""}
{"timestamp":"2025-09-12T16:25:16,018","container":"7965dbe76a4e","level":"INFO","thread":"BftProcessorExecutor-QBFT-0","class":"QbftBesuControllerBuilder","message":"Imported #1,217 / 0 tx / 0 pending / 0 (0.0%) gas / (0xc9af88045f333c9ca50034832856757c39d5dec2c6a383db48bcc9ecc8c95724)","throwable":""}
{"timestamp":"2025-09-12T16:25:24,018","container":"7965dbe76a4e","level":"INFO","thread":"BftProcessorExecutor-QBFT-0","class":"QbftBesuControllerBuilder","message":"Produced #1,218 / 0 tx / 0 pending / 0 (0.0%) gas / (0xd75e6c6e183bb2f682e0ba03306b43861bf2865fd0f3d1a8edf3d723954d8b7f)","throwable":""}
{"timestamp":"2025-09-12T16:25:32,024","container":"7965dbe76a4e","level":"INFO","thread":"BftProcessorExecutor-QBFT-0","class":"QbftBesuControllerBuilder","message":"Imported #1,219 / 0 tx / 0 pending / 0 (0.0%) gas / (0x823a3db7d0606e87806e596db5aba3bade4277c1af1dd76e5ca75b293339c7b2)","throwable":""}
{"timestamp":"2025-09-12T16:25:40,024","container":"7965dbe76a4e","level":"INFO","thread":"EthScheduler-Workers-0","class":"PersistBlockTask","message":"Block 1220 (0x71e3699b7dac792c644341f3692260bad9cf651759e92d750a3c0e1d3bed4705) is already imported","throwable":""}
{"timestamp":"2025-09-12T16:25:40,024","container":"7965dbe76a4e","level":"INFO","thread":"BftProcessorExecutor-QBFT-0","class":"QbftBesuControllerBuilder","message":"Imported #1,220 / 0 tx / 0 pending / 0 (0.0%) gas / (0x71e3699b7dac792c644341f3692260bad9cf651759e92d750a3c0e1d3bed4705)","throwable":""}
{"timestamp":"2025-09-12T16:25:48,016","container":"7965dbe76a4e","level":"INFO","thread":"BftProcessorExecutor-QBFT-0","class":"QbftBesuControllerBuilder","message":"Imported #1,221 / 0 tx / 0 pending / 0 (0.0%) gas / (0x5f452767c7dae48eacb70dd569453a96132057f4a155163726d53df5ac268ae9)","throwable":""}
{"timestamp":"2025-09-12T16:25:56,028","container":"7965dbe76a4e","level":"INFO","thread":"BftProcessorExecutor-QBFT-0","class":"QbftBesuControllerBuilder","message":"Produced #1,222 / 0 tx / 0 pending / 0 (0.0%) gas / (0x83f51c00794355879fa84c1195e3d6c43e07755c2734ef5b6f4fec014d46bfd7)","throwable":""}
{"timestamp":"2025-09-12T16:26:04,021","container":"7965dbe76a4e","level":"INFO","thread":"BftProcessorExecutor-QBFT-0","class":"QbftBesuControllerBuilder","message":"Imported #1,223 / 0 tx / 0 pending / 0 (0.0%) gas / (0x48d903de416b0e8951614046b7a07f43388f1657f1c7f1a89083e7a00e3a7033)","throwable":""}
{"timestamp":"2025-09-12T16:26:04,022","container":"7965dbe76a4e","level":"INFO","thread":"EthScheduler-Workers-0","class":"PersistBlockTask","message":"Block 1223 (0x48d903de416b0e8951614046b7a07f43388f1657f1c7f1a89083e7a00e3a7033) is already imported","throwable":""}
{"timestamp":"2025-09-12T16:26:12,019","container":"7965dbe76a4e","level":"INFO","thread":"EthScheduler-Workers-0","class":"PersistBlockTask","message":"Block 1224 (0x5460ccf92a85d1ce6c9d64dbbc92eb97c180bc98cc40e672fa0ab6d15a628833) is already imported","throwable":""}
{"timestamp":"2025-09-12T16:26:12,019","container":"7965dbe76a4e","level":"INFO","thread":"BftProcessorExecutor-QBFT-0","class":"QbftBesuControllerBuilder","message":"Imported #1,224 / 0 tx / 0 pending / 0 (0.0%) gas / (0x5460ccf92a85d1ce6c9d64dbbc92eb97c180bc98cc40e672fa0ab6d15a628833)","throwable":""}
{"timestamp":"2025-09-12T16:26:20,014","container":"7965dbe76a4e","level":"INFO","thread":"BftProcessorExecutor-QBFT-0","class":"QbftBesuControllerBuilder","message":"Imported #1,225 / 0 tx / 0 pending / 0 (0.0%) gas / (0xad1680518dd19e4ed4586cdbcedd437f6b30cb491a1a4ecba2a120c64b1099e1)","throwable":""}
{"timestamp":"2025-09-12T16:26:28,014","container":"7965dbe76a4e","level":"INFO","thread":"BftProcessorExecutor-QBFT-0","class":"QbftBesuControllerBuilder","message":"Produced #1,226 / 0 tx / 0 pending / 0 (0.0%) gas / (0xf411694d3350483b02386637a1d48e38cd2fd6eb8b625234e38496edc43e7d18)","throwable":""}
{"timestamp":"2025-09-12T16:26:36,024","container":"7965dbe76a4e","level":"INFO","thread":"BftProcessorExecutor-QBFT-0","class":"QbftBesuControllerBuilder","message":"Imported #1,227 / 0 tx / 0 pending / 0 (0.0%) gas / (0x960f78990faeabb752e83788676948325414eadb0fa98409dbf852104ddc5106)","throwable":""}
{"timestamp":"2025-09-12T16:26:44,027","container":"7965dbe76a4e","level":"INFO","thread":"EthScheduler-Workers-0","class":"PersistBlockTask","message":"Block 1228 (0x85b14b6ed901618269162d8389c4da9fedcfc17042c0f1f0038705ccbea2418e) is already imported","throwable":""}
{"timestamp":"2025-09-12T16:26:44,027","container":"7965dbe76a4e","level":"INFO","thread":"BftProcessorExecutor-QBFT-0","class":"QbftBesuControllerBuilder","message":"Imported #1,228 / 0 tx / 0 pending / 0 (0.0%) gas / (0x85b14b6ed901618269162d8389c4da9fedcfc17042c0f1f0038705ccbea2418e)","throwable":""}
{"timestamp":"2025-09-12T16:26:52,019","container":"7965dbe76a4e","level":"INFO","thread":"BftProcessorExecutor-QBFT-0","class":"QbftBesuControllerBuilder","message":"Imported #1,229 / 0 tx / 0 pending / 0 (0.0%) gas / (0x30ed7dfb9c64ee27e46bab01fb3db26a4e344d871dc851c06c4661a4d8f10498)","throwable":""}
{"timestamp":"2025-09-12T16:27:00,026","container":"7965dbe76a4e","level":"INFO","thread":"BftProcessorExecutor-QBFT-0","class":"QbftBesuControllerBuilder","message":"Produced #1,230 / 0 tx / 0 pending / 0 (0.0%) gas / (0xb0472598f18b44393ef5ef9b99b36a3313200717f165b6203d0bbb1627d899ea)","throwable":""}
{"timestamp":"2025-09-12T16:27:08,014","container":"7965dbe76a4e","level":"INFO","thread":"BftProcessorExecutor-QBFT-0","class":"QbftBesuControllerBuilder","message":"Imported #1,231 / 0 tx / 0 pending / 0 (0.0%) gas / (0x0431b076282ea64c691099d292bfa7d7df8947aa25bbe9b3b003b72b8f86dd94)","throwable":""}
{"timestamp":"2025-09-12T16:27:16,032","container":"7965dbe76a4e","level":"INFO","thread":"EthScheduler-Workers-0","class":"PersistBlockTask","message":"Block 1232 (0x5774a5729e4581307a769dfdea2fce61528ca6a8c790edbc60f32cb7c43ae488) is already imported","throwable":""}
{"timestamp":"2025-09-12T16:27:16,032","container":"7965dbe76a4e","level":"INFO","thread":"BftProcessorExecutor-QBFT-0","class":"QbftBesuControllerBuilder","message":"Imported #1,232 / 0 tx / 0 pending / 0 (0.0%) gas / (0x5774a5729e4581307a769dfdea2fce61528ca6a8c790edbc60f32cb7c43ae488)","throwable":""}
{"timestamp":"2025-09-12T16:27:24,019","container":"7965dbe76a4e","level":"INFO","thread":"EthScheduler-Workers-0","class":"PersistBlockTask","message":"Imported #1,233 / 0 tx / 0 om / 0 (0.0%) gas / (0x77c26c69915eafc8222b50ef85824bb2a284f3c7f171b5846d30392fb916aee6) in 0.001s. Peers: 5","throwable":""}
{"timestamp":"2025-09-12T16:27:24,020","container":"7965dbe76a4e","level":"INFO","thread":"BftProcessorExecutor-QBFT-0","class":"QbftBesuControllerBuilder","message":"Imported #1,233 / 0 tx / 0 pending / 0 (0.0%) gas / (0x77c26c69915eafc8222b50ef85824bb2a284f3c7f171b5846d30392fb916aee6)","throwable":""}
{"timestamp":"2025-09-12T16:27:32,025","container":"7965dbe76a4e","level":"INFO","thread":"BftProcessorExecutor-QBFT-0","class":"QbftBesuControllerBuilder","message":"Produced #1,234 / 0 tx / 0 pending / 0 (0.0%) gas / (0x851f35a61bc5f1010af9d4c24e31e7538fcf4971107fc8c09def8c526672ff8f)","throwable":""}
{"timestamp":"2025-09-12T16:27:32,025","container":"7965dbe76a4e","level":"INFO","thread":"EthScheduler-Workers-0","class":"PersistBlockTask","message":"Block 1234 (0x851f35a61bc5f1010af9d4c24e31e7538fcf4971107fc8c09def8c526672ff8f) is already imported","throwable":""}
{"timestamp":"2025-09-12T16:27:40,022","container":"7965dbe76a4e","level":"INFO","thread":"EthScheduler-Workers-0","class":"PersistBlockTask","message":"Block 1235 (0x9ca09290fa368bec607b044d94816d8a00410472b58f79a444642a58d2f506f4) is already imported","throwable":""}
{"timestamp":"2025-09-12T16:27:40,022","container":"7965dbe76a4e","level":"INFO","thread":"BftProcessorExecutor-QBFT-0","class":"QbftBesuControllerBuilder","message":"Imported #1,235 / 0 tx / 0 pending / 0 (0.0%) gas / (0x9ca09290fa368bec607b044d94816d8a00410472b58f79a444642a58d2f506f4)","throwable":""}
{"timestamp":"2025-09-12T16:27:48,014","container":"7965dbe76a4e","level":"INFO","thread":"BftProcessorExecutor-QBFT-0","class":"QbftBesuControllerBuilder","message":"Imported #1,236 / 0 tx / 0 pending / 0 (0.0%) gas / (0x1f23debd470cbbf7fef091557ad136296b6aafe78e89304bf910379cc00f7fb4)","throwable":""}
{"timestamp":"2025-09-12T16:27:56,018","container":"7965dbe76a4e","level":"INFO","thread":"BftProcessorExecutor-QBFT-0","class":"QbftBesuControllerBuilder","message":"Imported #1,237 / 0 tx / 0 pending / 0 (0.0%) gas / (0x29fe6d9050585a74ada1171fbefc92ee3da73feee1d0567797c69ce643e92612)","throwable":""}
{"timestamp":"2025-09-12T16:28:04,022","container":"7965dbe76a4e","level":"INFO","thread":"BftProcessorExecutor-QBFT-0","class":"QbftBesuControllerBuilder","message":"Produced #1,238 / 0 tx / 0 pending / 0 (0.0%) gas / (0x8fbc80650aaad0211f4c23b64057a0cb0f2149bfef24946b52213cd245d997ed)","throwable":""}
{"timestamp":"2025-09-12T16:28:12,017","container":"7965dbe76a4e","level":"INFO","thread":"BftProcessorExecutor-QBFT-0","class":"QbftBesuControllerBuilder","message":"Imported #1,239 / 0 tx / 0 pending / 0 (0.0%) gas / (0x2ee4dd3f78b3e1bbeb42577e93dce7f44d910bf0b754ee7a6affb4e86863b7dd)","throwable":""}
{"timestamp":"2025-09-12T16:28:20,025","container":"7965dbe76a4e","level":"INFO","thread":"BftProcessorExecutor-QBFT-0","class":"QbftBesuControllerBuilder","message":"Imported #1,240 / 0 tx / 0 pending / 0 (0.0%) gas / (0x04ac24d8e78943e44ad2303ba67d0c4d364d2f2a6b28f9ffe28d2ae1f616d9d9)","throwable":""}
{"timestamp":"2025-09-12T16:28:28,025","container":"7965dbe76a4e","level":"INFO","thread":"BftProcessorExecutor-QBFT-0","class":"QbftBesuControllerBuilder","message":"Imported #1,241 / 0 tx / 0 pending / 0 (0.0%) gas / (0x874b3f861f33de69a2ec873027b0bbf6186a47a380c3f381a2f51365eb2b4e4c)","throwable":""}
{"timestamp":"2025-09-12T16:28:28,028","container":"7965dbe76a4e","level":"INFO","thread":"EthScheduler-Workers-0","class":"PersistBlockTask","message":"Block 1241 (0x874b3f861f33de69a2ec873027b0bbf6186a47a380c3f381a2f51365eb2b4e4c) is already imported","throwable":""}
{"timestamp":"2025-09-12T16:28:36,019","container":"7965dbe76a4e","level":"INFO","thread":"BftProcessorExecutor-QBFT-0","class":"QbftBesuControllerBuilder","message":"Produced #1,242 / 0 tx / 0 pending / 0 (0.0%) gas / (0x7cbd96a38f2d2fbc908722244220357986f7d95c376ae1624bcc926de2865ae0)","throwable":""}
{"timestamp":"2025-09-12T16:28:44,020","container":"7965dbe76a4e","level":"INFO","thread":"EthScheduler-Workers-0","class":"PersistBlockTask","message":"Imported #1,243 / 0 tx / 0 om / 0 (0.0%) gas / (0xcc0e0f2a740263783bcaa086f133f99c22d58461457dcc587859ceee388b9352) in 0.002s. Peers: 5","throwable":""}
{"timestamp":"2025-09-12T16:28:52,017","container":"7965dbe76a4e","level":"INFO","thread":"BftProcessorExecutor-QBFT-0","class":"QbftBesuControllerBuilder","message":"Imported #1,244 / 0 tx / 0 pending / 0 (0.0%) gas / (0x85388b8c94c1bde0022b76b382d0653dc4f4a6445e858d4c804f8f5ac7e74b1f)","throwable":""}
{"timestamp":"2025-09-12T16:29:00,022","container":"7965dbe76a4e","level":"INFO","thread":"BftProcessorExecutor-QBFT-0","class":"QbftBesuControllerBuilder","message":"Imported #1,245 / 0 tx / 0 pending / 0 (0.0%) gas / (0xc91eba37264ccc82a4b529979be922fac7fc72b685d0f5d1209916753c9c4ae0)","throwable":""}
{"timestamp":"2025-09-12T16:29:08,024","container":"7965dbe76a4e","level":"INFO","thread":"BftProcessorExecutor-QBFT-0","class":"QbftBesuControllerBuilder","message":"Produced #1,246 / 0 tx / 0 pending / 0 (0.0%) gas / (0x2c0098996c13bf41886c44a26ae94a922762e218b1ed58645632f2e5f377577a)","throwable":""}
{"timestamp":"2025-09-12T16:29:16,018","container":"7965dbe76a4e","level":"INFO","thread":"BftProcessorExecutor-QBFT-0","class":"QbftBesuControllerBuilder","message":"Imported #1,247 / 0 tx / 0 pending / 0 (0.0%) gas / (0x6d119546bf97d70b113c6d816b2add074de9ab17014343925a6f10c81fd968a7)","throwable":""}
{"timestamp":"2025-09-12T16:29:24,016","container":"7965dbe76a4e","level":"INFO","thread":"BftProcessorExecutor-QBFT-0","class":"QbftBesuControllerBuilder","message":"Imported #1,248 / 0 tx / 0 pending / 0 (0.0%) gas / (0xcb024fb7123b9efd0b3a45c9630a3256a36d8cf50edacbc8d72acda3dd46c59b)","throwable":""}
{"timestamp":"2025-09-12T16:29:32,022","container":"7965dbe76a4e","level":"INFO","thread":"EthScheduler-Workers-0","class":"PersistBlockTask","message":"Block 1249 (0x05854cc6d2ae3ec5fd79820ba43ad006fdb0fa118a5af46b22ef9fc80cbfdecf) is already imported","throwable":""}
{"timestamp":"2025-09-12T16:29:32,022","container":"7965dbe76a4e","level":"INFO","thread":"BftProcessorExecutor-QBFT-0","class":"QbftBesuControllerBuilder","message":"Imported #1,249 / 0 tx / 0 pending / 0 (0.0%) gas / (0x05854cc6d2ae3ec5fd79820ba43ad006fdb0fa118a5af46b22ef9fc80cbfdecf)","throwable":""}
{"timestamp":"2025-09-12T16:29:40,013","container":"7965dbe76a4e","level":"INFO","thread":"BftProcessorExecutor-QBFT-0","class":"QbftBesuControllerBuilder","message":"Produced #1,250 / 0 tx / 0 pending / 0 (0.0%) gas / (0x264e501c59065fc6e456fb638b44f39cd492e16607ba856400d0b71dee7b3644)","throwable":""}
{"timestamp":"2025-09-12T16:29:48,018","container":"7965dbe76a4e","level":"INFO","thread":"EthScheduler-Workers-0","class":"PersistBlockTask","message":"Block 1251 (0x246c9b8a95b610268d7c1b514aab04f77f2d6609096ff20f8407604af49ee03d) is already imported","throwable":""}
{"timestamp":"2025-09-12T16:29:48,019","container":"7965dbe76a4e","level":"INFO","thread":"BftProcessorExecutor-QBFT-0","class":"QbftBesuControllerBuilder","message":"Imported #1,251 / 0 tx / 0 pending / 0 (0.0%) gas / (0x246c9b8a95b610268d7c1b514aab04f77f2d6609096ff20f8407604af49ee03d)","throwable":""}
{"timestamp":"2025-09-12T16:29:56,020","container":"7965dbe76a4e","level":"INFO","thread":"BftProcessorExecutor-QBFT-0","class":"QbftBesuControllerBuilder","message":"Imported #1,252 / 0 tx / 0 pending / 0 (0.0%) gas / (0xd69e94e969ffd052c6caf9fce692d043db98cfb7c26101fbe603ff1da9494ea8)","throwable":""}
{"timestamp":"2025-09-12T16:29:56,020","container":"7965dbe76a4e","level":"INFO","thread":"EthScheduler-Workers-0","class":"PersistBlockTask","message":"Block 1252 (0xd69e94e969ffd052c6caf9fce692d043db98cfb7c26101fbe603ff1da9494ea8) is already imported","throwable":""}
{"timestamp":"2025-09-12T16:30:04,020","container":"7965dbe76a4e","level":"INFO","thread":"EthScheduler-Workers-0","class":"PersistBlockTask","message":"Block 1253 (0x7b20b835cc842798e21963114f6656829ec2941f355815c76d95c4122de302c4) is already imported","throwable":""}
{"timestamp":"2025-09-12T16:30:04,020","container":"7965dbe76a4e","level":"INFO","thread":"BftProcessorExecutor-QBFT-0","class":"QbftBesuControllerBuilder","message":"Imported #1,253 / 0 tx / 0 pending / 0 (0.0%) gas / (0x7b20b835cc842798e21963114f6656829ec2941f355815c76d95c4122de302c4)","throwable":""}
{"timestamp":"2025-09-12T16:30:12,015","container":"7965dbe76a4e","level":"INFO","thread":"BftProcessorExecutor-QBFT-0","class":"QbftBesuControllerBuilder","message":"Produced #1,254 / 0 tx / 0 pending / 0 (0.0%) gas / (0x4427950ef7846277aac6ce3b8b7f55c302be04b63c9636cfb7ddb23ff7b06eef)","throwable":""}
{"timestamp":"2025-09-12T16:30:20,025","container":"7965dbe76a4e","level":"INFO","thread":"EthScheduler-Workers-0","class":"PersistBlockTask","message":"Block 1255 (0xe14599dc7ee22f418ee55b9be5185b091ba18923ec33d88a3db69e82b0027682) is already imported","throwable":""}
{"timestamp":"2025-09-12T16:30:20,027","container":"7965dbe76a4e","level":"INFO","thread":"BftProcessorExecutor-QBFT-0","class":"QbftBesuControllerBuilder","message":"Imported #1,255 / 0 tx / 0 pending / 0 (0.0%) gas / (0xe14599dc7ee22f418ee55b9be5185b091ba18923ec33d88a3db69e82b0027682)","throwable":""}
{"timestamp":"2025-09-12T16:30:28,025","container":"7965dbe76a4e","level":"INFO","thread":"BftProcessorExecutor-QBFT-0","class":"QbftBesuControllerBuilder","message":"Imported #1,256 / 0 tx / 0 pending / 0 (0.0%) gas / (0x3cc6ffc416dc53604b3db5d626a0f7c09a5e3f29ff2af926e05ff80b2a802b31)","throwable":""}
{"timestamp":"2025-09-12T16:30:28,026","container":"7965dbe76a4e","level":"INFO","thread":"EthScheduler-Workers-0","class":"PersistBlockTask","message":"Block 1256 (0x3cc6ffc416dc53604b3db5d626a0f7c09a5e3f29ff2af926e05ff80b2a802b31) is already imported","throwable":""}
{"timestamp":"2025-09-12T16:30:36,018","container":"7965dbe76a4e","level":"INFO","thread":"EthScheduler-Workers-0","class":"PersistBlockTask","message":"Imported #1,257 / 0 tx / 0 om / 0 (0.0%) gas / (0xebbad289bd126cfecfb34a7b08fa41625410def31460a2e805421dc4ed85e5fb) in 0.001s. Peers: 5","throwable":""}
{"timestamp":"2025-09-12T16:30:44,016","container":"7965dbe76a4e","level":"INFO","thread":"BftProcessorExecutor-QBFT-0","class":"QbftBesuControllerBuilder","message":"Produced #1,258 / 0 tx / 0 pending / 0 (0.0%) gas / (0x74ef24a454f9e4bb584392cd129dd187753fbcf74022c2bf55486d5dbe965390)","throwable":""}
{"timestamp":"2025-09-12T16:30:52,025","container":"7965dbe76a4e","level":"INFO","thread":"EthScheduler-Workers-0","class":"PersistBlockTask","message":"Imported #1,259 / 0 tx / 0 om / 0 (0.0%) gas / (0xd3f3a29ae17b785699052d284c9ed797ec03ddbb1a6ea50dc61c52c993d10a30) in 0.003s. Peers: 5","throwable":""}
{"timestamp":"2025-09-12T16:30:52,025","container":"7965dbe76a4e","level":"INFO","thread":"BftProcessorExecutor-QBFT-0","class":"QbftBesuControllerBuilder","message":"Imported #1,259 / 0 tx / 0 pending / 0 (0.0%) gas / (0xd3f3a29ae17b785699052d284c9ed797ec03ddbb1a6ea50dc61c52c993d10a30)","throwable":""}
{"timestamp":"2025-09-12T16:31:00,021","container":"7965dbe76a4e","level":"INFO","thread":"BftProcessorExecutor-QBFT-0","class":"QbftBesuControllerBuilder","message":"Imported #1,260 / 0 tx / 0 pending / 0 (0.0%) gas / (0xc82d17521076506fcd0b67d95e492250be2ea5fc3a11e6b98458a51091e05294)","throwable":""}
{"timestamp":"2025-09-12T16:31:08,019","container":"7965dbe76a4e","level":"INFO","thread":"EthScheduler-Workers-0","class":"PersistBlockTask","message":"Imported #1,261 / 0 tx / 0 om / 0 (0.0%) gas / (0x3813ff093de561013117c24caded4f4f6180d3ca36dc52d6b172264d896c2854) in 0.002s. Peers: 5","throwable":""}
{"timestamp":"2025-09-12T16:31:16,021","container":"7965dbe76a4e","level":"INFO","thread":"BftProcessorExecutor-QBFT-0","class":"QbftBesuControllerBuilder","message":"Produced #1,262 / 0 tx / 0 pending / 0 (0.0%) gas / (0x7747e7cf2729cb9eb4864ae2a2e7b49e909f0abe7adcc8b3ffef30123bbc0c08)","throwable":""}
{"timestamp":"2025-09-12T16:31:16,022","container":"7965dbe76a4e","level":"INFO","thread":"EthScheduler-Workers-0","class":"PersistBlockTask","message":"Block 1262 (0x7747e7cf2729cb9eb4864ae2a2e7b49e909f0abe7adcc8b3ffef30123bbc0c08) is already imported","throwable":""}
{"timestamp":"2025-09-12T16:31:24,020","container":"7965dbe76a4e","level":"INFO","thread":"BftProcessorExecutor-QBFT-0","class":"QbftBesuControllerBuilder","message":"Imported #1,263 / 0 tx / 0 pending / 0 (0.0%) gas / (0x122ed6423936a78109e08efc0b426dc19f732de01524d7d4c13aa2122f31195d)","throwable":""}
{"timestamp":"2025-09-12T16:31:32,025","container":"7965dbe76a4e","level":"INFO","thread":"BftProcessorExecutor-QBFT-0","class":"QbftBesuControllerBuilder","message":"Imported #1,264 / 0 tx / 0 pending / 0 (0.0%) gas / (0x5d4ae3a53b0ae1ad3dcbd2834751750eae1a0ce2b2a35e84eb0a23016e67f550)","throwable":""}
{"timestamp":"2025-09-12T16:31:40,021","container":"7965dbe76a4e","level":"INFO","thread":"BftProcessorExecutor-QBFT-0","class":"QbftBesuControllerBuilder","message":"Imported #1,265 / 0 tx / 0 pending / 0 (0.0%) gas / (0x05e26d5ee8d0cf0c620c4512828f35ca77d9d7aad15162a6c6fa60ca261c19a0)","throwable":""}
{"timestamp":"2025-09-12T16:31:48,017","container":"7965dbe76a4e","level":"INFO","thread":"BftProcessorExecutor-QBFT-0","class":"QbftBesuControllerBuilder","message":"Produced #1,266 / 0 tx / 0 pending / 0 (0.0%) gas / (0xaf0b697894821d5e3967aa0a1e25cbc7b40363e06de95cf98f0702e3cd7a3ad0)","throwable":""}
{"timestamp":"2025-09-12T16:31:56,018","container":"7965dbe76a4e","level":"INFO","thread":"BftProcessorExecutor-QBFT-0","class":"QbftBesuControllerBuilder","message":"Imported #1,267 / 0 tx / 0 pending / 0 (0.0%) gas / (0xf5a5d327a71c83f520bb2654be476624fbe64797fadf0791146a8f6537a35518)","throwable":""}
{"timestamp":"2025-09-12T16:32:04,024","container":"7965dbe76a4e","level":"INFO","thread":"EthScheduler-Workers-0","class":"PersistBlockTask","message":"Block 1268 (0x78fad689ffdb44fe1bce8812e9a5f19a3d485a76954bf1d90ff90a78f94cb220) is already imported","throwable":""}
{"timestamp":"2025-09-12T16:32:04,024","container":"7965dbe76a4e","level":"INFO","thread":"BftProcessorExecutor-QBFT-0","class":"QbftBesuControllerBuilder","message":"Imported #1,268 / 0 tx / 0 pending / 0 (0.0%) gas / (0x78fad689ffdb44fe1bce8812e9a5f19a3d485a76954bf1d90ff90a78f94cb220)","throwable":""}
{"timestamp":"2025-09-12T16:32:12,019","container":"7965dbe76a4e","level":"INFO","thread":"EthScheduler-Workers-0","class":"PersistBlockTask","message":"Block 1269 (0x54a08e5546259f376b68dd5787a9f98921c19ad41688d37cfaa51492e3de9097) is already imported","throwable":""}
{"timestamp":"2025-09-12T16:32:12,020","container":"7965dbe76a4e","level":"INFO","thread":"BftProcessorExecutor-QBFT-0","class":"QbftBesuControllerBuilder","message":"Imported #1,269 / 0 tx / 0 pending / 0 (0.0%) gas / (0x54a08e5546259f376b68dd5787a9f98921c19ad41688d37cfaa51492e3de9097)","throwable":""}
{"timestamp":"2025-09-12T16:32:20,013","container":"7965dbe76a4e","level":"INFO","thread":"BftProcessorExecutor-QBFT-0","class":"QbftBesuControllerBuilder","message":"Produced #1,270 / 0 tx / 0 pending / 0 (0.0%) gas / (0xc30cc2c548b2dd5c66d52c2082e71cabbd473b040b0d8868d0ac6d9f835d8653)","throwable":""}
{"timestamp":"2025-09-12T16:32:28,020","container":"7965dbe76a4e","level":"INFO","thread":"EthScheduler-Workers-0","class":"PersistBlockTask","message":"Block 1271 (0xc1a9a4cf32f478608901475cf40327c720973c0f723dd3ea80f3293183f0782a) is already imported","throwable":""}
{"timestamp":"2025-09-12T16:32:28,020","container":"7965dbe76a4e","level":"INFO","thread":"BftProcessorExecutor-QBFT-0","class":"QbftBesuControllerBuilder","message":"Imported #1,271 / 0 tx / 0 pending / 0 (0.0%) gas / (0xc1a9a4cf32f478608901475cf40327c720973c0f723dd3ea80f3293183f0782a)","throwable":""}
{"timestamp":"2025-09-12T16:32:36,018","container":"7965dbe76a4e","level":"INFO","thread":"EthScheduler-Workers-0","class":"PersistBlockTask","message":"Imported #1,272 / 0 tx / 0 om / 0 (0.0%) gas / (0xbf1943c5047858ed92e8c902a7c89e188f3f0949d25f20d0a91c4b13875a3803) in 0.001s. Peers: 5","throwable":""}
{"timestamp":"2025-09-12T16:32:44,019","container":"7965dbe76a4e","level":"INFO","thread":"BftProcessorExecutor-QBFT-0","class":"QbftBesuControllerBuilder","message":"Imported #1,273 / 0 tx / 0 pending / 0 (0.0%) gas / (0x33ac10c8fe04cf31d91918b980c3dc8b9631a4e18b5457fabd28eff5366ee833)","throwable":""}
{"timestamp":"2025-09-12T16:32:44,020","container":"7965dbe76a4e","level":"INFO","thread":"EthScheduler-Workers-0","class":"PersistBlockTask","message":"Block 1273 (0x33ac10c8fe04cf31d91918b980c3dc8b9631a4e18b5457fabd28eff5366ee833) is already imported","throwable":""}
{"timestamp":"2025-09-12T16:32:52,017","container":"7965dbe76a4e","level":"INFO","thread":"BftProcessorExecutor-QBFT-0","class":"QbftBesuControllerBuilder","message":"Produced #1,274 / 0 tx / 0 pending / 0 (0.0%) gas / (0x3dc34fc6e35bcf087b9c8be729c3abc8929c0285718a04a183e48abe92a635d8)","throwable":""}
{"timestamp":"2025-09-12T16:33:00,021","container":"7965dbe76a4e","level":"INFO","thread":"BftProcessorExecutor-QBFT-0","class":"QbftBesuControllerBuilder","message":"Imported #1,275 / 0 tx / 0 pending / 0 (0.0%) gas / (0x7693e9f4ce88a7f758d7f8ce9e4fc2486456513cc32ab11cf6ce916bf469ed02)","throwable":""}
{"timestamp":"2025-09-12T16:33:08,018","container":"7965dbe76a4e","level":"INFO","thread":"BftProcessorExecutor-QBFT-0","class":"QbftBesuControllerBuilder","message":"Imported #1,276 / 0 tx / 0 pending / 0 (0.0%) gas / (0x04810cb4a95d149413b9c6db871faef54861a1847d3bd1326a187b8268648685)","throwable":""}
{"timestamp":"2025-09-12T16:33:16,016","container":"7965dbe76a4e","level":"INFO","thread":"BftProcessorExecutor-QBFT-0","class":"QbftBesuControllerBuilder","message":"Imported #1,277 / 0 tx / 0 pending / 0 (0.0%) gas / (0xf64a0abbad29cfbd6cd2376ca85a4d3246ea2f9531962536b1c60fc260e5f702)","throwable":""}
{"timestamp":"2025-09-12T16:33:24,015","container":"7965dbe76a4e","level":"INFO","thread":"BftProcessorExecutor-QBFT-0","class":"QbftBesuControllerBuilder","message":"Produced #1,278 / 0 tx / 0 pending / 0 (0.0%) gas / (0xb59bfc03fd9f0255eab2a1b63a88d20d07abe8612eaa111c338422e0db5a13b2)","throwable":""}
{"timestamp":"2025-09-12T16:33:32,017","container":"7965dbe76a4e","level":"INFO","thread":"BftProcessorExecutor-QBFT-0","class":"QbftBesuControllerBuilder","message":"Imported #1,279 / 0 tx / 0 pending / 0 (0.0%) gas / (0xd3499c471260bf54bf4124308e97eae85eeea48765397abe88ba75c8cc8e381f)","throwable":""}
{"timestamp":"2025-09-12T16:33:40,016","container":"7965dbe76a4e","level":"INFO","thread":"BftProcessorExecutor-QBFT-0","class":"QbftBesuControllerBuilder","message":"Imported #1,280 / 0 tx / 0 pending / 0 (0.0%) gas / (0x847e763d7c5e30336838f24e831623c59ffae65d56eef29c70f0f694d0ed10f5)","throwable":""}
{"timestamp":"2025-09-12T16:33:48,034","container":"7965dbe76a4e","level":"INFO","thread":"EthScheduler-Workers-0","class":"PersistBlockTask","message":"Imported #1,281 / 0 tx / 0 om / 0 (0.0%) gas / (0xe00108be49975e3032655d856ac5102e1b723eb4d7a941d502d8abe577d90885) in 0.002s. Peers: 5","throwable":""}
{"timestamp":"2025-09-12T16:33:56,017","container":"7965dbe76a4e","level":"INFO","thread":"BftProcessorExecutor-QBFT-0","class":"QbftBesuControllerBuilder","message":"Produced #1,282 / 0 tx / 0 pending / 0 (0.0%) gas / (0xe7dee7c1db3a19c6d1e86dec0789e1d2d9ff1aa9a6e7d7243857ab9e1a27f075)","throwable":""}
{"timestamp":"2025-09-12T16:34:04,022","container":"7965dbe76a4e","level":"INFO","thread":"EthScheduler-Workers-0","class":"PersistBlockTask","message":"Block 1283 (0xf752ee4973376d4f2fc818457108f2c10b60546ef7fe293defd05fbab0f00bff) is already imported","throwable":""}
{"timestamp":"2025-09-12T16:34:04,022","container":"7965dbe76a4e","level":"INFO","thread":"BftProcessorExecutor-QBFT-0","class":"QbftBesuControllerBuilder","message":"Imported #1,283 / 0 tx / 0 pending / 0 (0.0%) gas / (0xf752ee4973376d4f2fc818457108f2c10b60546ef7fe293defd05fbab0f00bff)","throwable":""}
{"timestamp":"2025-09-12T16:34:12,019","container":"7965dbe76a4e","level":"INFO","thread":"EthScheduler-Workers-0","class":"PersistBlockTask","message":"Imported #1,284 / 0 tx / 0 om / 0 (0.0%) gas / (0xf08aac8faf1cbc4f8521024003453fedd3ca0507a104940293dd1af3b2f67cb7) in 0.001s. Peers: 5","throwable":""}
{"timestamp":"2025-09-12T16:34:20,017","container":"7965dbe76a4e","level":"INFO","thread":"BftProcessorExecutor-QBFT-0","class":"QbftBesuControllerBuilder","message":"Imported #1,285 / 0 tx / 0 pending / 0 (0.0%) gas / (0x8b016a4fc8a75eb52943de297f06eb1d9d8b3ab0acbdbe1edb652352bb8df3a4)","throwable":""}
{"timestamp":"2025-09-12T16:34:28,020","container":"7965dbe76a4e","level":"INFO","thread":"BftProcessorExecutor-QBFT-0","class":"QbftBesuControllerBuilder","message":"Produced #1,286 / 0 tx / 0 pending / 0 (0.0%) gas / (0x560b5ea1963dae43c9f1dd33dc8e7751bfa344c7bf65d1498b88dc0a53c1f0f9)","throwable":""}
{"timestamp":"2025-09-12T16:34:28,021","container":"7965dbe76a4e","level":"INFO","thread":"EthScheduler-Workers-0","class":"PersistBlockTask","message":"Block 1286 (0x560b5ea1963dae43c9f1dd33dc8e7751bfa344c7bf65d1498b88dc0a53c1f0f9) is already imported","throwable":""}
{"timestamp":"2025-09-12T16:34:36,021","container":"7965dbe76a4e","level":"INFO","thread":"EthScheduler-Workers-0","class":"PersistBlockTask","message":"Block 1287 (0x99071f03d76a6f969a7ee319dac97f87a0e542e6371dd9c052ae9b31191bde3a) is already imported","throwable":""}
{"timestamp":"2025-09-12T16:34:36,022","container":"7965dbe76a4e","level":"INFO","thread":"BftProcessorExecutor-QBFT-0","class":"QbftBesuControllerBuilder","message":"Imported #1,287 / 0 tx / 0 pending / 0 (0.0%) gas / (0x99071f03d76a6f969a7ee319dac97f87a0e542e6371dd9c052ae9b31191bde3a)","throwable":""}
{"timestamp":"2025-09-12T16:34:44,017","container":"7965dbe76a4e","level":"INFO","thread":"BftProcessorExecutor-QBFT-0","class":"QbftBesuControllerBuilder","message":"Imported #1,288 / 0 tx / 0 pending / 0 (0.0%) gas / (0x2b96bb90e7a8c9045042ca3a979f0069ac6e3102a8985466ca349febbaba69e5)","throwable":""}
{"timestamp":"2025-09-12T16:34:52,017","container":"7965dbe76a4e","level":"INFO","thread":"BftProcessorExecutor-QBFT-0","class":"QbftBesuControllerBuilder","message":"Imported #1,289 / 0 tx / 0 pending / 0 (0.0%) gas / (0xff82d817ce0be2b634d25033cfb2f36bfe6b0c06980556269542b1dab8edfd90)","throwable":""}
{"timestamp":"2025-09-12T16:35:00,021","container":"7965dbe76a4e","level":"INFO","thread":"EthScheduler-Workers-0","class":"PersistBlockTask","message":"Block 1290 (0x73a91180228e2d87a6b4c92027c17488b0c34ba02f19feeeeb6f9216f2d5c758) is already imported","throwable":""}
{"timestamp":"2025-09-12T16:35:00,022","container":"7965dbe76a4e","level":"INFO","thread":"BftProcessorExecutor-QBFT-0","class":"QbftBesuControllerBuilder","message":"Produced #1,290 / 0 tx / 0 pending / 0 (0.0%) gas / (0x73a91180228e2d87a6b4c92027c17488b0c34ba02f19feeeeb6f9216f2d5c758)","throwable":""}
{"timestamp":"2025-09-12T16:35:08,022","container":"7965dbe76a4e","level":"INFO","thread":"EthScheduler-Workers-0","class":"PersistBlockTask","message":"Imported #1,291 / 0 tx / 0 om / 0 (0.0%) gas / (0x0aca7525c1707deac28c35687d9be89f012efb9b7bddcd57cb0728df2702cfa9) in 0.002s. Peers: 5","throwable":""}
{"timestamp":"2025-09-12T16:35:16,017","container":"7965dbe76a4e","level":"INFO","thread":"BftProcessorExecutor-QBFT-0","class":"QbftBesuControllerBuilder","message":"Imported #1,292 / 0 tx / 0 pending / 0 (0.0%) gas / (0x98b55bb47d7f1657be2f8bcecac1b728832acc32c5a4da3b79b45b2b8aa4908a)","throwable":""}
{"timestamp":"2025-09-12T16:35:24,016","container":"7965dbe76a4e","level":"INFO","thread":"BftProcessorExecutor-QBFT-0","class":"QbftBesuControllerBuilder","message":"Imported #1,293 / 0 tx / 0 pending / 0 (0.0%) gas / (0x1694be1d26778b3a15b0ab20c5947c22753b1a6c95f10b81e8fbb99f5cdcc99d)","throwable":""}
{"timestamp":"2025-09-12T16:35:24,017","container":"7965dbe76a4e","level":"INFO","thread":"EthScheduler-Workers-0","class":"PersistBlockTask","message":"Block 1293 (0x1694be1d26778b3a15b0ab20c5947c22753b1a6c95f10b81e8fbb99f5cdcc99d) is already imported","throwable":""}
{"timestamp":"2025-09-12T16:35:32,017","container":"7965dbe76a4e","level":"INFO","thread":"BftProcessorExecutor-QBFT-0","class":"QbftBesuControllerBuilder","message":"Produced #1,294 / 0 tx / 0 pending / 0 (0.0%) gas / (0xd2b42c37a923f72b2f8e90383443197e7f18665cafd2463b0e51fbacc993c55b)","throwable":""}
{"timestamp":"2025-09-12T16:35:40,015","container":"7965dbe76a4e","level":"INFO","thread":"BftProcessorExecutor-QBFT-0","class":"QbftBesuControllerBuilder","message":"Imported #1,295 / 0 tx / 0 pending / 0 (0.0%) gas / (0x573ef59ce53ef515b955614f63213d31ebd39394b612681d0d93c1e140f55e4e)","throwable":""}
{"timestamp":"2025-09-12T17:12:11,785","container":"7965dbe76a4e","level":"INFO","thread":"BftProcessorExecutor-QBFT-0","class":"QbftBesuControllerBuilder","message":"Imported #1,296 / 0 tx / 0 pending / 0 (0.0%) gas / (0x300bd89a00e2fb941742ba4d6a61ae26fb7976148c8015674a1677b02aecc4ce)","throwable":""}
{"timestamp":"2025-09-12T17:15:56,377","container":"7965dbe76a4e","level":"INFO","thread":"BftProcessorExecutor-QBFT-0","class":"QbftBesuControllerBuilder","message":"Imported #1,297 / 0 tx / 0 pending / 0 (0.0%) gas / (0xcd35cb8641bf363eb9b68f6c69e818886da18e348be240f55b2693b73cc13893)","throwable":""}
{"timestamp":"2025-09-12T17:16:04,021","container":"7965dbe76a4e","level":"INFO","thread":"BftProcessorExecutor-QBFT-0","class":"QbftBesuControllerBuilder","message":"Produced #1,298 / 0 tx / 0 pending / 0 (0.0%) gas / (0xb3de17fcb99ff98cfcb53fccae1034738d2c766ee4faf46a6514a0d7858aecda)","throwable":""}
{"timestamp":"2025-09-12T17:16:12,027","container":"7965dbe76a4e","level":"INFO","thread":"BftProcessorExecutor-QBFT-0","class":"QbftBesuControllerBuilder","message":"Imported #1,299 / 0 tx / 0 pending / 0 (0.0%) gas / (0xd85aeabd3ff3fd987870066d3b5d9ea5ea43c36d87ddf70deb79763919161992)","throwable":""}
{"timestamp":"2025-09-12T17:16:12,027","container":"7965dbe76a4e","level":"INFO","thread":"EthScheduler-Workers-0","class":"PersistBlockTask","message":"Block 1299 (0xd85aeabd3ff3fd987870066d3b5d9ea5ea43c36d87ddf70deb79763919161992) is already imported","throwable":""}
{"timestamp":"2025-09-12T17:16:20,033","container":"7965dbe76a4e","level":"INFO","thread":"EthScheduler-Workers-0","class":"PersistBlockTask","message":"Imported #1,300 / 0 tx / 0 om / 0 (0.0%) gas / (0x3dbff4cfb1b78dca63a3e351d725bcc64ce2b12f7184149df489850a9c1c7844) in 0.012s. Peers: 5","throwable":""}
{"timestamp":"2025-09-12T17:16:20,033","container":"7965dbe76a4e","level":"INFO","thread":"BftProcessorExecutor-QBFT-0","class":"QbftBesuControllerBuilder","message":"Imported #1,300 / 0 tx / 0 pending / 0 (0.0%) gas / (0x3dbff4cfb1b78dca63a3e351d725bcc64ce2b12f7184149df489850a9c1c7844)","throwable":""}
{"timestamp":"2025-09-12T17:16:28,017","container":"7965dbe76a4e","level":"INFO","thread":"BftProcessorExecutor-QBFT-0","class":"QbftBesuControllerBuilder","message":"Imported #1,301 / 0 tx / 0 pending / 0 (0.0%) gas / (0x83c9592c612c429d3e9d6f25c5971422cc2e2049b440376a3f5e90a96b840737)","throwable":""}
{"timestamp":"2025-09-12T17:16:36,017","container":"7965dbe76a4e","level":"INFO","thread":"BftProcessorExecutor-QBFT-0","class":"QbftBesuControllerBuilder","message":"Produced #1,302 / 0 tx / 0 pending / 0 (0.0%) gas / (0xa47666db0dd7122608b7624b0fc8156aef8502704a04c31a029514200865be59)","throwable":""}
{"timestamp":"2025-09-12T17:16:44,028","container":"7965dbe76a4e","level":"INFO","thread":"EthScheduler-Workers-0","class":"PersistBlockTask","message":"Imported #1,303 / 0 tx / 0 om / 0 (0.0%) gas / (0x77c00f2bbe13144b7183f7617e2fb71042b9e00ab1b53f61b0a8a9f2484fedc0) in 0.001s. Peers: 5","throwable":""}
{"timestamp":"2025-09-12T17:16:52,025","container":"7965dbe76a4e","level":"INFO","thread":"EthScheduler-Workers-0","class":"PersistBlockTask","message":"Imported #1,304 / 0 tx / 0 om / 0 (0.0%) gas / (0xaf9087395546ae40bb717d06b6371af4adc3a680b314b07ef42b398693039c9f) in 0.001s. Peers: 5","throwable":""}
{"timestamp":"2025-09-12T17:17:00,046","container":"7965dbe76a4e","level":"INFO","thread":"BftProcessorExecutor-QBFT-0","class":"QbftBesuControllerBuilder","message":"Imported #1,305 / 0 tx / 0 pending / 0 (0.0%) gas / (0xbae6634a2b7964b79a29fdaa019840e4312a376ea284011910b85b1e2547fe55)","throwable":""}
{"timestamp":"2025-09-12T17:17:08,028","container":"7965dbe76a4e","level":"INFO","thread":"EthScheduler-Workers-0","class":"PersistBlockTask","message":"Imported #1,306 / 0 tx / 0 om / 0 (0.0%) gas / (0xf27f31377ae46cf99dce8a8dd5c73262420d113ff147c8c40524ba900cf30523) in 0.007s. Peers: 5","throwable":""}
{"timestamp":"2025-09-12T17:17:16,026","container":"7965dbe76a4e","level":"INFO","thread":"BftProcessorExecutor-QBFT-0","class":"QbftBesuControllerBuilder","message":"Imported #1,307 / 0 tx / 0 pending / 0 (0.0%) gas / (0x4148208fd61fa4790d1151bb35d47798262769ad2b6aecf3f84dc2361bca200c)","throwable":""}
{"timestamp":"2025-09-12T17:17:24,022","container":"7965dbe76a4e","level":"INFO","thread":"EthScheduler-Workers-0","class":"PersistBlockTask","message":"Imported #1,308 / 0 tx / 0 om / 0 (0.0%) gas / (0x395c11777f976fa89ffb7001ef46659e902df857cc23c7870848abec23aba53c) in 0.001s. Peers: 5","throwable":""}
{"timestamp":"2025-09-12T17:17:32,027","container":"7965dbe76a4e","level":"INFO","thread":"BftProcessorExecutor-QBFT-0","class":"QbftBesuControllerBuilder","message":"Imported #1,309 / 0 tx / 0 pending / 0 (0.0%) gas / (0x5284a0037804aedf1c9efcda6e43072309341cd9577bf025ac4ab11d844c04f5)","throwable":""}
{"timestamp":"2025-09-12T17:17:40,017","container":"7965dbe76a4e","level":"INFO","thread":"BftProcessorExecutor-QBFT-0","class":"QbftBesuControllerBuilder","message":"Produced #1,310 / 0 tx / 0 pending / 0 (0.0%) gas / (0xb19f062dcf70fbddb678a2600a818ff2cb03b0ba57d9b41ded3c902bd0d99998)","throwable":""}
{"timestamp":"2025-09-12T17:17:48,022","container":"7965dbe76a4e","level":"INFO","thread":"BftProcessorExecutor-QBFT-0","class":"QbftBesuControllerBuilder","message":"Imported #1,311 / 0 tx / 0 pending / 0 (0.0%) gas / (0x60915939f76cf1bf7d9e6aa8694e7d5a2fc64be89e79219770fcb9b4792f5611)","throwable":""}
{"timestamp":"2025-09-12T17:17:56,010","container":"7965dbe76a4e","level":"INFO","thread":"EthScheduler-Workers-0","class":"PersistBlockTask","message":"Imported #1,312 / 0 tx / 0 om / 0 (0.0%) gas / (0x9ddb9250a6e5a83c8e0bb53f3a2dded62a3f7664ee4fc5d18b3969def0a215e6) in 0.001s. Peers: 5","throwable":""}
{"timestamp":"2025-09-12T17:18:04,020","container":"7965dbe76a4e","level":"INFO","thread":"BftProcessorExecutor-QBFT-0","class":"QbftBesuControllerBuilder","message":"Imported #1,313 / 0 tx / 0 pending / 0 (0.0%) gas / (0x23c95d8321286badf479e8f6a16bfbdb12160e480795adbae3affaeeb901c8fe)","throwable":""}
{"timestamp":"2025-09-12T17:18:04,020","container":"7965dbe76a4e","level":"INFO","thread":"EthScheduler-Workers-0","class":"PersistBlockTask","message":"Block 1313 (0x23c95d8321286badf479e8f6a16bfbdb12160e480795adbae3affaeeb901c8fe) is already imported","throwable":""}
{"timestamp":"2025-09-12T17:18:12,015","container":"7965dbe76a4e","level":"INFO","thread":"BftProcessorExecutor-QBFT-0","class":"QbftBesuControllerBuilder","message":"Produced #1,314 / 0 tx / 0 pending / 0 (0.0%) gas / (0xf72e8ad81ca117b9270eec9dea58eeef7bf6f7aabda3e4d764f789d8717f817a)","throwable":""}
{"timestamp":"2025-09-12T17:18:20,023","container":"7965dbe76a4e","level":"INFO","thread":"EthScheduler-Workers-0","class":"PersistBlockTask","message":"Imported #1,315 / 0 tx / 0 om / 0 (0.0%) gas / (0x99129a8257864ffe2cc92504758dc50ee05f7de071895576f33fa14601e4ae1b) in 0.001s. Peers: 5","throwable":""}
{"timestamp":"2025-09-12T17:18:28,024","container":"7965dbe76a4e","level":"INFO","thread":"BftProcessorExecutor-QBFT-0","class":"QbftBesuControllerBuilder","message":"Imported #1,316 / 0 tx / 0 pending / 0 (0.0%) gas / (0x293072d30ebc0d2a4fb5d26a62afa8c2c0239563199d8762dd9b11fa56a30263)","throwable":""}
{"timestamp":"2025-09-12T17:18:36,018","container":"7965dbe76a4e","level":"INFO","thread":"BftProcessorExecutor-QBFT-0","class":"QbftBesuControllerBuilder","message":"Imported #1,317 / 0 tx / 0 pending / 0 (0.0%) gas / (0x206bd26ee919842658a2203b7b18992d28fb8011e319615dbdc89f31a1ade1ef)","throwable":""}
{"timestamp":"2025-09-12T17:18:44,030","container":"7965dbe76a4e","level":"INFO","thread":"EthScheduler-Workers-0","class":"PersistBlockTask","message":"Block 1318 (0x1abca5c8deb042eac2ee26f469375b1be618f5892541c8ba1f8896a611fa4445) is already imported","throwable":""}
{"timestamp":"2025-09-12T17:18:44,030","container":"7965dbe76a4e","level":"INFO","thread":"BftProcessorExecutor-QBFT-0","class":"QbftBesuControllerBuilder","message":"Produced #1,318 / 0 tx / 0 pending / 0 (0.0%) gas / (0x1abca5c8deb042eac2ee26f469375b1be618f5892541c8ba1f8896a611fa4445)","throwable":""}
{"timestamp":"2025-09-12T17:18:52,027","container":"7965dbe76a4e","level":"INFO","thread":"EthScheduler-Workers-0","class":"PersistBlockTask","message":"Block 1319 (0x80e2b8ca94fb5069c09a9e89ca902508538a4d1410aa3a36dcd838893275ccce) is already imported","throwable":""}
{"timestamp":"2025-09-12T17:18:52,027","container":"7965dbe76a4e","level":"INFO","thread":"BftProcessorExecutor-QBFT-0","class":"QbftBesuControllerBuilder","message":"Imported #1,319 / 0 tx / 0 pending / 0 (0.0%) gas / (0x80e2b8ca94fb5069c09a9e89ca902508538a4d1410aa3a36dcd838893275ccce)","throwable":""}
{"timestamp":"2025-09-12T17:19:00,024","container":"7965dbe76a4e","level":"INFO","thread":"EthScheduler-Workers-0","class":"PersistBlockTask","message":"Imported #1,320 / 0 tx / 0 om / 0 (0.0%) gas / (0xb475100c0a5ae982c76fb6b4ad4f8a29df1420479533c51e719cded2c5977a97) in 0.001s. Peers: 5","throwable":""}
{"timestamp":"2025-09-12T17:19:08,031","container":"7965dbe76a4e","level":"INFO","thread":"BftProcessorExecutor-QBFT-0","class":"QbftBesuControllerBuilder","message":"Imported #1,321 / 0 tx / 0 pending / 0 (0.0%) gas / (0xdc46f5de73c1b51e7cb06fe951b6bc87d70cde6243226716f1229fcbe4bac1d8)","throwable":""}
{"timestamp":"2025-09-12T17:19:16,020","container":"7965dbe76a4e","level":"INFO","thread":"BftProcessorExecutor-QBFT-0","class":"QbftBesuControllerBuilder","message":"Produced #1,322 / 0 tx / 0 pending / 0 (0.0%) gas / (0x559796c6461a028d4bbb8b9a13b179dda1527ca04b8be049b7e5c722e6c71cda)","throwable":""}
{"timestamp":"2025-09-12T17:19:24,018","container":"7965dbe76a4e","level":"INFO","thread":"BftProcessorExecutor-QBFT-0","class":"QbftBesuControllerBuilder","message":"Imported #1,323 / 0 tx / 0 pending / 0 (0.0%) gas / (0x2b952c6af0c9b62b74f1d3118c64f06a05347e7b76d15827bcce7bc9a3a1f8ea)","throwable":""}
{"timestamp":"2025-09-12T17:19:32,024","container":"7965dbe76a4e","level":"INFO","thread":"BftProcessorExecutor-QBFT-0","class":"QbftBesuControllerBuilder","message":"Imported #1,324 / 0 tx / 0 pending / 0 (0.0%) gas / (0x6b814210c9ba1f255e4782493c86d11a127c557bbc07284a0a5673f7bfa4b645)","throwable":""}
{"timestamp":"2025-09-12T17:19:40,017","container":"7965dbe76a4e","level":"INFO","thread":"BftProcessorExecutor-QBFT-0","class":"QbftBesuControllerBuilder","message":"Imported #1,325 / 0 tx / 0 pending / 0 (0.0%) gas / (0xb3c67186c7d08fee4461468e72bde6910a17e45fe4b50d5a3cc016c6c3165246)","throwable":""}
{"timestamp":"2025-09-12T17:19:48,032","container":"7965dbe76a4e","level":"INFO","thread":"BftProcessorExecutor-QBFT-0","class":"QbftBesuControllerBuilder","message":"Produced #1,326 / 0 tx / 0 pending / 0 (0.0%) gas / (0x6e285ff7a10221919b893350dcb065f2dec18167902d0361dc96515a193ab0a4)","throwable":""}
{"timestamp":"2025-09-12T17:19:56,022","container":"7965dbe76a4e","level":"INFO","thread":"BftProcessorExecutor-QBFT-0","class":"QbftBesuControllerBuilder","message":"Imported #1,327 / 0 tx / 0 pending / 0 (0.0%) gas / (0x96f550f4d6a366a8458034f41d611a53e531706058d913f30f17d3a866c3b403)","throwable":""}
{"timestamp":"2025-09-12T17:20:04,040","container":"7965dbe76a4e","level":"INFO","thread":"BftProcessorExecutor-QBFT-0","class":"QbftBesuControllerBuilder","message":"Imported #1,328 / 0 tx / 0 pending / 0 (0.0%) gas / (0x4715f90cd0a2ace2e4521419fe9d43a0965f309faacb30da99ccd9b053d12974)","throwable":""}
{"timestamp":"2025-09-12T17:20:12,020","container":"7965dbe76a4e","level":"INFO","thread":"EthScheduler-Workers-0","class":"PersistBlockTask","message":"Block 1329 (0x4731de39d987052735938b3ee594134d48e82b0e6ca9989926a43940cc9ed698) is already imported","throwable":""}
{"timestamp":"2025-09-12T17:20:12,021","container":"7965dbe76a4e","level":"INFO","thread":"BftProcessorExecutor-QBFT-0","class":"QbftBesuControllerBuilder","message":"Imported #1,329 / 0 tx / 0 pending / 0 (0.0%) gas / (0x4731de39d987052735938b3ee594134d48e82b0e6ca9989926a43940cc9ed698)","throwable":""}
{"timestamp":"2025-09-12T17:20:20,037","container":"7965dbe76a4e","level":"INFO","thread":"EthScheduler-Workers-0","class":"PersistBlockTask","message":"Imported #1,330 / 0 tx / 0 om / 0 (0.0%) gas / (0x425f8acfae2de938a7ba2daff6abc0fb9967244e2deb34d289ea1bed1166a5ab) in 0.002s. Peers: 5","throwable":""}
{"timestamp":"2025-09-12T17:20:28,036","container":"7965dbe76a4e","level":"INFO","thread":"BftProcessorExecutor-QBFT-0","class":"QbftBesuControllerBuilder","message":"Imported #1,331 / 0 tx / 0 pending / 0 (0.0%) gas / (0x58dc5a278ead482ffe6bc9c956d1b3594143e119d68f7e360dd183081d03f099)","throwable":""}
{"timestamp":"2025-09-12T17:20:36,047","container":"7965dbe76a4e","level":"INFO","thread":"EthScheduler-Workers-0","class":"PersistBlockTask","message":"Block 1332 (0x9f282fe77f851e0962147560b1e86347728b25ce2209d80e5446d0cf35cf0411) is already imported","throwable":""}
{"timestamp":"2025-09-12T17:20:36,050","container":"7965dbe76a4e","level":"INFO","thread":"BftProcessorExecutor-QBFT-0","class":"QbftBesuControllerBuilder","message":"Imported #1,332 / 0 tx / 0 pending / 0 (0.0%) gas / (0x9f282fe77f851e0962147560b1e86347728b25ce2209d80e5446d0cf35cf0411)","throwable":""}
{"timestamp":"2025-09-12T17:20:44,046","container":"7965dbe76a4e","level":"INFO","thread":"BftProcessorExecutor-QBFT-0","class":"QbftBesuControllerBuilder","message":"Imported #1,333 / 0 tx / 0 pending / 0 (0.0%) gas / (0x9bcfa317019b6557da6fd85934b369c5ab641cc6040a10069eca537d2984e4c2)","throwable":""}
{"timestamp":"2025-09-12T17:20:52,017","container":"7965dbe76a4e","level":"INFO","thread":"BftProcessorExecutor-QBFT-0","class":"QbftBesuControllerBuilder","message":"Produced #1,334 / 0 tx / 0 pending / 0 (0.0%) gas / (0xa294d914a279a9ea0d9ac68ef1bf4136a46651070ec88a8cefe4d32e9b069cdf)","throwable":""}
{"timestamp":"2025-09-12T17:21:00,019","container":"7965dbe76a4e","level":"INFO","thread":"BftProcessorExecutor-QBFT-0","class":"QbftBesuControllerBuilder","message":"Imported #1,335 / 0 tx / 0 pending / 0 (0.0%) gas / (0x5e38cd4d64f03b60e66ef177f074ead47a038356c2f70ce3cee31e4088827243)","throwable":""}
{"timestamp":"2025-09-12T17:21:08,015","container":"7965dbe76a4e","level":"INFO","thread":"BftProcessorExecutor-QBFT-0","class":"QbftBesuControllerBuilder","message":"Imported #1,336 / 0 tx / 0 pending / 0 (0.0%) gas / (0xe88b59b2eb9c3bf108c343fa21e463e99704201ae12d4b07514bc523c3e0ec71)","throwable":""}
{"timestamp":"2025-09-12T17:21:08,016","container":"7965dbe76a4e","level":"INFO","thread":"EthScheduler-Workers-0","class":"PersistBlockTask","message":"Block 1336 (0xe88b59b2eb9c3bf108c343fa21e463e99704201ae12d4b07514bc523c3e0ec71) is already imported","throwable":""}
{"timestamp":"2025-09-12T17:21:16,026","container":"7965dbe76a4e","level":"INFO","thread":"BftProcessorExecutor-QBFT-0","class":"QbftBesuControllerBuilder","message":"Imported #1,337 / 0 tx / 0 pending / 0 (0.0%) gas / (0x1e3163e32a5c1ca1ea81c1cc03c0625b0a39565fd62ab8d5a2e4974c213eac74)","throwable":""}
{"timestamp":"2025-09-12T17:21:16,027","container":"7965dbe76a4e","level":"INFO","thread":"EthScheduler-Workers-0","class":"PersistBlockTask","message":"Block 1337 (0x1e3163e32a5c1ca1ea81c1cc03c0625b0a39565fd62ab8d5a2e4974c213eac74) is already imported","throwable":""}
{"timestamp":"2025-09-12T17:21:24,014","container":"7965dbe76a4e","level":"INFO","thread":"BftProcessorExecutor-QBFT-0","class":"QbftBesuControllerBuilder","message":"Produced #1,338 / 0 tx / 0 pending / 0 (0.0%) gas / (0xd19c0fa53fd9862588263d046a17504d09102fd4fb752f17af0553ddbf05b8b4)","throwable":""}
{"timestamp":"2025-09-12T17:21:32,021","container":"7965dbe76a4e","level":"INFO","thread":"BftProcessorExecutor-QBFT-0","class":"QbftBesuControllerBuilder","message":"Imported #1,339 / 0 tx / 0 pending / 0 (0.0%) gas / (0xca0fee903f3ddbb46a13134d40d5f2b811c93fb343495959ab1dd272db68a353)","throwable":""}
{"timestamp":"2025-09-12T17:21:32,022","container":"7965dbe76a4e","level":"INFO","thread":"EthScheduler-Workers-0","class":"PersistBlockTask","message":"Block 1339 (0xca0fee903f3ddbb46a13134d40d5f2b811c93fb343495959ab1dd272db68a353) is already imported","throwable":""}
{"timestamp":"2025-09-12T17:21:40,016","container":"7965dbe76a4e","level":"INFO","thread":"BftProcessorExecutor-QBFT-0","class":"QbftBesuControllerBuilder","message":"Imported #1,340 / 0 tx / 0 pending / 0 (0.0%) gas / (0xe1505e8faffe6d04a3c233f6a84731aa74e14dd2a8c94d913eb93ebc2492f85e)","throwable":""}
{"timestamp":"2025-09-12T17:21:48,034","container":"7965dbe76a4e","level":"INFO","thread":"BftProcessorExecutor-QBFT-0","class":"QbftBesuControllerBuilder","message":"Imported #1,341 / 0 tx / 0 pending / 0 (0.0%) gas / (0x5df7225c38b7638610bd7719f58d45222491fe647fab83b1379144ac40997113)","throwable":""}
{"timestamp":"2025-09-12T17:21:56,017","container":"7965dbe76a4e","level":"INFO","thread":"BftProcessorExecutor-QBFT-0","class":"QbftBesuControllerBuilder","message":"Produced #1,342 / 0 tx / 0 pending / 0 (0.0%) gas / (0x45d6d82abfad1c1bc9ce19200c8f610066ec90a32c8861e9cd4931c309c4e813)","throwable":""}
{"timestamp":"2025-09-12T17:22:04,023","container":"7965dbe76a4e","level":"INFO","thread":"BftProcessorExecutor-QBFT-0","class":"QbftBesuControllerBuilder","message":"Imported #1,343 / 0 tx / 0 pending / 0 (0.0%) gas / (0x6a887d25c196f511eeae3dd79eac5e84baccc97569c0d96046b0f54063f72631)","throwable":""}
{"timestamp":"2025-09-12T17:22:04,031","container":"7965dbe76a4e","level":"INFO","thread":"EthScheduler-Workers-0","class":"PersistBlockTask","message":"Block 1343 (0x6a887d25c196f511eeae3dd79eac5e84baccc97569c0d96046b0f54063f72631) is already imported","throwable":""}
{"timestamp":"2025-09-12T17:22:12,017","container":"7965dbe76a4e","level":"INFO","thread":"BftProcessorExecutor-QBFT-0","class":"QbftBesuControllerBuilder","message":"Imported #1,344 / 0 tx / 0 pending / 0 (0.0%) gas / (0x13374e9a6a4069a623db1486960ec0c3f3008bdd7e8fa155db787c0aeb7ed5ec)","throwable":""}
{"timestamp":"2025-09-12T17:22:20,016","container":"7965dbe76a4e","level":"INFO","thread":"BftProcessorExecutor-QBFT-0","class":"QbftBesuControllerBuilder","message":"Imported #1,345 / 0 tx / 0 pending / 0 (0.0%) gas / (0x00406baada4c57edd54072d9e7caf237a32c3c0034297ac4113d8ac1f97127c4)","throwable":""}
{"timestamp":"2025-09-12T17:22:28,038","container":"7965dbe76a4e","level":"INFO","thread":"BftProcessorExecutor-QBFT-0","class":"QbftBesuControllerBuilder","message":"Produced #1,346 / 0 tx / 0 pending / 0 (0.0%) gas / (0xef115aaa6b6af40259b2dc072e6d47714d80707e3f87d75e02e7f1d9495fdff3)","throwable":""}
{"timestamp":"2025-09-12T17:22:36,020","container":"7965dbe76a4e","level":"INFO","thread":"BftProcessorExecutor-QBFT-0","class":"QbftBesuControllerBuilder","message":"Imported #1,347 / 0 tx / 0 pending / 0 (0.0%) gas / (0xb48f2d2282e8bac06c0d3f3a666cfc05364c198ab7c162da70d14a767f5ea235)","throwable":""}
{"timestamp":"2025-09-12T17:22:44,017","container":"7965dbe76a4e","level":"INFO","thread":"BftProcessorExecutor-QBFT-0","class":"QbftBesuControllerBuilder","message":"Imported #1,348 / 0 tx / 0 pending / 0 (0.0%) gas / (0x0557771c77fe58ff7547f017725e3a0f924ff60758df062fa50225bdb35df552)","throwable":""}
{"timestamp":"2025-09-12T17:22:52,016","container":"7965dbe76a4e","level":"INFO","thread":"BftProcessorExecutor-QBFT-0","class":"QbftBesuControllerBuilder","message":"Imported #1,349 / 0 tx / 0 pending / 0 (0.0%) gas / (0xd54f189d70c6eddfcb8605fdd2ae0ed392332daeaa311fb5be215b9e274e28bb)","throwable":""}
{"timestamp":"2025-09-12T17:23:00,025","container":"7965dbe76a4e","level":"INFO","thread":"BftProcessorExecutor-QBFT-0","class":"QbftBesuControllerBuilder","message":"Produced #1,350 / 0 tx / 0 pending / 0 (0.0%) gas / (0x55b12089aaf410d8a092b5c08e338a57d6ce750ca1de395ba7daf0d534c90e1e)","throwable":""}
{"timestamp":"2025-09-12T17:23:08,017","container":"7965dbe76a4e","level":"INFO","thread":"BftProcessorExecutor-QBFT-0","class":"QbftBesuControllerBuilder","message":"Imported #1,351 / 0 tx / 0 pending / 0 (0.0%) gas / (0xb0eb57983148f5a05964b7bf1acc08468d2d79c7ad8cb1a8c61a25feb51fcf4f)","throwable":""}
{"timestamp":"2025-09-12T17:23:16,013","container":"7965dbe76a4e","level":"INFO","thread":"BftProcessorExecutor-QBFT-0","class":"QbftBesuControllerBuilder","message":"Imported #1,352 / 0 tx / 0 pending / 0 (0.0%) gas / (0x181a3233ede047e8dcf9af51bb543553d506082209ab0cd3ca35c0b155bb710e)","throwable":""}
{"timestamp":"2025-09-12T17:23:24,015","container":"7965dbe76a4e","level":"INFO","thread":"BftProcessorExecutor-QBFT-0","class":"QbftBesuControllerBuilder","message":"Imported #1,353 / 0 tx / 0 pending / 0 (0.0%) gas / (0x9143c2b6879718a74ba315eb89e78bdbb190f3f73b141ac7a7867edda34c4466)","throwable":""}
{"timestamp":"2025-09-12T17:23:32,015","container":"7965dbe76a4e","level":"INFO","thread":"BftProcessorExecutor-QBFT-0","class":"QbftBesuControllerBuilder","message":"Produced #1,354 / 0 tx / 0 pending / 0 (0.0%) gas / (0x9f9560afa536cc62f7e37d1acfa011b9e56c940e4de9e9d1a53bac82f95d62cf)","throwable":""}
{"timestamp":"2025-09-12T17:23:40,013","container":"7965dbe76a4e","level":"INFO","thread":"BftProcessorExecutor-QBFT-0","class":"QbftBesuControllerBuilder","message":"Imported #1,355 / 0 tx / 0 pending / 0 (0.0%) gas / (0x8e4e4b5806516a66b2dfda276e9d4a87f70371ccfde3447386a3fc397f517472)","throwable":""}
{"timestamp":"2025-09-12T17:23:48,024","container":"7965dbe76a4e","level":"INFO","thread":"EthScheduler-Workers-0","class":"PersistBlockTask","message":"Imported #1,356 / 0 tx / 0 om / 0 (0.0%) gas / (0x88cc194f3da229347630c3d35c763c938c0f3ad8e144aa0af461640d8c62527b) in 0.008s. Peers: 5","throwable":""}
{"timestamp":"2025-09-12T17:23:48,024","container":"7965dbe76a4e","level":"INFO","thread":"BftProcessorExecutor-QBFT-0","class":"QbftBesuControllerBuilder","message":"Imported #1,356 / 0 tx / 0 pending / 0 (0.0%) gas / (0x88cc194f3da229347630c3d35c763c938c0f3ad8e144aa0af461640d8c62527b)","throwable":""}
{"timestamp":"2025-09-12T17:23:56,030","container":"7965dbe76a4e","level":"INFO","thread":"BftProcessorExecutor-QBFT-0","class":"QbftBesuControllerBuilder","message":"Imported #1,357 / 0 tx / 0 pending / 0 (0.0%) gas / (0x5d03ac27705723802d408722107834be2e8e050a9ff5f869f1bc5cabc8695295)","throwable":""}
{"timestamp":"2025-09-12T17:24:04,014","container":"7965dbe76a4e","level":"INFO","thread":"BftProcessorExecutor-QBFT-0","class":"QbftBesuControllerBuilder","message":"Produced #1,358 / 0 tx / 0 pending / 0 (0.0%) gas / (0x3e5eb90f156a54ad80249c008febe36b81dd5c5f01eadb018137f3ee37b8a23c)","throwable":""}
{"timestamp":"2025-09-12T17:24:04,016","container":"7965dbe76a4e","level":"INFO","thread":"EthScheduler-Workers-0","class":"PersistBlockTask","message":"Block 1358 (0x3e5eb90f156a54ad80249c008febe36b81dd5c5f01eadb018137f3ee37b8a23c) is already imported","throwable":""}
{"timestamp":"2025-09-12T17:24:12,023","container":"7965dbe76a4e","level":"INFO","thread":"BftProcessorExecutor-QBFT-0","class":"QbftBesuControllerBuilder","message":"Imported #1,359 / 0 tx / 0 pending / 0 (0.0%) gas / (0x9bce1e3719d8f2151bc29b677a224cabfbdf3add321548765f2b88c2733b9e40)","throwable":""}
{"timestamp":"2025-09-12T17:24:20,016","container":"7965dbe76a4e","level":"INFO","thread":"BftProcessorExecutor-QBFT-0","class":"QbftBesuControllerBuilder","message":"Imported #1,360 / 0 tx / 0 pending / 0 (0.0%) gas / (0x5042cb330489781736da1dea337fa9d074693ea54f6a56bc16d52235aab94c06)","throwable":""}
{"timestamp":"2025-09-12T17:24:28,016","container":"7965dbe76a4e","level":"INFO","thread":"BftProcessorExecutor-QBFT-0","class":"QbftBesuControllerBuilder","message":"Imported #1,361 / 0 tx / 0 pending / 0 (0.0%) gas / (0xade801163c2dec375d96ece14d30761c96dc384ce89f829cc689e88346d7a6c7)","throwable":""}
{"timestamp":"2025-09-12T17:24:36,014","container":"7965dbe76a4e","level":"INFO","thread":"BftProcessorExecutor-QBFT-0","class":"QbftBesuControllerBuilder","message":"Produced #1,362 / 0 tx / 0 pending / 0 (0.0%) gas / (0xddf9e70b30811ab791655a598d18cac5360ed36e8467a6834fe44a7668d65da9)","throwable":""}
{"timestamp":"2025-09-12T17:24:44,017","container":"7965dbe76a4e","level":"INFO","thread":"BftProcessorExecutor-QBFT-0","class":"QbftBesuControllerBuilder","message":"Imported #1,363 / 0 tx / 0 pending / 0 (0.0%) gas / (0xcb687d6c62eecaa32df531352621e2b3160b1bf7c636f55c7b09577581657c13)","throwable":""}
{"timestamp":"2025-09-12T17:24:52,034","container":"7965dbe76a4e","level":"INFO","thread":"BftProcessorExecutor-QBFT-0","class":"QbftBesuControllerBuilder","message":"Imported #1,364 / 0 tx / 0 pending / 0 (0.0%) gas / (0x13d2cc19f9758920833e042d1bc48b5f6cdbcdfb17fe32fe6a80112f934a4d56)","throwable":""}
{"timestamp":"2025-09-12T17:25:00,020","container":"7965dbe76a4e","level":"INFO","thread":"BftProcessorExecutor-QBFT-0","class":"QbftBesuControllerBuilder","message":"Imported #1,365 / 0 tx / 0 pending / 0 (0.0%) gas / (0x0757c1b749c3bd04f6e0e7c4bdcada140b8784d03c316042b088fa9758b2533b)","throwable":""}
{"timestamp":"2025-09-12T17:25:08,019","container":"7965dbe76a4e","level":"INFO","thread":"BftProcessorExecutor-QBFT-0","class":"QbftBesuControllerBuilder","message":"Produced #1,366 / 0 tx / 0 pending / 0 (0.0%) gas / (0x09239f1e79d75cf71eecc3570f25447a520851c52fd2aa4393d5aabc4bb0e96c)","throwable":""}
{"timestamp":"2025-09-12T17:25:16,013","container":"7965dbe76a4e","level":"INFO","thread":"BftProcessorExecutor-QBFT-0","class":"QbftBesuControllerBuilder","message":"Imported #1,367 / 0 tx / 0 pending / 0 (0.0%) gas / (0xf966073d27bf794997b4503b8c30c39df33f666926c0998173cb7067768dbd3d)","throwable":""}
{"timestamp":"2025-09-12T17:25:24,013","container":"7965dbe76a4e","level":"INFO","thread":"BftProcessorExecutor-QBFT-0","class":"QbftBesuControllerBuilder","message":"Imported #1,368 / 0 tx / 0 pending / 0 (0.0%) gas / (0x87332e3efd52b4d0b46cfd9dd5461c19c5935993c7af9374b0a2ffa9e45a78b0)","throwable":""}
{"timestamp":"2025-09-12T17:25:32,019","container":"7965dbe76a4e","level":"INFO","thread":"BftProcessorExecutor-QBFT-0","class":"QbftBesuControllerBuilder","message":"Imported #1,369 / 0 tx / 0 pending / 0 (0.0%) gas / (0x4636f75eeabdbf99f69b1614c9f25f6a7969f13ce9f90c2d57fdba0000a53ced)","throwable":""}
{"timestamp":"2025-09-12T17:25:40,048","container":"7965dbe76a4e","level":"INFO","thread":"BftProcessorExecutor-QBFT-0","class":"QbftBesuControllerBuilder","message":"Produced #1,370 / 0 tx / 0 pending / 0 (0.0%) gas / (0x822a4be854eca11c1244033e37f127cb7a94875fca61b8d829e49b3dda77c1f6)","throwable":""}
{"timestamp":"2025-09-12T17:25:48,019","container":"7965dbe76a4e","level":"INFO","thread":"BftProcessorExecutor-QBFT-0","class":"QbftBesuControllerBuilder","message":"Imported #1,371 / 0 tx / 0 pending / 0 (0.0%) gas / (0x67040ada408be7b89f72d7be5378f98761049c80d43e699b11f72527897f99f6)","throwable":""}
{"timestamp":"2025-09-12T17:25:56,042","container":"7965dbe76a4e","level":"INFO","thread":"BftProcessorExecutor-QBFT-0","class":"QbftBesuControllerBuilder","message":"Imported #1,372 / 0 tx / 0 pending / 0 (0.0%) gas / (0x8b55069fc09a14d39be1f1da9db0e7948e0f0f2099bb7cec056b1720778012d5)","throwable":""}
{"timestamp":"2025-09-12T17:26:04,022","container":"7965dbe76a4e","level":"INFO","thread":"BftProcessorExecutor-QBFT-0","class":"QbftBesuControllerBuilder","message":"Imported #1,373 / 0 tx / 0 pending / 0 (0.0%) gas / (0x79999580ca575609e7022b20c0cf54a96bdeb58a1709489995552c8c3d490724)","throwable":""}
{"timestamp":"2025-09-12T17:26:12,019","container":"7965dbe76a4e","level":"INFO","thread":"BftProcessorExecutor-QBFT-0","class":"QbftBesuControllerBuilder","message":"Produced #1,374 / 0 tx / 0 pending / 0 (0.0%) gas / (0x9c2ba0453ddca832c7b9ade5dd7751fa2d9bed7888a158acf4dc77495e48d91b)","throwable":""}
{"timestamp":"2025-09-12T17:26:20,019","container":"7965dbe76a4e","level":"INFO","thread":"BftProcessorExecutor-QBFT-0","class":"QbftBesuControllerBuilder","message":"Imported #1,375 / 0 tx / 0 pending / 0 (0.0%) gas / (0x97e23e3f44a25aa24c015777b9e328ca94b55d436f0455430547534741ee570b)","throwable":""}
{"timestamp":"2025-09-12T17:26:28,021","container":"7965dbe76a4e","level":"INFO","thread":"BftProcessorExecutor-QBFT-0","class":"QbftBesuControllerBuilder","message":"Imported #1,376 / 0 tx / 0 pending / 0 (0.0%) gas / (0x5c11ceb920e0b22502fc922be6e5d223523f9bca868f272c8e7bee866fc823ba)","throwable":""}
{"timestamp":"2025-09-12T17:26:36,015","container":"7965dbe76a4e","level":"INFO","thread":"EthScheduler-Workers-0","class":"PersistBlockTask","message":"Imported #1,377 / 0 tx / 0 om / 0 (0.0%) gas / (0x4e8b265c535a037c1709c3f45c02656e81d01e759c81331bed016bee06aed639) in 0.001s. Peers: 5","throwable":""}
{"timestamp":"2025-09-12T17:26:44,020","container":"7965dbe76a4e","level":"INFO","thread":"BftProcessorExecutor-QBFT-0","class":"QbftBesuControllerBuilder","message":"Produced #1,378 / 0 tx / 0 pending / 0 (0.0%) gas / (0xd0acc17d3a06d47bf992721eb6d55fd862f8a51a6897d850d96e03c84fdec470)","throwable":""}
{"timestamp":"2025-09-12T17:26:52,029","container":"7965dbe76a4e","level":"INFO","thread":"EthScheduler-Workers-0","class":"PersistBlockTask","message":"Imported #1,379 / 0 tx / 0 om / 0 (0.0%) gas / (0xe8a75566bfc54d8804acfe8bb7de9b135e492ebada0d3597f1eedce27b2da12a) in 0.001s. Peers: 5","throwable":""}
{"timestamp":"2025-09-12T17:27:00,021","container":"7965dbe76a4e","level":"INFO","thread":"BftProcessorExecutor-QBFT-0","class":"QbftBesuControllerBuilder","message":"Imported #1,380 / 0 tx / 0 pending / 0 (0.0%) gas / (0x5f90769a71f778e6d5f6057f4ad15021e393a519902107e37565fb6fd7237535)","throwable":""}
{"timestamp":"2025-09-12T17:27:08,016","container":"7965dbe76a4e","level":"INFO","thread":"BftProcessorExecutor-QBFT-0","class":"QbftBesuControllerBuilder","message":"Imported #1,381 / 0 tx / 0 pending / 0 (0.0%) gas / (0xf0fc2a519ac674fb3027a0de5c160fcdee415c76599f7c144d37be3e93fdb354)","throwable":""}
{"timestamp":"2025-09-12T17:27:16,034","container":"7965dbe76a4e","level":"INFO","thread":"EthScheduler-Workers-0","class":"PersistBlockTask","message":"Imported #1,382 / 0 tx / 0 om / 0 (0.0%) gas / (0x77e5ce133b3e5220040acf3a90d681603e313e3e6866d423083c8164298498e9) in 0.001s. Peers: 5","throwable":""}
{"timestamp":"2025-09-12T17:27:16,042","container":"7965dbe76a4e","level":"INFO","thread":"BftProcessorExecutor-QBFT-0","class":"QbftBesuControllerBuilder","message":"Produced #1,382 / 0 tx / 0 pending / 0 (0.0%) gas / (0x77e5ce133b3e5220040acf3a90d681603e313e3e6866d423083c8164298498e9)","throwable":""}
{"timestamp":"2025-09-12T17:27:24,014","container":"7965dbe76a4e","level":"INFO","thread":"BftProcessorExecutor-QBFT-0","class":"QbftBesuControllerBuilder","message":"Imported #1,383 / 0 tx / 0 pending / 0 (0.0%) gas / (0x4eb8cef1838109ba63e8a88e101fd3ae9662d8d8c4e2bce7678ba71f721c7771)","throwable":""}
{"timestamp":"2025-09-12T17:27:32,016","container":"7965dbe76a4e","level":"INFO","thread":"BftProcessorExecutor-QBFT-0","class":"QbftBesuControllerBuilder","message":"Imported #1,384 / 0 tx / 0 pending / 0 (0.0%) gas / (0xb4383ba6b35db071dece53e87600c6a3a2c09a649d4dc139c2260245e033b0a9)","throwable":""}
{"timestamp":"2025-09-12T17:27:40,019","container":"7965dbe76a4e","level":"INFO","thread":"EthScheduler-Workers-0","class":"PersistBlockTask","message":"Imported #1,385 / 0 tx / 0 om / 0 (0.0%) gas / (0xc8addfe8a4adb927ba868047699605e2455fabfdeffa4e8a38894d6daa000afd) in 0.001s. Peers: 5","throwable":""}
{"timestamp":"2025-09-12T17:27:48,016","container":"7965dbe76a4e","level":"INFO","thread":"BftProcessorExecutor-QBFT-0","class":"QbftBesuControllerBuilder","message":"Produced #1,386 / 0 tx / 0 pending / 0 (0.0%) gas / (0x67822b5f6a690e855a44203bbcc2e665148811b1f6fa8e3e4988c8c341d2bd9d)","throwable":""}
{"timestamp":"2025-09-12T17:27:56,015","container":"7965dbe76a4e","level":"INFO","thread":"BftProcessorExecutor-QBFT-0","class":"QbftBesuControllerBuilder","message":"Imported #1,387 / 0 tx / 0 pending / 0 (0.0%) gas / (0xe72b1ac3d733d4256ddf2b01bfdde3924138922e98c0a1b1dfeac27f1ef4ab1d)","throwable":""}
{"timestamp":"2025-09-12T17:28:04,018","container":"7965dbe76a4e","level":"INFO","thread":"EthScheduler-Workers-0","class":"PersistBlockTask","message":"Block 1388 (0x41af7a7f0e60b046071bec14c0b8249cbed30b03466adfa9eedbb81d809b7fa7) is already imported","throwable":""}
{"timestamp":"2025-09-12T17:28:04,018","container":"7965dbe76a4e","level":"INFO","thread":"BftProcessorExecutor-QBFT-0","class":"QbftBesuControllerBuilder","message":"Imported #1,388 / 0 tx / 0 pending / 0 (0.0%) gas / (0x41af7a7f0e60b046071bec14c0b8249cbed30b03466adfa9eedbb81d809b7fa7)","throwable":""}
{"timestamp":"2025-09-12T17:28:12,023","container":"7965dbe76a4e","level":"INFO","thread":"BftProcessorExecutor-QBFT-0","class":"QbftBesuControllerBuilder","message":"Imported #1,389 / 0 tx / 0 pending / 0 (0.0%) gas / (0x6ca95333da2157cb1f51669a1e3731d2e854620eac37c09495db1b95842258b6)","throwable":""}
{"timestamp":"2025-09-12T17:28:12,027","container":"7965dbe76a4e","level":"INFO","thread":"EthScheduler-Workers-0","class":"PersistBlockTask","message":"Block 1389 (0x6ca95333da2157cb1f51669a1e3731d2e854620eac37c09495db1b95842258b6) is already imported","throwable":""}
{"timestamp":"2025-09-12T17:28:20,023","container":"7965dbe76a4e","level":"INFO","thread":"BftProcessorExecutor-QBFT-0","class":"QbftBesuControllerBuilder","message":"Produced #1,390 / 0 tx / 0 pending / 0 (0.0%) gas / (0xae163d9b3b5c7a1daf77ac249ff6c1bb25d8ae048f4a6e4446a26524a7c6e06c)","throwable":""}
{"timestamp":"2025-09-12T17:28:20,023","container":"7965dbe76a4e","level":"INFO","thread":"EthScheduler-Workers-0","class":"PersistBlockTask","message":"Block 1390 (0xae163d9b3b5c7a1daf77ac249ff6c1bb25d8ae048f4a6e4446a26524a7c6e06c) is already imported","throwable":""}
{"timestamp":"2025-09-12T17:28:28,015","container":"7965dbe76a4e","level":"INFO","thread":"BftProcessorExecutor-QBFT-0","class":"QbftBesuControllerBuilder","message":"Imported #1,391 / 0 tx / 0 pending / 0 (0.0%) gas / (0xd768addd9d23db21f11ea691ab9f7aea804891a35dd4afbe5ce0312bd44eff1e)","throwable":""}
{"timestamp":"2025-09-12T17:28:36,032","container":"7965dbe76a4e","level":"INFO","thread":"BftProcessorExecutor-QBFT-0","class":"QbftBesuControllerBuilder","message":"Imported #1,392 / 0 tx / 0 pending / 0 (0.0%) gas / (0x05151c45fc1e88230b78f7bbf6583e5b776126e480b8a9fef9ea081168c5778d)","throwable":""}
{"timestamp":"2025-09-12T17:28:44,015","container":"7965dbe76a4e","level":"INFO","thread":"BftProcessorExecutor-QBFT-0","class":"QbftBesuControllerBuilder","message":"Imported #1,393 / 0 tx / 0 pending / 0 (0.0%) gas / (0xb91bcd3b873821ba82ef4f7b224ed269812ea9e8b824b568222ae6f04deae57d)","throwable":""}
{"timestamp":"2025-09-12T17:28:52,017","container":"7965dbe76a4e","level":"INFO","thread":"EthScheduler-Workers-0","class":"PersistBlockTask","message":"Imported #1,394 / 0 tx / 0 om / 0 (0.0%) gas / (0xe74b6646c3ffd4262687e1fceba77511fddc5b0c98abc9579db70f7344395157) in 0.001s. Peers: 5","throwable":""}
{"timestamp":"2025-09-12T17:29:00,017","container":"7965dbe76a4e","level":"INFO","thread":"BftProcessorExecutor-QBFT-0","class":"QbftBesuControllerBuilder","message":"Imported #1,395 / 0 tx / 0 pending / 0 (0.0%) gas / (0xae5acc460c10c3cc4b79b842813f98c86a4400f514dbcedaf4d5d0089299419b)","throwable":""}
{"timestamp":"2025-09-12T17:29:08,016","container":"7965dbe76a4e","level":"INFO","thread":"BftProcessorExecutor-QBFT-0","class":"QbftBesuControllerBuilder","message":"Imported #1,396 / 0 tx / 0 pending / 0 (0.0%) gas / (0x1d8018a37bd6dd0d906e8407a8b2ca9beb2793df3d17337e51b9a10d4a2c935a)","throwable":""}
{"timestamp":"2025-09-12T17:29:16,017","container":"7965dbe76a4e","level":"INFO","thread":"BftProcessorExecutor-QBFT-0","class":"QbftBesuControllerBuilder","message":"Imported #1,397 / 0 tx / 0 pending / 0 (0.0%) gas / (0x92aa9e119c28cf143f04c77e2291655acbfb80e31e67e4d66c062875ce5b58d7)","throwable":""}
{"timestamp":"2025-09-12T17:29:24,010","container":"7965dbe76a4e","level":"INFO","thread":"BftProcessorExecutor-QBFT-0","class":"QbftBesuControllerBuilder","message":"Produced #1,398 / 0 tx / 0 pending / 0 (0.0%) gas / (0xfe04d932e893d599a0a5af9e7cca13c81047c0e6ee91484254eabf7a26f3c630)","throwable":""}
{"timestamp":"2025-09-12T17:29:32,021","container":"7965dbe76a4e","level":"INFO","thread":"EthScheduler-Workers-0","class":"PersistBlockTask","message":"Imported #1,399 / 0 tx / 0 om / 0 (0.0%) gas / (0x6ea8f18a2927e5216203c485a975b1d5cc29ed51199c4dd459be5b947db0f832) in 0.001s. Peers: 5","throwable":""}
{"timestamp":"2025-09-12T17:29:40,017","container":"7965dbe76a4e","level":"INFO","thread":"BftProcessorExecutor-QBFT-0","class":"QbftBesuControllerBuilder","message":"Imported #1,400 / 0 tx / 0 pending / 0 (0.0%) gas / (0xa4b104a446c3cf4940c386c674ee5ad6e29a0777d1542fbba3eca1c9ad519fa7)","throwable":""}
{"timestamp":"2025-09-12T17:29:48,023","container":"7965dbe76a4e","level":"INFO","thread":"BftProcessorExecutor-QBFT-0","class":"QbftBesuControllerBuilder","message":"Imported #1,401 / 0 tx / 0 pending / 0 (0.0%) gas / (0xa7384ce130a8d6a4cb748f59acba251f7402a38e7c323e81d9d9fc105f07b82e)","throwable":""}
{"timestamp":"2025-09-12T17:29:48,030","container":"7965dbe76a4e","level":"INFO","thread":"EthScheduler-Workers-0","class":"PersistBlockTask","message":"Block 1401 (0xa7384ce130a8d6a4cb748f59acba251f7402a38e7c323e81d9d9fc105f07b82e) is already imported","throwable":""}
{"timestamp":"2025-09-12T17:29:56,018","container":"7965dbe76a4e","level":"INFO","thread":"EthScheduler-Workers-0","class":"PersistBlockTask","message":"Block 1402 (0x0c359646dd60445ab0d70ec61c41a1c64af530ef7dd52c938980d075c5e0ea38) is already imported","throwable":""}
{"timestamp":"2025-09-12T17:29:56,018","container":"7965dbe76a4e","level":"INFO","thread":"BftProcessorExecutor-QBFT-0","class":"QbftBesuControllerBuilder","message":"Produced #1,402 / 0 tx / 0 pending / 0 (0.0%) gas / (0x0c359646dd60445ab0d70ec61c41a1c64af530ef7dd52c938980d075c5e0ea38)","throwable":""}
{"timestamp":"2025-09-12T17:30:04,018","container":"7965dbe76a4e","level":"INFO","thread":"BftProcessorExecutor-QBFT-0","class":"QbftBesuControllerBuilder","message":"Imported #1,403 / 0 tx / 0 pending / 0 (0.0%) gas / (0xe520f4b71bbf79879545370896bdd08fdfd3920262680512a9d72247e556bd0f)","throwable":""}
{"timestamp":"2025-09-12T17:30:12,019","container":"7965dbe76a4e","level":"INFO","thread":"BftProcessorExecutor-QBFT-0","class":"QbftBesuControllerBuilder","message":"Imported #1,404 / 0 tx / 0 pending / 0 (0.0%) gas / (0xf4a3665607ae90dcae6d84d79cabaf771e29c6edd7bd7d3138937b892323f78f)","throwable":""}
{"timestamp":"2025-09-12T17:30:12,021","container":"7965dbe76a4e","level":"INFO","thread":"EthScheduler-Workers-0","class":"PersistBlockTask","message":"Block 1404 (0xf4a3665607ae90dcae6d84d79cabaf771e29c6edd7bd7d3138937b892323f78f) is already imported","throwable":""}
{"timestamp":"2025-09-12T17:30:20,013","container":"7965dbe76a4e","level":"INFO","thread":"BftProcessorExecutor-QBFT-0","class":"QbftBesuControllerBuilder","message":"Imported #1,405 / 0 tx / 0 pending / 0 (0.0%) gas / (0xd55d56a62ba2914a253616a3e7935bf000672d513ba4c325f058bc08b280f389)","throwable":""}
{"timestamp":"2025-09-12T17:30:28,037","container":"7965dbe76a4e","level":"INFO","thread":"BftProcessorExecutor-QBFT-0","class":"QbftBesuControllerBuilder","message":"Produced #1,406 / 0 tx / 0 pending / 0 (0.0%) gas / (0xc76defae1baa8844d58b42294c213f342d20bd7ba078200c4d8d58c62009bb72)","throwable":""}
{"timestamp":"2025-09-12T17:30:28,037","container":"7965dbe76a4e","level":"INFO","thread":"EthScheduler-Workers-0","class":"PersistBlockTask","message":"Block 1406 (0xc76defae1baa8844d58b42294c213f342d20bd7ba078200c4d8d58c62009bb72) is already imported","throwable":""}
{"timestamp":"2025-09-12T17:30:36,025","container":"7965dbe76a4e","level":"INFO","thread":"BftProcessorExecutor-QBFT-0","class":"QbftBesuControllerBuilder","message":"Imported #1,407 / 0 tx / 0 pending / 0 (0.0%) gas / (0x54b376c2caaf35fa61837813bf281d6d00de43d5c5ff65e2271a34d079032c1c)","throwable":""}
{"timestamp":"2025-09-12T17:30:36,026","container":"7965dbe76a4e","level":"INFO","thread":"EthScheduler-Workers-0","class":"PersistBlockTask","message":"Block 1407 (0x54b376c2caaf35fa61837813bf281d6d00de43d5c5ff65e2271a34d079032c1c) is already imported","throwable":""}
{"timestamp":"2025-09-12T17:30:44,017","container":"7965dbe76a4e","level":"INFO","thread":"BftProcessorExecutor-QBFT-0","class":"QbftBesuControllerBuilder","message":"Imported #1,408 / 0 tx / 0 pending / 0 (0.0%) gas / (0x8d1a094ffc6dd60dad59a0f618f974d24e5dcfbb8fddadbc2ee7baf0f785779f)","throwable":""}
{"timestamp":"2025-09-12T17:30:52,024","container":"7965dbe76a4e","level":"INFO","thread":"BftProcessorExecutor-QBFT-0","class":"QbftBesuControllerBuilder","message":"Imported #1,409 / 0 tx / 0 pending / 0 (0.0%) gas / (0x3eb263ee07622ee0e40ad2acb473bb744a3c77c1d646e6d823f02e7aef59dda7)","throwable":""}
{"timestamp":"2025-09-12T17:31:00,021","container":"7965dbe76a4e","level":"INFO","thread":"EthScheduler-Workers-0","class":"PersistBlockTask","message":"Imported #1,410 / 0 tx / 0 om / 0 (0.0%) gas / (0x01efeee688ee5991d1c6263265fc401965a6545890ede84daf178de04c6ec2ce) in 0.001s. Peers: 5","throwable":""}
{"timestamp":"2025-09-12T17:31:00,025","container":"7965dbe76a4e","level":"INFO","thread":"BftProcessorExecutor-QBFT-0","class":"QbftBesuControllerBuilder","message":"Produced #1,410 / 0 tx / 0 pending / 0 (0.0%) gas / (0x01efeee688ee5991d1c6263265fc401965a6545890ede84daf178de04c6ec2ce)","throwable":""}
{"timestamp":"2025-09-12T17:31:08,008","container":"7965dbe76a4e","level":"INFO","thread":"BftProcessorExecutor-QBFT-0","class":"QbftBesuControllerBuilder","message":"Imported #1,411 / 0 tx / 0 pending / 0 (0.0%) gas / (0xe3b695f82fc93183cbe495fdff92afa502c4a9c3c22ce4523cc94e0ad5368a79)","throwable":""}
{"timestamp":"2025-09-12T17:31:16,008","container":"7965dbe76a4e","level":"INFO","thread":"BftProcessorExecutor-QBFT-0","class":"QbftBesuControllerBuilder","message":"Imported #1,412 / 0 tx / 0 pending / 0 (0.0%) gas / (0xcf90e036f320dd3ee05e1e803ec2ad8c52d94e91cc625fb6078a5b0a3ee59756)","throwable":""}
{"timestamp":"2025-09-12T17:31:24,027","container":"7965dbe76a4e","level":"INFO","thread":"BftProcessorExecutor-QBFT-0","class":"QbftBesuControllerBuilder","message":"Imported #1,413 / 0 tx / 0 pending / 0 (0.0%) gas / (0xa04a7647257e4701824bde2b79478cd4b00f90192a46282fa19051bd771b946b)","throwable":""}
{"timestamp":"2025-09-12T17:31:24,030","container":"7965dbe76a4e","level":"INFO","thread":"EthScheduler-Workers-0","class":"PersistBlockTask","message":"Block 1413 (0xa04a7647257e4701824bde2b79478cd4b00f90192a46282fa19051bd771b946b) is already imported","throwable":""}
{"timestamp":"2025-09-12T17:31:32,029","container":"7965dbe76a4e","level":"INFO","thread":"EthScheduler-Workers-0","class":"PersistBlockTask","message":"Imported #1,414 / 0 tx / 0 om / 0 (0.0%) gas / (0xc901ffd0360fb496d699cc7ec84b9378e11ef04e51778186f3d4224f3eceba92) in 0.002s. Peers: 5","throwable":""}
{"timestamp":"2025-09-12T17:31:40,016","container":"7965dbe76a4e","level":"INFO","thread":"BftProcessorExecutor-QBFT-0","class":"QbftBesuControllerBuilder","message":"Imported #1,415 / 0 tx / 0 pending / 0 (0.0%) gas / (0xea255decdd88ea8bcd0d5ea2f1feaf7516494cf776f271456fa342bee62c7616)","throwable":""}
{"timestamp":"2025-09-12T17:31:48,018","container":"7965dbe76a4e","level":"INFO","thread":"BftProcessorExecutor-QBFT-0","class":"QbftBesuControllerBuilder","message":"Imported #1,416 / 0 tx / 0 pending / 0 (0.0%) gas / (0x8f55f90ce9f0545ac189d6d9cb0c612585980ed88e1cf8c4eb812e73743073ac)","throwable":""}
{"timestamp":"2025-09-12T17:31:56,017","container":"7965dbe76a4e","level":"INFO","thread":"EthScheduler-Workers-0","class":"PersistBlockTask","message":"Imported #1,417 / 0 tx / 0 om / 0 (0.0%) gas / (0xf084b21026a40192a13ee386b8ca62680a00d19c306331ad9919f1ce4e6c5c8c) in 0.001s. Peers: 5","throwable":""}
{"timestamp":"2025-09-12T17:32:04,017","container":"7965dbe76a4e","level":"INFO","thread":"BftProcessorExecutor-QBFT-0","class":"QbftBesuControllerBuilder","message":"Produced #1,418 / 0 tx / 0 pending / 0 (0.0%) gas / (0xfaf72d99e0130b55fae4c75bad8f5da92493b0de014a0da438683ed3c8ed97ec)","throwable":""}
{"timestamp":"2025-09-12T17:32:12,017","container":"7965dbe76a4e","level":"INFO","thread":"BftProcessorExecutor-QBFT-0","class":"QbftBesuControllerBuilder","message":"Imported #1,419 / 0 tx / 0 pending / 0 (0.0%) gas / (0x29ded546c980e7d57834fbbc6264971aac969b92e97bdc48cba5d8de66086695)","throwable":""}
{"timestamp":"2025-09-12T17:32:20,010","container":"7965dbe76a4e","level":"INFO","thread":"EthScheduler-Workers-0","class":"PersistBlockTask","message":"Imported #1,420 / 0 tx / 0 om / 0 (0.0%) gas / (0x8e5025c6caf6a188e78f0b437a9f9e9baf54034068c49572b1d732ebada34ca7) in 0.001s. Peers: 5","throwable":""}
{"timestamp":"2025-09-12T17:32:28,026","container":"7965dbe76a4e","level":"INFO","thread":"EthScheduler-Workers-0","class":"PersistBlockTask","message":"Imported #1,421 / 0 tx / 0 om / 0 (0.0%) gas / (0xe0b6148c07c1f0df4332d792c53579fec23e9fefda30369794ff4076759386df) in 0.001s. Peers: 5","throwable":""}
{"timestamp":"2025-09-12T17:32:36,009","container":"7965dbe76a4e","level":"INFO","thread":"BftProcessorExecutor-QBFT-0","class":"QbftBesuControllerBuilder","message":"Produced #1,422 / 0 tx / 0 pending / 0 (0.0%) gas / (0xc3ba698ab72fff163e83f16181fc93e0d04e7999a0bce619cf8557313fce8b20)","throwable":""}
{"timestamp":"2025-09-12T17:32:44,020","container":"7965dbe76a4e","level":"INFO","thread":"BftProcessorExecutor-QBFT-0","class":"QbftBesuControllerBuilder","message":"Imported #1,423 / 0 tx / 0 pending / 0 (0.0%) gas / (0x157022660694a4903a654a1784b9a7005115eb8dd3b5a98ffa8db81ce81b0ab4)","throwable":""}
{"timestamp":"2025-09-12T17:32:52,016","container":"7965dbe76a4e","level":"INFO","thread":"BftProcessorExecutor-QBFT-0","class":"QbftBesuControllerBuilder","message":"Imported #1,424 / 0 tx / 0 pending / 0 (0.0%) gas / (0xa2aa9c71797a114aa841b00a11fe2f7ba735fb4ad037f3c70c32db8420e1c6ba)","throwable":""}
{"timestamp":"2025-09-12T17:33:00,030","container":"7965dbe76a4e","level":"INFO","thread":"BftProcessorExecutor-QBFT-0","class":"QbftBesuControllerBuilder","message":"Imported #1,425 / 0 tx / 0 pending / 0 (0.0%) gas / (0xa55efd9a6bf9801e2e0a2719e716345bcbe1154e04c0dc607377b96e22947fcb)","throwable":""}
{"timestamp":"2025-09-12T17:33:08,028","container":"7965dbe76a4e","level":"INFO","thread":"BftProcessorExecutor-QBFT-0","class":"QbftBesuControllerBuilder","message":"Produced #1,426 / 0 tx / 0 pending / 0 (0.0%) gas / (0xcde34d126e6afe3819945751415ce54e09652f72119e0b6d3cea927c33a8f189)","throwable":""}
{"timestamp":"2025-09-12T17:33:16,020","container":"7965dbe76a4e","level":"INFO","thread":"BftProcessorExecutor-QBFT-0","class":"QbftBesuControllerBuilder","message":"Imported #1,427 / 0 tx / 0 pending / 0 (0.0%) gas / (0xde9593cb38f9d453c81a8897f7f74545cedfdf8fc10be282ef16f181a63d53be)","throwable":""}
{"timestamp":"2025-09-12T17:33:24,023","container":"7965dbe76a4e","level":"INFO","thread":"BftProcessorExecutor-QBFT-0","class":"QbftBesuControllerBuilder","message":"Imported #1,428 / 0 tx / 0 pending / 0 (0.0%) gas / (0xc527dae9e647510658034f825dafe20ed98000f0657314e648619cfd377da625)","throwable":""}
{"timestamp":"2025-09-12T17:33:32,019","container":"7965dbe76a4e","level":"INFO","thread":"EthScheduler-Workers-0","class":"PersistBlockTask","message":"Imported #1,429 / 0 tx / 0 om / 0 (0.0%) gas / (0xda6e14273c157a848680f417191845c9ab1d9250884b6930de39398a4890e539) in 0.001s. Peers: 5","throwable":""}
{"timestamp":"2025-09-12T17:33:40,018","container":"7965dbe76a4e","level":"INFO","thread":"EthScheduler-Workers-0","class":"PersistBlockTask","message":"Imported #1,430 / 0 tx / 0 om / 0 (0.0%) gas / (0xb678c46d45726519ca99144ea978ee3fe363c3bc6d923a15803e097ea08161c2) in 0.001s. Peers: 5","throwable":""}
{"timestamp":"2025-09-12T17:33:48,010","container":"7965dbe76a4e","level":"INFO","thread":"BftProcessorExecutor-QBFT-0","class":"QbftBesuControllerBuilder","message":"Imported #1,431 / 0 tx / 0 pending / 0 (0.0%) gas / (0xd27ae12c2e5e6b6a023659d80b87d5bf09eb856a220cc5fdbf814f61dd0888dc)","throwable":""}
{"timestamp":"2025-09-12T17:33:56,018","container":"7965dbe76a4e","level":"INFO","thread":"BftProcessorExecutor-QBFT-0","class":"QbftBesuControllerBuilder","message":"Imported #1,432 / 0 tx / 0 pending / 0 (0.0%) gas / (0x4ff552883286f8b0c4ee68b19f54bdfcb498a53e0ab52d891cc59b3f5fa1fd34)","throwable":""}
{"timestamp":"2025-09-12T17:34:04,015","container":"7965dbe76a4e","level":"INFO","thread":"BftProcessorExecutor-QBFT-0","class":"QbftBesuControllerBuilder","message":"Imported #1,433 / 0 tx / 0 pending / 0 (0.0%) gas / (0x9ea019fb65429e0526f859bf21d3aebfef179dd3a6a7bf3633e7645128ad9e61)","throwable":""}
{"timestamp":"2025-09-12T17:34:12,022","container":"7965dbe76a4e","level":"INFO","thread":"EthScheduler-Workers-0","class":"PersistBlockTask","message":"Imported #1,434 / 0 tx / 0 om / 0 (0.0%) gas / (0x860566a7f47ec3b38d9493a66954c3ecd0c4cf3caf476205adeda01998d99c60) in 0.001s. Peers: 5","throwable":""}
{"timestamp":"2025-09-12T17:34:20,014","container":"7965dbe76a4e","level":"INFO","thread":"BftProcessorExecutor-QBFT-0","class":"QbftBesuControllerBuilder","message":"Imported #1,435 / 0 tx / 0 pending / 0 (0.0%) gas / (0x649152456e6e9aa31a3d23633451a0c7fe57d8d1935a9f14756b5ca9aee90e42)","throwable":""}
{"timestamp":"2025-09-12T17:34:28,010","container":"7965dbe76a4e","level":"INFO","thread":"BftProcessorExecutor-QBFT-0","class":"QbftBesuControllerBuilder","message":"Imported #1,436 / 0 tx / 0 pending / 0 (0.0%) gas / (0x3dd2502049f1eaaa89f02e9ddb1c9a01adfbe6c1f6a73675a1bb7627f4c3148a)","throwable":""}
{"timestamp":"2025-09-12T17:34:36,050","container":"7965dbe76a4e","level":"INFO","thread":"EthScheduler-Workers-0","class":"PersistBlockTask","message":"Imported #1,437 / 0 tx / 0 om / 0 (0.0%) gas / (0xbd332aa2d80faadb7830da0a79c8c3cab1f8947952d582ec56366daec4927e89) in 0.032s. Peers: 5","throwable":""}
{"timestamp":"2025-09-12T17:34:44,025","container":"7965dbe76a4e","level":"INFO","thread":"BftProcessorExecutor-QBFT-0","class":"QbftBesuControllerBuilder","message":"Produced #1,438 / 0 tx / 0 pending / 0 (0.0%) gas / (0xa2036212b5e896324a6b4512e0aadd0760feeaf7596737c1033a2d98937a2880)","throwable":""}
{"timestamp":"2025-09-12T17:34:52,017","container":"7965dbe76a4e","level":"INFO","thread":"BftProcessorExecutor-QBFT-0","class":"QbftBesuControllerBuilder","message":"Imported #1,439 / 0 tx / 0 pending / 0 (0.0%) gas / (0x8aa65198987d87a8f563c66eee44410e688e419974afe6398e500bddb0494be5)","throwable":""}
{"timestamp":"2025-09-12T17:34:52,018","container":"7965dbe76a4e","level":"INFO","thread":"EthScheduler-Workers-0","class":"PersistBlockTask","message":"Block 1439 (0x8aa65198987d87a8f563c66eee44410e688e419974afe6398e500bddb0494be5) is already imported","throwable":""}
{"timestamp":"2025-09-12T17:35:00,019","container":"7965dbe76a4e","level":"INFO","thread":"BftProcessorExecutor-QBFT-0","class":"QbftBesuControllerBuilder","message":"Imported #1,440 / 0 tx / 0 pending / 0 (0.0%) gas / (0x36e7fee69571a0f6801525509e4cdda310830d8864cf7eddc49c2998b5416def)","throwable":""}
{"timestamp":"2025-09-12T17:35:08,018","container":"7965dbe76a4e","level":"INFO","thread":"BftProcessorExecutor-QBFT-0","class":"QbftBesuControllerBuilder","message":"Imported #1,441 / 0 tx / 0 pending / 0 (0.0%) gas / (0xa4d039e70839221d352ad4e81732f6e035de9ec39fe53b8be8c6de7e59dabb52)","throwable":""}
{"timestamp":"2025-09-12T17:35:16,032","container":"7965dbe76a4e","level":"INFO","thread":"BftProcessorExecutor-QBFT-0","class":"QbftBesuControllerBuilder","message":"Produced #1,442 / 0 tx / 0 pending / 0 (0.0%) gas / (0x98d60046acf82d69c8c16bd053e769487e1623be73cbacb399228b79e345334d)","throwable":""}
{"timestamp":"2025-09-12T17:35:24,018","container":"7965dbe76a4e","level":"INFO","thread":"BftProcessorExecutor-QBFT-0","class":"QbftBesuControllerBuilder","message":"Imported #1,443 / 0 tx / 0 pending / 0 (0.0%) gas / (0x74e19f7f12e00c6193bff5e624d4395ec1f7d69db2e0c05ce8187a204dca26f3)","throwable":""}
{"timestamp":"2025-09-12T17:35:32,011","container":"7965dbe76a4e","level":"INFO","thread":"BftProcessorExecutor-QBFT-0","class":"QbftBesuControllerBuilder","message":"Imported #1,444 / 0 tx / 0 pending / 0 (0.0%) gas / (0x52f4c179048a164d7d5053780e402d848ecc1e52ad1626ead5fa8a11895aa12d)","throwable":""}
{"timestamp":"2025-09-12T17:35:40,025","container":"7965dbe76a4e","level":"INFO","thread":"EthScheduler-Workers-0","class":"PersistBlockTask","message":"Imported #1,445 / 0 tx / 0 om / 0 (0.0%) gas / (0x596458ae71440dd9da723b82a38ec11e0fc9bce5599c5547f9d2f00b0ba06a51) in 0.001s. Peers: 5","throwable":""}
{"timestamp":"2025-09-12T17:35:48,014","container":"7965dbe76a4e","level":"INFO","thread":"BftProcessorExecutor-QBFT-0","class":"QbftBesuControllerBuilder","message":"Produced #1,446 / 0 tx / 0 pending / 0 (0.0%) gas / (0x251911fca0f8c041744abcaa83643e7663c5d7cf957485a040b9ab9cb6b79f17)","throwable":""}
{"timestamp":"2025-09-12T17:35:56,018","container":"7965dbe76a4e","level":"INFO","thread":"BftProcessorExecutor-QBFT-0","class":"QbftBesuControllerBuilder","message":"Imported #1,447 / 0 tx / 0 pending / 0 (0.0%) gas / (0x102fe668d89584274538c867ebbaf332e218895f635efe5e329f07eb6d9c6a3c)","throwable":""}
{"timestamp":"2025-09-12T17:35:56,020","container":"7965dbe76a4e","level":"INFO","thread":"EthScheduler-Workers-0","class":"PersistBlockTask","message":"Block 1447 (0x102fe668d89584274538c867ebbaf332e218895f635efe5e329f07eb6d9c6a3c) is already imported","throwable":""}
{"timestamp":"2025-09-12T17:36:04,011","container":"7965dbe76a4e","level":"INFO","thread":"BftProcessorExecutor-QBFT-0","class":"QbftBesuControllerBuilder","message":"Imported #1,448 / 0 tx / 0 pending / 0 (0.0%) gas / (0xf692c7c66029a2fa47249d6c030112b96ffc3dfa27f03dced7ee314212e357d3)","throwable":""}
{"timestamp":"2025-09-12T17:36:12,038","container":"7965dbe76a4e","level":"INFO","thread":"EthScheduler-Workers-0","class":"PersistBlockTask","message":"Imported #1,449 / 0 tx / 0 om / 0 (0.0%) gas / (0xbdf193c9d5ebcadb4f2adcb12fb29e98ad5a4e1d0654a493d7df99a4094bb467) in 0.017s. Peers: 5","throwable":""}
{"timestamp":"2025-09-12T17:36:12,038","container":"7965dbe76a4e","level":"INFO","thread":"BftProcessorExecutor-QBFT-0","class":"QbftBesuControllerBuilder","message":"Imported #1,449 / 0 tx / 0 pending / 0 (0.0%) gas / (0xbdf193c9d5ebcadb4f2adcb12fb29e98ad5a4e1d0654a493d7df99a4094bb467)","throwable":""}
{"timestamp":"2025-09-12T17:36:20,012","container":"7965dbe76a4e","level":"INFO","thread":"BftProcessorExecutor-QBFT-0","class":"QbftBesuControllerBuilder","message":"Produced #1,450 / 0 tx / 0 pending / 0 (0.0%) gas / (0x3de70e79cce1281ea870e77bec0b44fe41b692dce86b38f88f459ef8798ea931)","throwable":""}
{"timestamp":"2025-09-12T17:36:28,022","container":"7965dbe76a4e","level":"INFO","thread":"BftProcessorExecutor-QBFT-0","class":"QbftBesuControllerBuilder","message":"Imported #1,451 / 0 tx / 0 pending / 0 (0.0%) gas / (0xd325398f6a0deb65321a3431951a1eef084b8946527175a61c975981010b95c7)","throwable":""}
{"timestamp":"2025-09-12T17:36:28,023","container":"7965dbe76a4e","level":"INFO","thread":"EthScheduler-Workers-0","class":"PersistBlockTask","message":"Block 1451 (0xd325398f6a0deb65321a3431951a1eef084b8946527175a61c975981010b95c7) is already imported","throwable":""}
{"timestamp":"2025-09-12T17:36:36,015","container":"7965dbe76a4e","level":"INFO","thread":"BftProcessorExecutor-QBFT-0","class":"QbftBesuControllerBuilder","message":"Imported #1,452 / 0 tx / 0 pending / 0 (0.0%) gas / (0x12d9bff4c2b1f6c7293558cc38367a8c76c45fa30976a277b4bd746f02d4b0e1)","throwable":""}
{"timestamp":"2025-09-12T17:36:44,018","container":"7965dbe76a4e","level":"INFO","thread":"BftProcessorExecutor-QBFT-0","class":"QbftBesuControllerBuilder","message":"Imported #1,453 / 0 tx / 0 pending / 0 (0.0%) gas / (0xaa0fef68b2ffd926e16ecf1b41877d34e44e2b709781254c271b99d4a887ee6a)","throwable":""}
{"timestamp":"2025-09-12T17:36:52,017","container":"7965dbe76a4e","level":"INFO","thread":"BftProcessorExecutor-QBFT-0","class":"QbftBesuControllerBuilder","message":"Produced #1,454 / 0 tx / 0 pending / 0 (0.0%) gas / (0xd6bea053de635b4be2e9011acab9db067381d681f783a0ebc27b12bd54ab21f7)","throwable":""}
{"timestamp":"2025-09-12T17:37:00,014","container":"7965dbe76a4e","level":"INFO","thread":"BftProcessorExecutor-QBFT-0","class":"QbftBesuControllerBuilder","message":"Imported #1,455 / 0 tx / 0 pending / 0 (0.0%) gas / (0x84c02aa56efe24e3daaabb9f3109ee6fb87e8587c06e7247d7ad34c3eb4746d3)","throwable":""}
{"timestamp":"2025-09-12T17:37:08,023","container":"7965dbe76a4e","level":"INFO","thread":"BftProcessorExecutor-QBFT-0","class":"QbftBesuControllerBuilder","message":"Imported #1,456 / 0 tx / 0 pending / 0 (0.0%) gas / (0x94c4654a4f90c0035d669ec0b92140e86203598ec7c4dd46a7ff7ee46d01d736)","throwable":""}
{"timestamp":"2025-09-12T17:37:16,032","container":"7965dbe76a4e","level":"INFO","thread":"BftProcessorExecutor-QBFT-0","class":"QbftBesuControllerBuilder","message":"Imported #1,457 / 0 tx / 0 pending / 0 (0.0%) gas / (0xcd52cf1814a68bcd625ee0e99ea6ed568c3b54380b12f6c4ebe70dca00e67610)","throwable":""}
{"timestamp":"2025-09-12T17:37:24,028","container":"7965dbe76a4e","level":"INFO","thread":"BftProcessorExecutor-QBFT-0","class":"QbftBesuControllerBuilder","message":"Produced #1,458 / 0 tx / 0 pending / 0 (0.0%) gas / (0x6f53de08c550d7d28ce59266064d7b221af8032908882e3fed5a3cc1ff75f44e)","throwable":""}
{"timestamp":"2025-09-12T17:37:32,019","container":"7965dbe76a4e","level":"INFO","thread":"BftProcessorExecutor-QBFT-0","class":"QbftBesuControllerBuilder","message":"Imported #1,459 / 0 tx / 0 pending / 0 (0.0%) gas / (0xc129d44bb2c030c37d4d304f46224378ce545c50971b340b69eb648931da6b76)","throwable":""}
{"timestamp":"2025-09-12T17:37:40,016","container":"7965dbe76a4e","level":"INFO","thread":"BftProcessorExecutor-QBFT-0","class":"QbftBesuControllerBuilder","message":"Imported #1,460 / 0 tx / 0 pending / 0 (0.0%) gas / (0x68795bdba957a76f8bc47756626805bb3af3046ca43df8f8514ccda5ae36a507)","throwable":""}
{"timestamp":"2025-09-12T17:37:48,021","container":"7965dbe76a4e","level":"INFO","thread":"BftProcessorExecutor-QBFT-0","class":"QbftBesuControllerBuilder","message":"Imported #1,461 / 0 tx / 0 pending / 0 (0.0%) gas / (0x79c23724562b7a153923a5e5883e16d62fd91df3f87eaaa8fc03292631d46bd2)","throwable":""}
{"timestamp":"2025-09-12T17:37:48,026","container":"7965dbe76a4e","level":"INFO","thread":"EthScheduler-Workers-0","class":"PersistBlockTask","message":"Block 1461 (0x79c23724562b7a153923a5e5883e16d62fd91df3f87eaaa8fc03292631d46bd2) is already imported","throwable":""}
{"timestamp":"2025-09-12T17:37:56,013","container":"7965dbe76a4e","level":"INFO","thread":"BftProcessorExecutor-QBFT-0","class":"QbftBesuControllerBuilder","message":"Produced #1,462 / 0 tx / 0 pending / 0 (0.0%) gas / (0x5ce3ef89281aab3dd933f4535566c773b988db65ea8c1ced0684883752b84976)","throwable":""}
{"timestamp":"2025-09-12T17:38:04,014","container":"7965dbe76a4e","level":"INFO","thread":"BftProcessorExecutor-QBFT-0","class":"QbftBesuControllerBuilder","message":"Imported #1,463 / 0 tx / 0 pending / 0 (0.0%) gas / (0x92253e27868bd94fe4d530dd5eb8d4a3cb0407f11fcdab40854fdb923dfbf8ea)","throwable":""}
{"timestamp":"2025-09-12T17:38:12,017","container":"7965dbe76a4e","level":"INFO","thread":"BftProcessorExecutor-QBFT-0","class":"QbftBesuControllerBuilder","message":"Imported #1,464 / 0 tx / 0 pending / 0 (0.0%) gas / (0x33983806cee601be3cc4a6b078aa6c2039839989405a01781466f7e96e1b7bb1)","throwable":""}
{"timestamp":"2025-09-12T17:38:20,021","container":"7965dbe76a4e","level":"INFO","thread":"BftProcessorExecutor-QBFT-0","class":"QbftBesuControllerBuilder","message":"Imported #1,465 / 0 tx / 0 pending / 0 (0.0%) gas / (0xa75a792db2e7b9e28870017131122c4b271187fa192dcc064cd309f8f199ecd0)","throwable":""}
{"timestamp":"2025-09-12T17:38:20,025","container":"7965dbe76a4e","level":"INFO","thread":"EthScheduler-Workers-0","class":"PersistBlockTask","message":"Block 1465 (0xa75a792db2e7b9e28870017131122c4b271187fa192dcc064cd309f8f199ecd0) is already imported","throwable":""}
{"timestamp":"2025-09-12T17:38:28,023","container":"7965dbe76a4e","level":"INFO","thread":"BftProcessorExecutor-QBFT-0","class":"QbftBesuControllerBuilder","message":"Produced #1,466 / 0 tx / 0 pending / 0 (0.0%) gas / (0x7299ebbe283badb98518d5e09c386460948654ba4ddfe4887f95410c9d614e0e)","throwable":""}
{"timestamp":"2025-09-12T17:38:36,014","container":"7965dbe76a4e","level":"INFO","thread":"BftProcessorExecutor-QBFT-0","class":"QbftBesuControllerBuilder","message":"Imported #1,467 / 0 tx / 0 pending / 0 (0.0%) gas / (0xb46fcb5aae3d44d47250aa1508b439871973da0858b43cf23b494499cacfe22b)","throwable":""}
{"timestamp":"2025-09-12T17:38:44,019","container":"7965dbe76a4e","level":"INFO","thread":"EthScheduler-Workers-0","class":"PersistBlockTask","message":"Imported #1,468 / 0 tx / 0 om / 0 (0.0%) gas / (0xb7b95c89f2ea56b07ec39d66077b3e47ae1f2aeb1bbe48414889303568fdd4ea) in 0.001s. Peers: 5","throwable":""}
{"timestamp":"2025-09-12T17:38:44,019","container":"7965dbe76a4e","level":"INFO","thread":"BftProcessorExecutor-QBFT-0","class":"QbftBesuControllerBuilder","message":"Imported #1,468 / 0 tx / 0 pending / 0 (0.0%) gas / (0xb7b95c89f2ea56b07ec39d66077b3e47ae1f2aeb1bbe48414889303568fdd4ea)","throwable":""}
{"timestamp":"2025-09-12T17:38:52,014","container":"7965dbe76a4e","level":"INFO","thread":"BftProcessorExecutor-QBFT-0","class":"QbftBesuControllerBuilder","message":"Imported #1,469 / 0 tx / 0 pending / 0 (0.0%) gas / (0xb8fed34e55b4d03d520717e9467520412b3dd9f4eadc95829458e67c8325bfd6)","throwable":""}
{"timestamp":"2025-09-12T17:39:00,020","container":"7965dbe76a4e","level":"INFO","thread":"EthScheduler-Workers-0","class":"PersistBlockTask","message":"Imported #1,470 / 0 tx / 0 om / 0 (0.0%) gas / (0x1561631f35a4f407a67a0aff77a623c7bddc3b5445260cee15554f854b26afa8) in 0.001s. Peers: 5","throwable":""}
{"timestamp":"2025-09-12T17:39:08,018","container":"7965dbe76a4e","level":"INFO","thread":"BftProcessorExecutor-QBFT-0","class":"QbftBesuControllerBuilder","message":"Imported #1,471 / 0 tx / 0 pending / 0 (0.0%) gas / (0x57217107abe840210a3a4195fba06301e62b21ce8ad5c49ff5497fb8c1c68f8b)","throwable":""}
{"timestamp":"2025-09-12T17:39:16,018","container":"7965dbe76a4e","level":"INFO","thread":"BftProcessorExecutor-QBFT-0","class":"QbftBesuControllerBuilder","message":"Imported #1,472 / 0 tx / 0 pending / 0 (0.0%) gas / (0xf536640b724ed773edcda643a6e7af8f27e6c01c01e974a9da586e67876d023b)","throwable":""}
{"timestamp":"2025-09-12T17:39:24,035","container":"7965dbe76a4e","level":"INFO","thread":"EthScheduler-Workers-0","class":"PersistBlockTask","message":"Imported #1,473 / 0 tx / 0 om / 0 (0.0%) gas / (0x0fd7cd3c26b81dda4dcbfa313e5bcbf9b9dc85b1d6f0f3295545de990b6ca40f) in 0.011s. Peers: 5","throwable":""}
{"timestamp":"2025-09-12T17:39:32,015","container":"7965dbe76a4e","level":"INFO","thread":"BftProcessorExecutor-QBFT-0","class":"QbftBesuControllerBuilder","message":"Produced #1,474 / 0 tx / 0 pending / 0 (0.0%) gas / (0xb1e7148011a7b5a9a5728aa373c9834b6c647c6f76285246286d16cfa0f097c8)","throwable":""}
{"timestamp":"2025-09-12T17:39:40,021","container":"7965dbe76a4e","level":"INFO","thread":"BftProcessorExecutor-QBFT-0","class":"QbftBesuControllerBuilder","message":"Imported #1,475 / 0 tx / 0 pending / 0 (0.0%) gas / (0xf183bc5042e4e2a5827e5d9738dce0017fcd52184b8922e55246eb9ed39e1282)","throwable":""}
{"timestamp":"2025-09-12T17:39:48,027","container":"7965dbe76a4e","level":"INFO","thread":"EthScheduler-Workers-0","class":"PersistBlockTask","message":"Imported #1,476 / 0 tx / 0 om / 0 (0.0%) gas / (0x9e11f18f5cbf1323ca90784a2533845b2e5bb5bdfe0375e24f72501142ce6c20) in 0.008s. Peers: 5","throwable":""}
{"timestamp":"2025-09-12T17:39:48,027","container":"7965dbe76a4e","level":"INFO","thread":"BftProcessorExecutor-QBFT-0","class":"QbftBesuControllerBuilder","message":"Imported #1,476 / 0 tx / 0 pending / 0 (0.0%) gas / (0x9e11f18f5cbf1323ca90784a2533845b2e5bb5bdfe0375e24f72501142ce6c20)","throwable":""}
{"timestamp":"2025-09-12T17:39:56,029","container":"7965dbe76a4e","level":"INFO","thread":"BftProcessorExecutor-QBFT-0","class":"QbftBesuControllerBuilder","message":"Imported #1,477 / 0 tx / 0 pending / 0 (0.0%) gas / (0x85dab8887eac9a9baf1dfd1c108b7be95a31af6ecde9493753ff8c82a34dcc34)","throwable":""}
{"timestamp":"2025-09-12T17:40:04,015","container":"7965dbe76a4e","level":"INFO","thread":"BftProcessorExecutor-QBFT-0","class":"QbftBesuControllerBuilder","message":"Produced #1,478 / 0 tx / 0 pending / 0 (0.0%) gas / (0xf416f4038df5754504a67bf905f21b9fce40ce96303f7f92958c8665b740e7fb)","throwable":""}
{"timestamp":"2025-09-12T17:40:12,016","container":"7965dbe76a4e","level":"INFO","thread":"BftProcessorExecutor-QBFT-0","class":"QbftBesuControllerBuilder","message":"Imported #1,479 / 0 tx / 0 pending / 0 (0.0%) gas / (0x2069fab4cda1e8b52013f1a25792266b82ed3ad8f63ca4bd11a2839e3070a39a)","throwable":""}
{"timestamp":"2025-09-12T17:40:20,026","container":"7965dbe76a4e","level":"INFO","thread":"EthScheduler-Workers-0","class":"PersistBlockTask","message":"Imported #1,480 / 0 tx / 0 om / 0 (0.0%) gas / (0x046d5fb6135380ad56bab27017d25800b69a2a5b297995fb3bcc32fabe5508d7) in 0.007s. Peers: 5","throwable":""}
{"timestamp":"2025-09-12T17:40:28,016","container":"7965dbe76a4e","level":"INFO","thread":"EthScheduler-Workers-0","class":"PersistBlockTask","message":"Imported #1,481 / 0 tx / 0 om / 0 (0.0%) gas / (0xca779de1937536fe81c27a9b483864ed59b8363d75818134a5dc471264982d41) in 0.001s. Peers: 5","throwable":""}
{"timestamp":"2025-09-12T17:40:36,022","container":"7965dbe76a4e","level":"INFO","thread":"BftProcessorExecutor-QBFT-0","class":"QbftBesuControllerBuilder","message":"Produced #1,482 / 0 tx / 0 pending / 0 (0.0%) gas / (0xbf00f05482ac0f9028e728f3ab78be404925e7ba535f69fe22e41a33b177b9f6)","throwable":""}
{"timestamp":"2025-09-12T17:40:44,021","container":"7965dbe76a4e","level":"INFO","thread":"BftProcessorExecutor-QBFT-0","class":"QbftBesuControllerBuilder","message":"Imported #1,483 / 0 tx / 0 pending / 0 (0.0%) gas / (0xf05651d409c029d34ca7374b7234a295703986726ecf6c6e3fb584ec8e5fbd3a)","throwable":""}
{"timestamp":"2025-09-12T17:40:44,023","container":"7965dbe76a4e","level":"INFO","thread":"EthScheduler-Workers-0","class":"PersistBlockTask","message":"Block 1483 (0xf05651d409c029d34ca7374b7234a295703986726ecf6c6e3fb584ec8e5fbd3a) is already imported","throwable":""}
{"timestamp":"2025-09-12T17:40:52,025","container":"7965dbe76a4e","level":"INFO","thread":"BftProcessorExecutor-QBFT-0","class":"QbftBesuControllerBuilder","message":"Imported #1,484 / 0 tx / 0 pending / 0 (0.0%) gas / (0x7ec446d47ab6701695262619983347d925a5bd19e6bd89e295aa839e38d3dbd4)","throwable":""}
{"timestamp":"2025-09-12T17:41:00,016","container":"7965dbe76a4e","level":"INFO","thread":"BftProcessorExecutor-QBFT-0","class":"QbftBesuControllerBuilder","message":"Imported #1,485 / 0 tx / 0 pending / 0 (0.0%) gas / (0xf9f1cb43cd39023cc8b46705bb6396d69fa5a1cc1b430b7aaba6b9d030bfab51)","throwable":""}
{"timestamp":"2025-09-12T17:41:08,016","container":"7965dbe76a4e","level":"INFO","thread":"BftProcessorExecutor-QBFT-0","class":"QbftBesuControllerBuilder","message":"Produced #1,486 / 0 tx / 0 pending / 0 (0.0%) gas / (0x5f22a6527983c246a76301bd02ac07475ff7fdb50c786ea3dfd474cf5eab4e0d)","throwable":""}
{"timestamp":"2025-09-12T17:41:16,023","container":"7965dbe76a4e","level":"INFO","thread":"BftProcessorExecutor-QBFT-0","class":"QbftBesuControllerBuilder","message":"Imported #1,487 / 0 tx / 0 pending / 0 (0.0%) gas / (0x0f8d9cdb90c538e8068cb87207924cb16f9c8195ce665e60c99a5d5b212c491d)","throwable":""}
{"timestamp":"2025-09-12T17:41:24,025","container":"7965dbe76a4e","level":"INFO","thread":"EthScheduler-Workers-0","class":"PersistBlockTask","message":"Imported #1,488 / 0 tx / 0 om / 0 (0.0%) gas / (0x23df7e31734a3038a42694da0d609f543ff08983e55c4fb7567b9898b8d6afcb) in 0.001s. Peers: 5","throwable":""}
{"timestamp":"2025-09-12T17:41:32,024","container":"7965dbe76a4e","level":"INFO","thread":"BftProcessorExecutor-QBFT-0","class":"QbftBesuControllerBuilder","message":"Imported #1,489 / 0 tx / 0 pending / 0 (0.0%) gas / (0x1deadb47dbae57f7a1f4068d31384d17b67cb0373ba54fe5140a6af5c9a17f60)","throwable":""}
{"timestamp":"2025-09-12T17:41:32,024","container":"7965dbe76a4e","level":"INFO","thread":"EthScheduler-Workers-0","class":"PersistBlockTask","message":"Block 1489 (0x1deadb47dbae57f7a1f4068d31384d17b67cb0373ba54fe5140a6af5c9a17f60) is already imported","throwable":""}
{"timestamp":"2025-09-12T17:41:40,027","container":"7965dbe76a4e","level":"INFO","thread":"BftProcessorExecutor-QBFT-0","class":"QbftBesuControllerBuilder","message":"Produced #1,490 / 0 tx / 0 pending / 0 (0.0%) gas / (0x9e132fd2c021d064aa58921729c27dd44a0a808fc939249587835049b88375ad)","throwable":""}
{"timestamp":"2025-09-12T17:41:48,063","container":"7965dbe76a4e","level":"INFO","thread":"EthScheduler-Workers-0","class":"PersistBlockTask","message":"Block 1491 (0x8665d93c6ce9b3038187cce001efd4ad6d1e65d6982faf343e0919abbf09b015) is already imported","throwable":""}
{"timestamp":"2025-09-12T17:41:48,063","container":"7965dbe76a4e","level":"INFO","thread":"BftProcessorExecutor-QBFT-0","class":"QbftBesuControllerBuilder","message":"Imported #1,491 / 0 tx / 0 pending / 0 (0.0%) gas / (0x8665d93c6ce9b3038187cce001efd4ad6d1e65d6982faf343e0919abbf09b015)","throwable":""}
{"timestamp":"2025-09-12T17:41:56,011","container":"7965dbe76a4e","level":"INFO","thread":"BftProcessorExecutor-QBFT-0","class":"QbftBesuControllerBuilder","message":"Imported #1,492 / 0 tx / 0 pending / 0 (0.0%) gas / (0x8456a52eed69e623f75656158db36fa28a311a2cd2ea423cacf3466580b194bc)","throwable":""}
{"timestamp":"2025-09-12T17:42:04,020","container":"7965dbe76a4e","level":"INFO","thread":"BftProcessorExecutor-QBFT-0","class":"QbftBesuControllerBuilder","message":"Imported #1,493 / 0 tx / 0 pending / 0 (0.0%) gas / (0xf121b8bd1530ffb43296401b2b965e7f543eb8088ed099eb05d6cf95aeb2fe0a)","throwable":""}
{"timestamp":"2025-09-12T17:42:12,015","container":"7965dbe76a4e","level":"INFO","thread":"BftProcessorExecutor-QBFT-0","class":"QbftBesuControllerBuilder","message":"Produced #1,494 / 0 tx / 0 pending / 0 (0.0%) gas / (0x6de57ba93f3a1b5810fbf4791349eed6f5082a4de30e6eaa3f4f77d6149d306b)","throwable":""}
{"timestamp":"2025-09-12T17:42:20,026","container":"7965dbe76a4e","level":"INFO","thread":"EthScheduler-Workers-0","class":"PersistBlockTask","message":"Imported #1,495 / 0 tx / 0 om / 0 (0.0%) gas / (0x99d009aae2c5e045b3a3ce0f41c5a31258f5fa2824827c8395b25850972534ad) in 0.001s. Peers: 5","throwable":""}
{"timestamp":"2025-09-12T17:42:28,026","container":"7965dbe76a4e","level":"INFO","thread":"EthScheduler-Workers-0","class":"PersistBlockTask","message":"Imported #1,496 / 0 tx / 0 om / 0 (0.0%) gas / (0x557ddcf3023bfe391aefe0922d84d42970b4786956b746a00f25883345a07fef) in 0.001s. Peers: 5","throwable":""}
{"timestamp":"2025-09-12T17:42:36,019","container":"7965dbe76a4e","level":"INFO","thread":"BftProcessorExecutor-QBFT-0","class":"QbftBesuControllerBuilder","message":"Imported #1,497 / 0 tx / 0 pending / 0 (0.0%) gas / (0xb2dc56e1a465e3988221106ad3cf578e347c30c7b46013f20a9518601e6207f8)","throwable":""}
{"timestamp":"2025-09-12T17:42:36,022","container":"7965dbe76a4e","level":"INFO","thread":"EthScheduler-Workers-0","class":"PersistBlockTask","message":"Block 1497 (0xb2dc56e1a465e3988221106ad3cf578e347c30c7b46013f20a9518601e6207f8) is already imported","throwable":""}
{"timestamp":"2025-09-12T17:42:44,021","container":"7965dbe76a4e","level":"INFO","thread":"EthScheduler-Workers-0","class":"PersistBlockTask","message":"Imported #1,498 / 0 tx / 0 om / 0 (0.0%) gas / (0x8527b2be89842d74a0c37606643c37bd661075d81730a18fbe1aeeb5a9cd2bff) in 0.001s. Peers: 5","throwable":""}
{"timestamp":"2025-09-12T17:42:52,024","container":"7965dbe76a4e","level":"INFO","thread":"EthScheduler-Workers-0","class":"PersistBlockTask","message":"Imported #1,499 / 0 tx / 0 om / 0 (0.0%) gas / (0x513ce6a36d83830f3373279f56998da6fc962619bbfaea4b522166732dd66b94) in 0.001s. Peers: 5","throwable":""}
{"timestamp":"2025-09-12T17:43:00,022","container":"7965dbe76a4e","level":"INFO","thread":"BftProcessorExecutor-QBFT-0","class":"QbftBesuControllerBuilder","message":"Imported #1,500 / 0 tx / 0 pending / 0 (0.0%) gas / (0x38b90b716cb06c7b8bb2251056fe87982779ab29780c90d5f85a803d43558427)","throwable":""}
{"timestamp":"2025-09-12T17:43:08,015","container":"7965dbe76a4e","level":"INFO","thread":"BftProcessorExecutor-QBFT-0","class":"QbftBesuControllerBuilder","message":"Imported #1,501 / 0 tx / 0 pending / 0 (0.0%) gas / (0x09ff3e4246a1fabc8e5bd624a167b65b9d4e66dd801c11e99b7591f483e5aa34)","throwable":""}
{"timestamp":"2025-09-12T17:43:16,016","container":"7965dbe76a4e","level":"INFO","thread":"BftProcessorExecutor-QBFT-0","class":"QbftBesuControllerBuilder","message":"Produced #1,502 / 0 tx / 0 pending / 0 (0.0%) gas / (0x1d635e94a7fc0263303ddbb1b77e706e6376c307c8ee79acda660fe4edc57593)","throwable":""}
{"timestamp":"2025-09-12T17:43:24,015","container":"7965dbe76a4e","level":"INFO","thread":"BftProcessorExecutor-QBFT-0","class":"QbftBesuControllerBuilder","message":"Imported #1,503 / 0 tx / 0 pending / 0 (0.0%) gas / (0xda43b25348929d6ee49e0fbaf34da15d911150e01772eb9e66c8d7fe42664522)","throwable":""}
{"timestamp":"2025-09-12T17:43:32,023","container":"7965dbe76a4e","level":"INFO","thread":"BftProcessorExecutor-QBFT-0","class":"QbftBesuControllerBuilder","message":"Imported #1,504 / 0 tx / 0 pending / 0 (0.0%) gas / (0xf13c9a1b6af9e4f6f179c1a64ec022d334e8248d96eaf636a1466642f4c9dcdf)","throwable":""}
{"timestamp":"2025-09-12T17:43:32,025","container":"7965dbe76a4e","level":"INFO","thread":"EthScheduler-Workers-0","class":"PersistBlockTask","message":"Block 1504 (0xf13c9a1b6af9e4f6f179c1a64ec022d334e8248d96eaf636a1466642f4c9dcdf) is already imported","throwable":""}
{"timestamp":"2025-09-12T17:43:40,018","container":"7965dbe76a4e","level":"INFO","thread":"BftProcessorExecutor-QBFT-0","class":"QbftBesuControllerBuilder","message":"Imported #1,505 / 0 tx / 0 pending / 0 (0.0%) gas / (0x8fb5152cf24d3eb85871f321ac156d5158c824efa5865223dfd486f2afe5574f)","throwable":""}
{"timestamp":"2025-09-12T17:43:48,016","container":"7965dbe76a4e","level":"INFO","thread":"BftProcessorExecutor-QBFT-0","class":"QbftBesuControllerBuilder","message":"Produced #1,506 / 0 tx / 0 pending / 0 (0.0%) gas / (0x33ef9e87ba6286175035cfc442f9153a1b3d9021629af5e12fa15bcb0f13f627)","throwable":""}
{"timestamp":"2025-09-12T17:43:48,020","container":"7965dbe76a4e","level":"INFO","thread":"EthScheduler-Workers-0","class":"PersistBlockTask","message":"Block 1506 (0x33ef9e87ba6286175035cfc442f9153a1b3d9021629af5e12fa15bcb0f13f627) is already imported","throwable":""}
{"timestamp":"2025-09-12T17:43:56,025","container":"7965dbe76a4e","level":"INFO","thread":"BftProcessorExecutor-QBFT-0","class":"QbftBesuControllerBuilder","message":"Imported #1,507 / 0 tx / 0 pending / 0 (0.0%) gas / (0xeaca46d11129b4fdee6c8e55a5c8b455ec5fa2ce6b20cc9bdae78057a1b080c8)","throwable":""}
{"timestamp":"2025-09-12T17:43:56,027","container":"7965dbe76a4e","level":"INFO","thread":"EthScheduler-Workers-0","class":"PersistBlockTask","message":"Block 1507 (0xeaca46d11129b4fdee6c8e55a5c8b455ec5fa2ce6b20cc9bdae78057a1b080c8) is already imported","throwable":""}
{"timestamp":"2025-09-12T17:44:04,021","container":"7965dbe76a4e","level":"INFO","thread":"EthScheduler-Workers-0","class":"PersistBlockTask","message":"Block 1508 (0x6b84fce19e8ffdbac8d6bf02f8ef0d4144d7ee2288676b5dd7beaea9adc67602) is already imported","throwable":""}
{"timestamp":"2025-09-12T17:44:04,021","container":"7965dbe76a4e","level":"INFO","thread":"BftProcessorExecutor-QBFT-0","class":"QbftBesuControllerBuilder","message":"Imported #1,508 / 0 tx / 0 pending / 0 (0.0%) gas / (0x6b84fce19e8ffdbac8d6bf02f8ef0d4144d7ee2288676b5dd7beaea9adc67602)","throwable":""}
{"timestamp":"2025-09-12T17:44:12,021","container":"7965dbe76a4e","level":"INFO","thread":"BftProcessorExecutor-QBFT-0","class":"QbftBesuControllerBuilder","message":"Imported #1,509 / 0 tx / 0 pending / 0 (0.0%) gas / (0x9a58ce18daea907545f0283b757d2eeaf72c50d758dcaefb1c7b139e29e9d56f)","throwable":""}
{"timestamp":"2025-09-12T17:44:12,022","container":"7965dbe76a4e","level":"INFO","thread":"EthScheduler-Workers-0","class":"PersistBlockTask","message":"Block 1509 (0x9a58ce18daea907545f0283b757d2eeaf72c50d758dcaefb1c7b139e29e9d56f) is already imported","throwable":""}
{"timestamp":"2025-09-12T17:44:20,017","container":"7965dbe76a4e","level":"INFO","thread":"BftProcessorExecutor-QBFT-0","class":"QbftBesuControllerBuilder","message":"Produced #1,510 / 0 tx / 0 pending / 0 (0.0%) gas / (0xd3da1a2ad64a9e2d1b47d62c71cceb09b03ba56c188a09adebb6706d1dc9534a)","throwable":""}
{"timestamp":"2025-09-12T17:44:28,019","container":"7965dbe76a4e","level":"INFO","thread":"BftProcessorExecutor-QBFT-0","class":"QbftBesuControllerBuilder","message":"Imported #1,511 / 0 tx / 0 pending / 0 (0.0%) gas / (0x46ffd89e72fd06ef46fe4bb00cdf25e8d6b233c2c2e0882378e15887eb7bcd49)","throwable":""}
{"timestamp":"2025-09-12T17:44:36,024","container":"7965dbe76a4e","level":"INFO","thread":"BftProcessorExecutor-QBFT-0","class":"QbftBesuControllerBuilder","message":"Imported #1,512 / 0 tx / 0 pending / 0 (0.0%) gas / (0x9bcc77adfe6549418ff7c329f9caf4af2cb70949eb17879d8053f3589afcd968)","throwable":""}
{"timestamp":"2025-09-12T17:44:36,025","container":"7965dbe76a4e","level":"INFO","thread":"EthScheduler-Workers-0","class":"PersistBlockTask","message":"Block 1512 (0x9bcc77adfe6549418ff7c329f9caf4af2cb70949eb17879d8053f3589afcd968) is already imported","throwable":""}
{"timestamp":"2025-09-12T17:44:44,023","container":"7965dbe76a4e","level":"INFO","thread":"EthScheduler-Workers-0","class":"PersistBlockTask","message":"Block 1513 (0x60a5f9cb9d75980ce1a4ea804fbf385c2de8be70e6d9fdfaef03226a7c29b6aa) is already imported","throwable":""}
{"timestamp":"2025-09-12T17:44:44,046","container":"7965dbe76a4e","level":"INFO","thread":"BftProcessorExecutor-QBFT-0","class":"QbftBesuControllerBuilder","message":"Imported #1,513 / 0 tx / 0 pending / 0 (0.0%) gas / (0x60a5f9cb9d75980ce1a4ea804fbf385c2de8be70e6d9fdfaef03226a7c29b6aa)","throwable":""}
{"timestamp":"2025-09-12T17:44:52,012","container":"7965dbe76a4e","level":"INFO","thread":"BftProcessorExecutor-QBFT-0","class":"QbftBesuControllerBuilder","message":"Produced #1,514 / 0 tx / 0 pending / 0 (0.0%) gas / (0xbf59a034e188dc3bd058c969a6c6f51f8fa0c4e7bc5034c8c86a3c06ce731b2c)","throwable":""}
{"timestamp":"2025-09-12T17:45:00,034","container":"7965dbe76a4e","level":"INFO","thread":"BftProcessorExecutor-QBFT-0","class":"QbftBesuControllerBuilder","message":"Imported #1,515 / 0 tx / 0 pending / 0 (0.0%) gas / (0x07f3ab1395abf661a74c5cd74f77c5a043565f6627e9231055cdfb26f3bf47d5)","throwable":""}
{"timestamp":"2025-09-12T17:45:00,037","container":"7965dbe76a4e","level":"INFO","thread":"EthScheduler-Workers-0","class":"PersistBlockTask","message":"Block 1515 (0x07f3ab1395abf661a74c5cd74f77c5a043565f6627e9231055cdfb26f3bf47d5) is already imported","throwable":""}
{"timestamp":"2025-09-12T17:45:08,021","container":"7965dbe76a4e","level":"INFO","thread":"BftProcessorExecutor-QBFT-0","class":"QbftBesuControllerBuilder","message":"Imported #1,516 / 0 tx / 0 pending / 0 (0.0%) gas / (0x96fa0c075c8fdaedd0f549d8125b5505977452327d33d8b5b398208681b5ccf2)","throwable":""}
{"timestamp":"2025-09-12T17:45:16,010","container":"7965dbe76a4e","level":"INFO","thread":"BftProcessorExecutor-QBFT-0","class":"QbftBesuControllerBuilder","message":"Imported #1,517 / 0 tx / 0 pending / 0 (0.0%) gas / (0x7ad5b828100466ae5789feed3f8d00d8a571c38a0702f12c1d46144aa3f59815)","throwable":""}
{"timestamp":"2025-09-12T17:45:24,025","container":"7965dbe76a4e","level":"INFO","thread":"BftProcessorExecutor-QBFT-0","class":"QbftBesuControllerBuilder","message":"Produced #1,518 / 0 tx / 0 pending / 0 (0.0%) gas / (0x1d60c5c288f010b1342c59e57a1e26183acb9f6be6c2155b45859796e006f0a8)","throwable":""}
{"timestamp":"2025-09-12T17:45:32,021","container":"7965dbe76a4e","level":"INFO","thread":"BftProcessorExecutor-QBFT-0","class":"QbftBesuControllerBuilder","message":"Imported #1,519 / 0 tx / 0 pending / 0 (0.0%) gas / (0x0529bd69a55b0571af00ecf6e6ea7b736a3f21e14f68b3c0d19c58565c3c0f7f)","throwable":""}
{"timestamp":"2025-09-12T17:45:40,028","container":"7965dbe76a4e","level":"INFO","thread":"BftProcessorExecutor-QBFT-0","class":"QbftBesuControllerBuilder","message":"Imported #1,520 / 0 tx / 0 pending / 0 (0.0%) gas / (0xf03a60d329681073d47e4ffaaba7923e9044d348478900401cbdc415b6f0b1de)","throwable":""}
{"timestamp":"2025-09-12T17:45:48,022","container":"7965dbe76a4e","level":"INFO","thread":"BftProcessorExecutor-QBFT-0","class":"QbftBesuControllerBuilder","message":"Imported #1,521 / 0 tx / 0 pending / 0 (0.0%) gas / (0xf8025f5938553d5676adc60124200b251ea6d6322c5efa5f45e8b5077577a6d5)","throwable":""}
{"timestamp":"2025-09-12T17:45:56,014","container":"7965dbe76a4e","level":"INFO","thread":"BftProcessorExecutor-QBFT-0","class":"QbftBesuControllerBuilder","message":"Produced #1,522 / 0 tx / 0 pending / 0 (0.0%) gas / (0x4ac2a4d9211e5f910e4aae75141e9b443b8d54dab044641dbc0fcaf336f3a9d6)","throwable":""}
{"timestamp":"2025-09-12T17:46:04,015","container":"7965dbe76a4e","level":"INFO","thread":"BftProcessorExecutor-QBFT-0","class":"QbftBesuControllerBuilder","message":"Imported #1,523 / 0 tx / 0 pending / 0 (0.0%) gas / (0xaf39838793472210e51fef15877f0af79d8869654c132b761aefacb3b59c635f)","throwable":""}
{"timestamp":"2025-09-12T17:46:12,013","container":"7965dbe76a4e","level":"INFO","thread":"EthScheduler-Workers-0","class":"PersistBlockTask","message":"Imported #1,524 / 0 tx / 0 om / 0 (0.0%) gas / (0xe020029a9934607dd272cec59a67f50e6d5d8f88168f9a4772d8f465f3dbb4ce) in 0.001s. Peers: 5","throwable":""}
{"timestamp":"2025-09-12T17:46:12,013","container":"7965dbe76a4e","level":"INFO","thread":"BftProcessorExecutor-QBFT-0","class":"QbftBesuControllerBuilder","message":"Imported #1,524 / 0 tx / 0 pending / 0 (0.0%) gas / (0xe020029a9934607dd272cec59a67f50e6d5d8f88168f9a4772d8f465f3dbb4ce)","throwable":""}
{"timestamp":"2025-09-12T17:49:16,546","container":"7965dbe76a4e","level":"INFO","thread":"BftProcessorExecutor-QBFT-0","class":"QbftBesuControllerBuilder","message":"Imported #1,525 / 0 tx / 0 pending / 0 (0.0%) gas / (0xf1e0216224470f9124e972961861a2613e340e0b743535d8d2438f609f4e7f0f)","throwable":""}
{"timestamp":"2025-09-12T17:49:25,015","container":"7965dbe76a4e","level":"INFO","thread":"BftProcessorExecutor-QBFT-0","class":"QbftBesuControllerBuilder","message":"Produced #1,526 / 0 tx / 0 pending / 0 (0.0%) gas / (0x2140be2805b52d55e8566970987922bd38a93c3ff86f1df95be8ace5b514b6e4)","throwable":""}
{"timestamp":"2025-09-12T17:49:33,015","container":"7965dbe76a4e","level":"INFO","thread":"BftProcessorExecutor-QBFT-0","class":"QbftBesuControllerBuilder","message":"Imported #1,527 / 0 tx / 0 pending / 0 (0.0%) gas / (0xbadf0249bc4a0f2830c4002ffa35c2e621fb0dea946cd7f47b9a1525cf630846)","throwable":""}
{"timestamp":"2025-09-12T17:49:41,015","container":"7965dbe76a4e","level":"INFO","thread":"EthScheduler-Workers-0","class":"PersistBlockTask","message":"Imported #1,528 / 0 tx / 0 om / 0 (0.0%) gas / (0x25386f226109cacd27157ade1a18f8c6f4f72a66abb05bb522887e0be5a80f57) in 0.001s. Peers: 5","throwable":""}
{"timestamp":"2025-09-12T17:49:49,007","container":"7965dbe76a4e","level":"INFO","thread":"BftProcessorExecutor-QBFT-0","class":"QbftBesuControllerBuilder","message":"Imported #1,529 / 0 tx / 0 pending / 0 (0.0%) gas / (0xde862c9605fc5877dd17a10d555e97239b0a026f4a3494f250557f221d02b256)","throwable":""}
{"timestamp":"2025-09-12T17:49:57,012","container":"7965dbe76a4e","level":"INFO","thread":"BftProcessorExecutor-QBFT-0","class":"QbftBesuControllerBuilder","message":"Produced #1,530 / 0 tx / 0 pending / 0 (0.0%) gas / (0x67b03cade6a86b17bb9855c073953099887a08c86fa9dd5c1869a5173764bb71)","throwable":""}
{"timestamp":"2025-09-12T17:50:05,008","container":"7965dbe76a4e","level":"INFO","thread":"BftProcessorExecutor-QBFT-0","class":"QbftBesuControllerBuilder","message":"Imported #1,531 / 0 tx / 0 pending / 0 (0.0%) gas / (0xb48c9443e45670ed9bf90453f77c4e4ba1eef37771a5069f4d7dca577b424ee0)","throwable":""}
{"timestamp":"2025-09-12T17:50:13,018","container":"7965dbe76a4e","level":"INFO","thread":"BftProcessorExecutor-QBFT-0","class":"QbftBesuControllerBuilder","message":"Imported #1,532 / 0 tx / 0 pending / 0 (0.0%) gas / (0x662c7f495e31fc9240c393a25b10f368572225b62a622cd4f06058c76187ee39)","throwable":""}
{"timestamp":"2025-09-12T17:50:13,021","container":"7965dbe76a4e","level":"INFO","thread":"EthScheduler-Workers-0","class":"PersistBlockTask","message":"Block 1532 (0x662c7f495e31fc9240c393a25b10f368572225b62a622cd4f06058c76187ee39) is already imported","throwable":""}
{"timestamp":"2025-09-12T17:50:21,020","container":"7965dbe76a4e","level":"INFO","thread":"EthScheduler-Workers-0","class":"PersistBlockTask","message":"Imported #1,533 / 0 tx / 0 om / 0 (0.0%) gas / (0xb5e20aacc17daf9f7438197e3cc74741e9f57761f874b14c00094dbb06cdcd17) in 0.001s. Peers: 5","throwable":""}
{"timestamp":"2025-09-12T17:50:21,020","container":"7965dbe76a4e","level":"INFO","thread":"BftProcessorExecutor-QBFT-0","class":"QbftBesuControllerBuilder","message":"Imported #1,533 / 0 tx / 0 pending / 0 (0.0%) gas / (0xb5e20aacc17daf9f7438197e3cc74741e9f57761f874b14c00094dbb06cdcd17)","throwable":""}
{"timestamp":"2025-09-12T17:50:29,012","container":"7965dbe76a4e","level":"INFO","thread":"BftProcessorExecutor-QBFT-0","class":"QbftBesuControllerBuilder","message":"Produced #1,534 / 0 tx / 0 pending / 0 (0.0%) gas / (0x2baa58c56bff3ff6fe14f35c716eceb8f680e18fb272d27e251af20908db3535)","throwable":""}
{"timestamp":"2025-09-12T17:50:37,023","container":"7965dbe76a4e","level":"INFO","thread":"EthScheduler-Workers-0","class":"PersistBlockTask","message":"Imported #1,535 / 0 tx / 0 om / 0 (0.0%) gas / (0xca8e8b2e4517a855d89eda4bf9e7ca29ca6cd4b826485c1cddbe67be10fabd10) in 0.004s. Peers: 5","throwable":""}
{"timestamp":"2025-09-12T17:50:45,023","container":"7965dbe76a4e","level":"INFO","thread":"BftProcessorExecutor-QBFT-0","class":"QbftBesuControllerBuilder","message":"Imported #1,536 / 0 tx / 0 pending / 0 (0.0%) gas / (0xdb7c113db920ccba375d45fdd2f8f86e387595d461524b5ccbdf54bc71da58c3)","throwable":""}
{"timestamp":"2025-09-12T17:50:45,023","container":"7965dbe76a4e","level":"INFO","thread":"EthScheduler-Workers-0","class":"PersistBlockTask","message":"Block 1536 (0xdb7c113db920ccba375d45fdd2f8f86e387595d461524b5ccbdf54bc71da58c3) is already imported","throwable":""}
{"timestamp":"2025-09-12T17:50:53,016","container":"7965dbe76a4e","level":"INFO","thread":"BftProcessorExecutor-QBFT-0","class":"QbftBesuControllerBuilder","message":"Imported #1,537 / 0 tx / 0 pending / 0 (0.0%) gas / (0x412eabfa258d4ba73ec9dd2a056dc745ff69b5e09be1af9ee1c0caf7b7f3f264)","throwable":""}
{"timestamp":"2025-09-12T17:51:01,014","container":"7965dbe76a4e","level":"INFO","thread":"BftProcessorExecutor-QBFT-0","class":"QbftBesuControllerBuilder","message":"Produced #1,538 / 0 tx / 0 pending / 0 (0.0%) gas / (0xeec9fc46894a9d50a32766894158c2916162c628b671d1270a0ddba8b142fb8b)","throwable":""}
{"timestamp":"2025-09-12T17:51:09,013","container":"7965dbe76a4e","level":"INFO","thread":"EthScheduler-Workers-0","class":"PersistBlockTask","message":"Block 1539 (0xdb3cef7620ed1f44ca4076681884cd28ca0760191c73bcf34e1e08f8b583973d) is already imported","throwable":""}
{"timestamp":"2025-09-12T17:51:09,013","container":"7965dbe76a4e","level":"INFO","thread":"BftProcessorExecutor-QBFT-0","class":"QbftBesuControllerBuilder","message":"Imported #1,539 / 0 tx / 0 pending / 0 (0.0%) gas / (0xdb3cef7620ed1f44ca4076681884cd28ca0760191c73bcf34e1e08f8b583973d)","throwable":""}
{"timestamp":"2025-09-12T17:51:17,017","container":"7965dbe76a4e","level":"INFO","thread":"EthScheduler-Workers-0","class":"PersistBlockTask","message":"Block 1540 (0xe86bd8ff37af491c38a7256e09671ba0647ca12e64eedb2b814149be2815bb7a) is already imported","throwable":""}
{"timestamp":"2025-09-12T17:51:17,017","container":"7965dbe76a4e","level":"INFO","thread":"BftProcessorExecutor-QBFT-0","class":"QbftBesuControllerBuilder","message":"Imported #1,540 / 0 tx / 0 pending / 0 (0.0%) gas / (0xe86bd8ff37af491c38a7256e09671ba0647ca12e64eedb2b814149be2815bb7a)","throwable":""}
{"timestamp":"2025-09-12T17:51:25,036","container":"7965dbe76a4e","level":"INFO","thread":"BftProcessorExecutor-QBFT-0","class":"QbftBesuControllerBuilder","message":"Imported #1,541 / 0 tx / 0 pending / 0 (0.0%) gas / (0xadad13ffb3be0b793c1fa2baa91eec6d939596670037633220288c27036e8d19)","throwable":""}
{"timestamp":"2025-09-12T17:51:25,036","container":"7965dbe76a4e","level":"INFO","thread":"EthScheduler-Workers-0","class":"PersistBlockTask","message":"Block 1541 (0xadad13ffb3be0b793c1fa2baa91eec6d939596670037633220288c27036e8d19) is already imported","throwable":""}
{"timestamp":"2025-09-12T17:51:33,011","container":"7965dbe76a4e","level":"INFO","thread":"BftProcessorExecutor-QBFT-0","class":"QbftBesuControllerBuilder","message":"Produced #1,542 / 0 tx / 0 pending / 0 (0.0%) gas / (0x56119b460773a631bbd649c14a1fc432c7b321f57bcfc4ec7bcca4ac8649d6f9)","throwable":""}
{"timestamp":"2025-09-12T17:51:41,020","container":"7965dbe76a4e","level":"INFO","thread":"BftProcessorExecutor-QBFT-0","class":"QbftBesuControllerBuilder","message":"Imported #1,543 / 0 tx / 0 pending / 0 (0.0%) gas / (0x746a16fa1334f29b9196bc8ddb86d4a6a2750fda6457eeaff7068e2739b5ff10)","throwable":""}
{"timestamp":"2025-09-12T17:51:49,014","container":"7965dbe76a4e","level":"INFO","thread":"BftProcessorExecutor-QBFT-0","class":"QbftBesuControllerBuilder","message":"Imported #1,544 / 0 tx / 0 pending / 0 (0.0%) gas / (0x1e2ed681b53b52eff4b315c58437c7dc333105566341aa15d5ff80014c6d7e6c)","throwable":""}
{"timestamp":"2025-09-12T17:51:57,013","container":"7965dbe76a4e","level":"INFO","thread":"EthScheduler-Workers-0","class":"PersistBlockTask","message":"Imported #1,545 / 0 tx / 0 om / 0 (0.0%) gas / (0x0cd219d209358598e3ae06abbe69e52f079d92e4b483ea27f5862c5de0f64d3b) in 0.001s. Peers: 5","throwable":""}
{"timestamp":"2025-09-12T17:52:05,016","container":"7965dbe76a4e","level":"INFO","thread":"BftProcessorExecutor-QBFT-0","class":"QbftBesuControllerBuilder","message":"Produced #1,546 / 0 tx / 0 pending / 0 (0.0%) gas / (0x4dd56ded9eb93741c3ea3cf78718cd3334cf36cc26a09de077c123dbd5a2ebc7)","throwable":""}
{"timestamp":"2025-09-12T17:52:13,013","container":"7965dbe76a4e","level":"INFO","thread":"BftProcessorExecutor-QBFT-0","class":"QbftBesuControllerBuilder","message":"Imported #1,547 / 0 tx / 0 pending / 0 (0.0%) gas / (0x343931f407d9c410b76c9cea517faabfacfa25c361b86d465621983da0c174e1)","throwable":""}
{"timestamp":"2025-09-12T17:52:21,015","container":"7965dbe76a4e","level":"INFO","thread":"BftProcessorExecutor-QBFT-0","class":"QbftBesuControllerBuilder","message":"Imported #1,548 / 0 tx / 0 pending / 0 (0.0%) gas / (0xf027d1a738c29d9f64fe7f888e68b559d2d2a24cf2b785a3b700482a76b2820c)","throwable":""}
{"timestamp":"2025-09-12T17:52:29,011","container":"7965dbe76a4e","level":"INFO","thread":"BftProcessorExecutor-QBFT-0","class":"QbftBesuControllerBuilder","message":"Imported #1,549 / 0 tx / 0 pending / 0 (0.0%) gas / (0xeb36ac2f0df5f188ec6eced8bac0f65b9c45b873d057035922668e979eeff9fa)","throwable":""}
{"timestamp":"2025-09-12T17:52:37,018","container":"7965dbe76a4e","level":"INFO","thread":"BftProcessorExecutor-QBFT-0","class":"QbftBesuControllerBuilder","message":"Produced #1,550 / 0 tx / 0 pending / 0 (0.0%) gas / (0x61a46af062b5f0ca23d786cd8e2d9746b86db706ab4ae87d02b6b17281104f0c)","throwable":""}
{"timestamp":"2025-09-12T17:52:45,012","container":"7965dbe76a4e","level":"INFO","thread":"EthScheduler-Workers-0","class":"PersistBlockTask","message":"Block 1551 (0x28ca9bd44641c0f1c49d64c2e4d4fcb1f4214973a54c2274a8defe986ebe139f) is already imported","throwable":""}
{"timestamp":"2025-09-12T17:52:45,012","container":"7965dbe76a4e","level":"INFO","thread":"BftProcessorExecutor-QBFT-0","class":"QbftBesuControllerBuilder","message":"Imported #1,551 / 0 tx / 0 pending / 0 (0.0%) gas / (0x28ca9bd44641c0f1c49d64c2e4d4fcb1f4214973a54c2274a8defe986ebe139f)","throwable":""}
{"timestamp":"2025-09-12T17:52:53,029","container":"7965dbe76a4e","level":"INFO","thread":"BftProcessorExecutor-QBFT-0","class":"QbftBesuControllerBuilder","message":"Imported #1,552 / 0 tx / 0 pending / 0 (0.0%) gas / (0x5f440f2afc383749f8cf7712cff404679caa397e6124b018ee2800a9accac361)","throwable":""}
{"timestamp":"2025-09-12T17:52:53,029","container":"7965dbe76a4e","level":"INFO","thread":"EthScheduler-Workers-0","class":"PersistBlockTask","message":"Block 1552 (0x5f440f2afc383749f8cf7712cff404679caa397e6124b018ee2800a9accac361) is already imported","throwable":""}
{"timestamp":"2025-09-12T17:53:01,009","container":"7965dbe76a4e","level":"INFO","thread":"BftProcessorExecutor-QBFT-0","class":"QbftBesuControllerBuilder","message":"Imported #1,553 / 0 tx / 0 pending / 0 (0.0%) gas / (0xbf16ad3d597ae9ca44ee2e7446880a086cdbee1fa383e9f36b2428a10ed0d8c1)","throwable":""}
{"timestamp":"2025-09-12T17:53:09,016","container":"7965dbe76a4e","level":"INFO","thread":"BftProcessorExecutor-QBFT-0","class":"QbftBesuControllerBuilder","message":"Produced #1,554 / 0 tx / 0 pending / 0 (0.0%) gas / (0xec2407602f8c55e619db356f87d7cb9c47340120823444c57752531a30c0cff9)","throwable":""}
{"timestamp":"2025-09-12T17:53:17,011","container":"7965dbe76a4e","level":"INFO","thread":"BftProcessorExecutor-QBFT-0","class":"QbftBesuControllerBuilder","message":"Imported #1,555 / 0 tx / 0 pending / 0 (0.0%) gas / (0x0d02a42f1f41bdd5d2abd8e0ba467cbf30d32756eeb1d7fe8b452763d7ed126c)","throwable":""}
{"timestamp":"2025-09-12T17:53:25,024","container":"7965dbe76a4e","level":"INFO","thread":"EthScheduler-Workers-0","class":"PersistBlockTask","message":"Block 1556 (0x1f5c079a86dbcac4e4eaf0341eb811e0f3102f6123e0d6c7c9b6454f7b1fd30d) is already imported","throwable":""}
{"timestamp":"2025-09-12T17:53:25,024","container":"7965dbe76a4e","level":"INFO","thread":"BftProcessorExecutor-QBFT-0","class":"QbftBesuControllerBuilder","message":"Imported #1,556 / 0 tx / 0 pending / 0 (0.0%) gas / (0x1f5c079a86dbcac4e4eaf0341eb811e0f3102f6123e0d6c7c9b6454f7b1fd30d)","throwable":""}
{"timestamp":"2025-09-12T17:53:33,015","container":"7965dbe76a4e","level":"INFO","thread":"EthScheduler-Workers-0","class":"PersistBlockTask","message":"Block 1557 (0x0d7d4ce2a6b00c5fcfa0f46674b710c4e10eb4774f25ad14e4fd2a0965e6580f) is already imported","throwable":""}
{"timestamp":"2025-09-12T17:53:33,015","container":"7965dbe76a4e","level":"INFO","thread":"BftProcessorExecutor-QBFT-0","class":"QbftBesuControllerBuilder","message":"Imported #1,557 / 0 tx / 0 pending / 0 (0.0%) gas / (0x0d7d4ce2a6b00c5fcfa0f46674b710c4e10eb4774f25ad14e4fd2a0965e6580f)","throwable":""}
{"timestamp":"2025-09-12T17:53:41,013","container":"7965dbe76a4e","level":"INFO","thread":"BftProcessorExecutor-QBFT-0","class":"QbftBesuControllerBuilder","message":"Produced #1,558 / 0 tx / 0 pending / 0 (0.0%) gas / (0x395e9d45fc77537420c63a22b00185fc3cfb809f0824df66dc38bde3633a82ed)","throwable":""}
{"timestamp":"2025-09-12T17:53:49,013","container":"7965dbe76a4e","level":"INFO","thread":"BftProcessorExecutor-QBFT-0","class":"QbftBesuControllerBuilder","message":"Imported #1,559 / 0 tx / 0 pending / 0 (0.0%) gas / (0xd37bfc87cc5f3f58249a38c9c0d2aa4869140dcdae082d8f31975b849769afe0)","throwable":""}
{"timestamp":"2025-09-12T17:53:57,007","container":"7965dbe76a4e","level":"INFO","thread":"BftProcessorExecutor-QBFT-0","class":"QbftBesuControllerBuilder","message":"Imported #1,560 / 0 tx / 0 pending / 0 (0.0%) gas / (0x65e087e5ec9d7341b00615d41dbece68c7a39abcc3382b4d8afef2d50056ba64)","throwable":""}
{"timestamp":"2025-09-12T17:54:05,012","container":"7965dbe76a4e","level":"INFO","thread":"BftProcessorExecutor-QBFT-0","class":"QbftBesuControllerBuilder","message":"Imported #1,561 / 0 tx / 0 pending / 0 (0.0%) gas / (0x4d4898cef534eefe5844b41e3320b39c48b6b4b8633a63815360bace97ebf60f)","throwable":""}
{"timestamp":"2025-09-12T17:54:13,008","container":"7965dbe76a4e","level":"INFO","thread":"BftProcessorExecutor-QBFT-0","class":"QbftBesuControllerBuilder","message":"Produced #1,562 / 0 tx / 0 pending / 0 (0.0%) gas / (0x6579c7700423bf008696c3ca30ba20c877dd198cf3eedc8185c0725aa5dcc182)","throwable":""}
{"timestamp":"2025-09-12T17:54:21,010","container":"7965dbe76a4e","level":"INFO","thread":"BftProcessorExecutor-QBFT-0","class":"QbftBesuControllerBuilder","message":"Imported #1,563 / 0 tx / 0 pending / 0 (0.0%) gas / (0x6e49b8822f82f2a5c46066999c1c17636660aa5f342602e68c0b45a36eb81681)","throwable":""}
{"timestamp":"2025-09-12T17:54:21,011","container":"7965dbe76a4e","level":"INFO","thread":"EthScheduler-Workers-0","class":"PersistBlockTask","message":"Block 1563 (0x6e49b8822f82f2a5c46066999c1c17636660aa5f342602e68c0b45a36eb81681) is already imported","throwable":""}
{"timestamp":"2025-09-12T17:54:29,012","container":"7965dbe76a4e","level":"INFO","thread":"BftProcessorExecutor-QBFT-0","class":"QbftBesuControllerBuilder","message":"Imported #1,564 / 0 tx / 0 pending / 0 (0.0%) gas / (0x2ef9db8e970ea558990f84dbdc37cd503b5cbff44b7b20ab4631c03bae1b00ad)","throwable":""}
{"timestamp":"2025-09-12T17:54:37,009","container":"7965dbe76a4e","level":"INFO","thread":"BftProcessorExecutor-QBFT-0","class":"QbftBesuControllerBuilder","message":"Imported #1,565 / 0 tx / 0 pending / 0 (0.0%) gas / (0xd6f368b2ea138d312f1e77709db09dc55ea9a6361b821caa81d58cae3b0dde1c)","throwable":""}
{"timestamp":"2025-09-12T17:54:45,020","container":"7965dbe76a4e","level":"INFO","thread":"EthScheduler-Workers-0","class":"PersistBlockTask","message":"Block 1566 (0x2c8b77dc22a4cf95fb6dd4bd00993326b1ab40de496c6634424805f14e6ff884) is already imported","throwable":""}
{"timestamp":"2025-09-12T17:54:45,020","container":"7965dbe76a4e","level":"INFO","thread":"BftProcessorExecutor-QBFT-0","class":"QbftBesuControllerBuilder","message":"Produced #1,566 / 0 tx / 0 pending / 0 (0.0%) gas / (0x2c8b77dc22a4cf95fb6dd4bd00993326b1ab40de496c6634424805f14e6ff884)","throwable":""}
{"timestamp":"2025-09-12T17:54:53,020","container":"7965dbe76a4e","level":"INFO","thread":"EthScheduler-Workers-0","class":"PersistBlockTask","message":"Block 1567 (0xf4003956358c331c2502bb889a2c089abd0135168122de2c7c5f4d69d3432f0e) is already imported","throwable":""}
{"timestamp":"2025-09-12T17:54:53,020","container":"7965dbe76a4e","level":"INFO","thread":"BftProcessorExecutor-QBFT-0","class":"QbftBesuControllerBuilder","message":"Imported #1,567 / 0 tx / 0 pending / 0 (0.0%) gas / (0xf4003956358c331c2502bb889a2c089abd0135168122de2c7c5f4d69d3432f0e)","throwable":""}
{"timestamp":"2025-09-12T17:55:01,018","container":"7965dbe76a4e","level":"INFO","thread":"BftProcessorExecutor-QBFT-0","class":"QbftBesuControllerBuilder","message":"Imported #1,568 / 0 tx / 0 pending / 0 (0.0%) gas / (0x6e92eb7902654f79d09e794314cec676c9a73617f8e0097201d36cf8469d0bd6)","throwable":""}
{"timestamp":"2025-09-12T17:55:01,018","container":"7965dbe76a4e","level":"INFO","thread":"EthScheduler-Workers-0","class":"PersistBlockTask","message":"Block 1568 (0x6e92eb7902654f79d09e794314cec676c9a73617f8e0097201d36cf8469d0bd6) is already imported","throwable":""}
{"timestamp":"2025-09-12T17:55:09,010","container":"7965dbe76a4e","level":"INFO","thread":"BftProcessorExecutor-QBFT-0","class":"QbftBesuControllerBuilder","message":"Imported #1,569 / 0 tx / 0 pending / 0 (0.0%) gas / (0x71f868431a65d941083660ccbde9d0cb68391810b9a62edeee006b3bf0e8b129)","throwable":""}
{"timestamp":"2025-09-12T17:55:17,015","container":"7965dbe76a4e","level":"INFO","thread":"EthScheduler-Workers-0","class":"PersistBlockTask","message":"Block 1570 (0xc88ca4251b0a34ad3cd6656c9074008714a7cc7f26dbcdb04ce2591b11f2dc3e) is already imported","throwable":""}
{"timestamp":"2025-09-12T17:55:17,015","container":"7965dbe76a4e","level":"INFO","thread":"BftProcessorExecutor-QBFT-0","class":"QbftBesuControllerBuilder","message":"Produced #1,570 / 0 tx / 0 pending / 0 (0.0%) gas / (0xc88ca4251b0a34ad3cd6656c9074008714a7cc7f26dbcdb04ce2591b11f2dc3e)","throwable":""}
{"timestamp":"2025-09-12T17:55:25,014","container":"7965dbe76a4e","level":"INFO","thread":"BftProcessorExecutor-QBFT-0","class":"QbftBesuControllerBuilder","message":"Imported #1,571 / 0 tx / 0 pending / 0 (0.0%) gas / (0x268beaa50887544c8074d90d25e6dbd9f01feccc0a1afb30dad251138453b517)","throwable":""}
{"timestamp":"2025-09-12T17:55:25,014","container":"7965dbe76a4e","level":"INFO","thread":"EthScheduler-Workers-0","class":"PersistBlockTask","message":"Block 1571 (0x268beaa50887544c8074d90d25e6dbd9f01feccc0a1afb30dad251138453b517) is already imported","throwable":""}
{"timestamp":"2025-09-12T17:55:33,013","container":"7965dbe76a4e","level":"INFO","thread":"BftProcessorExecutor-QBFT-0","class":"QbftBesuControllerBuilder","message":"Imported #1,572 / 0 tx / 0 pending / 0 (0.0%) gas / (0x400fda17aa80390a5e9803ed5b84c3da8a0bf2a3dcaf829fd730cba5282c4d8e)","throwable":""}
{"timestamp":"2025-09-12T17:55:41,015","container":"7965dbe76a4e","level":"INFO","thread":"BftProcessorExecutor-QBFT-0","class":"QbftBesuControllerBuilder","message":"Imported #1,573 / 0 tx / 0 pending / 0 (0.0%) gas / (0x8bc57d493ffb4ce51287b187b53665f3c91f60ef11bceac83fe39665063285f2)","throwable":""}
{"timestamp":"2025-09-12T17:55:49,011","container":"7965dbe76a4e","level":"INFO","thread":"BftProcessorExecutor-QBFT-0","class":"QbftBesuControllerBuilder","message":"Produced #1,574 / 0 tx / 0 pending / 0 (0.0%) gas / (0x84cfc171f6c3a59b5a7c5d4f027e8a643455a0ddfff56852ffe8df293699115d)","throwable":""}
{"timestamp":"2025-09-12T17:55:57,013","container":"7965dbe76a4e","level":"INFO","thread":"EthScheduler-Workers-0","class":"PersistBlockTask","message":"Block 1575 (0x7a2c3db083a8a781bb6ef158d1410b1bd2fccd1008c9b8300d6ce22a27b1d78d) is already imported","throwable":""}
{"timestamp":"2025-09-12T17:55:57,014","container":"7965dbe76a4e","level":"INFO","thread":"BftProcessorExecutor-QBFT-0","class":"QbftBesuControllerBuilder","message":"Imported #1,575 / 0 tx / 0 pending / 0 (0.0%) gas / (0x7a2c3db083a8a781bb6ef158d1410b1bd2fccd1008c9b8300d6ce22a27b1d78d)","throwable":""}
{"timestamp":"2025-09-12T17:56:05,009","container":"7965dbe76a4e","level":"INFO","thread":"BftProcessorExecutor-QBFT-0","class":"QbftBesuControllerBuilder","message":"Imported #1,576 / 0 tx / 0 pending / 0 (0.0%) gas / (0x6f66fbfef82ca3ae583a9ac09564edf09c7cb22b935725569c706f7fc27ee5bf)","throwable":""}
{"timestamp":"2025-09-12T17:56:05,010","container":"7965dbe76a4e","level":"INFO","thread":"EthScheduler-Workers-0","class":"PersistBlockTask","message":"Block 1576 (0x6f66fbfef82ca3ae583a9ac09564edf09c7cb22b935725569c706f7fc27ee5bf) is already imported","throwable":""}
{"timestamp":"2025-09-12T17:56:13,036","container":"7965dbe76a4e","level":"INFO","thread":"BftProcessorExecutor-QBFT-0","class":"QbftBesuControllerBuilder","message":"Imported #1,577 / 0 tx / 0 pending / 0 (0.0%) gas / (0xa82dde978848116728f7085a41c4c8e90c943257efdbb9e6f506bea752a466cb)","throwable":""}
{"timestamp":"2025-09-12T17:56:21,023","container":"7965dbe76a4e","level":"INFO","thread":"EthScheduler-Workers-0","class":"PersistBlockTask","message":"Block 1578 (0x410d1da9e14e451a35dd11e79a3e0ef9067cd38ef9aac1166fa7d3d04cfd19c9) is already imported","throwable":""}
{"timestamp":"2025-09-12T17:56:21,023","container":"7965dbe76a4e","level":"INFO","thread":"BftProcessorExecutor-QBFT-0","class":"QbftBesuControllerBuilder","message":"Produced #1,578 / 0 tx / 0 pending / 0 (0.0%) gas / (0x410d1da9e14e451a35dd11e79a3e0ef9067cd38ef9aac1166fa7d3d04cfd19c9)","throwable":""}
{"timestamp":"2025-09-12T17:56:29,010","container":"7965dbe76a4e","level":"INFO","thread":"BftProcessorExecutor-QBFT-0","class":"QbftBesuControllerBuilder","message":"Imported #1,579 / 0 tx / 0 pending / 0 (0.0%) gas / (0xda1b2854dbfbb0d7d043ac8b41e91e2ff39d7539852d26fead48df3b87cad9d9)","throwable":""}
{"timestamp":"2025-09-12T17:56:37,011","container":"7965dbe76a4e","level":"INFO","thread":"BftProcessorExecutor-QBFT-0","class":"QbftBesuControllerBuilder","message":"Imported #1,580 / 0 tx / 0 pending / 0 (0.0%) gas / (0xe5ca452901d8bfee8fe1e48138737e82ddceac072412aeae6a8af271b79ee2de)","throwable":""}
{"timestamp":"2025-09-12T17:56:45,022","container":"7965dbe76a4e","level":"INFO","thread":"EthScheduler-Workers-0","class":"PersistBlockTask","message":"Block 1581 (0x1130c7889d55422afbd773dd0cba13019b5df40fe5fb8171739e9ba64d7bc5cd) is already imported","throwable":""}
{"timestamp":"2025-09-12T17:56:45,023","container":"7965dbe76a4e","level":"INFO","thread":"BftProcessorExecutor-QBFT-0","class":"QbftBesuControllerBuilder","message":"Imported #1,581 / 0 tx / 0 pending / 0 (0.0%) gas / (0x1130c7889d55422afbd773dd0cba13019b5df40fe5fb8171739e9ba64d7bc5cd)","throwable":""}
{"timestamp":"2025-09-12T17:56:53,020","container":"7965dbe76a4e","level":"INFO","thread":"EthScheduler-Workers-0","class":"PersistBlockTask","message":"Block 1582 (0x0d1019e75ad9469c4bc1f91489cf1820a1549a976d7988d87e1ee1457d937bad) is already imported","throwable":""}
{"timestamp":"2025-09-12T17:56:53,020","container":"7965dbe76a4e","level":"INFO","thread":"BftProcessorExecutor-QBFT-0","class":"QbftBesuControllerBuilder","message":"Produced #1,582 / 0 tx / 0 pending / 0 (0.0%) gas / (0x0d1019e75ad9469c4bc1f91489cf1820a1549a976d7988d87e1ee1457d937bad)","throwable":""}
{"timestamp":"2025-09-12T17:57:01,017","container":"7965dbe76a4e","level":"INFO","thread":"EthScheduler-Workers-0","class":"PersistBlockTask","message":"Imported #1,583 / 0 tx / 0 om / 0 (0.0%) gas / (0xecb3ce3bd7ec9107a2b7042f24961793a9c17a9983e0365f4c0c0e9deb3cf841) in 0.002s. Peers: 5","throwable":""}
{"timestamp":"2025-09-12T17:57:01,018","container":"7965dbe76a4e","level":"INFO","thread":"BftProcessorExecutor-QBFT-0","class":"QbftBesuControllerBuilder","message":"Imported #1,583 / 0 tx / 0 pending / 0 (0.0%) gas / (0xecb3ce3bd7ec9107a2b7042f24961793a9c17a9983e0365f4c0c0e9deb3cf841)","throwable":""}
{"timestamp":"2025-09-12T17:57:09,017","container":"7965dbe76a4e","level":"INFO","thread":"EthScheduler-Workers-0","class":"PersistBlockTask","message":"Block 1584 (0xd4694f4b38aeb1bb57e93b82286e40306765c176a00c196df33a2086b54d340d) is already imported","throwable":""}
{"timestamp":"2025-09-12T17:57:09,017","container":"7965dbe76a4e","level":"INFO","thread":"BftProcessorExecutor-QBFT-0","class":"QbftBesuControllerBuilder","message":"Imported #1,584 / 0 tx / 0 pending / 0 (0.0%) gas / (0xd4694f4b38aeb1bb57e93b82286e40306765c176a00c196df33a2086b54d340d)","throwable":""}
{"timestamp":"2025-09-12T17:57:17,010","container":"7965dbe76a4e","level":"INFO","thread":"BftProcessorExecutor-QBFT-0","class":"QbftBesuControllerBuilder","message":"Imported #1,585 / 0 tx / 0 pending / 0 (0.0%) gas / (0x9c49a6d65128fa3773549915484b8c023a3a59850b646c72ed75e284934e6a2d)","throwable":""}
{"timestamp":"2025-09-12T17:57:25,012","container":"7965dbe76a4e","level":"INFO","thread":"EthScheduler-Workers-0","class":"PersistBlockTask","message":"Block 1586 (0x2f6902d5a12e3255aca404eb31aabc5439ad0402ad4f3d0456d9763edd3b9ccb) is already imported","throwable":""}
{"timestamp":"2025-09-12T17:57:25,012","container":"7965dbe76a4e","level":"INFO","thread":"BftProcessorExecutor-QBFT-0","class":"QbftBesuControllerBuilder","message":"Produced #1,586 / 0 tx / 0 pending / 0 (0.0%) gas / (0x2f6902d5a12e3255aca404eb31aabc5439ad0402ad4f3d0456d9763edd3b9ccb)","throwable":""}
{"timestamp":"2025-09-12T17:57:33,008","container":"7965dbe76a4e","level":"INFO","thread":"BftProcessorExecutor-QBFT-0","class":"QbftBesuControllerBuilder","message":"Imported #1,587 / 0 tx / 0 pending / 0 (0.0%) gas / (0x55f40a2a8a733d61c11c44d25d514036a62abb32bda1a920eaaef38baf8cf0fd)","throwable":""}
{"timestamp":"2025-09-12T17:57:41,008","container":"7965dbe76a4e","level":"INFO","thread":"BftProcessorExecutor-QBFT-0","class":"QbftBesuControllerBuilder","message":"Imported #1,588 / 0 tx / 0 pending / 0 (0.0%) gas / (0xf33730ba9f182b974fb3a7e6ddff43e940602498d78f5211fa27f6ae02259c22)","throwable":""}
{"timestamp":"2025-09-12T17:57:41,008","container":"7965dbe76a4e","level":"INFO","thread":"EthScheduler-Workers-0","class":"PersistBlockTask","message":"Block 1588 (0xf33730ba9f182b974fb3a7e6ddff43e940602498d78f5211fa27f6ae02259c22) is already imported","throwable":""}
{"timestamp":"2025-09-12T17:57:49,018","container":"7965dbe76a4e","level":"INFO","thread":"EthScheduler-Workers-0","class":"PersistBlockTask","message":"Block 1589 (0x62c364492305b04ddc4bae8a77677590e5d957540fb0020913e63b6163e62446) is already imported","throwable":""}
{"timestamp":"2025-09-12T17:57:49,018","container":"7965dbe76a4e","level":"INFO","thread":"BftProcessorExecutor-QBFT-0","class":"QbftBesuControllerBuilder","message":"Imported #1,589 / 0 tx / 0 pending / 0 (0.0%) gas / (0x62c364492305b04ddc4bae8a77677590e5d957540fb0020913e63b6163e62446)","throwable":""}
{"timestamp":"2025-09-12T17:57:57,016","container":"7965dbe76a4e","level":"INFO","thread":"BftProcessorExecutor-QBFT-0","class":"QbftBesuControllerBuilder","message":"Produced #1,590 / 0 tx / 0 pending / 0 (0.0%) gas / (0x9906f9d824eadfe30b3db40a867eac850c6706f4f2027990112506b9eb1c73e4)","throwable":""}
{"timestamp":"2025-09-12T17:57:57,016","container":"7965dbe76a4e","level":"INFO","thread":"EthScheduler-Workers-0","class":"PersistBlockTask","message":"Block 1590 (0x9906f9d824eadfe30b3db40a867eac850c6706f4f2027990112506b9eb1c73e4) is already imported","throwable":""}
{"timestamp":"2025-09-12T17:58:05,009","container":"7965dbe76a4e","level":"INFO","thread":"BftProcessorExecutor-QBFT-0","class":"QbftBesuControllerBuilder","message":"Imported #1,591 / 0 tx / 0 pending / 0 (0.0%) gas / (0x5387f40acee0b89f7f9b8bfe55ef37092df7ecac3513a43f4e5773a9c118772c)","throwable":""}
{"timestamp":"2025-09-12T17:58:13,034","container":"7965dbe76a4e","level":"INFO","thread":"BftProcessorExecutor-QBFT-0","class":"QbftBesuControllerBuilder","message":"Imported #1,592 / 0 tx / 0 pending / 0 (0.0%) gas / (0x20d0bfab0712497c6c763ea18e94830311641c3923ebe16de22834015b049ce3)","throwable":""}
{"timestamp":"2025-09-12T17:58:13,035","container":"7965dbe76a4e","level":"INFO","thread":"EthScheduler-Workers-0","class":"PersistBlockTask","message":"Block 1592 (0x20d0bfab0712497c6c763ea18e94830311641c3923ebe16de22834015b049ce3) is already imported","throwable":""}
{"timestamp":"2025-09-12T17:58:21,014","container":"7965dbe76a4e","level":"INFO","thread":"EthScheduler-Workers-0","class":"PersistBlockTask","message":"Block 1593 (0xc36017ba46dc6b84a043a91979292095b59c9849e631cdd84ffa903a52e08393) is already imported","throwable":""}
{"timestamp":"2025-09-12T17:58:21,015","container":"7965dbe76a4e","level":"INFO","thread":"BftProcessorExecutor-QBFT-0","class":"QbftBesuControllerBuilder","message":"Imported #1,593 / 0 tx / 0 pending / 0 (0.0%) gas / (0xc36017ba46dc6b84a043a91979292095b59c9849e631cdd84ffa903a52e08393)","throwable":""}
{"timestamp":"2025-09-12T17:58:29,016","container":"7965dbe76a4e","level":"INFO","thread":"EthScheduler-Workers-0","class":"PersistBlockTask","message":"Block 1594 (0xa887968cb1d982462072504674b84e0b1fa84ac36fc58baac1c4364203643194) is already imported","throwable":""}
{"timestamp":"2025-09-12T17:58:29,016","container":"7965dbe76a4e","level":"INFO","thread":"BftProcessorExecutor-QBFT-0","class":"QbftBesuControllerBuilder","message":"Produced #1,594 / 0 tx / 0 pending / 0 (0.0%) gas / (0xa887968cb1d982462072504674b84e0b1fa84ac36fc58baac1c4364203643194)","throwable":""}
{"timestamp":"2025-09-12T17:58:37,009","container":"7965dbe76a4e","level":"INFO","thread":"BftProcessorExecutor-QBFT-0","class":"QbftBesuControllerBuilder","message":"Imported #1,595 / 0 tx / 0 pending / 0 (0.0%) gas / (0xb90b61d71f32ccbd037a64f88ccd46cd4b1f50a8b09f5ebadfa73f9a7b2c1b64)","throwable":""}
{"timestamp":"2025-09-12T17:58:45,011","container":"7965dbe76a4e","level":"INFO","thread":"BftProcessorExecutor-QBFT-0","class":"QbftBesuControllerBuilder","message":"Imported #1,596 / 0 tx / 0 pending / 0 (0.0%) gas / (0x276722262c69e0ab5fc9538e17b6b078d9c0bffc10962a567b2dfa8cb19b7164)","throwable":""}
{"timestamp":"2025-09-12T17:58:53,015","container":"7965dbe76a4e","level":"INFO","thread":"BftProcessorExecutor-QBFT-0","class":"QbftBesuControllerBuilder","message":"Imported #1,597 / 0 tx / 0 pending / 0 (0.0%) gas / (0x7c98fc2e1498b210b8526adbb31ea9e37c651c752c32b33a4335df095a115c33)","throwable":""}
{"timestamp":"2025-09-12T17:59:01,011","container":"7965dbe76a4e","level":"INFO","thread":"BftProcessorExecutor-QBFT-0","class":"QbftBesuControllerBuilder","message":"Produced #1,598 / 0 tx / 0 pending / 0 (0.0%) gas / (0xeb911b9f6ef52c6cb37be09afc95c8f13f5cbd4d1096df7252edfe4d07b21dc8)","throwable":""}
{"timestamp":"2025-09-12T17:59:09,014","container":"7965dbe76a4e","level":"INFO","thread":"BftProcessorExecutor-QBFT-0","class":"QbftBesuControllerBuilder","message":"Imported #1,599 / 0 tx / 0 pending / 0 (0.0%) gas / (0x919e93cb72ef88cd4c20c7590610754e49fc272c3e5650eca8f7aae330a15943)","throwable":""}
{"timestamp":"2025-09-12T17:59:17,011","container":"7965dbe76a4e","level":"INFO","thread":"BftProcessorExecutor-QBFT-0","class":"QbftBesuControllerBuilder","message":"Imported #1,600 / 0 tx / 0 pending / 0 (0.0%) gas / (0xb87f6a1a974ce78089b17d61d4cacfdbe51762a4f49adb5b8de1d90995e6d7cf)","throwable":""}
{"timestamp":"2025-09-12T17:59:25,024","container":"7965dbe76a4e","level":"INFO","thread":"BftProcessorExecutor-QBFT-0","class":"QbftBesuControllerBuilder","message":"Imported #1,601 / 0 tx / 0 pending / 0 (0.0%) gas / (0xa12f82f496f4f451f8b097bf25835edb687ffea1440e3e9f2890a60373bbc3f4)","throwable":""}
{"timestamp":"2025-09-12T17:59:33,015","container":"7965dbe76a4e","level":"INFO","thread":"BftProcessorExecutor-QBFT-0","class":"QbftBesuControllerBuilder","message":"Produced #1,602 / 0 tx / 0 pending / 0 (0.0%) gas / (0x31b03b8b92ed4a715e501dbaa697756583fa7dcc4f8b0234cd9c6df8ad412f79)","throwable":""}
{"timestamp":"2025-09-12T17:59:33,015","container":"7965dbe76a4e","level":"INFO","thread":"EthScheduler-Workers-0","class":"PersistBlockTask","message":"Block 1602 (0x31b03b8b92ed4a715e501dbaa697756583fa7dcc4f8b0234cd9c6df8ad412f79) is already imported","throwable":""}
{"timestamp":"2025-09-12T17:59:41,011","container":"7965dbe76a4e","level":"INFO","thread":"BftProcessorExecutor-QBFT-0","class":"QbftBesuControllerBuilder","message":"Imported #1,603 / 0 tx / 0 pending / 0 (0.0%) gas / (0x1aad39ea9d0af60bc7bedcd55629e3ba27c9733d959b8532b110b0c7d9cd0c5a)","throwable":""}
{"timestamp":"2025-09-12T17:59:41,012","container":"7965dbe76a4e","level":"INFO","thread":"EthScheduler-Workers-0","class":"PersistBlockTask","message":"Block 1603 (0x1aad39ea9d0af60bc7bedcd55629e3ba27c9733d959b8532b110b0c7d9cd0c5a) is already imported","throwable":""}
{"timestamp":"2025-09-12T17:59:49,017","container":"7965dbe76a4e","level":"INFO","thread":"BftProcessorExecutor-QBFT-0","class":"QbftBesuControllerBuilder","message":"Imported #1,604 / 0 tx / 0 pending / 0 (0.0%) gas / (0x4b20a90f8922598d7abd922030a643cce3b0cad4bd9b703e747945ac3b358ded)","throwable":""}
{"timestamp":"2025-09-12T17:59:49,017","container":"7965dbe76a4e","level":"INFO","thread":"EthScheduler-Workers-0","class":"PersistBlockTask","message":"Block 1604 (0x4b20a90f8922598d7abd922030a643cce3b0cad4bd9b703e747945ac3b358ded) is already imported","throwable":""}
{"timestamp":"2025-09-12T17:59:57,007","container":"7965dbe76a4e","level":"INFO","thread":"BftProcessorExecutor-QBFT-0","class":"QbftBesuControllerBuilder","message":"Imported #1,605 / 0 tx / 0 pending / 0 (0.0%) gas / (0x2cad9117dc588547ecfb172d664c4ddb4a8d05fecc7cef9134598f946919b653)","throwable":""}
{"timestamp":"2025-09-12T18:00:05,010","container":"7965dbe76a4e","level":"INFO","thread":"BftProcessorExecutor-QBFT-0","class":"QbftBesuControllerBuilder","message":"Produced #1,606 / 0 tx / 0 pending / 0 (0.0%) gas / (0x925127d363c53b4e995f03ee508ac2a6a993ccd180463e6e1162f6de2fc2a16d)","throwable":""}
{"timestamp":"2025-09-12T18:00:13,015","container":"7965dbe76a4e","level":"INFO","thread":"BftProcessorExecutor-QBFT-0","class":"QbftBesuControllerBuilder","message":"Imported #1,607 / 0 tx / 0 pending / 0 (0.0%) gas / (0x07247796e7c9ce824a52d220f8e0decdb2b990017b5229a9357d2d4766d2eb48)","throwable":""}
{"timestamp":"2025-09-12T18:00:21,017","container":"7965dbe76a4e","level":"INFO","thread":"BftProcessorExecutor-QBFT-0","class":"QbftBesuControllerBuilder","message":"Imported #1,608 / 0 tx / 0 pending / 0 (0.0%) gas / (0x5387a293caf0c9bc61d864535b13899f973ae5006c7ba0a4af3142f95eeb9b98)","throwable":""}
{"timestamp":"2025-09-12T18:00:29,010","container":"7965dbe76a4e","level":"INFO","thread":"BftProcessorExecutor-QBFT-0","class":"QbftBesuControllerBuilder","message":"Imported #1,609 / 0 tx / 0 pending / 0 (0.0%) gas / (0x571342fd0b0a04cd47462fe6b70e3d1ba134e818e155f40880b52090cd737963)","throwable":""}
{"timestamp":"2025-09-12T18:00:37,011","container":"7965dbe76a4e","level":"INFO","thread":"BftProcessorExecutor-QBFT-0","class":"QbftBesuControllerBuilder","message":"Produced #1,610 / 0 tx / 0 pending / 0 (0.0%) gas / (0x0afcf8acbc49d480f5989ba562f0820f5204d46919d67562765a560b7a4ee0a9)","throwable":""}
{"timestamp":"2025-09-12T18:00:37,011","container":"7965dbe76a4e","level":"INFO","thread":"EthScheduler-Workers-0","class":"PersistBlockTask","message":"Block 1610 (0x0afcf8acbc49d480f5989ba562f0820f5204d46919d67562765a560b7a4ee0a9) is already imported","throwable":""}
{"timestamp":"2025-09-12T18:00:45,020","container":"7965dbe76a4e","level":"INFO","thread":"BftProcessorExecutor-QBFT-0","class":"QbftBesuControllerBuilder","message":"Imported #1,611 / 0 tx / 0 pending / 0 (0.0%) gas / (0xf3085e9b6131f3f4cc21b67c712be26d34c7d84d1e05da5e499dcf888fdaa587)","throwable":""}
{"timestamp":"2025-09-12T18:00:53,019","container":"7965dbe76a4e","level":"INFO","thread":"BftProcessorExecutor-QBFT-0","class":"QbftBesuControllerBuilder","message":"Imported #1,612 / 0 tx / 0 pending / 0 (0.0%) gas / (0x0acef24114e6a5f3dd0be823880e8af7a50cbc3122f288cb2df7b506c50a2c22)","throwable":""}
{"timestamp":"2025-09-12T18:01:01,014","container":"7965dbe76a4e","level":"INFO","thread":"EthScheduler-Workers-0","class":"PersistBlockTask","message":"Block 1613 (0xbb0523dfaa914ef246d04bcb13f13ddf185357ca2d5099c598fd1650c461b613) is already imported","throwable":""}
{"timestamp":"2025-09-12T18:01:01,015","container":"7965dbe76a4e","level":"INFO","thread":"BftProcessorExecutor-QBFT-0","class":"QbftBesuControllerBuilder","message":"Imported #1,613 / 0 tx / 0 pending / 0 (0.0%) gas / (0xbb0523dfaa914ef246d04bcb13f13ddf185357ca2d5099c598fd1650c461b613)","throwable":""}
{"timestamp":"2025-09-12T18:01:09,016","container":"7965dbe76a4e","level":"INFO","thread":"BftProcessorExecutor-QBFT-0","class":"QbftBesuControllerBuilder","message":"Produced #1,614 / 0 tx / 0 pending / 0 (0.0%) gas / (0xd53539c78af56fbec978c01ec474d039cba253b4bfd101963838dff481dc2f1b)","throwable":""}
{"timestamp":"2025-09-12T18:01:17,023","container":"7965dbe76a4e","level":"INFO","thread":"EthScheduler-Workers-0","class":"PersistBlockTask","message":"Imported #1,615 / 0 tx / 0 om / 0 (0.0%) gas / (0x2b33bc45c565233ba3e171030a5180dc47c30cb676806ac7bf1cf969d8dcec6a) in 0.005s. Peers: 5","throwable":""}
{"timestamp":"2025-09-12T18:01:17,024","container":"7965dbe76a4e","level":"INFO","thread":"BftProcessorExecutor-QBFT-0","class":"QbftBesuControllerBuilder","message":"Imported #1,615 / 0 tx / 0 pending / 0 (0.0%) gas / (0x2b33bc45c565233ba3e171030a5180dc47c30cb676806ac7bf1cf969d8dcec6a)","throwable":""}
{"timestamp":"2025-09-12T18:01:25,009","container":"7965dbe76a4e","level":"INFO","thread":"EthScheduler-Workers-0","class":"PersistBlockTask","message":"Block 1616 (0x782fc9f05dd2bdb17ad6f086220fe0ed6e8bc9ce42c831db9265d696d0106343) is already imported","throwable":""}
{"timestamp":"2025-09-12T18:01:25,010","container":"7965dbe76a4e","level":"INFO","thread":"BftProcessorExecutor-QBFT-0","class":"QbftBesuControllerBuilder","message":"Imported #1,616 / 0 tx / 0 pending / 0 (0.0%) gas / (0x782fc9f05dd2bdb17ad6f086220fe0ed6e8bc9ce42c831db9265d696d0106343)","throwable":""}
{"timestamp":"2025-09-12T18:01:33,014","container":"7965dbe76a4e","level":"INFO","thread":"BftProcessorExecutor-QBFT-0","class":"QbftBesuControllerBuilder","message":"Imported #1,617 / 0 tx / 0 pending / 0 (0.0%) gas / (0x1cd703525e45f7edf20ce8a02b22bf119cbb7b96ca91f205c651fb279b6f256c)","throwable":""}
{"timestamp":"2025-09-12T18:01:41,010","container":"7965dbe76a4e","level":"INFO","thread":"BftProcessorExecutor-QBFT-0","class":"QbftBesuControllerBuilder","message":"Produced #1,618 / 0 tx / 0 pending / 0 (0.0%) gas / (0xf80962141c816b96898b859d7e2c1327b145fea9b49a449bdef24f8b2c71cb95)","throwable":""}
{"timestamp":"2025-09-12T18:01:41,010","container":"7965dbe76a4e","level":"INFO","thread":"EthScheduler-Workers-0","class":"PersistBlockTask","message":"Block 1618 (0xf80962141c816b96898b859d7e2c1327b145fea9b49a449bdef24f8b2c71cb95) is already imported","throwable":""}
{"timestamp":"2025-09-12T18:01:49,016","container":"7965dbe76a4e","level":"INFO","thread":"BftProcessorExecutor-QBFT-0","class":"QbftBesuControllerBuilder","message":"Imported #1,619 / 0 tx / 0 pending / 0 (0.0%) gas / (0x42664ad4c2efa4feba4f28dde3e11a1a3ea4a222d187811eb8090d6c505cc497)","throwable":""}
{"timestamp":"2025-09-12T18:01:49,017","container":"7965dbe76a4e","level":"INFO","thread":"EthScheduler-Workers-0","class":"PersistBlockTask","message":"Block 1619 (0x42664ad4c2efa4feba4f28dde3e11a1a3ea4a222d187811eb8090d6c505cc497) is already imported","throwable":""}
{"timestamp":"2025-09-12T18:01:57,011","container":"7965dbe76a4e","level":"INFO","thread":"BftProcessorExecutor-QBFT-0","class":"QbftBesuControllerBuilder","message":"Imported #1,620 / 0 tx / 0 pending / 0 (0.0%) gas / (0x64e2dd62e4f7d34834482f4b61a6a310dfacbe6ecf9e04d273b02ffe3633e7ef)","throwable":""}
{"timestamp":"2025-09-12T18:02:05,013","container":"7965dbe76a4e","level":"INFO","thread":"EthScheduler-Workers-0","class":"PersistBlockTask","message":"Block 1621 (0x10dd3845c5df3c14517d1fa08cc951118f75dd2d49cc114d418c2fffad549bc3) is already imported","throwable":""}
{"timestamp":"2025-09-12T18:02:05,013","container":"7965dbe76a4e","level":"INFO","thread":"BftProcessorExecutor-QBFT-0","class":"QbftBesuControllerBuilder","message":"Imported #1,621 / 0 tx / 0 pending / 0 (0.0%) gas / (0x10dd3845c5df3c14517d1fa08cc951118f75dd2d49cc114d418c2fffad549bc3)","throwable":""}
{"timestamp":"2025-09-12T18:02:13,018","container":"7965dbe76a4e","level":"INFO","thread":"BftProcessorExecutor-QBFT-0","class":"QbftBesuControllerBuilder","message":"Produced #1,622 / 0 tx / 0 pending / 0 (0.0%) gas / (0xb76e582d767c07de14305ccac987c7d5d9ab69a7ebdf1e812e459800ad03d758)","throwable":""}
{"timestamp":"2025-09-12T18:02:13,019","container":"7965dbe76a4e","level":"INFO","thread":"EthScheduler-Workers-0","class":"PersistBlockTask","message":"Block 1622 (0xb76e582d767c07de14305ccac987c7d5d9ab69a7ebdf1e812e459800ad03d758) is already imported","throwable":""}
{"timestamp":"2025-09-12T18:02:21,008","container":"7965dbe76a4e","level":"INFO","thread":"BftProcessorExecutor-QBFT-0","class":"QbftBesuControllerBuilder","message":"Imported #1,623 / 0 tx / 0 pending / 0 (0.0%) gas / (0x2d619affd718ecf6237f4380bb5876fafa01d769df9a125b39ccdc8949981402)","throwable":""}
{"timestamp":"2025-09-12T18:02:29,014","container":"7965dbe76a4e","level":"INFO","thread":"BftProcessorExecutor-QBFT-0","class":"QbftBesuControllerBuilder","message":"Imported #1,624 / 0 tx / 0 pending / 0 (0.0%) gas / (0xc591d95453bc3c062e66bea3def35c9be09a9a18af92a5a15d3a27dc13537aec)","throwable":""}
{"timestamp":"2025-09-12T18:02:37,016","container":"7965dbe76a4e","level":"INFO","thread":"BftProcessorExecutor-QBFT-0","class":"QbftBesuControllerBuilder","message":"Imported #1,625 / 0 tx / 0 pending / 0 (0.0%) gas / (0x5ae7a98a8f3fa80417246348c66b3b8a5db51cc033fc9db8ccf2be9996f3f24d)","throwable":""}
{"timestamp":"2025-09-12T18:02:45,015","container":"7965dbe76a4e","level":"INFO","thread":"EthScheduler-Workers-0","class":"PersistBlockTask","message":"Block 1626 (0xb8104f97e92710134e72c9cf612817203f6b202321ca54969857374eb352cd1b) is already imported","throwable":""}
{"timestamp":"2025-09-12T18:02:45,015","container":"7965dbe76a4e","level":"INFO","thread":"BftProcessorExecutor-QBFT-0","class":"QbftBesuControllerBuilder","message":"Produced #1,626 / 0 tx / 0 pending / 0 (0.0%) gas / (0xb8104f97e92710134e72c9cf612817203f6b202321ca54969857374eb352cd1b)","throwable":""}
{"timestamp":"2025-09-12T18:02:53,008","container":"7965dbe76a4e","level":"INFO","thread":"BftProcessorExecutor-QBFT-0","class":"QbftBesuControllerBuilder","message":"Imported #1,627 / 0 tx / 0 pending / 0 (0.0%) gas / (0xfc42d6fae6e0f333b594da4d969557cdc3376abafb520b54b206149b8db74c08)","throwable":""}
{"timestamp":"2025-09-12T18:03:01,010","container":"7965dbe76a4e","level":"INFO","thread":"BftProcessorExecutor-QBFT-0","class":"QbftBesuControllerBuilder","message":"Imported #1,628 / 0 tx / 0 pending / 0 (0.0%) gas / (0xfbfd6e4c0145f03a290c35b51a73045665aeccdf2d57466baebccfec0e26194e)","throwable":""}
{"timestamp":"2025-09-12T18:03:09,011","container":"7965dbe76a4e","level":"INFO","thread":"BftProcessorExecutor-QBFT-0","class":"QbftBesuControllerBuilder","message":"Imported #1,629 / 0 tx / 0 pending / 0 (0.0%) gas / (0xaeeb1d2af1023863530020874aec48cf1e7e00beb490bba09cd1777e80acdbc6)","throwable":""}
{"timestamp":"2025-09-12T18:03:09,012","container":"7965dbe76a4e","level":"INFO","thread":"EthScheduler-Workers-0","class":"PersistBlockTask","message":"Imported #1,629 / 0 tx / 0 om / 0 (0.0%) gas / (0xaeeb1d2af1023863530020874aec48cf1e7e00beb490bba09cd1777e80acdbc6) in 0.001s. Peers: 5","throwable":""}
{"timestamp":"2025-09-12T18:03:17,008","container":"7965dbe76a4e","level":"INFO","thread":"BftProcessorExecutor-QBFT-0","class":"QbftBesuControllerBuilder","message":"Produced #1,630 / 0 tx / 0 pending / 0 (0.0%) gas / (0x523f78074a74f32bcc9b5eceb2a2580c3f2a3216d5b5b37ba751c4d034f146f2)","throwable":""}
{"timestamp":"2025-09-12T18:03:17,009","container":"7965dbe76a4e","level":"INFO","thread":"EthScheduler-Workers-0","class":"PersistBlockTask","message":"Block 1630 (0x523f78074a74f32bcc9b5eceb2a2580c3f2a3216d5b5b37ba751c4d034f146f2) is already imported","throwable":""}
{"timestamp":"2025-09-12T18:03:25,010","container":"7965dbe76a4e","level":"INFO","thread":"EthScheduler-Workers-0","class":"PersistBlockTask","message":"Block 1631 (0x0a575f848221e97c066f157c8b7a1202fdef7f3752dccca2e67df41fb11896d5) is already imported","throwable":""}
{"timestamp":"2025-09-12T18:03:25,010","container":"7965dbe76a4e","level":"INFO","thread":"BftProcessorExecutor-QBFT-0","class":"QbftBesuControllerBuilder","message":"Imported #1,631 / 0 tx / 0 pending / 0 (0.0%) gas / (0x0a575f848221e97c066f157c8b7a1202fdef7f3752dccca2e67df41fb11896d5)","throwable":""}
{"timestamp":"2025-09-12T18:03:33,010","container":"7965dbe76a4e","level":"INFO","thread":"BftProcessorExecutor-QBFT-0","class":"QbftBesuControllerBuilder","message":"Imported #1,632 / 0 tx / 0 pending / 0 (0.0%) gas / (0xed27bb8e626ccdde942d160f150b51f204ad6897c3e33b5f662fbc5237cd6a3d)","throwable":""}
{"timestamp":"2025-09-12T18:03:33,010","container":"7965dbe76a4e","level":"INFO","thread":"EthScheduler-Workers-0","class":"PersistBlockTask","message":"Block 1632 (0xed27bb8e626ccdde942d160f150b51f204ad6897c3e33b5f662fbc5237cd6a3d) is already imported","throwable":""}
{"timestamp":"2025-09-12T18:03:41,015","container":"7965dbe76a4e","level":"INFO","thread":"BftProcessorExecutor-QBFT-0","class":"QbftBesuControllerBuilder","message":"Imported #1,633 / 0 tx / 0 pending / 0 (0.0%) gas / (0x6ca2c84b7e672a233684d1768bf754f7f4002ecdf91dee115a539b5291e5c68c)","throwable":""}
{"timestamp":"2025-09-12T18:03:49,026","container":"7965dbe76a4e","level":"INFO","thread":"EthScheduler-Workers-0","class":"PersistBlockTask","message":"Block 1634 (0xb438f9cc8da2921363b31d1cdf6271a5efc59416c04faaa6c3bc37373a35f560) is already imported","throwable":""}
{"timestamp":"2025-09-12T18:03:49,027","container":"7965dbe76a4e","level":"INFO","thread":"BftProcessorExecutor-QBFT-0","class":"QbftBesuControllerBuilder","message":"Produced #1,634 / 0 tx / 0 pending / 0 (0.0%) gas / (0xb438f9cc8da2921363b31d1cdf6271a5efc59416c04faaa6c3bc37373a35f560)","throwable":""}
{"timestamp":"2025-09-12T18:03:57,009","container":"7965dbe76a4e","level":"INFO","thread":"BftProcessorExecutor-QBFT-0","class":"QbftBesuControllerBuilder","message":"Imported #1,635 / 0 tx / 0 pending / 0 (0.0%) gas / (0x9f28ba50e1d622f0623d01c363731af4a9c707a6f0b9aedffc8b5732cbe8a90e)","throwable":""}
{"timestamp":"2025-09-12T18:04:05,013","container":"7965dbe76a4e","level":"INFO","thread":"EthScheduler-Workers-0","class":"PersistBlockTask","message":"Block 1636 (0x132b39cd61321b8a9fe2c4298c88b7986357187f36756797e3b220e8ec8ac7f8) is already imported","throwable":""}
{"timestamp":"2025-09-12T18:04:05,013","container":"7965dbe76a4e","level":"INFO","thread":"BftProcessorExecutor-QBFT-0","class":"QbftBesuControllerBuilder","message":"Imported #1,636 / 0 tx / 0 pending / 0 (0.0%) gas / (0x132b39cd61321b8a9fe2c4298c88b7986357187f36756797e3b220e8ec8ac7f8)","throwable":""}
{"timestamp":"2025-09-12T18:04:13,009","container":"7965dbe76a4e","level":"INFO","thread":"BftProcessorExecutor-QBFT-0","class":"QbftBesuControllerBuilder","message":"Imported #1,637 / 0 tx / 0 pending / 0 (0.0%) gas / (0xb80663a264cb5e250b86f251861418b346f3c8cbd0accbb849b4fd8eaff9f877)","throwable":""}
{"timestamp":"2025-09-12T18:04:13,010","container":"7965dbe76a4e","level":"INFO","thread":"EthScheduler-Workers-0","class":"PersistBlockTask","message":"Block 1637 (0xb80663a264cb5e250b86f251861418b346f3c8cbd0accbb849b4fd8eaff9f877) is already imported","throwable":""}
{"timestamp":"2025-09-12T18:04:21,030","container":"7965dbe76a4e","level":"INFO","thread":"BftProcessorExecutor-QBFT-0","class":"QbftBesuControllerBuilder","message":"Produced #1,638 / 0 tx / 0 pending / 0 (0.0%) gas / (0xd47a46f6f14c980a9a0d470017968add53b1e930fe404736a5380a2549249c08)","throwable":""}
{"timestamp":"2025-09-12T18:04:29,018","container":"7965dbe76a4e","level":"INFO","thread":"BftProcessorExecutor-QBFT-0","class":"QbftBesuControllerBuilder","message":"Imported #1,639 / 0 tx / 0 pending / 0 (0.0%) gas / (0xa1a8adb6d45fdcfee7d113431a14f33af6afd0a0bc9a23320457252d71cf6ce8)","throwable":""}
{"timestamp":"2025-09-12T18:04:37,019","container":"7965dbe76a4e","level":"INFO","thread":"EthScheduler-Workers-0","class":"PersistBlockTask","message":"Block 1640 (0x2a8eed2f17faf78395d91f6552a3821edbe1baacfb73e9057d8b269e077600ff) is already imported","throwable":""}
{"timestamp":"2025-09-12T18:04:37,020","container":"7965dbe76a4e","level":"INFO","thread":"BftProcessorExecutor-QBFT-0","class":"QbftBesuControllerBuilder","message":"Imported #1,640 / 0 tx / 0 pending / 0 (0.0%) gas / (0x2a8eed2f17faf78395d91f6552a3821edbe1baacfb73e9057d8b269e077600ff)","throwable":""}
{"timestamp":"2025-09-12T18:04:45,017","container":"7965dbe76a4e","level":"INFO","thread":"BftProcessorExecutor-QBFT-0","class":"QbftBesuControllerBuilder","message":"Imported #1,641 / 0 tx / 0 pending / 0 (0.0%) gas / (0x989d965262860956caefa00e873de64429c6da8607ffe585c629864ae9abe0f2)","throwable":""}
{"timestamp":"2025-09-12T18:04:45,017","container":"7965dbe76a4e","level":"INFO","thread":"EthScheduler-Workers-0","class":"PersistBlockTask","message":"Block 1641 (0x989d965262860956caefa00e873de64429c6da8607ffe585c629864ae9abe0f2) is already imported","throwable":""}
{"timestamp":"2025-09-12T18:04:53,025","container":"7965dbe76a4e","level":"INFO","thread":"EthScheduler-Workers-0","class":"PersistBlockTask","message":"Block 1642 (0x2649cf833ee868ab0181b85634e0fb73cd6078042e1f3a0297f2a489fa6c97db) is already imported","throwable":""}
{"timestamp":"2025-09-12T18:04:53,027","container":"7965dbe76a4e","level":"INFO","thread":"BftProcessorExecutor-QBFT-0","class":"QbftBesuControllerBuilder","message":"Produced #1,642 / 0 tx / 0 pending / 0 (0.0%) gas / (0x2649cf833ee868ab0181b85634e0fb73cd6078042e1f3a0297f2a489fa6c97db)","throwable":""}
{"timestamp":"2025-09-12T18:05:01,011","container":"7965dbe76a4e","level":"INFO","thread":"BftProcessorExecutor-QBFT-0","class":"QbftBesuControllerBuilder","message":"Imported #1,643 / 0 tx / 0 pending / 0 (0.0%) gas / (0xba556f4c9e5fac148eb31f64d011a0bee54f3c9dac4764f82b0d68b91c5e4f4b)","throwable":""}
{"timestamp":"2025-09-12T18:05:09,008","container":"7965dbe76a4e","level":"INFO","thread":"BftProcessorExecutor-QBFT-0","class":"QbftBesuControllerBuilder","message":"Imported #1,644 / 0 tx / 0 pending / 0 (0.0%) gas / (0x36a9f1b4fb5105520c022d206f2f1e00e427d3aecdb461ca7bb02e9e4f0a3700)","throwable":""}
{"timestamp":"2025-09-12T18:05:17,013","container":"7965dbe76a4e","level":"INFO","thread":"BftProcessorExecutor-QBFT-0","class":"QbftBesuControllerBuilder","message":"Imported #1,645 / 0 tx / 0 pending / 0 (0.0%) gas / (0xf3bf7d0f0ce13f0d60ff6bc28bb21cbbd38f5406783714c07fe0ecb5acb82277)","throwable":""}
{"timestamp":"2025-09-12T18:05:25,011","container":"7965dbe76a4e","level":"INFO","thread":"BftProcessorExecutor-QBFT-0","class":"QbftBesuControllerBuilder","message":"Produced #1,646 / 0 tx / 0 pending / 0 (0.0%) gas / (0xc5e60b20ba6460fc91f4b3e7e7d0942bd4d9b36f3734dd4b5cb02657889cf412)","throwable":""}
{"timestamp":"2025-09-12T18:05:33,014","container":"7965dbe76a4e","level":"INFO","thread":"BftProcessorExecutor-QBFT-0","class":"QbftBesuControllerBuilder","message":"Imported #1,647 / 0 tx / 0 pending / 0 (0.0%) gas / (0xc6d336d461532a3f6aa4b42f95250fb0d9b86e18b0254228d5f0c9d2442f51ae)","throwable":""}
{"timestamp":"2025-09-12T18:05:41,014","container":"7965dbe76a4e","level":"INFO","thread":"BftProcessorExecutor-QBFT-0","class":"QbftBesuControllerBuilder","message":"Imported #1,648 / 0 tx / 0 pending / 0 (0.0%) gas / (0x922a527f94e103d6e2d7159122a1be6216ebae4af13f788646fac81ddf8ddef1)","throwable":""}
{"timestamp":"2025-09-12T18:05:49,027","container":"7965dbe76a4e","level":"INFO","thread":"EthScheduler-Workers-0","class":"PersistBlockTask","message":"Imported #1,649 / 0 tx / 0 om / 0 (0.0%) gas / (0x0af3231490dec91ecd73cff026de99cc816968f6abdc02a2a4c7f1fd7f520d22) in 0.001s. Peers: 5","throwable":""}
{"timestamp":"2025-09-12T18:05:57,017","container":"7965dbe76a4e","level":"INFO","thread":"EthScheduler-Workers-0","class":"PersistBlockTask","message":"Block 1650 (0x364f2a7e4376ca04cc32d9359931e56a3aff46987d2a277ac12d84d8aea5e4fc) is already imported","throwable":""}
{"timestamp":"2025-09-12T18:05:57,017","container":"7965dbe76a4e","level":"INFO","thread":"BftProcessorExecutor-QBFT-0","class":"QbftBesuControllerBuilder","message":"Produced #1,650 / 0 tx / 0 pending / 0 (0.0%) gas / (0x364f2a7e4376ca04cc32d9359931e56a3aff46987d2a277ac12d84d8aea5e4fc)","throwable":""}
{"timestamp":"2025-09-12T18:06:05,008","container":"7965dbe76a4e","level":"INFO","thread":"BftProcessorExecutor-QBFT-0","class":"QbftBesuControllerBuilder","message":"Imported #1,651 / 0 tx / 0 pending / 0 (0.0%) gas / (0xe96eefeafffe683ed9e284b73b177da00a4c2c8a723ae478cd27747c02d32416)","throwable":""}
{"timestamp":"2025-09-12T18:06:47,696","container":"7965dbe76a4e","level":"INFO","thread":"EthScheduler-Workers-0","class":"PersistBlockTask","message":"Block 1652 (0x10143415ff04c65f2f9b7bcb17d495baef238b2705bfb6998eb1646550d38351) is already imported","throwable":""}
{"timestamp":"2025-09-12T18:06:47,697","container":"7965dbe76a4e","level":"INFO","thread":"BftProcessorExecutor-QBFT-0","class":"QbftBesuControllerBuilder","message":"Imported #1,652 / 0 tx / 0 pending / 0 (0.0%) gas / (0x10143415ff04c65f2f9b7bcb17d495baef238b2705bfb6998eb1646550d38351)","throwable":""}
{"timestamp":"2025-09-12T18:06:56,014","container":"7965dbe76a4e","level":"INFO","thread":"EthScheduler-Workers-0","class":"PersistBlockTask","message":"Block 1653 (0xace8397e86a06aed54deab05e4516bdf32a38c7541f3e3778d9afab10924f063) is already imported","throwable":""}
{"timestamp":"2025-09-12T18:06:56,014","container":"7965dbe76a4e","level":"INFO","thread":"BftProcessorExecutor-QBFT-0","class":"QbftBesuControllerBuilder","message":"Imported #1,653 / 0 tx / 0 pending / 0 (0.0%) gas / (0xace8397e86a06aed54deab05e4516bdf32a38c7541f3e3778d9afab10924f063)","throwable":""}
{"timestamp":"2025-09-12T18:07:04,010","container":"7965dbe76a4e","level":"INFO","thread":"BftProcessorExecutor-QBFT-0","class":"QbftBesuControllerBuilder","message":"Produced #1,654 / 0 tx / 0 pending / 0 (0.0%) gas / (0xa568b7b742ad0ea3e09e8b16453aff76564d03b5b49a5e782c645d6389735028)","throwable":""}
{"timestamp":"2025-09-12T18:07:12,014","container":"7965dbe76a4e","level":"INFO","thread":"EthScheduler-Workers-0","class":"PersistBlockTask","message":"Imported #1,655 / 0 tx / 0 om / 0 (0.0%) gas / (0x5872d4cf5ce7db81fde5d62ed51b0d384869e125d085b00f50ab6b762eb111c8) in 0.001s. Peers: 5","throwable":""}
{"timestamp":"2025-09-12T18:07:12,015","container":"7965dbe76a4e","level":"INFO","thread":"BftProcessorExecutor-QBFT-0","class":"QbftBesuControllerBuilder","message":"Imported #1,655 / 0 tx / 0 pending / 0 (0.0%) gas / (0x5872d4cf5ce7db81fde5d62ed51b0d384869e125d085b00f50ab6b762eb111c8)","throwable":""}
{"timestamp":"2025-09-12T18:07:20,008","container":"7965dbe76a4e","level":"INFO","thread":"BftProcessorExecutor-QBFT-0","class":"QbftBesuControllerBuilder","message":"Imported #1,656 / 0 tx / 0 pending / 0 (0.0%) gas / (0xea7e5b27bf744982e9c6a16001c21883cb8a05e90426eb47ff15cd917241f067)","throwable":""}
{"timestamp":"2025-09-12T18:07:28,012","container":"7965dbe76a4e","level":"INFO","thread":"BftProcessorExecutor-QBFT-0","class":"QbftBesuControllerBuilder","message":"Imported #1,657 / 0 tx / 0 pending / 0 (0.0%) gas / (0x7799814725199bfdfd65602f4594341a16e5c7522193c7579bcac9a1f2b2b1d4)","throwable":""}
{"timestamp":"2025-09-12T18:07:36,013","container":"7965dbe76a4e","level":"INFO","thread":"BftProcessorExecutor-QBFT-0","class":"QbftBesuControllerBuilder","message":"Produced #1,658 / 0 tx / 0 pending / 0 (0.0%) gas / (0xaa4db482d347c6aae661937372a07de683b3a76af249eb080f598cca82a6eb07)","throwable":""}
{"timestamp":"2025-09-12T18:07:44,008","container":"7965dbe76a4e","level":"INFO","thread":"BftProcessorExecutor-QBFT-0","class":"QbftBesuControllerBuilder","message":"Imported #1,659 / 0 tx / 0 pending / 0 (0.0%) gas / (0xbbb2366b149b21301f7ae19d63e336263eac6564f60400bc97fb057555350774)","throwable":""}
{"timestamp":"2025-09-12T18:07:52,014","container":"7965dbe76a4e","level":"INFO","thread":"BftProcessorExecutor-QBFT-0","class":"QbftBesuControllerBuilder","message":"Imported #1,660 / 0 tx / 0 pending / 0 (0.0%) gas / (0x1626775a5a4ecf2638f0bde7bce31ae137d38d99c260e75f9da8869f953eed66)","throwable":""}
{"timestamp":"2025-09-12T18:08:00,012","container":"7965dbe76a4e","level":"INFO","thread":"BftProcessorExecutor-QBFT-0","class":"QbftBesuControllerBuilder","message":"Imported #1,661 / 0 tx / 0 pending / 0 (0.0%) gas / (0x5fe5251ce6cf59d6f39f28993ea96f7865eaafe37fcc092ef395be7de4ffcbc4)","throwable":""}
{"timestamp":"2025-09-12T18:08:00,012","container":"7965dbe76a4e","level":"INFO","thread":"EthScheduler-Workers-0","class":"PersistBlockTask","message":"Imported #1,661 / 0 tx / 0 om / 0 (0.0%) gas / (0x5fe5251ce6cf59d6f39f28993ea96f7865eaafe37fcc092ef395be7de4ffcbc4) in 0.003s. Peers: 5","throwable":""}
{"timestamp":"2025-09-12T18:08:08,016","container":"7965dbe76a4e","level":"INFO","thread":"BftProcessorExecutor-QBFT-0","class":"QbftBesuControllerBuilder","message":"Produced #1,662 / 0 tx / 0 pending / 0 (0.0%) gas / (0x74b901ff16b717a59363b0500376812a72b5d737f571a65c432490c9f88668f5)","throwable":""}
{"timestamp":"2025-09-12T18:08:16,018","container":"7965dbe76a4e","level":"INFO","thread":"BftProcessorExecutor-QBFT-0","class":"QbftBesuControllerBuilder","message":"Imported #1,663 / 0 tx / 0 pending / 0 (0.0%) gas / (0xcb763f948b0b85425198297ded8c71473623f74469aba1a35a4b1605bca4a16e)","throwable":""}
{"timestamp":"2025-09-12T18:08:24,013","container":"7965dbe76a4e","level":"INFO","thread":"BftProcessorExecutor-QBFT-0","class":"QbftBesuControllerBuilder","message":"Imported #1,664 / 0 tx / 0 pending / 0 (0.0%) gas / (0x5fd27576438c653607d7e11c306fd04066713de9258df1a6ea61777e54848730)","throwable":""}
{"timestamp":"2025-09-12T18:08:24,014","container":"7965dbe76a4e","level":"INFO","thread":"EthScheduler-Workers-0","class":"PersistBlockTask","message":"Block 1664 (0x5fd27576438c653607d7e11c306fd04066713de9258df1a6ea61777e54848730) is already imported","throwable":""}
{"timestamp":"2025-09-12T18:08:32,009","container":"7965dbe76a4e","level":"INFO","thread":"BftProcessorExecutor-QBFT-0","class":"QbftBesuControllerBuilder","message":"Imported #1,665 / 0 tx / 0 pending / 0 (0.0%) gas / (0x0d1c09a1ff51531e536648d25059d5e14391a43a76af35ae3aab8e2b7b219ed1)","throwable":""}
{"timestamp":"2025-09-12T18:08:40,013","container":"7965dbe76a4e","level":"INFO","thread":"BftProcessorExecutor-QBFT-0","class":"QbftBesuControllerBuilder","message":"Produced #1,666 / 0 tx / 0 pending / 0 (0.0%) gas / (0x459426ca33d443fde08a5171b9a29499b1e184871ae412202f3e37565c2dc483)","throwable":""}
{"timestamp":"2025-09-12T18:08:40,013","container":"7965dbe76a4e","level":"INFO","thread":"EthScheduler-Workers-0","class":"PersistBlockTask","message":"Block 1666 (0x459426ca33d443fde08a5171b9a29499b1e184871ae412202f3e37565c2dc483) is already imported","throwable":""}
{"timestamp":"2025-09-12T18:08:48,015","container":"7965dbe76a4e","level":"INFO","thread":"BftProcessorExecutor-QBFT-0","class":"QbftBesuControllerBuilder","message":"Imported #1,667 / 0 tx / 0 pending / 0 (0.0%) gas / (0x7c7e39819f9282f203fee1d4b201ade8be45a9b2d13ab99d358cd4aadba62e05)","throwable":""}
{"timestamp":"2025-09-12T18:08:48,015","container":"7965dbe76a4e","level":"INFO","thread":"EthScheduler-Workers-0","class":"PersistBlockTask","message":"Block 1667 (0x7c7e39819f9282f203fee1d4b201ade8be45a9b2d13ab99d358cd4aadba62e05) is already imported","throwable":""}
{"timestamp":"2025-09-12T18:08:56,019","container":"7965dbe76a4e","level":"INFO","thread":"BftProcessorExecutor-QBFT-0","class":"QbftBesuControllerBuilder","message":"Imported #1,668 / 0 tx / 0 pending / 0 (0.0%) gas / (0xda2933bb60bddea6edfa5dffa42b0d55820f2ac8733c7be3f6c9388843d0f71e)","throwable":""}
{"timestamp":"2025-09-12T18:09:04,013","container":"7965dbe76a4e","level":"INFO","thread":"EthScheduler-Workers-0","class":"PersistBlockTask","message":"Block 1669 (0xc93c217f10ad3aacbbe50648aa2904dc9ed77aa9e10b2414dd190f9da488375b) is already imported","throwable":""}
{"timestamp":"2025-09-12T18:09:04,013","container":"7965dbe76a4e","level":"INFO","thread":"BftProcessorExecutor-QBFT-0","class":"QbftBesuControllerBuilder","message":"Imported #1,669 / 0 tx / 0 pending / 0 (0.0%) gas / (0xc93c217f10ad3aacbbe50648aa2904dc9ed77aa9e10b2414dd190f9da488375b)","throwable":""}
{"timestamp":"2025-09-12T18:09:12,019","container":"7965dbe76a4e","level":"INFO","thread":"BftProcessorExecutor-QBFT-0","class":"QbftBesuControllerBuilder","message":"Produced #1,670 / 0 tx / 0 pending / 0 (0.0%) gas / (0xb315bffc900bcc187d6a81f342ad7ff07387af0926fd6d7c877cb8a7743a598f)","throwable":""}
{"timestamp":"2025-09-12T18:09:20,032","container":"7965dbe76a4e","level":"INFO","thread":"EthScheduler-Workers-0","class":"PersistBlockTask","message":"Block 1671 (0xb0c58ebc1df4f407ed016b3fcfaa8fc20de4ad721317ef9ff4969f1b5b64cd7a) is already imported","throwable":""}
{"timestamp":"2025-09-12T18:09:20,033","container":"7965dbe76a4e","level":"INFO","thread":"BftProcessorExecutor-QBFT-0","class":"QbftBesuControllerBuilder","message":"Imported #1,671 / 0 tx / 0 pending / 0 (0.0%) gas / (0xb0c58ebc1df4f407ed016b3fcfaa8fc20de4ad721317ef9ff4969f1b5b64cd7a)","throwable":""}
{"timestamp":"2025-09-12T18:09:28,017","container":"7965dbe76a4e","level":"INFO","thread":"EthScheduler-Workers-0","class":"PersistBlockTask","message":"Block 1672 (0x8f96aeb70351f599a2d7414f88bd3af8849f63d03b328587b82830cbfb843191) is already imported","throwable":""}
{"timestamp":"2025-09-12T18:09:28,018","container":"7965dbe76a4e","level":"INFO","thread":"BftProcessorExecutor-QBFT-0","class":"QbftBesuControllerBuilder","message":"Imported #1,672 / 0 tx / 0 pending / 0 (0.0%) gas / (0x8f96aeb70351f599a2d7414f88bd3af8849f63d03b328587b82830cbfb843191)","throwable":""}
{"timestamp":"2025-09-12T18:09:36,026","container":"7965dbe76a4e","level":"INFO","thread":"BftProcessorExecutor-QBFT-0","class":"QbftBesuControllerBuilder","message":"Imported #1,673 / 0 tx / 0 pending / 0 (0.0%) gas / (0x50fd937d89ac7937a43f86489eed0da54e2b29180ac4bbbe617db4d3a7b0d1d1)","throwable":""}
{"timestamp":"2025-09-12T18:09:44,011","container":"7965dbe76a4e","level":"INFO","thread":"BftProcessorExecutor-QBFT-0","class":"QbftBesuControllerBuilder","message":"Produced #1,674 / 0 tx / 0 pending / 0 (0.0%) gas / (0xd58f15be22d5ca39293ee5b4c7589cda8eb5c56bf6ddf1fbe1118806cb22e377)","throwable":""}
{"timestamp":"2025-09-12T18:09:52,011","container":"7965dbe76a4e","level":"INFO","thread":"EthScheduler-Workers-0","class":"PersistBlockTask","message":"Block 1675 (0x5e3de10eb12742e023625a11a58a5a48b31805c5ee968218404cfd929387dd2e) is already imported","throwable":""}
{"timestamp":"2025-09-12T18:09:52,011","container":"7965dbe76a4e","level":"INFO","thread":"BftProcessorExecutor-QBFT-0","class":"QbftBesuControllerBuilder","message":"Imported #1,675 / 0 tx / 0 pending / 0 (0.0%) gas / (0x5e3de10eb12742e023625a11a58a5a48b31805c5ee968218404cfd929387dd2e)","throwable":""}
{"timestamp":"2025-09-12T18:10:00,014","container":"7965dbe76a4e","level":"INFO","thread":"BftProcessorExecutor-QBFT-0","class":"QbftBesuControllerBuilder","message":"Imported #1,676 / 0 tx / 0 pending / 0 (0.0%) gas / (0xcb8ca9311df10eaec84a2635af494a5db4724b7799eba3d2832576d0bce71084)","throwable":""}
{"timestamp":"2025-09-12T18:10:08,012","container":"7965dbe76a4e","level":"INFO","thread":"BftProcessorExecutor-QBFT-0","class":"QbftBesuControllerBuilder","message":"Imported #1,677 / 0 tx / 0 pending / 0 (0.0%) gas / (0x9d3f808069c238d57dec239788ee5015d0a8863b294d4b48db38a3473daf779d)","throwable":""}
{"timestamp":"2025-09-12T18:10:16,007","container":"7965dbe76a4e","level":"INFO","thread":"BftProcessorExecutor-QBFT-0","class":"QbftBesuControllerBuilder","message":"Produced #1,678 / 0 tx / 0 pending / 0 (0.0%) gas / (0xd23f6cdfb1d16739a6e3d453b592ed3e57473b68b1ef7de20ac0929b7ffcde93)","throwable":""}
{"timestamp":"2025-09-12T18:10:24,013","container":"7965dbe76a4e","level":"INFO","thread":"EthScheduler-Workers-0","class":"PersistBlockTask","message":"Imported #1,679 / 0 tx / 0 om / 0 (0.0%) gas / (0x0f03ca18d69c41977c00249355eb91b05b81fe03ba8a3e4ca843e827c08bec12) in 0.001s. Peers: 5","throwable":""}
{"timestamp":"2025-09-12T18:10:24,013","container":"7965dbe76a4e","level":"INFO","thread":"BftProcessorExecutor-QBFT-0","class":"QbftBesuControllerBuilder","message":"Imported #1,679 / 0 tx / 0 pending / 0 (0.0%) gas / (0x0f03ca18d69c41977c00249355eb91b05b81fe03ba8a3e4ca843e827c08bec12)","throwable":""}
{"timestamp":"2025-09-12T18:10:32,015","container":"7965dbe76a4e","level":"INFO","thread":"EthScheduler-Workers-0","class":"PersistBlockTask","message":"Block 1680 (0xe023de9872eebbd6f055d55e5a0fae46886c40866b8527baa0b10b12d7f8ecf5) is already imported","throwable":""}
{"timestamp":"2025-09-12T18:10:32,015","container":"7965dbe76a4e","level":"INFO","thread":"BftProcessorExecutor-QBFT-0","class":"QbftBesuControllerBuilder","message":"Imported #1,680 / 0 tx / 0 pending / 0 (0.0%) gas / (0xe023de9872eebbd6f055d55e5a0fae46886c40866b8527baa0b10b12d7f8ecf5)","throwable":""}
{"timestamp":"2025-09-12T18:10:40,009","container":"7965dbe76a4e","level":"INFO","thread":"BftProcessorExecutor-QBFT-0","class":"QbftBesuControllerBuilder","message":"Imported #1,681 / 0 tx / 0 pending / 0 (0.0%) gas / (0x1e85c7590d28827c0a9d3bd31f6e5ac49ec9258d6ce04ac6a3bcc69130453300)","throwable":""}
{"timestamp":"2025-09-12T18:10:48,007","container":"7965dbe76a4e","level":"INFO","thread":"BftProcessorExecutor-QBFT-0","class":"QbftBesuControllerBuilder","message":"Produced #1,682 / 0 tx / 0 pending / 0 (0.0%) gas / (0xf0400025973f0e3dd47b98e6e0581d49f158590012ccd57cc8a029c1c732c409)","throwable":""}
{"timestamp":"2025-09-12T18:10:56,007","container":"7965dbe76a4e","level":"INFO","thread":"BftProcessorExecutor-QBFT-0","class":"QbftBesuControllerBuilder","message":"Imported #1,683 / 0 tx / 0 pending / 0 (0.0%) gas / (0x9aed068f362b5283e0e3c821955be8671c0250575895b65c345b552ce46d137c)","throwable":""}
{"timestamp":"2025-09-12T18:11:04,011","container":"7965dbe76a4e","level":"INFO","thread":"BftProcessorExecutor-QBFT-0","class":"QbftBesuControllerBuilder","message":"Imported #1,684 / 0 tx / 0 pending / 0 (0.0%) gas / (0x1ffb4ded6ff2886f448b3928339798bd20656228c3cd4b06cf7709989b558623)","throwable":""}
{"timestamp":"2025-09-12T18:11:12,010","container":"7965dbe76a4e","level":"INFO","thread":"BftProcessorExecutor-QBFT-0","class":"QbftBesuControllerBuilder","message":"Imported #1,685 / 0 tx / 0 pending / 0 (0.0%) gas / (0x29d6e07f8f55f7655a22eb251b43dd708e867b79857e18ebb548fc5ba87c3a0d)","throwable":""}
{"timestamp":"2025-09-12T18:11:20,016","container":"7965dbe76a4e","level":"INFO","thread":"BftProcessorExecutor-QBFT-0","class":"QbftBesuControllerBuilder","message":"Produced #1,686 / 0 tx / 0 pending / 0 (0.0%) gas / (0x8e0db2607b1de181720fec69f9fe2018b7be298a0c6dac61ebbce6460ed1ac6c)","throwable":""}
{"timestamp":"2025-09-12T18:11:28,020","container":"7965dbe76a4e","level":"INFO","thread":"BftProcessorExecutor-QBFT-0","class":"QbftBesuControllerBuilder","message":"Imported #1,687 / 0 tx / 0 pending / 0 (0.0%) gas / (0xeaea4dcb925ee7f9e813092fb1b5c9fc68e63ecd3a587f5d5acb55d42371bd19)","throwable":""}
{"timestamp":"2025-09-12T18:11:36,019","container":"7965dbe76a4e","level":"INFO","thread":"BftProcessorExecutor-QBFT-0","class":"QbftBesuControllerBuilder","message":"Imported #1,688 / 0 tx / 0 pending / 0 (0.0%) gas / (0x1d37fef75af556c6616e04c60d186152380eea4c5e76eab96caf9cfb36df466e)","throwable":""}
{"timestamp":"2025-09-12T18:11:44,010","container":"7965dbe76a4e","level":"INFO","thread":"BftProcessorExecutor-QBFT-0","class":"QbftBesuControllerBuilder","message":"Imported #1,689 / 0 tx / 0 pending / 0 (0.0%) gas / (0x4e2bcb50dace48756014bda1e55343abf71b4b9af02a017b1b880ae746e5efa3)","throwable":""}
{"timestamp":"2025-09-12T18:11:52,017","container":"7965dbe76a4e","level":"INFO","thread":"BftProcessorExecutor-QBFT-0","class":"QbftBesuControllerBuilder","message":"Produced #1,690 / 0 tx / 0 pending / 0 (0.0%) gas / (0x6fad1d5c0db7297ec89e250cabb428a0c610bcb5aa130c63c64630c15a077902)","throwable":""}
{"timestamp":"2025-09-12T18:12:00,014","container":"7965dbe76a4e","level":"INFO","thread":"BftProcessorExecutor-QBFT-0","class":"QbftBesuControllerBuilder","message":"Imported #1,691 / 0 tx / 0 pending / 0 (0.0%) gas / (0x92687eda22dc2810dd34a793e92c1643d1335316ab824d1242e5561fe21ba4da)","throwable":""}
{"timestamp":"2025-09-12T18:12:08,023","container":"7965dbe76a4e","level":"INFO","thread":"EthScheduler-Workers-0","class":"PersistBlockTask","message":"Block 1692 (0x1411ea2c6d922654f9356028d4e8102033bf65acd554f380ca544fc9528b29e3) is already imported","throwable":""}
{"timestamp":"2025-09-12T18:12:08,024","container":"7965dbe76a4e","level":"INFO","thread":"BftProcessorExecutor-QBFT-0","class":"QbftBesuControllerBuilder","message":"Imported #1,692 / 0 tx / 0 pending / 0 (0.0%) gas / (0x1411ea2c6d922654f9356028d4e8102033bf65acd554f380ca544fc9528b29e3)","throwable":""}
{"timestamp":"2025-09-12T18:12:16,018","container":"7965dbe76a4e","level":"INFO","thread":"EthScheduler-Workers-0","class":"PersistBlockTask","message":"Block 1693 (0x95a26431b428b226c99537c963c0d2a0ceac78f4ec4b3d5ac1a92ad093da5462) is already imported","throwable":""}
{"timestamp":"2025-09-12T18:12:16,018","container":"7965dbe76a4e","level":"INFO","thread":"BftProcessorExecutor-QBFT-0","class":"QbftBesuControllerBuilder","message":"Imported #1,693 / 0 tx / 0 pending / 0 (0.0%) gas / (0x95a26431b428b226c99537c963c0d2a0ceac78f4ec4b3d5ac1a92ad093da5462)","throwable":""}
{"timestamp":"2025-09-12T18:12:24,012","container":"7965dbe76a4e","level":"INFO","thread":"BftProcessorExecutor-QBFT-0","class":"QbftBesuControllerBuilder","message":"Produced #1,694 / 0 tx / 0 pending / 0 (0.0%) gas / (0x6234b3df9610691c837bd5826564d4417281c1e6b43c0ac2a400434a1ba32ccc)","throwable":""}
{"timestamp":"2025-09-12T18:12:32,015","container":"7965dbe76a4e","level":"INFO","thread":"BftProcessorExecutor-QBFT-0","class":"QbftBesuControllerBuilder","message":"Imported #1,695 / 0 tx / 0 pending / 0 (0.0%) gas / (0x7de2ee723e88ff39aaaf2f93ab6b0c6dbdc913e1da83d42f5bb178d66518846a)","throwable":""}
{"timestamp":"2025-09-12T18:12:32,015","container":"7965dbe76a4e","level":"INFO","thread":"EthScheduler-Workers-0","class":"PersistBlockTask","message":"Block 1695 (0x7de2ee723e88ff39aaaf2f93ab6b0c6dbdc913e1da83d42f5bb178d66518846a) is already imported","throwable":""}
{"timestamp":"2025-09-12T18:12:40,014","container":"7965dbe76a4e","level":"INFO","thread":"BftProcessorExecutor-QBFT-0","class":"QbftBesuControllerBuilder","message":"Imported #1,696 / 0 tx / 0 pending / 0 (0.0%) gas / (0x32f2c101f22b22d4b35ecc68f163b7cca04357d1c2c4dd8107db386da5d1a0c2)","throwable":""}
{"timestamp":"2025-09-12T18:12:48,015","container":"7965dbe76a4e","level":"INFO","thread":"EthScheduler-Workers-0","class":"PersistBlockTask","message":"Block 1697 (0xf7d061d6f27d961fcb5d0b4b84db84e1147cdd469d1e8bb74c2310bf7ef6bbc3) is already imported","throwable":""}
{"timestamp":"2025-09-12T18:12:48,015","container":"7965dbe76a4e","level":"INFO","thread":"BftProcessorExecutor-QBFT-0","class":"QbftBesuControllerBuilder","message":"Imported #1,697 / 0 tx / 0 pending / 0 (0.0%) gas / (0xf7d061d6f27d961fcb5d0b4b84db84e1147cdd469d1e8bb74c2310bf7ef6bbc3)","throwable":""}
{"timestamp":"2025-09-12T18:12:56,013","container":"7965dbe76a4e","level":"INFO","thread":"BftProcessorExecutor-QBFT-0","class":"QbftBesuControllerBuilder","message":"Produced #1,698 / 0 tx / 0 pending / 0 (0.0%) gas / (0x1ea616c3f03bcc6ce0c0fdc658a348fe557b41fdbe422f6644b3a8185a3b519b)","throwable":""}
{"timestamp":"2025-09-12T18:13:04,019","container":"7965dbe76a4e","level":"INFO","thread":"BftProcessorExecutor-QBFT-0","class":"QbftBesuControllerBuilder","message":"Imported #1,699 / 0 tx / 0 pending / 0 (0.0%) gas / (0x427611583147e9bf1052cf600210b1ceeb970bf10f47819c3851570a93a3c5b6)","throwable":""}
{"timestamp":"2025-09-12T18:13:04,019","container":"7965dbe76a4e","level":"INFO","thread":"EthScheduler-Workers-0","class":"PersistBlockTask","message":"Block 1699 (0x427611583147e9bf1052cf600210b1ceeb970bf10f47819c3851570a93a3c5b6) is already imported","throwable":""}
{"timestamp":"2025-09-12T18:13:12,017","container":"7965dbe76a4e","level":"INFO","thread":"BftProcessorExecutor-QBFT-0","class":"QbftBesuControllerBuilder","message":"Imported #1,700 / 0 tx / 0 pending / 0 (0.0%) gas / (0xa918c0380080245cd20ed3c5e6d49b9d7883d801cd67cb2160bb59b8f1ba46c0)","throwable":""}
{"timestamp":"2025-09-12T18:13:20,033","container":"7965dbe76a4e","level":"INFO","thread":"EthScheduler-Workers-0","class":"PersistBlockTask","message":"Imported #1,701 / 0 tx / 0 om / 0 (0.0%) gas / (0x2bef082de5ee1c41e0c6b7bd91546b36abef05c6bdf5944a50de0d98318394d2) in 0.001s. Peers: 5","throwable":""}
{"timestamp":"2025-09-12T18:13:28,010","container":"7965dbe76a4e","level":"INFO","thread":"BftProcessorExecutor-QBFT-0","class":"QbftBesuControllerBuilder","message":"Produced #1,702 / 0 tx / 0 pending / 0 (0.0%) gas / (0x733f1d38f195e83dff4ebb880d7737f7826f5d0fb1102f70ffde2cfcbf9718f9)","throwable":""}
{"timestamp":"2025-09-12T18:13:36,013","container":"7965dbe76a4e","level":"INFO","thread":"EthScheduler-Workers-0","class":"PersistBlockTask","message":"Imported #1,703 / 0 tx / 0 om / 0 (0.0%) gas / (0xd92ab58e5461bed3420ad24004d74376f62442d6f04c40d64e1ef81dec04d333) in 0.002s. Peers: 5","throwable":""}
{"timestamp":"2025-09-12T18:13:44,014","container":"7965dbe76a4e","level":"INFO","thread":"BftProcessorExecutor-QBFT-0","class":"QbftBesuControllerBuilder","message":"Imported #1,704 / 0 tx / 0 pending / 0 (0.0%) gas / (0x1f7e2541c1910c7bd5c3b1d50a9cbfa89553064c8c6620e0300ed6262352c6d4)","throwable":""}
{"timestamp":"2025-09-12T18:13:52,014","container":"7965dbe76a4e","level":"INFO","thread":"BftProcessorExecutor-QBFT-0","class":"QbftBesuControllerBuilder","message":"Imported #1,705 / 0 tx / 0 pending / 0 (0.0%) gas / (0xdaf5e2fcf23f7bbc85f350d952f0d353005dfacb388846c13fbff4167d5dbb58)","throwable":""}
{"timestamp":"2025-09-12T18:13:52,015","container":"7965dbe76a4e","level":"INFO","thread":"EthScheduler-Workers-0","class":"PersistBlockTask","message":"Block 1705 (0xdaf5e2fcf23f7bbc85f350d952f0d353005dfacb388846c13fbff4167d5dbb58) is already imported","throwable":""}
{"timestamp":"2025-09-12T18:14:00,012","container":"7965dbe76a4e","level":"INFO","thread":"BftProcessorExecutor-QBFT-0","class":"QbftBesuControllerBuilder","message":"Produced #1,706 / 0 tx / 0 pending / 0 (0.0%) gas / (0x48e8401877d7c7853f5ae80f73ac514e5d7050fd3a438b0e567740e03c921762)","throwable":""}
{"timestamp":"2025-09-12T18:14:08,021","container":"7965dbe76a4e","level":"INFO","thread":"EthScheduler-Workers-0","class":"PersistBlockTask","message":"Imported #1,707 / 0 tx / 0 om / 0 (0.0%) gas / (0x2f1cf3c48ebac312b653a172a921c127539a4cc401369860c61e1f723e66658f) in 0.003s. Peers: 5","throwable":""}
{"timestamp":"2025-09-12T18:14:08,021","container":"7965dbe76a4e","level":"INFO","thread":"BftProcessorExecutor-QBFT-0","class":"QbftBesuControllerBuilder","message":"Imported #1,707 / 0 tx / 0 pending / 0 (0.0%) gas / (0x2f1cf3c48ebac312b653a172a921c127539a4cc401369860c61e1f723e66658f)","throwable":""}
{"timestamp":"2025-09-12T18:14:16,030","container":"7965dbe76a4e","level":"INFO","thread":"BftProcessorExecutor-QBFT-0","class":"QbftBesuControllerBuilder","message":"Imported #1,708 / 0 tx / 0 pending / 0 (0.0%) gas / (0x7cb576d1e6f73918f39cce071f7510868cc3fb61e191e4b53b3394d03fc25a7e)","throwable":""}
{"timestamp":"2025-09-12T18:14:16,030","container":"7965dbe76a4e","level":"INFO","thread":"EthScheduler-Workers-0","class":"PersistBlockTask","message":"Imported #1,708 / 0 tx / 0 om / 0 (0.0%) gas / (0x7cb576d1e6f73918f39cce071f7510868cc3fb61e191e4b53b3394d03fc25a7e) in 0.002s. Peers: 5","throwable":""}
{"timestamp":"2025-09-12T18:14:24,012","container":"7965dbe76a4e","level":"INFO","thread":"BftProcessorExecutor-QBFT-0","class":"QbftBesuControllerBuilder","message":"Imported #1,709 / 0 tx / 0 pending / 0 (0.0%) gas / (0xe1e9ca7c7dc4eda5651a8d467d6e92c3085be19ed78397473c5ce1f28ffc49f0)","throwable":""}
{"timestamp":"2025-09-12T18:14:32,017","container":"7965dbe76a4e","level":"INFO","thread":"EthScheduler-Workers-0","class":"PersistBlockTask","message":"Block 1710 (0xdab1477671f6ea9b6f69af101a9c953bf93d41c62000a84ebc328dbd716f6d69) is already imported","throwable":""}
{"timestamp":"2025-09-12T18:14:32,017","container":"7965dbe76a4e","level":"INFO","thread":"BftProcessorExecutor-QBFT-0","class":"QbftBesuControllerBuilder","message":"Produced #1,710 / 0 tx / 0 pending / 0 (0.0%) gas / (0xdab1477671f6ea9b6f69af101a9c953bf93d41c62000a84ebc328dbd716f6d69)","throwable":""}
{"timestamp":"2025-09-12T18:14:40,017","container":"7965dbe76a4e","level":"INFO","thread":"EthScheduler-Workers-0","class":"PersistBlockTask","message":"Imported #1,711 / 0 tx / 0 om / 0 (0.0%) gas / (0xb349bc27cb3af0aa09cd1f15f18e2f4edb2f743730e76d04b4f27790d7430dfe) in 0.002s. Peers: 5","throwable":""}
{"timestamp":"2025-09-12T18:14:40,017","container":"7965dbe76a4e","level":"INFO","thread":"BftProcessorExecutor-QBFT-0","class":"QbftBesuControllerBuilder","message":"Imported #1,711 / 0 tx / 0 pending / 0 (0.0%) gas / (0xb349bc27cb3af0aa09cd1f15f18e2f4edb2f743730e76d04b4f27790d7430dfe)","throwable":""}
{"timestamp":"2025-09-12T18:14:48,017","container":"7965dbe76a4e","level":"INFO","thread":"BftProcessorExecutor-QBFT-0","class":"QbftBesuControllerBuilder","message":"Imported #1,712 / 0 tx / 0 pending / 0 (0.0%) gas / (0xeda6f829bd400e9f7cea51b23f8b4cd3806be294cc1eebdf0ce1bbc1326cde98)","throwable":""}
{"timestamp":"2025-09-12T18:14:48,017","container":"7965dbe76a4e","level":"INFO","thread":"EthScheduler-Workers-0","class":"PersistBlockTask","message":"Block 1712 (0xeda6f829bd400e9f7cea51b23f8b4cd3806be294cc1eebdf0ce1bbc1326cde98) is already imported","throwable":""}
{"timestamp":"2025-09-12T18:14:56,008","container":"7965dbe76a4e","level":"INFO","thread":"BftProcessorExecutor-QBFT-0","class":"QbftBesuControllerBuilder","message":"Imported #1,713 / 0 tx / 0 pending / 0 (0.0%) gas / (0x575bfcabfa186f036ec1f517c169787942e56b1d5d7390683ce924b5ac1fe5d2)","throwable":""}
{"timestamp":"2025-09-12T18:15:04,011","container":"7965dbe76a4e","level":"INFO","thread":"BftProcessorExecutor-QBFT-0","class":"QbftBesuControllerBuilder","message":"Produced #1,714 / 0 tx / 0 pending / 0 (0.0%) gas / (0x74731eadd47213a34048dcbdd10a6c403a0ed0bff47cec1f5bbe51d9b32ba2da)","throwable":""}
{"timestamp":"2025-09-12T18:15:12,015","container":"7965dbe76a4e","level":"INFO","thread":"EthScheduler-Workers-0","class":"PersistBlockTask","message":"Block 1715 (0xaf88c9bd84d3ea94c2e043a492f4e9532db7542b6bb5659f4c880e4c95bd8177) is already imported","throwable":""}
{"timestamp":"2025-09-12T18:15:12,016","container":"7965dbe76a4e","level":"INFO","thread":"BftProcessorExecutor-QBFT-0","class":"QbftBesuControllerBuilder","message":"Imported #1,715 / 0 tx / 0 pending / 0 (0.0%) gas / (0xaf88c9bd84d3ea94c2e043a492f4e9532db7542b6bb5659f4c880e4c95bd8177)","throwable":""}
{"timestamp":"2025-09-12T18:15:20,019","container":"7965dbe76a4e","level":"INFO","thread":"EthScheduler-Workers-0","class":"PersistBlockTask","message":"Imported #1,716 / 0 tx / 0 om / 0 (0.0%) gas / (0xbf28f9a78d81479c9e821472f8c04b81ec42dff9e1a489647c482387731348ed) in 0.001s. Peers: 5","throwable":""}
{"timestamp":"2025-09-12T18:15:28,017","container":"7965dbe76a4e","level":"INFO","thread":"BftProcessorExecutor-QBFT-0","class":"QbftBesuControllerBuilder","message":"Imported #1,717 / 0 tx / 0 pending / 0 (0.0%) gas / (0x4ebeca7c2004b69ab3cd91b038d683662bc691bf7e96b6e448b0532d0f2d3161)","throwable":""}
{"timestamp":"2025-09-12T18:15:36,020","container":"7965dbe76a4e","level":"INFO","thread":"EthScheduler-Workers-0","class":"PersistBlockTask","message":"Block 1718 (0xf2ca146e1820de83a6074cbbb194108732e573090fe479c6226081c90dfb28a9) is already imported","throwable":""}
{"timestamp":"2025-09-12T18:15:36,020","container":"7965dbe76a4e","level":"INFO","thread":"BftProcessorExecutor-QBFT-0","class":"QbftBesuControllerBuilder","message":"Produced #1,718 / 0 tx / 0 pending / 0 (0.0%) gas / (0xf2ca146e1820de83a6074cbbb194108732e573090fe479c6226081c90dfb28a9)","throwable":""}
{"timestamp":"2025-09-12T18:15:44,013","container":"7965dbe76a4e","level":"INFO","thread":"BftProcessorExecutor-QBFT-0","class":"QbftBesuControllerBuilder","message":"Imported #1,719 / 0 tx / 0 pending / 0 (0.0%) gas / (0x46c42625e8764e9a27d56a3914b9e20d04aab2925a171d03bf8090829547c1bf)","throwable":""}
{"timestamp":"2025-09-12T18:15:52,012","container":"7965dbe76a4e","level":"INFO","thread":"BftProcessorExecutor-QBFT-0","class":"QbftBesuControllerBuilder","message":"Imported #1,720 / 0 tx / 0 pending / 0 (0.0%) gas / (0x160915857988a9f804223005ea41b25e3631ce651abc6a7194a218c7e1855012)","throwable":""}
{"timestamp":"2025-09-12T18:16:00,018","container":"7965dbe76a4e","level":"INFO","thread":"BftProcessorExecutor-QBFT-0","class":"QbftBesuControllerBuilder","message":"Imported #1,721 / 0 tx / 0 pending / 0 (0.0%) gas / (0xb63edbd4808374249f40d4cc7b1345d3be4e1a8821da8229560444b6cc43c2d1)","throwable":""}
{"timestamp":"2025-09-12T18:16:08,017","container":"7965dbe76a4e","level":"INFO","thread":"BftProcessorExecutor-QBFT-0","class":"QbftBesuControllerBuilder","message":"Produced #1,722 / 0 tx / 0 pending / 0 (0.0%) gas / (0x18532981a2952ac6114c8f123bf9891d8c1e5b119944af8a797d6528881ceb02)","throwable":""}
{"timestamp":"2025-09-12T18:16:16,012","container":"7965dbe76a4e","level":"INFO","thread":"BftProcessorExecutor-QBFT-0","class":"QbftBesuControllerBuilder","message":"Imported #1,723 / 0 tx / 0 pending / 0 (0.0%) gas / (0xfe99766126750a12d9d25e2573e801be2de098d4b8bc6fdc972a1e965ae28f67)","throwable":""}
{"timestamp":"2025-09-12T18:16:24,013","container":"7965dbe76a4e","level":"INFO","thread":"BftProcessorExecutor-QBFT-0","class":"QbftBesuControllerBuilder","message":"Imported #1,724 / 0 tx / 0 pending / 0 (0.0%) gas / (0x929e1df9e5e6a7f66537d9ea71b1b9c28cac61829f3e6016eb2ae9bea993ec83)","throwable":""}
{"timestamp":"2025-09-12T18:16:24,013","container":"7965dbe76a4e","level":"INFO","thread":"EthScheduler-Workers-0","class":"PersistBlockTask","message":"Block 1724 (0x929e1df9e5e6a7f66537d9ea71b1b9c28cac61829f3e6016eb2ae9bea993ec83) is already imported","throwable":""}
{"timestamp":"2025-09-12T18:16:32,016","container":"7965dbe76a4e","level":"INFO","thread":"BftProcessorExecutor-QBFT-0","class":"QbftBesuControllerBuilder","message":"Imported #1,725 / 0 tx / 0 pending / 0 (0.0%) gas / (0x96f6cd162c29bd1c39c662035904e6b70179a4ab28ad17011827fc29ecd2d5f3)","throwable":""}
{"timestamp":"2025-09-12T18:16:32,016","container":"7965dbe76a4e","level":"INFO","thread":"EthScheduler-Workers-0","class":"PersistBlockTask","message":"Block 1725 (0x96f6cd162c29bd1c39c662035904e6b70179a4ab28ad17011827fc29ecd2d5f3) is already imported","throwable":""}
{"timestamp":"2025-09-12T18:16:40,014","container":"7965dbe76a4e","level":"INFO","thread":"BftProcessorExecutor-QBFT-0","class":"QbftBesuControllerBuilder","message":"Produced #1,726 / 0 tx / 0 pending / 0 (0.0%) gas / (0xa8d91512228e806d8c0a9dec12bc6e7c4dfeb5eeab2c546cf557bf91c5bae6f6)","throwable":""}
{"timestamp":"2025-09-12T18:16:48,017","container":"7965dbe76a4e","level":"INFO","thread":"EthScheduler-Workers-0","class":"PersistBlockTask","message":"Block 1727 (0x32bec121c70290cc901b44e14ae6cf294f0501e0563010b1fa27ccffb755f5bf) is already imported","throwable":""}
{"timestamp":"2025-09-12T18:16:48,018","container":"7965dbe76a4e","level":"INFO","thread":"BftProcessorExecutor-QBFT-0","class":"QbftBesuControllerBuilder","message":"Imported #1,727 / 0 tx / 0 pending / 0 (0.0%) gas / (0x32bec121c70290cc901b44e14ae6cf294f0501e0563010b1fa27ccffb755f5bf)","throwable":""}
{"timestamp":"2025-09-12T18:16:56,019","container":"7965dbe76a4e","level":"INFO","thread":"EthScheduler-Workers-0","class":"PersistBlockTask","message":"Block 1728 (0x2b7baa5aa09a51d0d26362c7cd36de03718caf40ad8cb1547da228216b915efc) is already imported","throwable":""}
{"timestamp":"2025-09-12T18:16:56,019","container":"7965dbe76a4e","level":"INFO","thread":"BftProcessorExecutor-QBFT-0","class":"QbftBesuControllerBuilder","message":"Imported #1,728 / 0 tx / 0 pending / 0 (0.0%) gas / (0x2b7baa5aa09a51d0d26362c7cd36de03718caf40ad8cb1547da228216b915efc)","throwable":""}
{"timestamp":"2025-09-12T18:17:04,018","container":"7965dbe76a4e","level":"INFO","thread":"EthScheduler-Workers-0","class":"PersistBlockTask","message":"Imported #1,729 / 0 tx / 0 om / 0 (0.0%) gas / (0x06f96f510098f2015723322793f6a3e59d3b8e735913394c0653bf7a2bf23fe4) in 0.001s. Peers: 5","throwable":""}
{"timestamp":"2025-09-12T18:17:04,018","container":"7965dbe76a4e","level":"INFO","thread":"BftProcessorExecutor-QBFT-0","class":"QbftBesuControllerBuilder","message":"Imported #1,729 / 0 tx / 0 pending / 0 (0.0%) gas / (0x06f96f510098f2015723322793f6a3e59d3b8e735913394c0653bf7a2bf23fe4)","throwable":""}
{"timestamp":"2025-09-12T18:17:12,009","container":"7965dbe76a4e","level":"INFO","thread":"BftProcessorExecutor-QBFT-0","class":"QbftBesuControllerBuilder","message":"Produced #1,730 / 0 tx / 0 pending / 0 (0.0%) gas / (0x5cef9f5541c4659a5d06262a16d94f7eb3bbbe8b41cef560d3ba135b79b1a342)","throwable":""}
{"timestamp":"2025-09-12T18:17:20,018","container":"7965dbe76a4e","level":"INFO","thread":"BftProcessorExecutor-QBFT-0","class":"QbftBesuControllerBuilder","message":"Imported #1,731 / 0 tx / 0 pending / 0 (0.0%) gas / (0xa91bbd30155c342104ac20d02c126b5281e68a9c34dcfecf18381cb906228972)","throwable":""}
{"timestamp":"2025-09-12T18:17:28,011","container":"7965dbe76a4e","level":"INFO","thread":"BftProcessorExecutor-QBFT-0","class":"QbftBesuControllerBuilder","message":"Imported #1,732 / 0 tx / 0 pending / 0 (0.0%) gas / (0x0ebd710fc33bdc5b8ce1b15a97a149761184aaa7cf31378541d5deb88ebf7fe0)","throwable":""}
{"timestamp":"2025-09-12T18:17:36,016","container":"7965dbe76a4e","level":"INFO","thread":"EthScheduler-Workers-0","class":"PersistBlockTask","message":"Imported #1,733 / 0 tx / 0 om / 0 (0.0%) gas / (0xeb0b12e9cd1150ec16740871addd01779dbcf8a607bbd72e69d8b8b2f6dced4c) in 0.002s. Peers: 5","throwable":""}
{"timestamp":"2025-09-12T18:17:36,017","container":"7965dbe76a4e","level":"INFO","thread":"BftProcessorExecutor-QBFT-0","class":"QbftBesuControllerBuilder","message":"Imported #1,733 / 0 tx / 0 pending / 0 (0.0%) gas / (0xeb0b12e9cd1150ec16740871addd01779dbcf8a607bbd72e69d8b8b2f6dced4c)","throwable":""}
{"timestamp":"2025-09-12T18:17:44,014","container":"7965dbe76a4e","level":"INFO","thread":"BftProcessorExecutor-QBFT-0","class":"QbftBesuControllerBuilder","message":"Produced #1,734 / 0 tx / 0 pending / 0 (0.0%) gas / (0x226ef2f64622fcd9693f4910c6fa109e6c592a159803b0413ab7e2fa2098d911)","throwable":""}
{"timestamp":"2025-09-12T18:17:52,008","container":"7965dbe76a4e","level":"INFO","thread":"EthScheduler-Workers-0","class":"PersistBlockTask","message":"Block 1735 (0xb76e6562ab1482306787e63aeb0b9a6f0af746d766f841071549bc70d3c8ef2a) is already imported","throwable":""}
{"timestamp":"2025-09-12T18:17:52,008","container":"7965dbe76a4e","level":"INFO","thread":"BftProcessorExecutor-QBFT-0","class":"QbftBesuControllerBuilder","message":"Imported #1,735 / 0 tx / 0 pending / 0 (0.0%) gas / (0xb76e6562ab1482306787e63aeb0b9a6f0af746d766f841071549bc70d3c8ef2a)","throwable":""}
{"timestamp":"2025-09-12T18:18:00,020","container":"7965dbe76a4e","level":"INFO","thread":"EthScheduler-Workers-0","class":"PersistBlockTask","message":"Block 1736 (0xb71aba5ecd696493a0efeaf239b2a61404bdb74bc16b30255b3298406ab28fee) is already imported","throwable":""}
{"timestamp":"2025-09-12T18:18:00,020","container":"7965dbe76a4e","level":"INFO","thread":"BftProcessorExecutor-QBFT-0","class":"QbftBesuControllerBuilder","message":"Imported #1,736 / 0 tx / 0 pending / 0 (0.0%) gas / (0xb71aba5ecd696493a0efeaf239b2a61404bdb74bc16b30255b3298406ab28fee)","throwable":""}
{"timestamp":"2025-09-12T18:18:08,013","container":"7965dbe76a4e","level":"INFO","thread":"BftProcessorExecutor-QBFT-0","class":"QbftBesuControllerBuilder","message":"Imported #1,737 / 0 tx / 0 pending / 0 (0.0%) gas / (0x73476feedd1efef9e59ab6e689cf7b96262f3728535ec70722a53674946cde26)","throwable":""}
{"timestamp":"2025-09-12T18:18:16,009","container":"7965dbe76a4e","level":"INFO","thread":"BftProcessorExecutor-QBFT-0","class":"QbftBesuControllerBuilder","message":"Produced #1,738 / 0 tx / 0 pending / 0 (0.0%) gas / (0x47584103ad73f3805c5e4a13beda723066b6c7b6b1293974028fc2c33d21d3c3)","throwable":""}
{"timestamp":"2025-09-12T18:18:24,015","container":"7965dbe76a4e","level":"INFO","thread":"BftProcessorExecutor-QBFT-0","class":"QbftBesuControllerBuilder","message":"Imported #1,739 / 0 tx / 0 pending / 0 (0.0%) gas / (0x842dd4f213953701b301e43354413f43623facc689fa3500092e2ce9863c75ae)","throwable":""}
{"timestamp":"2025-09-12T18:18:32,012","container":"7965dbe76a4e","level":"INFO","thread":"BftProcessorExecutor-QBFT-0","class":"QbftBesuControllerBuilder","message":"Imported #1,740 / 0 tx / 0 pending / 0 (0.0%) gas / (0x04360445147a41cae5f32552759a34b26f04b30fda33c3bad4fafaf7e8a4e9d2)","throwable":""}
{"timestamp":"2025-09-12T18:18:40,018","container":"7965dbe76a4e","level":"INFO","thread":"BftProcessorExecutor-QBFT-0","class":"QbftBesuControllerBuilder","message":"Imported #1,741 / 0 tx / 0 pending / 0 (0.0%) gas / (0xb1a6539bdf381d16ee498d3fd56edaebcd435d6be52c1f1bebd9f5890f9cd768)","throwable":""}
{"timestamp":"2025-09-12T18:18:48,027","container":"7965dbe76a4e","level":"INFO","thread":"BftProcessorExecutor-QBFT-0","class":"QbftBesuControllerBuilder","message":"Produced #1,742 / 0 tx / 0 pending / 0 (0.0%) gas / (0x550990da50be8d32c770e17c95b29cb89ba1588decf2691c094760498e4c92a5)","throwable":""}
{"timestamp":"2025-09-12T18:18:56,019","container":"7965dbe76a4e","level":"INFO","thread":"EthScheduler-Workers-0","class":"PersistBlockTask","message":"Block 1743 (0x8afab36a65ff042eaaf885d5bae11b3e721d3b6d4d7d9ee5dea78a21aab2c5b6) is already imported","throwable":""}
{"timestamp":"2025-09-12T18:18:56,019","container":"7965dbe76a4e","level":"INFO","thread":"BftProcessorExecutor-QBFT-0","class":"QbftBesuControllerBuilder","message":"Imported #1,743 / 0 tx / 0 pending / 0 (0.0%) gas / (0x8afab36a65ff042eaaf885d5bae11b3e721d3b6d4d7d9ee5dea78a21aab2c5b6)","throwable":""}
{"timestamp":"2025-09-12T18:19:04,007","container":"7965dbe76a4e","level":"INFO","thread":"BftProcessorExecutor-QBFT-0","class":"QbftBesuControllerBuilder","message":"Imported #1,744 / 0 tx / 0 pending / 0 (0.0%) gas / (0x2000beacd339c6e20353d5d53a92297ba5d0263897982bcef311cd363f75188c)","throwable":""}
{"timestamp":"2025-09-12T18:19:12,017","container":"7965dbe76a4e","level":"INFO","thread":"BftProcessorExecutor-QBFT-0","class":"QbftBesuControllerBuilder","message":"Imported #1,745 / 0 tx / 0 pending / 0 (0.0%) gas / (0x85ed33024a15d56986fecb0d3ddff60006e38b6f9aee19a79aa6c6638c24388e)","throwable":""}
{"timestamp":"2025-09-12T18:19:12,017","container":"7965dbe76a4e","level":"INFO","thread":"EthScheduler-Workers-0","class":"PersistBlockTask","message":"Block 1745 (0x85ed33024a15d56986fecb0d3ddff60006e38b6f9aee19a79aa6c6638c24388e) is already imported","throwable":""}
{"timestamp":"2025-09-12T18:19:20,012","container":"7965dbe76a4e","level":"INFO","thread":"BftProcessorExecutor-QBFT-0","class":"QbftBesuControllerBuilder","message":"Produced #1,746 / 0 tx / 0 pending / 0 (0.0%) gas / (0x4b329f12cd296058b002853016b4057276cbedc15293154cbf074d4762c0c90c)","throwable":""}
{"timestamp":"2025-09-12T18:19:28,012","container":"7965dbe76a4e","level":"INFO","thread":"BftProcessorExecutor-QBFT-0","class":"QbftBesuControllerBuilder","message":"Imported #1,747 / 0 tx / 0 pending / 0 (0.0%) gas / (0x69e5b1dc02db0adf81d841b64dfa9479e2a16fe58e6f6c63d937e27481ac5272)","throwable":""}
{"timestamp":"2025-09-12T18:19:36,013","container":"7965dbe76a4e","level":"INFO","thread":"EthScheduler-Workers-0","class":"PersistBlockTask","message":"Block 1748 (0x8e95733465a320b455920f151eeccfeb0aaff5110abd72fef6592e7f5ca380de) is already imported","throwable":""}
{"timestamp":"2025-09-12T18:19:36,013","container":"7965dbe76a4e","level":"INFO","thread":"BftProcessorExecutor-QBFT-0","class":"QbftBesuControllerBuilder","message":"Imported #1,748 / 0 tx / 0 pending / 0 (0.0%) gas / (0x8e95733465a320b455920f151eeccfeb0aaff5110abd72fef6592e7f5ca380de)","throwable":""}
{"timestamp":"2025-09-12T18:19:44,016","container":"7965dbe76a4e","level":"INFO","thread":"EthScheduler-Workers-0","class":"PersistBlockTask","message":"Block 1749 (0xa1396eda1b948644d9ec3fe8c2681dcca4f94c1b2927780878408964117bd231) is already imported","throwable":""}
{"timestamp":"2025-09-12T18:19:44,016","container":"7965dbe76a4e","level":"INFO","thread":"BftProcessorExecutor-QBFT-0","class":"QbftBesuControllerBuilder","message":"Imported #1,749 / 0 tx / 0 pending / 0 (0.0%) gas / (0xa1396eda1b948644d9ec3fe8c2681dcca4f94c1b2927780878408964117bd231)","throwable":""}
{"timestamp":"2025-09-12T18:19:52,010","container":"7965dbe76a4e","level":"INFO","thread":"BftProcessorExecutor-QBFT-0","class":"QbftBesuControllerBuilder","message":"Produced #1,750 / 0 tx / 0 pending / 0 (0.0%) gas / (0xe9b848a077e89713da7aa18a5be3097f3d99ca61b13593d2d4e9412dec617bd5)","throwable":""}
{"timestamp":"2025-09-12T18:20:00,014","container":"7965dbe76a4e","level":"INFO","thread":"BftProcessorExecutor-QBFT-0","class":"QbftBesuControllerBuilder","message":"Imported #1,751 / 0 tx / 0 pending / 0 (0.0%) gas / (0xf1c4091d069c309c2e573d1a10d8a9af0ff1bc52cbcd2d125295490144e26a72)","throwable":""}
{"timestamp":"2025-09-12T18:20:00,015","container":"7965dbe76a4e","level":"INFO","thread":"EthScheduler-Workers-0","class":"PersistBlockTask","message":"Block 1751 (0xf1c4091d069c309c2e573d1a10d8a9af0ff1bc52cbcd2d125295490144e26a72) is already imported","throwable":""}
{"timestamp":"2025-09-12T18:20:08,023","container":"7965dbe76a4e","level":"INFO","thread":"EthScheduler-Workers-0","class":"PersistBlockTask","message":"Block 1752 (0x3145f15443fb3ee87fcede86bbc349059e1de4324d0ded1d9f42f0ad531e949c) is already imported","throwable":""}
{"timestamp":"2025-09-12T18:20:08,023","container":"7965dbe76a4e","level":"INFO","thread":"BftProcessorExecutor-QBFT-0","class":"QbftBesuControllerBuilder","message":"Imported #1,752 / 0 tx / 0 pending / 0 (0.0%) gas / (0x3145f15443fb3ee87fcede86bbc349059e1de4324d0ded1d9f42f0ad531e949c)","throwable":""}
{"timestamp":"2025-09-12T18:20:16,020","container":"7965dbe76a4e","level":"INFO","thread":"BftProcessorExecutor-QBFT-0","class":"QbftBesuControllerBuilder","message":"Imported #1,753 / 0 tx / 0 pending / 0 (0.0%) gas / (0x93e2594083a8ea7880a35594e558fa6bf0c936bbd6581e44137630d916123e31)","throwable":""}
{"timestamp":"2025-09-12T18:20:16,020","container":"7965dbe76a4e","level":"INFO","thread":"EthScheduler-Workers-0","class":"PersistBlockTask","message":"Block 1753 (0x93e2594083a8ea7880a35594e558fa6bf0c936bbd6581e44137630d916123e31) is already imported","throwable":""}
{"timestamp":"2025-09-12T18:20:24,007","container":"7965dbe76a4e","level":"INFO","thread":"BftProcessorExecutor-QBFT-0","class":"QbftBesuControllerBuilder","message":"Produced #1,754 / 0 tx / 0 pending / 0 (0.0%) gas / (0xbf2cef5ab14c0678c93c83f6fda83d39a97a87ba50ff7ac74e0c6f99f63b4c88)","throwable":""}
{"timestamp":"2025-09-12T18:20:24,011","container":"7965dbe76a4e","level":"INFO","thread":"EthScheduler-Workers-0","class":"PersistBlockTask","message":"Block 1754 (0xbf2cef5ab14c0678c93c83f6fda83d39a97a87ba50ff7ac74e0c6f99f63b4c88) is already imported","throwable":""}
{"timestamp":"2025-09-12T18:20:32,023","container":"7965dbe76a4e","level":"INFO","thread":"EthScheduler-Workers-0","class":"PersistBlockTask","message":"Imported #1,755 / 0 tx / 0 om / 0 (0.0%) gas / (0x257aa4da37ace687687823ee199c24e48915814bbf1f88bcb052eb5af03464bc) in 0.002s. Peers: 5","throwable":""}
{"timestamp":"2025-09-12T18:20:40,017","container":"7965dbe76a4e","level":"INFO","thread":"BftProcessorExecutor-QBFT-0","class":"QbftBesuControllerBuilder","message":"Imported #1,756 / 0 tx / 0 pending / 0 (0.0%) gas / (0x92b6129a0d8c45d380667a0cba0f09fa5a582d782db47daec8f4c0c8a340d4a5)","throwable":""}
{"timestamp":"2025-09-12T18:20:48,030","container":"7965dbe76a4e","level":"INFO","thread":"BftProcessorExecutor-QBFT-0","class":"QbftBesuControllerBuilder","message":"Imported #1,757 / 0 tx / 0 pending / 0 (0.0%) gas / (0xf9241dae872858cfd627362457979dac87da122c129bb4372c10665a4593fc3f)","throwable":""}
{"timestamp":"2025-09-12T18:20:48,030","container":"7965dbe76a4e","level":"INFO","thread":"EthScheduler-Workers-0","class":"PersistBlockTask","message":"Block 1757 (0xf9241dae872858cfd627362457979dac87da122c129bb4372c10665a4593fc3f) is already imported","throwable":""}
{"timestamp":"2025-09-12T18:20:56,013","container":"7965dbe76a4e","level":"INFO","thread":"EthScheduler-Workers-0","class":"PersistBlockTask","message":"Block 1758 (0x669200e763685bc87e9bf5939af702e73550ad39b0e1d6a6034bb0fbd5a299a8) is already imported","throwable":""}
{"timestamp":"2025-09-12T18:20:56,013","container":"7965dbe76a4e","level":"INFO","thread":"BftProcessorExecutor-QBFT-0","class":"QbftBesuControllerBuilder","message":"Produced #1,758 / 0 tx / 0 pending / 0 (0.0%) gas / (0x669200e763685bc87e9bf5939af702e73550ad39b0e1d6a6034bb0fbd5a299a8)","throwable":""}
{"timestamp":"2025-09-12T18:21:04,018","container":"7965dbe76a4e","level":"INFO","thread":"BftProcessorExecutor-QBFT-0","class":"QbftBesuControllerBuilder","message":"Imported #1,759 / 0 tx / 0 pending / 0 (0.0%) gas / (0xcd7cd848b67fbec535a17a4fad6d14d7351936e4e930b1463b8f2392cb5681de)","throwable":""}
{"timestamp":"2025-09-12T18:21:12,013","container":"7965dbe76a4e","level":"INFO","thread":"EthScheduler-Workers-0","class":"PersistBlockTask","message":"Imported #1,760 / 0 tx / 0 om / 0 (0.0%) gas / (0x77dfcf3cf20304e636cfe7e25609c6cd668672c81385d48fa0f2727adeccfe4a) in 0.002s. Peers: 5","throwable":""}
{"timestamp":"2025-09-12T18:21:12,013","container":"7965dbe76a4e","level":"INFO","thread":"BftProcessorExecutor-QBFT-0","class":"QbftBesuControllerBuilder","message":"Imported #1,760 / 0 tx / 0 pending / 0 (0.0%) gas / (0x77dfcf3cf20304e636cfe7e25609c6cd668672c81385d48fa0f2727adeccfe4a)","throwable":""}
{"timestamp":"2025-09-12T18:21:20,012","container":"7965dbe76a4e","level":"INFO","thread":"BftProcessorExecutor-QBFT-0","class":"QbftBesuControllerBuilder","message":"Imported #1,761 / 0 tx / 0 pending / 0 (0.0%) gas / (0xdf5fdf8984332f6cbe0ad6a84cc2c5bbda6ffe16a4ec1f12b7824d77bda85b99)","throwable":""}
{"timestamp":"2025-09-12T18:21:28,015","container":"7965dbe76a4e","level":"INFO","thread":"BftProcessorExecutor-QBFT-0","class":"QbftBesuControllerBuilder","message":"Produced #1,762 / 0 tx / 0 pending / 0 (0.0%) gas / (0x89b024f7f909f3957a9dee00ef9abe3621e9e4a7cf05515d05f615c048d0dea2)","throwable":""}
{"timestamp":"2025-09-12T18:21:36,009","container":"7965dbe76a4e","level":"INFO","thread":"BftProcessorExecutor-QBFT-0","class":"QbftBesuControllerBuilder","message":"Imported #1,763 / 0 tx / 0 pending / 0 (0.0%) gas / (0xc0b44dee875158c5b926f50cdec0f380272e7b1536ee21a95c97c651f6760b8e)","throwable":""}
{"timestamp":"2025-09-12T18:21:44,012","container":"7965dbe76a4e","level":"INFO","thread":"EthScheduler-Workers-0","class":"PersistBlockTask","message":"Block 1764 (0x50abd107b4f77ea811583081c1e98822b009999cd6f7fef7f7373e44770da8c2) is already imported","throwable":""}
{"timestamp":"2025-09-12T18:21:44,012","container":"7965dbe76a4e","level":"INFO","thread":"BftProcessorExecutor-QBFT-0","class":"QbftBesuControllerBuilder","message":"Imported #1,764 / 0 tx / 0 pending / 0 (0.0%) gas / (0x50abd107b4f77ea811583081c1e98822b009999cd6f7fef7f7373e44770da8c2)","throwable":""}
{"timestamp":"2025-09-12T18:21:52,015","container":"7965dbe76a4e","level":"INFO","thread":"BftProcessorExecutor-QBFT-0","class":"QbftBesuControllerBuilder","message":"Imported #1,765 / 0 tx / 0 pending / 0 (0.0%) gas / (0xabab447f3d67388e73f58a301bb9ef36cd22328d217bff870e742c6d5bf5296c)","throwable":""}
{"timestamp":"2025-09-12T18:21:52,015","container":"7965dbe76a4e","level":"INFO","thread":"EthScheduler-Workers-0","class":"PersistBlockTask","message":"Block 1765 (0xabab447f3d67388e73f58a301bb9ef36cd22328d217bff870e742c6d5bf5296c) is already imported","throwable":""}
{"timestamp":"2025-09-12T18:22:00,010","container":"7965dbe76a4e","level":"INFO","thread":"EthScheduler-Workers-0","class":"PersistBlockTask","message":"Block 1766 (0xa7f5dcc2404f4584057eb5d7e100d13d6446af3212115f5ad11239e40be2f1d6) is already imported","throwable":""}
{"timestamp":"2025-09-12T18:22:00,010","container":"7965dbe76a4e","level":"INFO","thread":"BftProcessorExecutor-QBFT-0","class":"QbftBesuControllerBuilder","message":"Produced #1,766 / 0 tx / 0 pending / 0 (0.0%) gas / (0xa7f5dcc2404f4584057eb5d7e100d13d6446af3212115f5ad11239e40be2f1d6)","throwable":""}
{"timestamp":"2025-09-12T18:22:08,018","container":"7965dbe76a4e","level":"INFO","thread":"BftProcessorExecutor-QBFT-0","class":"QbftBesuControllerBuilder","message":"Imported #1,767 / 0 tx / 0 pending / 0 (0.0%) gas / (0xb42b5a6b6f6b1b50900aa211c0f6ab17889a1a5d73176099cb1ead716c48ef36)","throwable":""}
{"timestamp":"2025-09-12T18:22:16,015","container":"7965dbe76a4e","level":"INFO","thread":"BftProcessorExecutor-QBFT-0","class":"QbftBesuControllerBuilder","message":"Imported #1,768 / 0 tx / 0 pending / 0 (0.0%) gas / (0x74a7e3e81d5610608d31ce3c6fc180c7e879739101c35813ac15a6e948af950b)","throwable":""}
{"timestamp":"2025-09-12T18:22:24,011","container":"7965dbe76a4e","level":"INFO","thread":"BftProcessorExecutor-QBFT-0","class":"QbftBesuControllerBuilder","message":"Imported #1,769 / 0 tx / 0 pending / 0 (0.0%) gas / (0x8f3fe3be842926e74ea9d9a5fe7b27ff2b341a0068fa8d5cf46cdfdf32b0ccb6)","throwable":""}
{"timestamp":"2025-09-12T18:22:32,015","container":"7965dbe76a4e","level":"INFO","thread":"EthScheduler-Workers-0","class":"PersistBlockTask","message":"Imported #1,770 / 0 tx / 0 om / 0 (0.0%) gas / (0xdb668e942aee8f2f10656c0aa146cfdb94eed284ce0a56c963b2d26eb1b32bad) in 0.001s. Peers: 5","throwable":""}
{"timestamp":"2025-09-12T18:22:40,011","container":"7965dbe76a4e","level":"INFO","thread":"BftProcessorExecutor-QBFT-0","class":"QbftBesuControllerBuilder","message":"Imported #1,771 / 0 tx / 0 pending / 0 (0.0%) gas / (0x47a33bcca1019f63ea661baa502f29c3ee892f2837faf34a662d540aa60eb8f4)","throwable":""}
{"timestamp":"2025-09-12T18:22:48,007","container":"7965dbe76a4e","level":"INFO","thread":"BftProcessorExecutor-QBFT-0","class":"QbftBesuControllerBuilder","message":"Imported #1,772 / 0 tx / 0 pending / 0 (0.0%) gas / (0x10e3af0b38814a4dfc218224549f34acbd6c3e1909e25933c8973305d1ef5afd)","throwable":""}
{"timestamp":"2025-09-12T18:22:56,012","container":"7965dbe76a4e","level":"INFO","thread":"EthScheduler-Workers-0","class":"PersistBlockTask","message":"Block 1773 (0x45a3e215df07a330e533cca041c706efd77761eb9bf7d74c0cc09a6826d0ef76) is already imported","throwable":""}
{"timestamp":"2025-09-12T18:22:56,012","container":"7965dbe76a4e","level":"INFO","thread":"BftProcessorExecutor-QBFT-0","class":"QbftBesuControllerBuilder","message":"Imported #1,773 / 0 tx / 0 pending / 0 (0.0%) gas / (0x45a3e215df07a330e533cca041c706efd77761eb9bf7d74c0cc09a6826d0ef76)","throwable":""}
{"timestamp":"2025-09-12T18:23:04,010","container":"7965dbe76a4e","level":"INFO","thread":"EthScheduler-Workers-0","class":"PersistBlockTask","message":"Block 1774 (0x9872628ba95b5a8c9a0f04092ef9722fad1000c7940de18b6c76bcdab297fc5e) is already imported","throwable":""}
{"timestamp":"2025-09-12T18:23:04,011","container":"7965dbe76a4e","level":"INFO","thread":"BftProcessorExecutor-QBFT-0","class":"QbftBesuControllerBuilder","message":"Produced #1,774 / 0 tx / 0 pending / 0 (0.0%) gas / (0x9872628ba95b5a8c9a0f04092ef9722fad1000c7940de18b6c76bcdab297fc5e)","throwable":""}
{"timestamp":"2025-09-12T18:23:12,015","container":"7965dbe76a4e","level":"INFO","thread":"EthScheduler-Workers-0","class":"PersistBlockTask","message":"Block 1775 (0xe9fc55556f1c491a5c6151d3cea7d79909379e7300f148f2a2f915ef417540e9) is already imported","throwable":""}
{"timestamp":"2025-09-12T18:23:12,015","container":"7965dbe76a4e","level":"INFO","thread":"BftProcessorExecutor-QBFT-0","class":"QbftBesuControllerBuilder","message":"Imported #1,775 / 0 tx / 0 pending / 0 (0.0%) gas / (0xe9fc55556f1c491a5c6151d3cea7d79909379e7300f148f2a2f915ef417540e9)","throwable":""}
{"timestamp":"2025-09-12T18:23:20,020","container":"7965dbe76a4e","level":"INFO","thread":"BftProcessorExecutor-QBFT-0","class":"QbftBesuControllerBuilder","message":"Imported #1,776 / 0 tx / 0 pending / 0 (0.0%) gas / (0x5dc5dbd94421fe19172a803a7d15141c31485ed8aeeea1f9d5fe199dd835bfc5)","throwable":""}
{"timestamp":"2025-09-12T18:23:28,018","container":"7965dbe76a4e","level":"INFO","thread":"BftProcessorExecutor-QBFT-0","class":"QbftBesuControllerBuilder","message":"Imported #1,777 / 0 tx / 0 pending / 0 (0.0%) gas / (0x9069ced3698ea25abebe2046c7e6698fb24b86310007fda2ffb4700029326379)","throwable":""}
{"timestamp":"2025-09-12T18:23:28,018","container":"7965dbe76a4e","level":"INFO","thread":"EthScheduler-Workers-0","class":"PersistBlockTask","message":"Block 1777 (0x9069ced3698ea25abebe2046c7e6698fb24b86310007fda2ffb4700029326379) is already imported","throwable":""}
{"timestamp":"2025-09-12T18:23:36,015","container":"7965dbe76a4e","level":"INFO","thread":"EthScheduler-Workers-0","class":"PersistBlockTask","message":"Block 1778 (0x1c164cd79656a9953c2b6315d2ad305b927a1a188ca86249cd73d183fdcb493f) is already imported","throwable":""}
{"timestamp":"2025-09-12T18:23:36,032","container":"7965dbe76a4e","level":"INFO","thread":"BftProcessorExecutor-QBFT-0","class":"QbftBesuControllerBuilder","message":"Produced #1,778 / 0 tx / 0 pending / 0 (0.0%) gas / (0x1c164cd79656a9953c2b6315d2ad305b927a1a188ca86249cd73d183fdcb493f)","throwable":""}
{"timestamp":"2025-09-12T18:23:44,013","container":"7965dbe76a4e","level":"INFO","thread":"BftProcessorExecutor-QBFT-0","class":"QbftBesuControllerBuilder","message":"Imported #1,779 / 0 tx / 0 pending / 0 (0.0%) gas / (0x9205140e6bc9132e1adf0332ec65e0df42778486e9316cfe7c3e991277641691)","throwable":""}
{"timestamp":"2025-09-12T18:23:52,011","container":"7965dbe76a4e","level":"INFO","thread":"BftProcessorExecutor-QBFT-0","class":"QbftBesuControllerBuilder","message":"Imported #1,780 / 0 tx / 0 pending / 0 (0.0%) gas / (0x890e90a64d33119d742a0efbf6aa4dba3209247e119cd25e673eb9af9e7add6b)","throwable":""}
{"timestamp":"2025-09-12T18:24:00,015","container":"7965dbe76a4e","level":"INFO","thread":"EthScheduler-Workers-0","class":"PersistBlockTask","message":"Block 1781 (0xad64f12c1e45e7d7caf801d173c61a53670289b0c2d38fc3f6bd5200e62cec98) is already imported","throwable":""}
{"timestamp":"2025-09-12T18:24:00,015","container":"7965dbe76a4e","level":"INFO","thread":"BftProcessorExecutor-QBFT-0","class":"QbftBesuControllerBuilder","message":"Imported #1,781 / 0 tx / 0 pending / 0 (0.0%) gas / (0xad64f12c1e45e7d7caf801d173c61a53670289b0c2d38fc3f6bd5200e62cec98)","throwable":""}
{"timestamp":"2025-09-12T18:24:08,020","container":"7965dbe76a4e","level":"INFO","thread":"EthScheduler-Workers-0","class":"PersistBlockTask","message":"Block 1782 (0xb3b6c28654cf95d1116c72742cb05923718be420665828b311796b600ca34dc0) is already imported","throwable":""}
{"timestamp":"2025-09-12T18:24:08,020","container":"7965dbe76a4e","level":"INFO","thread":"BftProcessorExecutor-QBFT-0","class":"QbftBesuControllerBuilder","message":"Produced #1,782 / 0 tx / 0 pending / 0 (0.0%) gas / (0xb3b6c28654cf95d1116c72742cb05923718be420665828b311796b600ca34dc0)","throwable":""}
{"timestamp":"2025-09-12T18:24:16,022","container":"7965dbe76a4e","level":"INFO","thread":"EthScheduler-Workers-0","class":"PersistBlockTask","message":"Block 1783 (0x3927159dd509c2e99a13f8cb47e5873faa915acae53b874256b069bb04cec25a) is already imported","throwable":""}
{"timestamp":"2025-09-12T18:24:16,022","container":"7965dbe76a4e","level":"INFO","thread":"BftProcessorExecutor-QBFT-0","class":"QbftBesuControllerBuilder","message":"Imported #1,783 / 0 tx / 0 pending / 0 (0.0%) gas / (0x3927159dd509c2e99a13f8cb47e5873faa915acae53b874256b069bb04cec25a)","throwable":""}
{"timestamp":"2025-09-12T18:24:24,018","container":"7965dbe76a4e","level":"INFO","thread":"EthScheduler-Workers-0","class":"PersistBlockTask","message":"Imported #1,784 / 0 tx / 0 om / 0 (0.0%) gas / (0x993c11c84f4a8abf30ece872fc644e30a7db3379d9244b89b4096fdad96ab6d0) in 0.002s. Peers: 5","throwable":""}
{"timestamp":"2025-09-12T18:24:24,018","container":"7965dbe76a4e","level":"INFO","thread":"BftProcessorExecutor-QBFT-0","class":"QbftBesuControllerBuilder","message":"Imported #1,784 / 0 tx / 0 pending / 0 (0.0%) gas / (0x993c11c84f4a8abf30ece872fc644e30a7db3379d9244b89b4096fdad96ab6d0)","throwable":""}
{"timestamp":"2025-09-12T18:24:32,011","container":"7965dbe76a4e","level":"INFO","thread":"BftProcessorExecutor-QBFT-0","class":"QbftBesuControllerBuilder","message":"Imported #1,785 / 0 tx / 0 pending / 0 (0.0%) gas / (0x32dff832e63903e7f1856095196e25a31ccc26da9c2dabb408a17034bc86b185)","throwable":""}
{"timestamp":"2025-09-12T18:24:40,018","container":"7965dbe76a4e","level":"INFO","thread":"EthScheduler-Workers-0","class":"PersistBlockTask","message":"Block 1786 (0xc157dd2dcae2007341831a6e9d663886257f437ed0f625e245d60264c5c33180) is already imported","throwable":""}
{"timestamp":"2025-09-12T18:24:40,019","container":"7965dbe76a4e","level":"INFO","thread":"BftProcessorExecutor-QBFT-0","class":"QbftBesuControllerBuilder","message":"Produced #1,786 / 0 tx / 0 pending / 0 (0.0%) gas / (0xc157dd2dcae2007341831a6e9d663886257f437ed0f625e245d60264c5c33180)","throwable":""}
{"timestamp":"2025-09-12T18:24:48,016","container":"7965dbe76a4e","level":"INFO","thread":"EthScheduler-Workers-0","class":"PersistBlockTask","message":"Block 1787 (0x4de2e20970f5a2937559c33dcf6aa879f7d19e14994d1b9db575b0e85ce6f20b) is already imported","throwable":""}
{"timestamp":"2025-09-12T18:24:48,017","container":"7965dbe76a4e","level":"INFO","thread":"BftProcessorExecutor-QBFT-0","class":"QbftBesuControllerBuilder","message":"Imported #1,787 / 0 tx / 0 pending / 0 (0.0%) gas / (0x4de2e20970f5a2937559c33dcf6aa879f7d19e14994d1b9db575b0e85ce6f20b)","throwable":""}
{"timestamp":"2025-09-12T18:24:56,008","container":"7965dbe76a4e","level":"INFO","thread":"BftProcessorExecutor-QBFT-0","class":"QbftBesuControllerBuilder","message":"Imported #1,788 / 0 tx / 0 pending / 0 (0.0%) gas / (0xbf37b6e28a3963ad019c332da1e8402aff9b58852f97774fbfd8321ed5325ea5)","throwable":""}
{"timestamp":"2025-09-12T18:25:04,015","container":"7965dbe76a4e","level":"INFO","thread":"BftProcessorExecutor-QBFT-0","class":"QbftBesuControllerBuilder","message":"Imported #1,789 / 0 tx / 0 pending / 0 (0.0%) gas / (0xafb7739af064d1319f314b9de6005a3bba6a1336af35d6a254183f5e100a7723)","throwable":""}
{"timestamp":"2025-09-12T18:25:04,015","container":"7965dbe76a4e","level":"INFO","thread":"EthScheduler-Workers-0","class":"PersistBlockTask","message":"Block 1789 (0xafb7739af064d1319f314b9de6005a3bba6a1336af35d6a254183f5e100a7723) is already imported","throwable":""}
{"timestamp":"2025-09-12T18:25:12,014","container":"7965dbe76a4e","level":"INFO","thread":"BftProcessorExecutor-QBFT-0","class":"QbftBesuControllerBuilder","message":"Produced #1,790 / 0 tx / 0 pending / 0 (0.0%) gas / (0xf263d1da358e773fbd5bd218ce1d3d4d99b45c9be149626f0a635b91a6fc8275)","throwable":""}
{"timestamp":"2025-09-12T18:25:20,015","container":"7965dbe76a4e","level":"INFO","thread":"BftProcessorExecutor-QBFT-0","class":"QbftBesuControllerBuilder","message":"Imported #1,791 / 0 tx / 0 pending / 0 (0.0%) gas / (0x8381bc20278edd39e598900ecb5e28ff1edb3c55e88887b5c2c2975fe9eb896d)","throwable":""}
{"timestamp":"2025-09-12T18:25:28,015","container":"7965dbe76a4e","level":"INFO","thread":"EthScheduler-Workers-0","class":"PersistBlockTask","message":"Block 1792 (0x56a1f2dc0270564c45253f70831d20891abcbe0142e04a98ac62e02b720e9d57) is already imported","throwable":""}
{"timestamp":"2025-09-12T18:25:28,015","container":"7965dbe76a4e","level":"INFO","thread":"BftProcessorExecutor-QBFT-0","class":"QbftBesuControllerBuilder","message":"Imported #1,792 / 0 tx / 0 pending / 0 (0.0%) gas / (0x56a1f2dc0270564c45253f70831d20891abcbe0142e04a98ac62e02b720e9d57)","throwable":""}
{"timestamp":"2025-09-12T18:25:36,009","container":"7965dbe76a4e","level":"INFO","thread":"EthScheduler-Workers-0","class":"PersistBlockTask","message":"Imported #1,793 / 0 tx / 0 om / 0 (0.0%) gas / (0x9775359e9f4ad283d9e815b87bc2f61e17f997295e36bf9af80042ac95d93894) in 0.001s. Peers: 5","throwable":""}
{"timestamp":"2025-09-12T18:25:36,009","container":"7965dbe76a4e","level":"INFO","thread":"BftProcessorExecutor-QBFT-0","class":"QbftBesuControllerBuilder","message":"Imported #1,793 / 0 tx / 0 pending / 0 (0.0%) gas / (0x9775359e9f4ad283d9e815b87bc2f61e17f997295e36bf9af80042ac95d93894)","throwable":""}
{"timestamp":"2025-09-12T18:25:44,008","container":"7965dbe76a4e","level":"INFO","thread":"BftProcessorExecutor-QBFT-0","class":"QbftBesuControllerBuilder","message":"Produced #1,794 / 0 tx / 0 pending / 0 (0.0%) gas / (0xd6578ae68ae0fecc1e9e63808af07cccbebea658790d73ff5e1e20ecfc1e2ae2)","throwable":""}
{"timestamp":"2025-09-12T18:25:52,013","container":"7965dbe76a4e","level":"INFO","thread":"BftProcessorExecutor-QBFT-0","class":"QbftBesuControllerBuilder","message":"Imported #1,795 / 0 tx / 0 pending / 0 (0.0%) gas / (0xbe38d1a2df30ca29e6d9bd4381bc1b48b738bae884caeed11ac3550912210944)","throwable":""}
{"timestamp":"2025-09-12T18:26:00,014","container":"7965dbe76a4e","level":"INFO","thread":"BftProcessorExecutor-QBFT-0","class":"QbftBesuControllerBuilder","message":"Imported #1,796 / 0 tx / 0 pending / 0 (0.0%) gas / (0xeca65065288a3e50dc1bbd420bb97f9d04f886a159f9ee0e5d6563b1c9bd7737)","throwable":""}
{"timestamp":"2025-09-12T18:26:08,017","container":"7965dbe76a4e","level":"INFO","thread":"EthScheduler-Workers-0","class":"PersistBlockTask","message":"Imported #1,797 / 0 tx / 0 om / 0 (0.0%) gas / (0x2fe293dbbd5198d05bf6c611567567807829cef18cc7b4947520e43424bf9368) in 0.004s. Peers: 5","throwable":""}
{"timestamp":"2025-09-12T18:26:08,017","container":"7965dbe76a4e","level":"INFO","thread":"BftProcessorExecutor-QBFT-0","class":"QbftBesuControllerBuilder","message":"Imported #1,797 / 0 tx / 0 pending / 0 (0.0%) gas / (0x2fe293dbbd5198d05bf6c611567567807829cef18cc7b4947520e43424bf9368)","throwable":""}
{"timestamp":"2025-09-12T18:26:16,024","container":"7965dbe76a4e","level":"INFO","thread":"BftProcessorExecutor-QBFT-0","class":"QbftBesuControllerBuilder","message":"Produced #1,798 / 0 tx / 0 pending / 0 (0.0%) gas / (0x04fc6ed28f052c6666815f87b9f0145a9deaa29ad4577932d9631aa7799d1d31)","throwable":""}
{"timestamp":"2025-09-12T18:26:16,024","container":"7965dbe76a4e","level":"INFO","thread":"EthScheduler-Workers-0","class":"PersistBlockTask","message":"Block 1798 (0x04fc6ed28f052c6666815f87b9f0145a9deaa29ad4577932d9631aa7799d1d31) is already imported","throwable":""}
{"timestamp":"2025-09-12T18:26:24,014","container":"7965dbe76a4e","level":"INFO","thread":"BftProcessorExecutor-QBFT-0","class":"QbftBesuControllerBuilder","message":"Imported #1,799 / 0 tx / 0 pending / 0 (0.0%) gas / (0x7a884af35f19068dcb61e01715915ec359b231d926047f50a171a9a9fdae80f0)","throwable":""}
{"timestamp":"2025-09-12T18:26:24,015","container":"7965dbe76a4e","level":"INFO","thread":"EthScheduler-Workers-0","class":"PersistBlockTask","message":"Block 1799 (0x7a884af35f19068dcb61e01715915ec359b231d926047f50a171a9a9fdae80f0) is already imported","throwable":""}
{"timestamp":"2025-09-12T18:26:32,010","container":"7965dbe76a4e","level":"INFO","thread":"BftProcessorExecutor-QBFT-0","class":"QbftBesuControllerBuilder","message":"Imported #1,800 / 0 tx / 0 pending / 0 (0.0%) gas / (0x7c045b7a4bb00bc07e7ff2c04c473f2dd91563543d987e805a2b187ee84cb23e)","throwable":""}
{"timestamp":"2025-09-12T18:26:40,007","container":"7965dbe76a4e","level":"INFO","thread":"BftProcessorExecutor-QBFT-0","class":"QbftBesuControllerBuilder","message":"Imported #1,801 / 0 tx / 0 pending / 0 (0.0%) gas / (0x0744f1dcec67a3fea4edb28c72c71c798f342c131dfed321af18aac756a9ec0b)","throwable":""}
{"timestamp":"2025-09-12T18:26:48,007","container":"7965dbe76a4e","level":"INFO","thread":"BftProcessorExecutor-QBFT-0","class":"QbftBesuControllerBuilder","message":"Produced #1,802 / 0 tx / 0 pending / 0 (0.0%) gas / (0x3a00a1f291896e58736865b7734a69fd92eb79961fe7395eb0823309b6a0fa8d)","throwable":""}
{"timestamp":"2025-09-12T18:26:56,009","container":"7965dbe76a4e","level":"INFO","thread":"BftProcessorExecutor-QBFT-0","class":"QbftBesuControllerBuilder","message":"Imported #1,803 / 0 tx / 0 pending / 0 (0.0%) gas / (0x1c00b9c2822898409e736c52c3849e50a1345a1eab37c18480de0c851ec6fbd3)","throwable":""}
{"timestamp":"2025-09-12T18:27:04,014","container":"7965dbe76a4e","level":"INFO","thread":"BftProcessorExecutor-QBFT-0","class":"QbftBesuControllerBuilder","message":"Imported #1,804 / 0 tx / 0 pending / 0 (0.0%) gas / (0x76c663e6314f6003d800d61d79ab0c8122dd3f41c08f6f82e40c62c9e3c081a3)","throwable":""}
{"timestamp":"2025-09-12T18:27:04,015","container":"7965dbe76a4e","level":"INFO","thread":"EthScheduler-Workers-0","class":"PersistBlockTask","message":"Block 1804 (0x76c663e6314f6003d800d61d79ab0c8122dd3f41c08f6f82e40c62c9e3c081a3) is already imported","throwable":""}
{"timestamp":"2025-09-12T18:27:12,016","container":"7965dbe76a4e","level":"INFO","thread":"EthScheduler-Workers-0","class":"PersistBlockTask","message":"Block 1805 (0x12e49acdbaf0b4c10833e58d5e4632abf87b2d673dd9b4b4ed78e8a8f237c327) is already imported","throwable":""}
{"timestamp":"2025-09-12T18:27:12,016","container":"7965dbe76a4e","level":"INFO","thread":"BftProcessorExecutor-QBFT-0","class":"QbftBesuControllerBuilder","message":"Imported #1,805 / 0 tx / 0 pending / 0 (0.0%) gas / (0x12e49acdbaf0b4c10833e58d5e4632abf87b2d673dd9b4b4ed78e8a8f237c327)","throwable":""}
{"timestamp":"2025-09-12T18:27:20,014","container":"7965dbe76a4e","level":"INFO","thread":"EthScheduler-Workers-0","class":"PersistBlockTask","message":"Block 1806 (0x22c1848fe568934ab992e35d4d790c2dea3a45bcf84f53c10c8fb086192b70f9) is already imported","throwable":""}
{"timestamp":"2025-09-12T18:27:20,014","container":"7965dbe76a4e","level":"INFO","thread":"BftProcessorExecutor-QBFT-0","class":"QbftBesuControllerBuilder","message":"Produced #1,806 / 0 tx / 0 pending / 0 (0.0%) gas / (0x22c1848fe568934ab992e35d4d790c2dea3a45bcf84f53c10c8fb086192b70f9)","throwable":""}
{"timestamp":"2025-09-12T18:27:28,021","container":"7965dbe76a4e","level":"INFO","thread":"BftProcessorExecutor-QBFT-0","class":"QbftBesuControllerBuilder","message":"Imported #1,807 / 0 tx / 0 pending / 0 (0.0%) gas / (0xc996485b2be30c8df5acf044ad4469e4850d6eb92bab712722808d66a3b0100e)","throwable":""}
{"timestamp":"2025-09-12T18:27:28,022","container":"7965dbe76a4e","level":"INFO","thread":"EthScheduler-Workers-0","class":"PersistBlockTask","message":"Block 1807 (0xc996485b2be30c8df5acf044ad4469e4850d6eb92bab712722808d66a3b0100e) is already imported","throwable":""}
{"timestamp":"2025-09-12T18:27:36,014","container":"7965dbe76a4e","level":"INFO","thread":"EthScheduler-Workers-0","class":"PersistBlockTask","message":"Block 1808 (0x542a5b297e260c599dd636a205c782f76870f98cccab7e307ef48073be61eca6) is already imported","throwable":""}
{"timestamp":"2025-09-12T18:27:36,014","container":"7965dbe76a4e","level":"INFO","thread":"BftProcessorExecutor-QBFT-0","class":"QbftBesuControllerBuilder","message":"Imported #1,808 / 0 tx / 0 pending / 0 (0.0%) gas / (0x542a5b297e260c599dd636a205c782f76870f98cccab7e307ef48073be61eca6)","throwable":""}
{"timestamp":"2025-09-12T18:27:44,012","container":"7965dbe76a4e","level":"INFO","thread":"EthScheduler-Workers-0","class":"PersistBlockTask","message":"Block 1809 (0xdca1e1cd220a67440ea525d93195b33a03e9576803d52d66a0a84c5fe7741892) is already imported","throwable":""}
{"timestamp":"2025-09-12T18:27:44,012","container":"7965dbe76a4e","level":"INFO","thread":"BftProcessorExecutor-QBFT-0","class":"QbftBesuControllerBuilder","message":"Imported #1,809 / 0 tx / 0 pending / 0 (0.0%) gas / (0xdca1e1cd220a67440ea525d93195b33a03e9576803d52d66a0a84c5fe7741892)","throwable":""}
{"timestamp":"2025-09-12T18:27:52,013","container":"7965dbe76a4e","level":"INFO","thread":"BftProcessorExecutor-QBFT-0","class":"QbftBesuControllerBuilder","message":"Produced #1,810 / 0 tx / 0 pending / 0 (0.0%) gas / (0x4cdb5e618a072e8ce863f2659ea3fbae4bc93bef85ce8a4a7822ad1618210735)","throwable":""}
{"timestamp":"2025-09-12T18:27:52,014","container":"7965dbe76a4e","level":"INFO","thread":"EthScheduler-Workers-0","class":"PersistBlockTask","message":"Block 1810 (0x4cdb5e618a072e8ce863f2659ea3fbae4bc93bef85ce8a4a7822ad1618210735) is already imported","throwable":""}
{"timestamp":"2025-09-12T18:28:00,019","container":"7965dbe76a4e","level":"INFO","thread":"EthScheduler-Workers-0","class":"PersistBlockTask","message":"Imported #1,811 / 0 tx / 0 om / 0 (0.0%) gas / (0x3a7f7866cd63bc2fe30f592524a81c862f04c2936282531f44ad50fb7fc82dd3) in 0.001s. Peers: 5","throwable":""}
{"timestamp":"2025-09-12T18:28:00,021","container":"7965dbe76a4e","level":"INFO","thread":"BftProcessorExecutor-QBFT-0","class":"QbftBesuControllerBuilder","message":"Imported #1,811 / 0 tx / 0 pending / 0 (0.0%) gas / (0x3a7f7866cd63bc2fe30f592524a81c862f04c2936282531f44ad50fb7fc82dd3)","throwable":""}
{"timestamp":"2025-09-12T18:28:08,009","container":"7965dbe76a4e","level":"INFO","thread":"BftProcessorExecutor-QBFT-0","class":"QbftBesuControllerBuilder","message":"Imported #1,812 / 0 tx / 0 pending / 0 (0.0%) gas / (0xcb2fa625f3eaed1519f4dd07efbf7a29e30055b249bbe99091f456533334cafe)","throwable":""}
{"timestamp":"2025-09-12T18:28:16,011","container":"7965dbe76a4e","level":"INFO","thread":"BftProcessorExecutor-QBFT-0","class":"QbftBesuControllerBuilder","message":"Imported #1,813 / 0 tx / 0 pending / 0 (0.0%) gas / (0x2680d966d01470606615e482849c6090f5ec1c00227a0be10d2649b0cfecfef0)","throwable":""}
{"timestamp":"2025-09-12T18:28:24,018","container":"7965dbe76a4e","level":"INFO","thread":"EthScheduler-Workers-0","class":"PersistBlockTask","message":"Block 1814 (0xfe07a1e7f05e12aa85df707d8bacc0cab1d36a8717a227395eb2e335a2dddcc4) is already imported","throwable":""}
{"timestamp":"2025-09-12T18:28:24,018","container":"7965dbe76a4e","level":"INFO","thread":"BftProcessorExecutor-QBFT-0","class":"QbftBesuControllerBuilder","message":"Produced #1,814 / 0 tx / 0 pending / 0 (0.0%) gas / (0xfe07a1e7f05e12aa85df707d8bacc0cab1d36a8717a227395eb2e335a2dddcc4)","throwable":""}
{"timestamp":"2025-09-12T18:28:32,013","container":"7965dbe76a4e","level":"INFO","thread":"EthScheduler-Workers-0","class":"PersistBlockTask","message":"Block 1815 (0xb497fc6f02658ea00a8a28817346b5b23ab8a2bcbab1bf41b74d6cd62e48af84) is already imported","throwable":""}
{"timestamp":"2025-09-12T18:28:32,013","container":"7965dbe76a4e","level":"INFO","thread":"BftProcessorExecutor-QBFT-0","class":"QbftBesuControllerBuilder","message":"Imported #1,815 / 0 tx / 0 pending / 0 (0.0%) gas / (0xb497fc6f02658ea00a8a28817346b5b23ab8a2bcbab1bf41b74d6cd62e48af84)","throwable":""}
{"timestamp":"2025-09-12T18:28:40,012","container":"7965dbe76a4e","level":"INFO","thread":"BftProcessorExecutor-QBFT-0","class":"QbftBesuControllerBuilder","message":"Imported #1,816 / 0 tx / 0 pending / 0 (0.0%) gas / (0xbcf9b4e1d22c11d3ee959a56f16c18213a3f186a7de0a1e4245242dfdfc63b20)","throwable":""}
{"timestamp":"2025-09-12T18:28:48,017","container":"7965dbe76a4e","level":"INFO","thread":"BftProcessorExecutor-QBFT-0","class":"QbftBesuControllerBuilder","message":"Imported #1,817 / 0 tx / 0 pending / 0 (0.0%) gas / (0x2583eeb1b183f3ab81aca2126a95984ac366ee14058a1d26ec80b3e6b2cf6348)","throwable":""}
{"timestamp":"2025-09-12T18:28:48,018","container":"7965dbe76a4e","level":"INFO","thread":"EthScheduler-Workers-0","class":"PersistBlockTask","message":"Block 1817 (0x2583eeb1b183f3ab81aca2126a95984ac366ee14058a1d26ec80b3e6b2cf6348) is already imported","throwable":""}
{"timestamp":"2025-09-12T18:28:56,018","container":"7965dbe76a4e","level":"INFO","thread":"BftProcessorExecutor-QBFT-0","class":"QbftBesuControllerBuilder","message":"Produced #1,818 / 0 tx / 0 pending / 0 (0.0%) gas / (0x4a5e9dbd2d4b4e409fd0e6591a3576f24167d2de09a8f9c3d273b7ea122ad06e)","throwable":""}
{"timestamp":"2025-09-12T18:29:04,012","container":"7965dbe76a4e","level":"INFO","thread":"BftProcessorExecutor-QBFT-0","class":"QbftBesuControllerBuilder","message":"Imported #1,819 / 0 tx / 0 pending / 0 (0.0%) gas / (0xd5c7ba85e716ecef1aee19e3bd3847956b112801769b14ae664c0cf57e540648)","throwable":""}
{"timestamp":"2025-09-12T18:29:04,012","container":"7965dbe76a4e","level":"INFO","thread":"EthScheduler-Workers-0","class":"PersistBlockTask","message":"Block 1819 (0xd5c7ba85e716ecef1aee19e3bd3847956b112801769b14ae664c0cf57e540648) is already imported","throwable":""}
{"timestamp":"2025-09-12T18:29:12,008","container":"7965dbe76a4e","level":"INFO","thread":"BftProcessorExecutor-QBFT-0","class":"QbftBesuControllerBuilder","message":"Imported #1,820 / 0 tx / 0 pending / 0 (0.0%) gas / (0x494842d2a4b4e5e585521ee9e7e65b4074f3ddd6f603f91d2c3a7c64835ef5d9)","throwable":""}
{"timestamp":"2025-09-12T18:29:20,011","container":"7965dbe76a4e","level":"INFO","thread":"BftProcessorExecutor-QBFT-0","class":"QbftBesuControllerBuilder","message":"Imported #1,821 / 0 tx / 0 pending / 0 (0.0%) gas / (0xfe5cb287ea9c2293a6014d4167ed644f85f91449e867d791cc59c15392943988)","throwable":""}
{"timestamp":"2025-09-12T18:29:20,011","container":"7965dbe76a4e","level":"INFO","thread":"EthScheduler-Workers-0","class":"PersistBlockTask","message":"Block 1821 (0xfe5cb287ea9c2293a6014d4167ed644f85f91449e867d791cc59c15392943988) is already imported","throwable":""}
{"timestamp":"2025-09-12T18:29:28,012","container":"7965dbe76a4e","level":"INFO","thread":"BftProcessorExecutor-QBFT-0","class":"QbftBesuControllerBuilder","message":"Produced #1,822 / 0 tx / 0 pending / 0 (0.0%) gas / (0x3d64eaab3fcbad5e406b97f8a19d9b5dbb9d7d753ef6653ca9d2f2d803d1db15)","throwable":""}
{"timestamp":"2025-09-12T18:29:28,012","container":"7965dbe76a4e","level":"INFO","thread":"EthScheduler-Workers-0","class":"PersistBlockTask","message":"Block 1822 (0x3d64eaab3fcbad5e406b97f8a19d9b5dbb9d7d753ef6653ca9d2f2d803d1db15) is already imported","throwable":""}
{"timestamp":"2025-09-12T18:29:36,010","container":"7965dbe76a4e","level":"INFO","thread":"EthScheduler-Workers-0","class":"PersistBlockTask","message":"Block 1823 (0xfbf8ce4095716dacf1c7b2f7aba09c970313072ce91ef319aec74e76cb58b35d) is already imported","throwable":""}
{"timestamp":"2025-09-12T18:29:36,010","container":"7965dbe76a4e","level":"INFO","thread":"BftProcessorExecutor-QBFT-0","class":"QbftBesuControllerBuilder","message":"Imported #1,823 / 0 tx / 0 pending / 0 (0.0%) gas / (0xfbf8ce4095716dacf1c7b2f7aba09c970313072ce91ef319aec74e76cb58b35d)","throwable":""}
{"timestamp":"2025-09-12T18:29:44,008","container":"7965dbe76a4e","level":"INFO","thread":"BftProcessorExecutor-QBFT-0","class":"QbftBesuControllerBuilder","message":"Imported #1,824 / 0 tx / 0 pending / 0 (0.0%) gas / (0x3505cedb3ef7b98f4541d84b83594ffc1801600ff0f52902f5003fc096598785)","throwable":""}
{"timestamp":"2025-09-12T18:29:52,027","container":"7965dbe76a4e","level":"INFO","thread":"BftProcessorExecutor-QBFT-0","class":"QbftBesuControllerBuilder","message":"Imported #1,825 / 0 tx / 0 pending / 0 (0.0%) gas / (0x028e82dae890ea8cdaa615648645a711b2a03f26891f396fa36a213eddd3c44e)","throwable":""}
{"timestamp":"2025-09-12T18:30:00,014","container":"7965dbe76a4e","level":"INFO","thread":"BftProcessorExecutor-QBFT-0","class":"QbftBesuControllerBuilder","message":"Produced #1,826 / 0 tx / 0 pending / 0 (0.0%) gas / (0x7043f204e8eff41869f7618c88c685b4442c8f1d4345de44449e0b34e05187db)","throwable":""}
{"timestamp":"2025-09-12T18:30:08,009","container":"7965dbe76a4e","level":"INFO","thread":"BftProcessorExecutor-QBFT-0","class":"QbftBesuControllerBuilder","message":"Imported #1,827 / 0 tx / 0 pending / 0 (0.0%) gas / (0x9278876ba0f334e1bbebb07ae9225cb388c533f4ddaec120d07e3af9c01c7bf8)","throwable":""}
{"timestamp":"2025-09-12T18:30:08,010","container":"7965dbe76a4e","level":"INFO","thread":"EthScheduler-Workers-0","class":"PersistBlockTask","message":"Block 1827 (0x9278876ba0f334e1bbebb07ae9225cb388c533f4ddaec120d07e3af9c01c7bf8) is already imported","throwable":""}
{"timestamp":"2025-09-12T18:30:16,018","container":"7965dbe76a4e","level":"INFO","thread":"BftProcessorExecutor-QBFT-0","class":"QbftBesuControllerBuilder","message":"Imported #1,828 / 0 tx / 0 pending / 0 (0.0%) gas / (0x4205ed5cf2d510f9fd424f736eb0ab4b6b9a67fcdbd79c2fb6433532020e6840)","throwable":""}
{"timestamp":"2025-09-12T18:30:16,018","container":"7965dbe76a4e","level":"INFO","thread":"EthScheduler-Workers-0","class":"PersistBlockTask","message":"Block 1828 (0x4205ed5cf2d510f9fd424f736eb0ab4b6b9a67fcdbd79c2fb6433532020e6840) is already imported","throwable":""}
{"timestamp":"2025-09-12T18:30:24,012","container":"7965dbe76a4e","level":"INFO","thread":"BftProcessorExecutor-QBFT-0","class":"QbftBesuControllerBuilder","message":"Imported #1,829 / 0 tx / 0 pending / 0 (0.0%) gas / (0x8c3a94e445c3086d74ca5496c28cb10d61c7d2930ecaebdb3d0bdccd287b4070)","throwable":""}
{"timestamp":"2025-09-12T18:30:32,013","container":"7965dbe76a4e","level":"INFO","thread":"BftProcessorExecutor-QBFT-0","class":"QbftBesuControllerBuilder","message":"Produced #1,830 / 0 tx / 0 pending / 0 (0.0%) gas / (0x44d1f42ee585f07a744aad60b5ed30697e06f75f789e83efe4b735e649ba460e)","throwable":""}
{"timestamp":"2025-09-12T18:30:32,014","container":"7965dbe76a4e","level":"INFO","thread":"EthScheduler-Workers-0","class":"PersistBlockTask","message":"Block 1830 (0x44d1f42ee585f07a744aad60b5ed30697e06f75f789e83efe4b735e649ba460e) is already imported","throwable":""}
{"timestamp":"2025-09-12T18:30:40,018","container":"7965dbe76a4e","level":"INFO","thread":"BftProcessorExecutor-QBFT-0","class":"QbftBesuControllerBuilder","message":"Imported #1,831 / 0 tx / 0 pending / 0 (0.0%) gas / (0x6c47b8954d6e05b343d8455ea83d7595e971546d0954df214c9a2abfbc4b054e)","throwable":""}
{"timestamp":"2025-09-12T18:30:48,018","container":"7965dbe76a4e","level":"INFO","thread":"BftProcessorExecutor-QBFT-0","class":"QbftBesuControllerBuilder","message":"Imported #1,832 / 0 tx / 0 pending / 0 (0.0%) gas / (0x1da04a813ebfa83e3f134026c0bdfc56f0e50665f3c4922541fff971f09cab08)","throwable":""}
{"timestamp":"2025-09-12T18:30:56,016","container":"7965dbe76a4e","level":"INFO","thread":"EthScheduler-Workers-0","class":"PersistBlockTask","message":"Imported #1,833 / 0 tx / 0 om / 0 (0.0%) gas / (0x16efde531f30d6b7a2af9aa0e8728b6a8197f79f209cf1284b0bd2768d4dc1d9) in 0.002s. Peers: 5","throwable":""}
{"timestamp":"2025-09-12T18:30:56,016","container":"7965dbe76a4e","level":"INFO","thread":"BftProcessorExecutor-QBFT-0","class":"QbftBesuControllerBuilder","message":"Imported #1,833 / 0 tx / 0 pending / 0 (0.0%) gas / (0x16efde531f30d6b7a2af9aa0e8728b6a8197f79f209cf1284b0bd2768d4dc1d9)","throwable":""}
{"timestamp":"2025-09-12T18:31:04,010","container":"7965dbe76a4e","level":"INFO","thread":"BftProcessorExecutor-QBFT-0","class":"QbftBesuControllerBuilder","message":"Produced #1,834 / 0 tx / 0 pending / 0 (0.0%) gas / (0x0a0b075ef26a88363fce4b06f9a188e1601f489ed5f0fc2351e9bea9ba02889f)","throwable":""}
{"timestamp":"2025-09-12T18:31:04,011","container":"7965dbe76a4e","level":"INFO","thread":"EthScheduler-Workers-0","class":"PersistBlockTask","message":"Block 1834 (0x0a0b075ef26a88363fce4b06f9a188e1601f489ed5f0fc2351e9bea9ba02889f) is already imported","throwable":""}
{"timestamp":"2025-09-12T18:31:12,012","container":"7965dbe76a4e","level":"INFO","thread":"EthScheduler-Workers-0","class":"PersistBlockTask","message":"Block 1835 (0xf9dc1b38087874f757d8fa43b9a422bb97b9f0c7ff95e0a0a3df864e463b40cc) is already imported","throwable":""}
{"timestamp":"2025-09-12T18:31:12,012","container":"7965dbe76a4e","level":"INFO","thread":"BftProcessorExecutor-QBFT-0","class":"QbftBesuControllerBuilder","message":"Imported #1,835 / 0 tx / 0 pending / 0 (0.0%) gas / (0xf9dc1b38087874f757d8fa43b9a422bb97b9f0c7ff95e0a0a3df864e463b40cc)","throwable":""}
{"timestamp":"2025-09-12T18:31:20,012","container":"7965dbe76a4e","level":"INFO","thread":"BftProcessorExecutor-QBFT-0","class":"QbftBesuControllerBuilder","message":"Imported #1,836 / 0 tx / 0 pending / 0 (0.0%) gas / (0xfed4a34205d850319658104dd229e25f00bebc1009eec2fafe25eaacaed8921e)","throwable":""}
{"timestamp":"2025-09-12T18:31:28,012","container":"7965dbe76a4e","level":"INFO","thread":"EthScheduler-Workers-0","class":"PersistBlockTask","message":"Imported #1,837 / 0 tx / 0 om / 0 (0.0%) gas / (0x0bc7c6f4961a7796c01b78eb54e3863fa1a13a89c71416a59e224ed3fb8e53eb) in 0.001s. Peers: 5","throwable":""}
{"timestamp":"2025-09-12T18:31:36,018","container":"7965dbe76a4e","level":"INFO","thread":"BftProcessorExecutor-QBFT-0","class":"QbftBesuControllerBuilder","message":"Produced #1,838 / 0 tx / 0 pending / 0 (0.0%) gas / (0x17e0c501e0464a20592c234e6b1697e4aca806775412f9780d560e74c4de1b0b)","throwable":""}
{"timestamp":"2025-09-12T18:31:36,018","container":"7965dbe76a4e","level":"INFO","thread":"EthScheduler-Workers-0","class":"PersistBlockTask","message":"Block 1838 (0x17e0c501e0464a20592c234e6b1697e4aca806775412f9780d560e74c4de1b0b) is already imported","throwable":""}
{"timestamp":"2025-09-12T18:31:44,011","container":"7965dbe76a4e","level":"INFO","thread":"BftProcessorExecutor-QBFT-0","class":"QbftBesuControllerBuilder","message":"Imported #1,839 / 0 tx / 0 pending / 0 (0.0%) gas / (0xcb9831907d5ee8e09c08b76c59f7d9a8ce72e35a299ef12442aadada6fef8808)","throwable":""}
{"timestamp":"2025-09-12T18:31:44,011","container":"7965dbe76a4e","level":"INFO","thread":"EthScheduler-Workers-0","class":"PersistBlockTask","message":"Block 1839 (0xcb9831907d5ee8e09c08b76c59f7d9a8ce72e35a299ef12442aadada6fef8808) is already imported","throwable":""}
{"timestamp":"2025-09-12T18:31:52,011","container":"7965dbe76a4e","level":"INFO","thread":"BftProcessorExecutor-QBFT-0","class":"QbftBesuControllerBuilder","message":"Imported #1,840 / 0 tx / 0 pending / 0 (0.0%) gas / (0xdbaf5870d1e2cc61490900efb83dafc9b6482c9cd498fd78a0e120cfc73335a7)","throwable":""}
{"timestamp":"2025-09-12T18:31:52,013","container":"7965dbe76a4e","level":"INFO","thread":"EthScheduler-Workers-0","class":"PersistBlockTask","message":"Block 1840 (0xdbaf5870d1e2cc61490900efb83dafc9b6482c9cd498fd78a0e120cfc73335a7) is already imported","throwable":""}
{"timestamp":"2025-09-12T18:32:00,014","container":"7965dbe76a4e","level":"INFO","thread":"BftProcessorExecutor-QBFT-0","class":"QbftBesuControllerBuilder","message":"Imported #1,841 / 0 tx / 0 pending / 0 (0.0%) gas / (0xfb4f981522a50d2a0b7bcf13efabe430a630273285e463b782681c880a3924c3)","throwable":""}
{"timestamp":"2025-09-12T18:32:08,019","container":"7965dbe76a4e","level":"INFO","thread":"BftProcessorExecutor-QBFT-0","class":"QbftBesuControllerBuilder","message":"Produced #1,842 / 0 tx / 0 pending / 0 (0.0%) gas / (0x27df34fed0cdc71a5fb19ef14e11232084da968d5d24f644ef18160fd017f39b)","throwable":""}
{"timestamp":"2025-09-12T18:32:16,017","container":"7965dbe76a4e","level":"INFO","thread":"BftProcessorExecutor-QBFT-0","class":"QbftBesuControllerBuilder","message":"Imported #1,843 / 0 tx / 0 pending / 0 (0.0%) gas / (0xc6547b38e4f99fbcc10f63cd655969e74a08f401e85b8bf5d6453d5f69c27bbf)","throwable":""}
{"timestamp":"2025-09-12T18:32:24,010","container":"7965dbe76a4e","level":"INFO","thread":"BftProcessorExecutor-QBFT-0","class":"QbftBesuControllerBuilder","message":"Imported #1,844 / 0 tx / 0 pending / 0 (0.0%) gas / (0x478b8877abbbcd40b454f479c9dd24335a71b5f6c31ea1f342e6875c753733bb)","throwable":""}
{"timestamp":"2025-09-12T18:32:32,015","container":"7965dbe76a4e","level":"INFO","thread":"EthScheduler-Workers-0","class":"PersistBlockTask","message":"Block 1845 (0x008824a5c71a442caa6d87b9293526751681e21afe41114a39ded30f9b4240f8) is already imported","throwable":""}
{"timestamp":"2025-09-12T18:32:32,015","container":"7965dbe76a4e","level":"INFO","thread":"BftProcessorExecutor-QBFT-0","class":"QbftBesuControllerBuilder","message":"Imported #1,845 / 0 tx / 0 pending / 0 (0.0%) gas / (0x008824a5c71a442caa6d87b9293526751681e21afe41114a39ded30f9b4240f8)","throwable":""}
{"timestamp":"2025-09-12T18:32:40,013","container":"7965dbe76a4e","level":"INFO","thread":"EthScheduler-Workers-0","class":"PersistBlockTask","message":"Block 1846 (0x3ee243142ee859529bc3cf9c749602ebb59b2c7d5144e43ee43f01af6032e171) is already imported","throwable":""}
{"timestamp":"2025-09-12T18:32:40,013","container":"7965dbe76a4e","level":"INFO","thread":"BftProcessorExecutor-QBFT-0","class":"QbftBesuControllerBuilder","message":"Produced #1,846 / 0 tx / 0 pending / 0 (0.0%) gas / (0x3ee243142ee859529bc3cf9c749602ebb59b2c7d5144e43ee43f01af6032e171)","throwable":""}
{"timestamp":"2025-09-12T18:32:48,018","container":"7965dbe76a4e","level":"INFO","thread":"BftProcessorExecutor-QBFT-0","class":"QbftBesuControllerBuilder","message":"Imported #1,847 / 0 tx / 0 pending / 0 (0.0%) gas / (0x504e34a00a39a426e262274c8f8ffe504d08495fef6adbdadd35612710db74fa)","throwable":""}
{"timestamp":"2025-09-12T18:32:56,018","container":"7965dbe76a4e","level":"INFO","thread":"EthScheduler-Workers-0","class":"PersistBlockTask","message":"Block 1848 (0x272684c7fb69d09f3c8f179ed97fdb6a3c0e43caf0cc32c3c54c205602d72a09) is already imported","throwable":""}
{"timestamp":"2025-09-12T18:32:56,018","container":"7965dbe76a4e","level":"INFO","thread":"BftProcessorExecutor-QBFT-0","class":"QbftBesuControllerBuilder","message":"Imported #1,848 / 0 tx / 0 pending / 0 (0.0%) gas / (0x272684c7fb69d09f3c8f179ed97fdb6a3c0e43caf0cc32c3c54c205602d72a09)","throwable":""}
{"timestamp":"2025-09-12T18:33:04,014","container":"7965dbe76a4e","level":"INFO","thread":"BftProcessorExecutor-QBFT-0","class":"QbftBesuControllerBuilder","message":"Imported #1,849 / 0 tx / 0 pending / 0 (0.0%) gas / (0xd0b86731df6b31a506331780980b7b173c33b78d6afb703c2c59c4e8c6951c81)","throwable":""}
{"timestamp":"2025-09-12T18:33:12,019","container":"7965dbe76a4e","level":"INFO","thread":"EthScheduler-Workers-0","class":"PersistBlockTask","message":"Block 1850 (0x1bf936ec3b3b9f0696e8f0fb1c9e94e170b8d21280ac09e62a2fefc430a5b9dd) is already imported","throwable":""}
{"timestamp":"2025-09-12T18:33:12,019","container":"7965dbe76a4e","level":"INFO","thread":"BftProcessorExecutor-QBFT-0","class":"QbftBesuControllerBuilder","message":"Produced #1,850 / 0 tx / 0 pending / 0 (0.0%) gas / (0x1bf936ec3b3b9f0696e8f0fb1c9e94e170b8d21280ac09e62a2fefc430a5b9dd)","throwable":""}
{"timestamp":"2025-09-12T18:33:20,015","container":"7965dbe76a4e","level":"INFO","thread":"BftProcessorExecutor-QBFT-0","class":"QbftBesuControllerBuilder","message":"Imported #1,851 / 0 tx / 0 pending / 0 (0.0%) gas / (0x34abfe4fb276867c840a5987c4d30c32117d54eff7318edb1db03dc6c7d2bdb6)","throwable":""}
{"timestamp":"2025-09-12T18:33:28,021","container":"7965dbe76a4e","level":"INFO","thread":"EthScheduler-Workers-0","class":"PersistBlockTask","message":"Imported #1,852 / 0 tx / 0 om / 0 (0.0%) gas / (0xf20680868076e732dfb11f8f00df5363757dca73baeed12ef7e6fa64b985ea82) in 0.002s. Peers: 5","throwable":""}
{"timestamp":"2025-09-12T18:33:28,021","container":"7965dbe76a4e","level":"INFO","thread":"BftProcessorExecutor-QBFT-0","class":"QbftBesuControllerBuilder","message":"Imported #1,852 / 0 tx / 0 pending / 0 (0.0%) gas / (0xf20680868076e732dfb11f8f00df5363757dca73baeed12ef7e6fa64b985ea82)","throwable":""}
{"timestamp":"2025-09-12T18:33:36,016","container":"7965dbe76a4e","level":"INFO","thread":"BftProcessorExecutor-QBFT-0","class":"QbftBesuControllerBuilder","message":"Imported #1,853 / 0 tx / 0 pending / 0 (0.0%) gas / (0x21922c5a16d978d0b8ef69b509a063f61f524b13b490508c1de374db88f4f849)","throwable":""}
{"timestamp":"2025-09-12T18:33:44,011","container":"7965dbe76a4e","level":"INFO","thread":"EthScheduler-Workers-0","class":"PersistBlockTask","message":"Block 1854 (0xde879a8b294840bf14194b15138f6a7c4d58aacb19efad1897294031d7d1fd24) is already imported","throwable":""}
{"timestamp":"2025-09-12T18:33:44,011","container":"7965dbe76a4e","level":"INFO","thread":"BftProcessorExecutor-QBFT-0","class":"QbftBesuControllerBuilder","message":"Produced #1,854 / 0 tx / 0 pending / 0 (0.0%) gas / (0xde879a8b294840bf14194b15138f6a7c4d58aacb19efad1897294031d7d1fd24)","throwable":""}
{"timestamp":"2025-09-12T18:33:52,017","container":"7965dbe76a4e","level":"INFO","thread":"BftProcessorExecutor-QBFT-0","class":"QbftBesuControllerBuilder","message":"Imported #1,855 / 0 tx / 0 pending / 0 (0.0%) gas / (0x07983895610752248352cbbeedb3031bf973dd34410e4a000d5ed5cdc467a6f5)","throwable":""}
{"timestamp":"2025-09-12T18:33:52,017","container":"7965dbe76a4e","level":"INFO","thread":"EthScheduler-Workers-0","class":"PersistBlockTask","message":"Imported #1,855 / 0 tx / 0 om / 0 (0.0%) gas / (0x07983895610752248352cbbeedb3031bf973dd34410e4a000d5ed5cdc467a6f5) in 0.003s. Peers: 5","throwable":""}
{"timestamp":"2025-09-12T18:34:00,012","container":"7965dbe76a4e","level":"INFO","thread":"EthScheduler-Workers-0","class":"PersistBlockTask","message":"Block 1856 (0xb027597a92030ed881f94c7c8435057a6d6fa4e8b6f8383977218bf322d40335) is already imported","throwable":""}
{"timestamp":"2025-09-12T18:34:00,013","container":"7965dbe76a4e","level":"INFO","thread":"BftProcessorExecutor-QBFT-0","class":"QbftBesuControllerBuilder","message":"Imported #1,856 / 0 tx / 0 pending / 0 (0.0%) gas / (0xb027597a92030ed881f94c7c8435057a6d6fa4e8b6f8383977218bf322d40335)","throwable":""}
{"timestamp":"2025-09-12T18:34:08,055","container":"7965dbe76a4e","level":"INFO","thread":"EthScheduler-Workers-0","class":"PersistBlockTask","message":"Block 1857 (0xa314464178ed96cdcaf85788eaf8e168446406c3ae127f94895e38c4a4aad448) is already imported","throwable":""}
{"timestamp":"2025-09-12T18:34:08,055","container":"7965dbe76a4e","level":"INFO","thread":"BftProcessorExecutor-QBFT-0","class":"QbftBesuControllerBuilder","message":"Imported #1,857 / 0 tx / 0 pending / 0 (0.0%) gas / (0xa314464178ed96cdcaf85788eaf8e168446406c3ae127f94895e38c4a4aad448)","throwable":""}
{"timestamp":"2025-09-12T18:34:16,013","container":"7965dbe76a4e","level":"INFO","thread":"BftProcessorExecutor-QBFT-0","class":"QbftBesuControllerBuilder","message":"Produced #1,858 / 0 tx / 0 pending / 0 (0.0%) gas / (0xe6f90b2f881c2de133f7e164dbd1f2aa532e05d2b46909549d0cb606d677921a)","throwable":""}
{"timestamp":"2025-09-12T18:34:24,017","container":"7965dbe76a4e","level":"INFO","thread":"BftProcessorExecutor-QBFT-0","class":"QbftBesuControllerBuilder","message":"Imported #1,859 / 0 tx / 0 pending / 0 (0.0%) gas / (0xf64fa15f05497135bb5a948f0f98575b3e522b4347f4da0d9f128ad6801ef374)","throwable":""}
{"timestamp":"2025-09-12T18:34:32,012","container":"7965dbe76a4e","level":"INFO","thread":"BftProcessorExecutor-QBFT-0","class":"QbftBesuControllerBuilder","message":"Imported #1,860 / 0 tx / 0 pending / 0 (0.0%) gas / (0xc70f5206e8a102a7569efc2d41b85a34abc58a546f1133e704808cfdaed51512)","throwable":""}
{"timestamp":"2025-09-12T18:34:40,015","container":"7965dbe76a4e","level":"INFO","thread":"BftProcessorExecutor-QBFT-0","class":"QbftBesuControllerBuilder","message":"Imported #1,861 / 0 tx / 0 pending / 0 (0.0%) gas / (0xac5045e3ef7c991fa7e43e69d50ce36d31bfbbf8418db97891294bce67f7a56a)","throwable":""}
{"timestamp":"2025-09-12T18:34:48,017","container":"7965dbe76a4e","level":"INFO","thread":"BftProcessorExecutor-QBFT-0","class":"QbftBesuControllerBuilder","message":"Produced #1,862 / 0 tx / 0 pending / 0 (0.0%) gas / (0x644e440e0c9e9cb268709d30c224cc4f0f4ecc865af318cd42e085ceda06e29e)","throwable":""}
{"timestamp":"2025-09-12T18:34:56,011","container":"7965dbe76a4e","level":"INFO","thread":"BftProcessorExecutor-QBFT-0","class":"QbftBesuControllerBuilder","message":"Imported #1,863 / 0 tx / 0 pending / 0 (0.0%) gas / (0x4c8e812e36d03d292a22a252e8308f706ec6d1fbad8833ace49f617d19f1bb6e)","throwable":""}
{"timestamp":"2025-09-12T18:35:04,013","container":"7965dbe76a4e","level":"INFO","thread":"BftProcessorExecutor-QBFT-0","class":"QbftBesuControllerBuilder","message":"Imported #1,864 / 0 tx / 0 pending / 0 (0.0%) gas / (0xc9ffa0ac33a800694d1b427044dc87a76fd9557481c3b7227dbcd1bc992c8b08)","throwable":""}
{"timestamp":"2025-09-12T18:35:12,012","container":"7965dbe76a4e","level":"INFO","thread":"BftProcessorExecutor-QBFT-0","class":"QbftBesuControllerBuilder","message":"Imported #1,865 / 0 tx / 0 pending / 0 (0.0%) gas / (0x0dcf91b80c937cc9ad79bd3b0322663ebf956d003a8c9fb1ab96fa722adaaf70)","throwable":""}
{"timestamp":"2025-09-12T18:35:20,027","container":"7965dbe76a4e","level":"INFO","thread":"EthScheduler-Workers-0","class":"PersistBlockTask","message":"Block 1866 (0x87ed17df069d772ce37432b0196624f6369ca9afd45de765ea7206321bc4563b) is already imported","throwable":""}
{"timestamp":"2025-09-12T18:35:20,028","container":"7965dbe76a4e","level":"INFO","thread":"BftProcessorExecutor-QBFT-0","class":"QbftBesuControllerBuilder","message":"Produced #1,866 / 0 tx / 0 pending / 0 (0.0%) gas / (0x87ed17df069d772ce37432b0196624f6369ca9afd45de765ea7206321bc4563b)","throwable":""}
{"timestamp":"2025-09-12T18:35:28,015","container":"7965dbe76a4e","level":"INFO","thread":"BftProcessorExecutor-QBFT-0","class":"QbftBesuControllerBuilder","message":"Imported #1,867 / 0 tx / 0 pending / 0 (0.0%) gas / (0xdf145b7f9dc280990a8e8c94deda48bea81ddcb631311980ae50a1f1d0292e78)","throwable":""}
{"timestamp":"2025-09-12T18:35:36,018","container":"7965dbe76a4e","level":"INFO","thread":"EthScheduler-Workers-0","class":"PersistBlockTask","message":"Imported #1,868 / 0 tx / 0 om / 0 (0.0%) gas / (0x05d65e23169561354c5c222395182feeadd24bc61a2793fff0c550251207e9fd) in 0.003s. Peers: 5","throwable":""}
{"timestamp":"2025-09-12T18:35:44,014","container":"7965dbe76a4e","level":"INFO","thread":"EthScheduler-Workers-0","class":"PersistBlockTask","message":"Imported #1,869 / 0 tx / 0 om / 0 (0.0%) gas / (0x0de4ef7d56256ba421c112737ca6e450a1066638714d3fd07f527a6eeedd839a) in 0.001s. Peers: 5","throwable":""}
{"timestamp":"2025-09-12T18:35:52,019","container":"7965dbe76a4e","level":"INFO","thread":"BftProcessorExecutor-QBFT-0","class":"QbftBesuControllerBuilder","message":"Produced #1,870 / 0 tx / 0 pending / 0 (0.0%) gas / (0x849775adb5540e1e947280123de25b373faf0849b7cce7259bccb143fbf3334f)","throwable":""}
{"timestamp":"2025-09-12T18:36:00,015","container":"7965dbe76a4e","level":"INFO","thread":"BftProcessorExecutor-QBFT-0","class":"QbftBesuControllerBuilder","message":"Imported #1,871 / 0 tx / 0 pending / 0 (0.0%) gas / (0x94fabb11951af3f63e8150c48d17a418cdf47bd8cbea65e72ef9e81362accbeb)","throwable":""}
{"timestamp":"2025-09-12T18:36:08,014","container":"7965dbe76a4e","level":"INFO","thread":"BftProcessorExecutor-QBFT-0","class":"QbftBesuControllerBuilder","message":"Imported #1,872 / 0 tx / 0 pending / 0 (0.0%) gas / (0x9bd78b31f315335eabb2558a3408af96421b5c057a2ddf413e5d888249683b54)","throwable":""}
{"timestamp":"2025-09-12T18:36:16,010","container":"7965dbe76a4e","level":"INFO","thread":"BftProcessorExecutor-QBFT-0","class":"QbftBesuControllerBuilder","message":"Imported #1,873 / 0 tx / 0 pending / 0 (0.0%) gas / (0xdc36d4b504e4816118a39e441dd6af96556b6baaabb1e2d9b18bce972db8d1db)","throwable":""}
{"timestamp":"2025-09-12T18:36:16,010","container":"7965dbe76a4e","level":"INFO","thread":"EthScheduler-Workers-0","class":"PersistBlockTask","message":"Block 1873 (0xdc36d4b504e4816118a39e441dd6af96556b6baaabb1e2d9b18bce972db8d1db) is already imported","throwable":""}
{"timestamp":"2025-09-12T18:36:24,011","container":"7965dbe76a4e","level":"INFO","thread":"BftProcessorExecutor-QBFT-0","class":"QbftBesuControllerBuilder","message":"Produced #1,874 / 0 tx / 0 pending / 0 (0.0%) gas / (0x0ea334efb26ac73214928e717101685ea1d4d08184706e040dc86e5b47437d2e)","throwable":""}
{"timestamp":"2025-09-12T18:36:32,014","container":"7965dbe76a4e","level":"INFO","thread":"BftProcessorExecutor-QBFT-0","class":"QbftBesuControllerBuilder","message":"Imported #1,875 / 0 tx / 0 pending / 0 (0.0%) gas / (0x2c16ab999eb4f9c3d2db361b99662885e77f40b47c837c7c9ceacbd89626bc1d)","throwable":""}
{"timestamp":"2025-09-12T18:36:40,019","container":"7965dbe76a4e","level":"INFO","thread":"EthScheduler-Workers-0","class":"PersistBlockTask","message":"Imported #1,876 / 0 tx / 0 om / 0 (0.0%) gas / (0xad027d6ccec7d9db9f8d009b98143d6f0caa0263b33a740219c6e5928c7858ff) in 0.001s. Peers: 5","throwable":""}
{"timestamp":"2025-09-12T18:36:40,019","container":"7965dbe76a4e","level":"INFO","thread":"BftProcessorExecutor-QBFT-0","class":"QbftBesuControllerBuilder","message":"Imported #1,876 / 0 tx / 0 pending / 0 (0.0%) gas / (0xad027d6ccec7d9db9f8d009b98143d6f0caa0263b33a740219c6e5928c7858ff)","throwable":""}
{"timestamp":"2025-09-12T18:36:48,013","container":"7965dbe76a4e","level":"INFO","thread":"EthScheduler-Workers-0","class":"PersistBlockTask","message":"Block 1877 (0x8ac4cf3e0619ca2ecb58c5b673916c8c05d209a5674ac159be4f5822d4150601) is already imported","throwable":""}
{"timestamp":"2025-09-12T18:36:48,013","container":"7965dbe76a4e","level":"INFO","thread":"BftProcessorExecutor-QBFT-0","class":"QbftBesuControllerBuilder","message":"Imported #1,877 / 0 tx / 0 pending / 0 (0.0%) gas / (0x8ac4cf3e0619ca2ecb58c5b673916c8c05d209a5674ac159be4f5822d4150601)","throwable":""}
{"timestamp":"2025-09-12T18:36:56,010","container":"7965dbe76a4e","level":"INFO","thread":"BftProcessorExecutor-QBFT-0","class":"QbftBesuControllerBuilder","message":"Produced #1,878 / 0 tx / 0 pending / 0 (0.0%) gas / (0x0ed93c01dd61074a03eb36359417aeecfd880e52eea1304d0a553b407c18b755)","throwable":""}
{"timestamp":"2025-09-12T18:37:04,012","container":"7965dbe76a4e","level":"INFO","thread":"BftProcessorExecutor-QBFT-0","class":"QbftBesuControllerBuilder","message":"Imported #1,879 / 0 tx / 0 pending / 0 (0.0%) gas / (0x27c7db992a8e9f1dcd92027f994ccef4d6fa102ab1fa813409edff26f36913c6)","throwable":""}
{"timestamp":"2025-09-12T18:37:12,011","container":"7965dbe76a4e","level":"INFO","thread":"BftProcessorExecutor-QBFT-0","class":"QbftBesuControllerBuilder","message":"Imported #1,880 / 0 tx / 0 pending / 0 (0.0%) gas / (0x11afd75f12b25323a8e3b703bef5a564c7eff6762d9fce7d410c61e59f7812cf)","throwable":""}
{"timestamp":"2025-09-12T18:37:20,014","container":"7965dbe76a4e","level":"INFO","thread":"EthScheduler-Workers-0","class":"PersistBlockTask","message":"Block 1881 (0xc9a1b0b8921e31a74184ba8e09c6665e2839c8a488b7b9ecaf8ba11d846ff0a6) is already imported","throwable":""}
{"timestamp":"2025-09-12T18:37:20,014","container":"7965dbe76a4e","level":"INFO","thread":"BftProcessorExecutor-QBFT-0","class":"QbftBesuControllerBuilder","message":"Imported #1,881 / 0 tx / 0 pending / 0 (0.0%) gas / (0xc9a1b0b8921e31a74184ba8e09c6665e2839c8a488b7b9ecaf8ba11d846ff0a6)","throwable":""}
{"timestamp":"2025-09-12T18:37:28,019","container":"7965dbe76a4e","level":"INFO","thread":"EthScheduler-Workers-0","class":"PersistBlockTask","message":"Imported #1,882 / 0 tx / 0 om / 0 (0.0%) gas / (0xe398954116a60004f1d239e5a2298f43489cf7a240cc72a723e865e64d43591c) in 0.001s. Peers: 5","throwable":""}
{"timestamp":"2025-09-12T18:37:28,019","container":"7965dbe76a4e","level":"INFO","thread":"BftProcessorExecutor-QBFT-0","class":"QbftBesuControllerBuilder","message":"Produced #1,882 / 0 tx / 0 pending / 0 (0.0%) gas / (0xe398954116a60004f1d239e5a2298f43489cf7a240cc72a723e865e64d43591c)","throwable":""}
{"timestamp":"2025-09-12T18:37:36,013","container":"7965dbe76a4e","level":"INFO","thread":"BftProcessorExecutor-QBFT-0","class":"QbftBesuControllerBuilder","message":"Imported #1,883 / 0 tx / 0 pending / 0 (0.0%) gas / (0xc7d08260c3eef1eba9e24e6a3bf83751a48c2e3b17652a024f833f756c01f6f2)","throwable":""}
{"timestamp":"2025-09-12T18:37:44,015","container":"7965dbe76a4e","level":"INFO","thread":"EthScheduler-Workers-0","class":"PersistBlockTask","message":"Block 1884 (0xe072ace8c40b15f2896edcbc42db47ae726539d7ca1052258e2fbb54553ff359) is already imported","throwable":""}
{"timestamp":"2025-09-12T18:37:44,015","container":"7965dbe76a4e","level":"INFO","thread":"BftProcessorExecutor-QBFT-0","class":"QbftBesuControllerBuilder","message":"Imported #1,884 / 0 tx / 0 pending / 0 (0.0%) gas / (0xe072ace8c40b15f2896edcbc42db47ae726539d7ca1052258e2fbb54553ff359)","throwable":""}
{"timestamp":"2025-09-12T18:37:52,008","container":"7965dbe76a4e","level":"INFO","thread":"BftProcessorExecutor-QBFT-0","class":"QbftBesuControllerBuilder","message":"Imported #1,885 / 0 tx / 0 pending / 0 (0.0%) gas / (0x118b5e084f5f37dab5445c0b588ece3451152e1b8b8f61b6d3e87e03636bda74)","throwable":""}
{"timestamp":"2025-09-12T18:38:00,018","container":"7965dbe76a4e","level":"INFO","thread":"EthScheduler-Workers-0","class":"PersistBlockTask","message":"Imported #1,886 / 0 tx / 0 om / 0 (0.0%) gas / (0xdd968bc5eaf84ce14b78057be055f449e888386d67d0da36f5c09d94b8f396cc) in 0.003s. Peers: 5","throwable":""}
{"timestamp":"2025-09-12T18:38:00,018","container":"7965dbe76a4e","level":"INFO","thread":"BftProcessorExecutor-QBFT-0","class":"QbftBesuControllerBuilder","message":"Produced #1,886 / 0 tx / 0 pending / 0 (0.0%) gas / (0xdd968bc5eaf84ce14b78057be055f449e888386d67d0da36f5c09d94b8f396cc)","throwable":""}
{"timestamp":"2025-09-12T18:38:08,008","container":"7965dbe76a4e","level":"INFO","thread":"BftProcessorExecutor-QBFT-0","class":"QbftBesuControllerBuilder","message":"Imported #1,887 / 0 tx / 0 pending / 0 (0.0%) gas / (0x1dc0e40c2de7c1b385c8ea8b258193027d9be685e0342932cedb5a68c1065cdb)","throwable":""}
{"timestamp":"2025-09-12T18:38:16,013","container":"7965dbe76a4e","level":"INFO","thread":"EthScheduler-Workers-0","class":"PersistBlockTask","message":"Block 1888 (0x6695e95940b59f9450167987c9296ac6b7c4af0011aae68ff6091b0511ab0087) is already imported","throwable":""}
{"timestamp":"2025-09-12T18:38:16,013","container":"7965dbe76a4e","level":"INFO","thread":"BftProcessorExecutor-QBFT-0","class":"QbftBesuControllerBuilder","message":"Imported #1,888 / 0 tx / 0 pending / 0 (0.0%) gas / (0x6695e95940b59f9450167987c9296ac6b7c4af0011aae68ff6091b0511ab0087)","throwable":""}
{"timestamp":"2025-09-12T18:38:24,016","container":"7965dbe76a4e","level":"INFO","thread":"EthScheduler-Workers-0","class":"PersistBlockTask","message":"Block 1889 (0x6df09a18a37aa9dfbaf20b04c0ee3111cdd3978a64390c3c4223285fe02a314b) is already imported","throwable":""}
{"timestamp":"2025-09-12T18:38:24,016","container":"7965dbe76a4e","level":"INFO","thread":"BftProcessorExecutor-QBFT-0","class":"QbftBesuControllerBuilder","message":"Imported #1,889 / 0 tx / 0 pending / 0 (0.0%) gas / (0x6df09a18a37aa9dfbaf20b04c0ee3111cdd3978a64390c3c4223285fe02a314b)","throwable":""}
{"timestamp":"2025-09-12T18:38:32,014","container":"7965dbe76a4e","level":"INFO","thread":"BftProcessorExecutor-QBFT-0","class":"QbftBesuControllerBuilder","message":"Produced #1,890 / 0 tx / 0 pending / 0 (0.0%) gas / (0x24a0f7437855929942138bb1c617d4f771466e68bfb9fd8dcd6770dbbc5e2751)","throwable":""}
{"timestamp":"2025-09-12T18:38:40,017","container":"7965dbe76a4e","level":"INFO","thread":"BftProcessorExecutor-QBFT-0","class":"QbftBesuControllerBuilder","message":"Imported #1,891 / 0 tx / 0 pending / 0 (0.0%) gas / (0x0fa3092327e97cd7c74a3bccfd45d73c1a893f957941dfdb642e2203a9d08fde)","throwable":""}
{"timestamp":"2025-09-12T18:38:40,018","container":"7965dbe76a4e","level":"INFO","thread":"EthScheduler-Workers-0","class":"PersistBlockTask","message":"Block 1891 (0x0fa3092327e97cd7c74a3bccfd45d73c1a893f957941dfdb642e2203a9d08fde) is already imported","throwable":""}
{"timestamp":"2025-09-12T18:38:48,020","container":"7965dbe76a4e","level":"INFO","thread":"BftProcessorExecutor-QBFT-0","class":"QbftBesuControllerBuilder","message":"Imported #1,892 / 0 tx / 0 pending / 0 (0.0%) gas / (0xed728e239a1e13ef8ccaea09ee9551b251e9fe62b94139f0fd67d3f5d2420e63)","throwable":""}
{"timestamp":"2025-09-12T18:38:48,021","container":"7965dbe76a4e","level":"INFO","thread":"EthScheduler-Workers-0","class":"PersistBlockTask","message":"Block 1892 (0xed728e239a1e13ef8ccaea09ee9551b251e9fe62b94139f0fd67d3f5d2420e63) is already imported","throwable":""}
{"timestamp":"2025-09-12T18:38:56,010","container":"7965dbe76a4e","level":"INFO","thread":"EthScheduler-Workers-0","class":"PersistBlockTask","message":"Block 1893 (0xc092d4d1e3ca2fbd15ffbd6162e2a2f12a6cc6243046a2d708ad18caf7d3cabf) is already imported","throwable":""}
{"timestamp":"2025-09-12T18:38:56,011","container":"7965dbe76a4e","level":"INFO","thread":"BftProcessorExecutor-QBFT-0","class":"QbftBesuControllerBuilder","message":"Imported #1,893 / 0 tx / 0 pending / 0 (0.0%) gas / (0xc092d4d1e3ca2fbd15ffbd6162e2a2f12a6cc6243046a2d708ad18caf7d3cabf)","throwable":""}
{"timestamp":"2025-09-12T18:39:04,011","container":"7965dbe76a4e","level":"INFO","thread":"BftProcessorExecutor-QBFT-0","class":"QbftBesuControllerBuilder","message":"Produced #1,894 / 0 tx / 0 pending / 0 (0.0%) gas / (0x6185c15cfc214fca1b1c23c0f1325b8c2a263ae048580a250624877618837eba)","throwable":""}
{"timestamp":"2025-09-12T18:39:12,009","container":"7965dbe76a4e","level":"INFO","thread":"BftProcessorExecutor-QBFT-0","class":"QbftBesuControllerBuilder","message":"Imported #1,895 / 0 tx / 0 pending / 0 (0.0%) gas / (0x96ecc9b294e45685a56f6fc9f17b56714c7b7798406689a5b957d325c929d0c9)","throwable":""}
{"timestamp":"2025-09-12T18:39:20,016","container":"7965dbe76a4e","level":"INFO","thread":"BftProcessorExecutor-QBFT-0","class":"QbftBesuControllerBuilder","message":"Imported #1,896 / 0 tx / 0 pending / 0 (0.0%) gas / (0xbfd337c8c0c2df33c950f01c7a7d7c24d06bdfb0257a9b9c5447aac07f13119e)","throwable":""}
{"timestamp":"2025-09-12T18:39:20,016","container":"7965dbe76a4e","level":"INFO","thread":"EthScheduler-Workers-0","class":"PersistBlockTask","message":"Block 1896 (0xbfd337c8c0c2df33c950f01c7a7d7c24d06bdfb0257a9b9c5447aac07f13119e) is already imported","throwable":""}
{"timestamp":"2025-09-12T18:39:28,016","container":"7965dbe76a4e","level":"INFO","thread":"BftProcessorExecutor-QBFT-0","class":"QbftBesuControllerBuilder","message":"Imported #1,897 / 0 tx / 0 pending / 0 (0.0%) gas / (0xd58fd28f0fbe94702e4980531e69556daea6c26c0b261a5554c0e430a20d16e5)","throwable":""}
{"timestamp":"2025-09-12T18:39:36,008","container":"7965dbe76a4e","level":"INFO","thread":"BftProcessorExecutor-QBFT-0","class":"QbftBesuControllerBuilder","message":"Produced #1,898 / 0 tx / 0 pending / 0 (0.0%) gas / (0x10d93860bcae38c7ebd263b3d9fc454bb501cf7a6695d5e1b7a46913cd3d079b)","throwable":""}
{"timestamp":"2025-09-12T18:39:44,011","container":"7965dbe76a4e","level":"INFO","thread":"BftProcessorExecutor-QBFT-0","class":"QbftBesuControllerBuilder","message":"Imported #1,899 / 0 tx / 0 pending / 0 (0.0%) gas / (0x6cd1433dd724112efaaecd6f6bffb8d7838047bcd2c04ea5c2e0d62b32840358)","throwable":""}
{"timestamp":"2025-09-12T18:39:52,012","container":"7965dbe76a4e","level":"INFO","thread":"BftProcessorExecutor-QBFT-0","class":"QbftBesuControllerBuilder","message":"Imported #1,900 / 0 tx / 0 pending / 0 (0.0%) gas / (0xeddb075c34c19dd9dcbb16c600826fcfa21693db4f18fdbf2acabbc98611dc7f)","throwable":""}
{"timestamp":"2025-09-12T18:40:00,013","container":"7965dbe76a4e","level":"INFO","thread":"BftProcessorExecutor-QBFT-0","class":"QbftBesuControllerBuilder","message":"Imported #1,901 / 0 tx / 0 pending / 0 (0.0%) gas / (0x462907504bbe2eaa2a5e896cf70445187fc9255d31fb19ba2e413e24f268c1f0)","throwable":""}
{"timestamp":"2025-09-12T18:40:00,014","container":"7965dbe76a4e","level":"INFO","thread":"EthScheduler-Workers-0","class":"PersistBlockTask","message":"Block 1901 (0x462907504bbe2eaa2a5e896cf70445187fc9255d31fb19ba2e413e24f268c1f0) is already imported","throwable":""}
{"timestamp":"2025-09-12T18:40:08,011","container":"7965dbe76a4e","level":"INFO","thread":"BftProcessorExecutor-QBFT-0","class":"QbftBesuControllerBuilder","message":"Produced #1,902 / 0 tx / 0 pending / 0 (0.0%) gas / (0x03f46080b665a0da4064b3e7667f34f7816e0ff708a1644c11013f2a12c7dbb3)","throwable":""}
{"timestamp":"2025-09-12T18:40:16,021","container":"7965dbe76a4e","level":"INFO","thread":"BftProcessorExecutor-QBFT-0","class":"QbftBesuControllerBuilder","message":"Imported #1,903 / 0 tx / 0 pending / 0 (0.0%) gas / (0x890a982a3cc0e23a7176b3e2df68ee1102daad5167c5d2b3011a404ada077c29)","throwable":""}
{"timestamp":"2025-09-12T18:40:24,014","container":"7965dbe76a4e","level":"INFO","thread":"BftProcessorExecutor-QBFT-0","class":"QbftBesuControllerBuilder","message":"Imported #1,904 / 0 tx / 0 pending / 0 (0.0%) gas / (0x440b10ceb4638bc5395a31e64f188f7c1286444be171dbd599c1479bb1240ce1)","throwable":""}
{"timestamp":"2025-09-12T18:40:32,014","container":"7965dbe76a4e","level":"INFO","thread":"BftProcessorExecutor-QBFT-0","class":"QbftBesuControllerBuilder","message":"Imported #1,905 / 0 tx / 0 pending / 0 (0.0%) gas / (0x24b95c3d6f0f45558eec14a6aeecd1495a38e1b49b26fb614f4dbd5e8f117ecd)","throwable":""}
{"timestamp":"2025-09-12T18:40:32,016","container":"7965dbe76a4e","level":"INFO","thread":"EthScheduler-Workers-0","class":"PersistBlockTask","message":"Block 1905 (0x24b95c3d6f0f45558eec14a6aeecd1495a38e1b49b26fb614f4dbd5e8f117ecd) is already imported","throwable":""}
{"timestamp":"2025-09-12T18:40:40,034","container":"7965dbe76a4e","level":"INFO","thread":"BftProcessorExecutor-QBFT-0","class":"QbftBesuControllerBuilder","message":"Produced #1,906 / 0 tx / 0 pending / 0 (0.0%) gas / (0x35a42d5a19388d12c726f487aeeb4915104167029a0f22e5855091077d0c1158)","throwable":""}
{"timestamp":"2025-09-12T18:40:48,018","container":"7965dbe76a4e","level":"INFO","thread":"EthScheduler-Workers-0","class":"PersistBlockTask","message":"Block 1907 (0xe8de068215c6f914c84d8798a94b24155744e65b3fdadac0f972012ee888a2d8) is already imported","throwable":""}
{"timestamp":"2025-09-12T18:40:48,018","container":"7965dbe76a4e","level":"INFO","thread":"BftProcessorExecutor-QBFT-0","class":"QbftBesuControllerBuilder","message":"Imported #1,907 / 0 tx / 0 pending / 0 (0.0%) gas / (0xe8de068215c6f914c84d8798a94b24155744e65b3fdadac0f972012ee888a2d8)","throwable":""}
{"timestamp":"2025-09-12T18:40:56,019","container":"7965dbe76a4e","level":"INFO","thread":"BftProcessorExecutor-QBFT-0","class":"QbftBesuControllerBuilder","message":"Imported #1,908 / 0 tx / 0 pending / 0 (0.0%) gas / (0x04e8ed8fead06203cfda8a1673c3d6ebc362b05ea41f5afca1889718e20a1296)","throwable":""}
{"timestamp":"2025-09-12T18:41:04,008","container":"7965dbe76a4e","level":"INFO","thread":"BftProcessorExecutor-QBFT-0","class":"QbftBesuControllerBuilder","message":"Imported #1,909 / 0 tx / 0 pending / 0 (0.0%) gas / (0x036bca7a721a0cbba30789afcd5f988ab3441e9a9a61e027df6e1cf8f1856d36)","throwable":""}
{"timestamp":"2025-09-12T18:41:04,009","container":"7965dbe76a4e","level":"INFO","thread":"EthScheduler-Workers-0","class":"PersistBlockTask","message":"Block 1909 (0x036bca7a721a0cbba30789afcd5f988ab3441e9a9a61e027df6e1cf8f1856d36) is already imported","throwable":""}
{"timestamp":"2025-09-12T18:41:12,023","container":"7965dbe76a4e","level":"INFO","thread":"EthScheduler-Workers-0","class":"PersistBlockTask","message":"Block 1910 (0x9e0c599dfafa41d8853443362a345bf070bc89cd9d73d463669d6c820aa88b71) is already imported","throwable":""}
{"timestamp":"2025-09-12T18:41:12,023","container":"7965dbe76a4e","level":"INFO","thread":"BftProcessorExecutor-QBFT-0","class":"QbftBesuControllerBuilder","message":"Produced #1,910 / 0 tx / 0 pending / 0 (0.0%) gas / (0x9e0c599dfafa41d8853443362a345bf070bc89cd9d73d463669d6c820aa88b71)","throwable":""}
{"timestamp":"2025-09-12T18:41:20,018","container":"7965dbe76a4e","level":"INFO","thread":"EthScheduler-Workers-0","class":"PersistBlockTask","message":"Imported #1,911 / 0 tx / 0 om / 0 (0.0%) gas / (0xd97ee677a26b11036e83963f80215df0ad7f6c933f9f943c5fb6bdfd1f3d39e6) in 0.001s. Peers: 5","throwable":""}
{"timestamp":"2025-09-12T18:41:28,012","container":"7965dbe76a4e","level":"INFO","thread":"BftProcessorExecutor-QBFT-0","class":"QbftBesuControllerBuilder","message":"Imported #1,912 / 0 tx / 0 pending / 0 (0.0%) gas / (0x6540b62a10baa79e1fa3b5fbba35e47ef09d1f7811fd35abb8decc21e8f4025c)","throwable":""}
{"timestamp":"2025-09-12T18:41:36,014","container":"7965dbe76a4e","level":"INFO","thread":"EthScheduler-Workers-0","class":"PersistBlockTask","message":"Block 1913 (0xa80eec01053c4e3ea1714d9a6cb29798e20807f70937e33b319909c7735f5b06) is already imported","throwable":""}
{"timestamp":"2025-09-12T18:41:36,014","container":"7965dbe76a4e","level":"INFO","thread":"BftProcessorExecutor-QBFT-0","class":"QbftBesuControllerBuilder","message":"Imported #1,913 / 0 tx / 0 pending / 0 (0.0%) gas / (0xa80eec01053c4e3ea1714d9a6cb29798e20807f70937e33b319909c7735f5b06)","throwable":""}
{"timestamp":"2025-09-12T18:41:44,015","container":"7965dbe76a4e","level":"INFO","thread":"EthScheduler-Workers-0","class":"PersistBlockTask","message":"Block 1914 (0xc3cbf845c892cfaea2cc27b9dcfc36141d85acaecacd412ec6e88afb45f29373) is already imported","throwable":""}
{"timestamp":"2025-09-12T18:41:44,015","container":"7965dbe76a4e","level":"INFO","thread":"BftProcessorExecutor-QBFT-0","class":"QbftBesuControllerBuilder","message":"Produced #1,914 / 0 tx / 0 pending / 0 (0.0%) gas / (0xc3cbf845c892cfaea2cc27b9dcfc36141d85acaecacd412ec6e88afb45f29373)","throwable":""}
{"timestamp":"2025-09-12T18:41:52,016","container":"7965dbe76a4e","level":"INFO","thread":"BftProcessorExecutor-QBFT-0","class":"QbftBesuControllerBuilder","message":"Imported #1,915 / 0 tx / 0 pending / 0 (0.0%) gas / (0xfed76e8706639751449aa7e961f8bbedac139e77a6e08af3c0a41e8b56a11858)","throwable":""}
{"timestamp":"2025-09-12T18:42:00,010","container":"7965dbe76a4e","level":"INFO","thread":"BftProcessorExecutor-QBFT-0","class":"QbftBesuControllerBuilder","message":"Imported #1,916 / 0 tx / 0 pending / 0 (0.0%) gas / (0xb582601ec0da69d661ce7c2cc01ff86a439234744bb5efd54df41655f040922b)","throwable":""}
{"timestamp":"2025-09-12T18:42:08,014","container":"7965dbe76a4e","level":"INFO","thread":"BftProcessorExecutor-QBFT-0","class":"QbftBesuControllerBuilder","message":"Imported #1,917 / 0 tx / 0 pending / 0 (0.0%) gas / (0x459577ed4e143cf8265b1c7cb20174a7a6b415b4fe09430cbf9556b2a01fda7c)","throwable":""}
{"timestamp":"2025-09-12T18:42:16,009","container":"7965dbe76a4e","level":"INFO","thread":"BftProcessorExecutor-QBFT-0","class":"QbftBesuControllerBuilder","message":"Produced #1,918 / 0 tx / 0 pending / 0 (0.0%) gas / (0xb2a161f99eb07ec2ba7a560b021803e1aef50feae4155b86c438cd1205041f7a)","throwable":""}
{"timestamp":"2025-09-12T18:42:24,016","container":"7965dbe76a4e","level":"INFO","thread":"EthScheduler-Workers-0","class":"PersistBlockTask","message":"Block 1919 (0x073a653fb9e0ef9d411793d9144ad2008f057c9b1def9bd03fb23e6a76aa66ee) is already imported","throwable":""}
{"timestamp":"2025-09-12T18:42:24,016","container":"7965dbe76a4e","level":"INFO","thread":"BftProcessorExecutor-QBFT-0","class":"QbftBesuControllerBuilder","message":"Imported #1,919 / 0 tx / 0 pending / 0 (0.0%) gas / (0x073a653fb9e0ef9d411793d9144ad2008f057c9b1def9bd03fb23e6a76aa66ee)","throwable":""}
{"timestamp":"2025-09-12T18:42:32,010","container":"7965dbe76a4e","level":"INFO","thread":"BftProcessorExecutor-QBFT-0","class":"QbftBesuControllerBuilder","message":"Imported #1,920 / 0 tx / 0 pending / 0 (0.0%) gas / (0x066de53050896dab54a1105c0638852899bf03e76321d417e49b921d0cd69a9d)","throwable":""}
{"timestamp":"2025-09-12T18:42:40,019","container":"7965dbe76a4e","level":"INFO","thread":"EthScheduler-Workers-0","class":"PersistBlockTask","message":"Block 1921 (0x3b2bbd2b5a2999cf72d93894761c2e96da5606dafbbabc4ea1e21025cfc7ee26) is already imported","throwable":""}
{"timestamp":"2025-09-12T18:42:40,022","container":"7965dbe76a4e","level":"INFO","thread":"BftProcessorExecutor-QBFT-0","class":"QbftBesuControllerBuilder","message":"Imported #1,921 / 0 tx / 0 pending / 0 (0.0%) gas / (0x3b2bbd2b5a2999cf72d93894761c2e96da5606dafbbabc4ea1e21025cfc7ee26)","throwable":""}
{"timestamp":"2025-09-12T18:42:48,014","container":"7965dbe76a4e","level":"INFO","thread":"EthScheduler-Workers-0","class":"PersistBlockTask","message":"Block 1922 (0x6a7965f47f4d8ab76de8bec1c6e909083fcb992a1a26523d7c7a57347134b3a9) is already imported","throwable":""}
{"timestamp":"2025-09-12T18:42:48,015","container":"7965dbe76a4e","level":"INFO","thread":"BftProcessorExecutor-QBFT-0","class":"QbftBesuControllerBuilder","message":"Produced #1,922 / 0 tx / 0 pending / 0 (0.0%) gas / (0x6a7965f47f4d8ab76de8bec1c6e909083fcb992a1a26523d7c7a57347134b3a9)","throwable":""}
{"timestamp":"2025-09-12T18:42:56,017","container":"7965dbe76a4e","level":"INFO","thread":"BftProcessorExecutor-QBFT-0","class":"QbftBesuControllerBuilder","message":"Imported #1,923 / 0 tx / 0 pending / 0 (0.0%) gas / (0x69fcd218531ec0cf29702f08f5423fa4745a3ed339aab11c7ce4bf5d232689ff)","throwable":""}
{"timestamp":"2025-09-12T18:43:04,011","container":"7965dbe76a4e","level":"INFO","thread":"BftProcessorExecutor-QBFT-0","class":"QbftBesuControllerBuilder","message":"Imported #1,924 / 0 tx / 0 pending / 0 (0.0%) gas / (0x2956913bfc3328a4a64019554782e4b1de739f5b7f59a463c7a48c8b69324175)","throwable":""}
{"timestamp":"2025-09-12T18:43:12,029","container":"7965dbe76a4e","level":"INFO","thread":"EthScheduler-Workers-0","class":"PersistBlockTask","message":"Block 1925 (0xde890cffa74fe73c98a49ddcdebbee5f5e4f80b92bf8d0a814dcf20948186bd5) is already imported","throwable":""}
{"timestamp":"2025-09-12T18:43:12,030","container":"7965dbe76a4e","level":"INFO","thread":"BftProcessorExecutor-QBFT-0","class":"QbftBesuControllerBuilder","message":"Imported #1,925 / 0 tx / 0 pending / 0 (0.0%) gas / (0xde890cffa74fe73c98a49ddcdebbee5f5e4f80b92bf8d0a814dcf20948186bd5)","throwable":""}
{"timestamp":"2025-09-12T18:43:20,009","container":"7965dbe76a4e","level":"INFO","thread":"BftProcessorExecutor-QBFT-0","class":"QbftBesuControllerBuilder","message":"Produced #1,926 / 0 tx / 0 pending / 0 (0.0%) gas / (0x0e670916691777784f9ef122fc02aad12c2e4a68034cdf61194e2a8b37bf06fd)","throwable":""}
{"timestamp":"2025-09-12T18:43:28,020","container":"7965dbe76a4e","level":"INFO","thread":"BftProcessorExecutor-QBFT-0","class":"QbftBesuControllerBuilder","message":"Imported #1,927 / 0 tx / 0 pending / 0 (0.0%) gas / (0xe28c566f99feb3c709ebb4061d4beb0568b3b9d67163fdd34d56a13d267f68fc)","throwable":""}
{"timestamp":"2025-09-12T18:43:28,020","container":"7965dbe76a4e","level":"INFO","thread":"EthScheduler-Workers-0","class":"PersistBlockTask","message":"Block 1927 (0xe28c566f99feb3c709ebb4061d4beb0568b3b9d67163fdd34d56a13d267f68fc) is already imported","throwable":""}
{"timestamp":"2025-09-12T18:43:36,021","container":"7965dbe76a4e","level":"INFO","thread":"EthScheduler-Workers-0","class":"PersistBlockTask","message":"Block 1928 (0xaf9c9175e2142398650ef374b308a95507e79dd45842f13d55b240973ea965d8) is already imported","throwable":""}
{"timestamp":"2025-09-12T18:43:36,022","container":"7965dbe76a4e","level":"INFO","thread":"BftProcessorExecutor-QBFT-0","class":"QbftBesuControllerBuilder","message":"Imported #1,928 / 0 tx / 0 pending / 0 (0.0%) gas / (0xaf9c9175e2142398650ef374b308a95507e79dd45842f13d55b240973ea965d8)","throwable":""}
{"timestamp":"2025-09-12T18:43:44,012","container":"7965dbe76a4e","level":"INFO","thread":"BftProcessorExecutor-QBFT-0","class":"QbftBesuControllerBuilder","message":"Imported #1,929 / 0 tx / 0 pending / 0 (0.0%) gas / (0x5a7b41ede7f462fbf5389476c4d059f4529a5440e4baf915c9180683946cdd6f)","throwable":""}
{"timestamp":"2025-09-12T18:43:52,011","container":"7965dbe76a4e","level":"INFO","thread":"BftProcessorExecutor-QBFT-0","class":"QbftBesuControllerBuilder","message":"Produced #1,930 / 0 tx / 0 pending / 0 (0.0%) gas / (0x5ccda346fa19b36feba0aa0c40a7ffa109617dd921de20461d57ea6e9111cae6)","throwable":""}
{"timestamp":"2025-09-12T18:44:00,013","container":"7965dbe76a4e","level":"INFO","thread":"BftProcessorExecutor-QBFT-0","class":"QbftBesuControllerBuilder","message":"Imported #1,931 / 0 tx / 0 pending / 0 (0.0%) gas / (0x127c561a7ff229988cd6a5015d9cf52ba96f57792236c004fa78fee02a278231)","throwable":""}
{"timestamp":"2025-09-12T18:44:08,018","container":"7965dbe76a4e","level":"INFO","thread":"EthScheduler-Workers-0","class":"PersistBlockTask","message":"Imported #1,932 / 0 tx / 0 om / 0 (0.0%) gas / (0xb5d2f29bc5a2846ab2413334708c856d9414f37cf1e76a8f18ba73d5fb998a83) in 0.001s. Peers: 5","throwable":""}
{"timestamp":"2025-09-12T18:44:16,012","container":"7965dbe76a4e","level":"INFO","thread":"BftProcessorExecutor-QBFT-0","class":"QbftBesuControllerBuilder","message":"Imported #1,933 / 0 tx / 0 pending / 0 (0.0%) gas / (0x6f4a6cad2730faab83eaf47d34226b6e17ef1eea0400f228056f3bdc391d751d)","throwable":""}
{"timestamp":"2025-09-12T18:44:24,008","container":"7965dbe76a4e","level":"INFO","thread":"BftProcessorExecutor-QBFT-0","class":"QbftBesuControllerBuilder","message":"Produced #1,934 / 0 tx / 0 pending / 0 (0.0%) gas / (0xb8ff98814eccd5b65da81d066b265c4f53393a69caaa866389add9287f11647e)","throwable":""}
{"timestamp":"2025-09-12T18:44:32,023","container":"7965dbe76a4e","level":"INFO","thread":"BftProcessorExecutor-QBFT-0","class":"QbftBesuControllerBuilder","message":"Imported #1,935 / 0 tx / 0 pending / 0 (0.0%) gas / (0xc829d499a5c15bc7c5ebb8dd1840c9ba47e7ff16e48e6abe0c4ac1d5d9a6bfe7)","throwable":""}
{"timestamp":"2025-09-12T18:44:32,023","container":"7965dbe76a4e","level":"INFO","thread":"EthScheduler-Workers-0","class":"PersistBlockTask","message":"Block 1935 (0xc829d499a5c15bc7c5ebb8dd1840c9ba47e7ff16e48e6abe0c4ac1d5d9a6bfe7) is already imported","throwable":""}
{"timestamp":"2025-09-12T18:44:40,009","container":"7965dbe76a4e","level":"INFO","thread":"BftProcessorExecutor-QBFT-0","class":"QbftBesuControllerBuilder","message":"Imported #1,936 / 0 tx / 0 pending / 0 (0.0%) gas / (0x14732cde278205ae6d4f029785ea3ab18d8f087933887e5fca55a9a96c5dc8a5)","throwable":""}
{"timestamp":"2025-09-12T18:44:48,012","container":"7965dbe76a4e","level":"INFO","thread":"EthScheduler-Workers-0","class":"PersistBlockTask","message":"Imported #1,937 / 0 tx / 0 om / 0 (0.0%) gas / (0x162e8915fff4f77d069a59c8fbffb4b6096837d55cb4204ad6814f8e0cdd065c) in 0.001s. Peers: 5","throwable":""}
{"timestamp":"2025-09-12T18:44:56,013","container":"7965dbe76a4e","level":"INFO","thread":"BftProcessorExecutor-QBFT-0","class":"QbftBesuControllerBuilder","message":"Produced #1,938 / 0 tx / 0 pending / 0 (0.0%) gas / (0x0268bd7d5edb1678279686e2d730a69a4f0fd70260d0e6cd99f1c589aefe4ca0)","throwable":""}
{"timestamp":"2025-09-12T18:45:04,017","container":"7965dbe76a4e","level":"INFO","thread":"BftProcessorExecutor-QBFT-0","class":"QbftBesuControllerBuilder","message":"Imported #1,939 / 0 tx / 0 pending / 0 (0.0%) gas / (0xba83216dd1ed68eb7d4b4be3061cc3a3c744488e0412d70d825c0e6318cf894a)","throwable":""}
{"timestamp":"2025-09-12T18:45:04,017","container":"7965dbe76a4e","level":"INFO","thread":"EthScheduler-Workers-0","class":"PersistBlockTask","message":"Block 1939 (0xba83216dd1ed68eb7d4b4be3061cc3a3c744488e0412d70d825c0e6318cf894a) is already imported","throwable":""}
{"timestamp":"2025-09-12T18:45:12,010","container":"7965dbe76a4e","level":"INFO","thread":"BftProcessorExecutor-QBFT-0","class":"QbftBesuControllerBuilder","message":"Imported #1,940 / 0 tx / 0 pending / 0 (0.0%) gas / (0xe39431fb0ba723b28ae4e96a5bf0be41be841204e65834ffc0f246d7a965b2a8)","throwable":""}
{"timestamp":"2025-09-12T18:45:20,011","container":"7965dbe76a4e","level":"INFO","thread":"BftProcessorExecutor-QBFT-0","class":"QbftBesuControllerBuilder","message":"Imported #1,941 / 0 tx / 0 pending / 0 (0.0%) gas / (0x90ef5accd1e927d1de5441e507f84ae2c1be448abaeb8e1da9352b3040d667c1)","throwable":""}
{"timestamp":"2025-09-12T18:45:28,017","container":"7965dbe76a4e","level":"INFO","thread":"BftProcessorExecutor-QBFT-0","class":"QbftBesuControllerBuilder","message":"Produced #1,942 / 0 tx / 0 pending / 0 (0.0%) gas / (0xadda99c048e1daea88fbafcf5aef2571f928d64be8f29e56df606d4bd3299e02)","throwable":""}
{"timestamp":"2025-09-12T18:45:36,026","container":"7965dbe76a4e","level":"INFO","thread":"EthScheduler-Workers-0","class":"PersistBlockTask","message":"Imported #1,943 / 0 tx / 0 om / 0 (0.0%) gas / (0x0230d6f3b6b733ac8614ef1be5f021e517a66df699dfdcb76789139601bc1ca8) in 0.005s. Peers: 5","throwable":""}
{"timestamp":"2025-09-12T18:45:36,026","container":"7965dbe76a4e","level":"INFO","thread":"BftProcessorExecutor-QBFT-0","class":"QbftBesuControllerBuilder","message":"Imported #1,943 / 0 tx / 0 pending / 0 (0.0%) gas / (0x0230d6f3b6b733ac8614ef1be5f021e517a66df699dfdcb76789139601bc1ca8)","throwable":""}
{"timestamp":"2025-09-12T18:45:44,014","container":"7965dbe76a4e","level":"INFO","thread":"EthScheduler-Workers-0","class":"PersistBlockTask","message":"Block 1944 (0xd32a9eda167b7dfd5f41d519e1ebf09aa37b9f46b7eb7e5fb770a5e351e06bbf) is already imported","throwable":""}
{"timestamp":"2025-09-12T18:45:44,015","container":"7965dbe76a4e","level":"INFO","thread":"BftProcessorExecutor-QBFT-0","class":"QbftBesuControllerBuilder","message":"Imported #1,944 / 0 tx / 0 pending / 0 (0.0%) gas / (0xd32a9eda167b7dfd5f41d519e1ebf09aa37b9f46b7eb7e5fb770a5e351e06bbf)","throwable":""}
{"timestamp":"2025-09-12T18:45:52,043","container":"7965dbe76a4e","level":"INFO","thread":"EthScheduler-Workers-0","class":"PersistBlockTask","message":"Block 1945 (0xdd73c4b34d5c07c8e42d8bb8cada981e759a62afed292edef89a09ec0ba01291) is already imported","throwable":""}
{"timestamp":"2025-09-12T18:45:52,043","container":"7965dbe76a4e","level":"INFO","thread":"BftProcessorExecutor-QBFT-0","class":"QbftBesuControllerBuilder","message":"Imported #1,945 / 0 tx / 0 pending / 0 (0.0%) gas / (0xdd73c4b34d5c07c8e42d8bb8cada981e759a62afed292edef89a09ec0ba01291)","throwable":""}
{"timestamp":"2025-09-12T18:46:00,011","container":"7965dbe76a4e","level":"INFO","thread":"EthScheduler-Workers-0","class":"PersistBlockTask","message":"Block 1946 (0x41279fa51c23a0cdb6b1621b94af455051b7aadb953698e829f7a897f157d0c1) is already imported","throwable":""}
{"timestamp":"2025-09-12T18:46:00,011","container":"7965dbe76a4e","level":"INFO","thread":"BftProcessorExecutor-QBFT-0","class":"QbftBesuControllerBuilder","message":"Produced #1,946 / 0 tx / 0 pending / 0 (0.0%) gas / (0x41279fa51c23a0cdb6b1621b94af455051b7aadb953698e829f7a897f157d0c1)","throwable":""}
{"timestamp":"2025-09-12T18:46:08,027","container":"7965dbe76a4e","level":"INFO","thread":"EthScheduler-Workers-0","class":"PersistBlockTask","message":"Imported #1,947 / 0 tx / 0 om / 0 (0.0%) gas / (0x6ece11ece4a59775c9e6b8a5eef0777e011307046004c503e496913c45eb76b3) in 0.002s. Peers: 5","throwable":""}
{"timestamp":"2025-09-12T18:46:08,030","container":"7965dbe76a4e","level":"INFO","thread":"BftProcessorExecutor-QBFT-0","class":"QbftBesuControllerBuilder","message":"Imported #1,947 / 0 tx / 0 pending / 0 (0.0%) gas / (0x6ece11ece4a59775c9e6b8a5eef0777e011307046004c503e496913c45eb76b3)","throwable":""}
{"timestamp":"2025-09-12T18:46:16,017","container":"7965dbe76a4e","level":"INFO","thread":"EthScheduler-Workers-0","class":"PersistBlockTask","message":"Imported #1,948 / 0 tx / 0 om / 0 (0.0%) gas / (0x99985aed009dcfe902c45747da8797a5fb7c8b942b89ce4fa1c2462442f365fe) in 0.001s. Peers: 5","throwable":""}
{"timestamp":"2025-09-12T18:46:16,017","container":"7965dbe76a4e","level":"INFO","thread":"BftProcessorExecutor-QBFT-0","class":"QbftBesuControllerBuilder","message":"Imported #1,948 / 0 tx / 0 pending / 0 (0.0%) gas / (0x99985aed009dcfe902c45747da8797a5fb7c8b942b89ce4fa1c2462442f365fe)","throwable":""}
{"timestamp":"2025-09-12T18:46:24,020","container":"7965dbe76a4e","level":"INFO","thread":"BftProcessorExecutor-QBFT-0","class":"QbftBesuControllerBuilder","message":"Imported #1,949 / 0 tx / 0 pending / 0 (0.0%) gas / (0x2bc4cd149dc53856f49c104e26d78e981d17f6b115017972b2cd420d7c353837)","throwable":""}
{"timestamp":"2025-09-12T18:46:32,013","container":"7965dbe76a4e","level":"INFO","thread":"BftProcessorExecutor-QBFT-0","class":"QbftBesuControllerBuilder","message":"Produced #1,950 / 0 tx / 0 pending / 0 (0.0%) gas / (0x1f49efd20f5feeeb2682d1b84cf910d0d6c1a6422e26beaacb14964c34fb32aa)","throwable":""}
{"timestamp":"2025-09-12T18:46:40,016","container":"7965dbe76a4e","level":"INFO","thread":"EthScheduler-Workers-0","class":"PersistBlockTask","message":"Imported #1,951 / 0 tx / 0 om / 0 (0.0%) gas / (0x23dd4cc823ba691f5c02dccc25b4804ad6540ed9c273a43350cebaba88b859ac) in 0.001s. Peers: 5","throwable":""}
{"timestamp":"2025-09-12T18:46:40,016","container":"7965dbe76a4e","level":"INFO","thread":"BftProcessorExecutor-QBFT-0","class":"QbftBesuControllerBuilder","message":"Imported #1,951 / 0 tx / 0 pending / 0 (0.0%) gas / (0x23dd4cc823ba691f5c02dccc25b4804ad6540ed9c273a43350cebaba88b859ac)","throwable":""}
{"timestamp":"2025-09-12T18:46:48,012","container":"7965dbe76a4e","level":"INFO","thread":"BftProcessorExecutor-QBFT-0","class":"QbftBesuControllerBuilder","message":"Imported #1,952 / 0 tx / 0 pending / 0 (0.0%) gas / (0x825bcbdfccc69bc01097e52bac269ae5aac136695896dfc2b98842b8e29f5c8d)","throwable":""}
{"timestamp":"2025-09-12T18:46:56,015","container":"7965dbe76a4e","level":"INFO","thread":"BftProcessorExecutor-QBFT-0","class":"QbftBesuControllerBuilder","message":"Imported #1,953 / 0 tx / 0 pending / 0 (0.0%) gas / (0xc08c8dff0c39e6144db1e8f97c421ee958bf3db76e1b8a68ee4ad6c0f1796bc3)","throwable":""}
{"timestamp":"2025-09-12T18:47:04,020","container":"7965dbe76a4e","level":"INFO","thread":"EthScheduler-Workers-0","class":"PersistBlockTask","message":"Block 1954 (0x0814a9a404cc1887f513d3943d6cbe8edf87e499ed2d5f7779d8ccc56ad7b156) is already imported","throwable":""}
{"timestamp":"2025-09-12T18:47:04,022","container":"7965dbe76a4e","level":"INFO","thread":"BftProcessorExecutor-QBFT-0","class":"QbftBesuControllerBuilder","message":"Produced #1,954 / 0 tx / 0 pending / 0 (0.0%) gas / (0x0814a9a404cc1887f513d3943d6cbe8edf87e499ed2d5f7779d8ccc56ad7b156)","throwable":""}
{"timestamp":"2025-09-12T18:47:12,012","container":"7965dbe76a4e","level":"INFO","thread":"BftProcessorExecutor-QBFT-0","class":"QbftBesuControllerBuilder","message":"Imported #1,955 / 0 tx / 0 pending / 0 (0.0%) gas / (0x35df742bd1d5efc1cab99bd1191630aaab9a4e0213da33c8d52d33704096f295)","throwable":""}
{"timestamp":"2025-09-12T18:47:20,015","container":"7965dbe76a4e","level":"INFO","thread":"BftProcessorExecutor-QBFT-0","class":"QbftBesuControllerBuilder","message":"Imported #1,956 / 0 tx / 0 pending / 0 (0.0%) gas / (0x4b295004c2f4378a0173a31f9bfa8ca70bb5c046da7e0e9c90d9ff371b66148a)","throwable":""}
{"timestamp":"2025-09-12T18:47:20,016","container":"7965dbe76a4e","level":"INFO","thread":"EthScheduler-Workers-0","class":"PersistBlockTask","message":"Block 1956 (0x4b295004c2f4378a0173a31f9bfa8ca70bb5c046da7e0e9c90d9ff371b66148a) is already imported","throwable":""}
{"timestamp":"2025-09-12T18:47:28,019","container":"7965dbe76a4e","level":"INFO","thread":"BftProcessorExecutor-QBFT-0","class":"QbftBesuControllerBuilder","message":"Imported #1,957 / 0 tx / 0 pending / 0 (0.0%) gas / (0xfce544e3b298564acdc788d1968b34ebe890559c816449e92957357fcbf9ddd6)","throwable":""}
{"timestamp":"2025-09-12T18:47:28,019","container":"7965dbe76a4e","level":"INFO","thread":"EthScheduler-Workers-0","class":"PersistBlockTask","message":"Block 1957 (0xfce544e3b298564acdc788d1968b34ebe890559c816449e92957357fcbf9ddd6) is already imported","throwable":""}
{"timestamp":"2025-09-12T18:47:36,014","container":"7965dbe76a4e","level":"INFO","thread":"EthScheduler-Workers-0","class":"PersistBlockTask","message":"Block 1958 (0xefaa4e8e1a5ee43003d848d961743a5eabdf3cff59345220a841b6c9a0866756) is already imported","throwable":""}
{"timestamp":"2025-09-12T18:47:36,014","container":"7965dbe76a4e","level":"INFO","thread":"BftProcessorExecutor-QBFT-0","class":"QbftBesuControllerBuilder","message":"Produced #1,958 / 0 tx / 0 pending / 0 (0.0%) gas / (0xefaa4e8e1a5ee43003d848d961743a5eabdf3cff59345220a841b6c9a0866756)","throwable":""}
{"timestamp":"2025-09-12T18:47:44,011","container":"7965dbe76a4e","level":"INFO","thread":"BftProcessorExecutor-QBFT-0","class":"QbftBesuControllerBuilder","message":"Imported #1,959 / 0 tx / 0 pending / 0 (0.0%) gas / (0x3a4e520fb143a3ba6937ce6a9e98741a773ba94d5c3a41e7fed5cc53107550e0)","throwable":""}
{"timestamp":"2025-09-12T18:47:44,012","container":"7965dbe76a4e","level":"INFO","thread":"EthScheduler-Workers-0","class":"PersistBlockTask","message":"Block 1959 (0x3a4e520fb143a3ba6937ce6a9e98741a773ba94d5c3a41e7fed5cc53107550e0) is already imported","throwable":""}
{"timestamp":"2025-09-12T18:47:52,012","container":"7965dbe76a4e","level":"INFO","thread":"BftProcessorExecutor-QBFT-0","class":"QbftBesuControllerBuilder","message":"Imported #1,960 / 0 tx / 0 pending / 0 (0.0%) gas / (0xf132980a7966de12a67e7fc6cb2ca2bd7cb9c8086d171524174d2fc51d1112f1)","throwable":""}
{"timestamp":"2025-09-12T18:48:00,027","container":"7965dbe76a4e","level":"INFO","thread":"BftProcessorExecutor-QBFT-0","class":"QbftBesuControllerBuilder","message":"Imported #1,961 / 0 tx / 0 pending / 0 (0.0%) gas / (0x55a053bf477533e8c3e5941d9ada04b3cfa00126dd71a3746bd6ff62e952ff77)","throwable":""}
{"timestamp":"2025-09-12T18:48:08,039","container":"7965dbe76a4e","level":"INFO","thread":"EthScheduler-Workers-0","class":"PersistBlockTask","message":"Imported #1,962 / 0 tx / 0 om / 0 (0.0%) gas / (0xaa4b5d022cb83529b7f2cfa8de9cf67b59b5f76a7f5ced110aeec249a35839de) in 0.001s. Peers: 5","throwable":""}
{"timestamp":"2025-09-12T18:48:08,039","container":"7965dbe76a4e","level":"INFO","thread":"BftProcessorExecutor-QBFT-0","class":"QbftBesuControllerBuilder","message":"Produced #1,962 / 0 tx / 0 pending / 0 (0.0%) gas / (0xaa4b5d022cb83529b7f2cfa8de9cf67b59b5f76a7f5ced110aeec249a35839de)","throwable":""}
{"timestamp":"2025-09-12T18:48:16,014","container":"7965dbe76a4e","level":"INFO","thread":"EthScheduler-Workers-0","class":"PersistBlockTask","message":"Block 1963 (0x2f86adbd81897f63c3e379d861493095ff3a944dce9d78c9e65330eb9c80c4b2) is already imported","throwable":""}
{"timestamp":"2025-09-12T18:48:16,014","container":"7965dbe76a4e","level":"INFO","thread":"BftProcessorExecutor-QBFT-0","class":"QbftBesuControllerBuilder","message":"Imported #1,963 / 0 tx / 0 pending / 0 (0.0%) gas / (0x2f86adbd81897f63c3e379d861493095ff3a944dce9d78c9e65330eb9c80c4b2)","throwable":""}
{"timestamp":"2025-09-12T18:48:24,013","container":"7965dbe76a4e","level":"INFO","thread":"BftProcessorExecutor-QBFT-0","class":"QbftBesuControllerBuilder","message":"Imported #1,964 / 0 tx / 0 pending / 0 (0.0%) gas / (0x7815bf56b496a6047a86ed1777d630b413f608d98521c5224dacf7d0e6afacfa)","throwable":""}
{"timestamp":"2025-09-12T18:48:32,016","container":"7965dbe76a4e","level":"INFO","thread":"BftProcessorExecutor-QBFT-0","class":"QbftBesuControllerBuilder","message":"Imported #1,965 / 0 tx / 0 pending / 0 (0.0%) gas / (0xd6e3bfeffaa070889ad20872763df128452aa80cf7bb094fa25fa889197bfac3)","throwable":""}
{"timestamp":"2025-09-12T18:48:32,016","container":"7965dbe76a4e","level":"INFO","thread":"EthScheduler-Workers-0","class":"PersistBlockTask","message":"Block 1965 (0xd6e3bfeffaa070889ad20872763df128452aa80cf7bb094fa25fa889197bfac3) is already imported","throwable":""}
{"timestamp":"2025-09-12T18:48:40,015","container":"7965dbe76a4e","level":"INFO","thread":"BftProcessorExecutor-QBFT-0","class":"QbftBesuControllerBuilder","message":"Produced #1,966 / 0 tx / 0 pending / 0 (0.0%) gas / (0xc373f17ffb78527501c8be09a6253cd29fd1e5c922d386feb59573a28ed745c5)","throwable":""}
{"timestamp":"2025-09-12T18:48:48,014","container":"7965dbe76a4e","level":"INFO","thread":"BftProcessorExecutor-QBFT-0","class":"QbftBesuControllerBuilder","message":"Imported #1,967 / 0 tx / 0 pending / 0 (0.0%) gas / (0xe691a69f71082c6282219a1fb2a7aa5ebaf21205b924fa44d8cf2e502c993778)","throwable":""}
{"timestamp":"2025-09-12T18:48:56,016","container":"7965dbe76a4e","level":"INFO","thread":"EthScheduler-Workers-0","class":"PersistBlockTask","message":"Block 1968 (0x0f172b62952e9676e37147cee5300c3c6a750cbcd0a4dfbda972e3be4963cfca) is already imported","throwable":""}
{"timestamp":"2025-09-12T18:48:56,016","container":"7965dbe76a4e","level":"INFO","thread":"BftProcessorExecutor-QBFT-0","class":"QbftBesuControllerBuilder","message":"Imported #1,968 / 0 tx / 0 pending / 0 (0.0%) gas / (0x0f172b62952e9676e37147cee5300c3c6a750cbcd0a4dfbda972e3be4963cfca)","throwable":""}
{"timestamp":"2025-09-12T18:49:04,014","container":"7965dbe76a4e","level":"INFO","thread":"BftProcessorExecutor-QBFT-0","class":"QbftBesuControllerBuilder","message":"Imported #1,969 / 0 tx / 0 pending / 0 (0.0%) gas / (0x65d7e6634008773140c732249c0a0d5e75bf5f38ff007c500f3a60ae8fd216e7)","throwable":""}
{"timestamp":"2025-09-12T18:49:12,010","container":"7965dbe76a4e","level":"INFO","thread":"BftProcessorExecutor-QBFT-0","class":"QbftBesuControllerBuilder","message":"Produced #1,970 / 0 tx / 0 pending / 0 (0.0%) gas / (0xa389c495a98525bc9a9651b5d23a5749dd29955de62a1d5006a6286ee01afa1e)","throwable":""}
{"timestamp":"2025-09-12T18:49:20,008","container":"7965dbe76a4e","level":"INFO","thread":"EthScheduler-Workers-0","class":"PersistBlockTask","message":"Block 1971 (0xcae56efaec4b4f5bccec68c27797396fd8b2d5d1e7a4607147a51d5228666588) is already imported","throwable":""}
{"timestamp":"2025-09-12T18:49:20,008","container":"7965dbe76a4e","level":"INFO","thread":"BftProcessorExecutor-QBFT-0","class":"QbftBesuControllerBuilder","message":"Imported #1,971 / 0 tx / 0 pending / 0 (0.0%) gas / (0xcae56efaec4b4f5bccec68c27797396fd8b2d5d1e7a4607147a51d5228666588)","throwable":""}
{"timestamp":"2025-09-12T18:49:28,008","container":"7965dbe76a4e","level":"INFO","thread":"BftProcessorExecutor-QBFT-0","class":"QbftBesuControllerBuilder","message":"Imported #1,972 / 0 tx / 0 pending / 0 (0.0%) gas / (0xeef14772f7e394f3fd35746d491056e63531d05c3fd6117f680032616e76cd4f)","throwable":""}
{"timestamp":"2025-09-12T18:49:28,009","container":"7965dbe76a4e","level":"INFO","thread":"EthScheduler-Workers-0","class":"PersistBlockTask","message":"Block 1972 (0xeef14772f7e394f3fd35746d491056e63531d05c3fd6117f680032616e76cd4f) is already imported","throwable":""}
{"timestamp":"2025-09-12T18:49:36,021","container":"7965dbe76a4e","level":"INFO","thread":"EthScheduler-Workers-0","class":"PersistBlockTask","message":"Imported #1,973 / 0 tx / 0 om / 0 (0.0%) gas / (0x699a2e4dac549ee1de61baa5dfcdad7c1d27268d48791743b99653c8ce7ee26f) in 0.001s. Peers: 5","throwable":""}
{"timestamp":"2025-09-12T18:49:36,021","container":"7965dbe76a4e","level":"INFO","thread":"BftProcessorExecutor-QBFT-0","class":"QbftBesuControllerBuilder","message":"Imported #1,973 / 0 tx / 0 pending / 0 (0.0%) gas / (0x699a2e4dac549ee1de61baa5dfcdad7c1d27268d48791743b99653c8ce7ee26f)","throwable":""}
{"timestamp":"2025-09-12T18:49:44,010","container":"7965dbe76a4e","level":"INFO","thread":"BftProcessorExecutor-QBFT-0","class":"QbftBesuControllerBuilder","message":"Produced #1,974 / 0 tx / 0 pending / 0 (0.0%) gas / (0x7b3f498c7d065cc5faa65f2407489523636f4a5efe280c9b22b64cfc0ee6c856)","throwable":""}
{"timestamp":"2025-09-12T18:49:52,014","container":"7965dbe76a4e","level":"INFO","thread":"EthScheduler-Workers-0","class":"PersistBlockTask","message":"Block 1975 (0xe6aa54136251737bb0cfcf2ef78034bfe85abe01a1577d6a1747a6d75f88f1d1) is already imported","throwable":""}
{"timestamp":"2025-09-12T18:49:52,014","container":"7965dbe76a4e","level":"INFO","thread":"BftProcessorExecutor-QBFT-0","class":"QbftBesuControllerBuilder","message":"Imported #1,975 / 0 tx / 0 pending / 0 (0.0%) gas / (0xe6aa54136251737bb0cfcf2ef78034bfe85abe01a1577d6a1747a6d75f88f1d1)","throwable":""}
{"timestamp":"2025-09-12T18:50:00,015","container":"7965dbe76a4e","level":"INFO","thread":"EthScheduler-Workers-0","class":"PersistBlockTask","message":"Block 1976 (0xab0cfcf33153c9365ffda44591288ef05bcbf679d518c99aaeb1b0a59402632e) is already imported","throwable":""}
{"timestamp":"2025-09-12T18:50:00,015","container":"7965dbe76a4e","level":"INFO","thread":"BftProcessorExecutor-QBFT-0","class":"QbftBesuControllerBuilder","message":"Imported #1,976 / 0 tx / 0 pending / 0 (0.0%) gas / (0xab0cfcf33153c9365ffda44591288ef05bcbf679d518c99aaeb1b0a59402632e)","throwable":""}
{"timestamp":"2025-09-12T18:50:08,020","container":"7965dbe76a4e","level":"INFO","thread":"EthScheduler-Workers-0","class":"PersistBlockTask","message":"Imported #1,977 / 0 tx / 0 om / 0 (0.0%) gas / (0x080085be5e8a0881292fae78d56ee21577e4ec17572ce64fa27c25be8cffbce9) in 0.001s. Peers: 5","throwable":""}
{"timestamp":"2025-09-12T18:50:08,020","container":"7965dbe76a4e","level":"INFO","thread":"BftProcessorExecutor-QBFT-0","class":"QbftBesuControllerBuilder","message":"Imported #1,977 / 0 tx / 0 pending / 0 (0.0%) gas / (0x080085be5e8a0881292fae78d56ee21577e4ec17572ce64fa27c25be8cffbce9)","throwable":""}
{"timestamp":"2025-09-12T18:50:16,017","container":"7965dbe76a4e","level":"INFO","thread":"BftProcessorExecutor-QBFT-0","class":"QbftBesuControllerBuilder","message":"Produced #1,978 / 0 tx / 0 pending / 0 (0.0%) gas / (0x2173d6489594738b0f716d9f0637adad9b3e440bacb152b01df124c6fdc65773)","throwable":""}
{"timestamp":"2025-09-12T18:50:16,018","container":"7965dbe76a4e","level":"INFO","thread":"EthScheduler-Workers-0","class":"PersistBlockTask","message":"Block 1978 (0x2173d6489594738b0f716d9f0637adad9b3e440bacb152b01df124c6fdc65773) is already imported","throwable":""}
{"timestamp":"2025-09-12T18:50:24,013","container":"7965dbe76a4e","level":"INFO","thread":"EthScheduler-Workers-0","class":"PersistBlockTask","message":"Imported #1,979 / 0 tx / 0 om / 0 (0.0%) gas / (0x4ded5056935108ea7cb6e734b9fd610554a674b732534fcde018caefcb736a04) in 0.001s. Peers: 5","throwable":""}
{"timestamp":"2025-09-12T18:50:32,010","container":"7965dbe76a4e","level":"INFO","thread":"EthScheduler-Workers-0","class":"PersistBlockTask","message":"Imported #1,980 / 0 tx / 0 om / 0 (0.0%) gas / (0xe2fa42e59b130e7016f2418ffb2e4117d7cd25813b4fd298250e1a87773495bf) in 0.001s. Peers: 5","throwable":""}
{"timestamp":"2025-09-12T18:50:32,011","container":"7965dbe76a4e","level":"INFO","thread":"BftProcessorExecutor-QBFT-0","class":"QbftBesuControllerBuilder","message":"Imported #1,980 / 0 tx / 0 pending / 0 (0.0%) gas / (0xe2fa42e59b130e7016f2418ffb2e4117d7cd25813b4fd298250e1a87773495bf)","throwable":""}
{"timestamp":"2025-09-12T18:50:40,020","container":"7965dbe76a4e","level":"INFO","thread":"BftProcessorExecutor-QBFT-0","class":"QbftBesuControllerBuilder","message":"Imported #1,981 / 0 tx / 0 pending / 0 (0.0%) gas / (0x1016ef27ecb8ebc29a8122f0f2efa9fa343eaa75fd61e1b92f0c1f7e70927cd2)","throwable":""}
{"timestamp":"2025-09-12T18:50:48,032","container":"7965dbe76a4e","level":"INFO","thread":"BftProcessorExecutor-QBFT-0","class":"QbftBesuControllerBuilder","message":"Produced #1,982 / 0 tx / 0 pending / 0 (0.0%) gas / (0xf8863236078c902d93a94d6487d98f1eee1ca1d7ba00882558641afb90905fa8)","throwable":""}
{"timestamp":"2025-09-12T18:50:56,014","container":"7965dbe76a4e","level":"INFO","thread":"BftProcessorExecutor-QBFT-0","class":"QbftBesuControllerBuilder","message":"Imported #1,983 / 0 tx / 0 pending / 0 (0.0%) gas / (0xfe5bf6f85d8359d1371ad780138a8831441e5dfee100a3593affd2bd1942f6ba)","throwable":""}
{"timestamp":"2025-09-12T18:51:04,012","container":"7965dbe76a4e","level":"INFO","thread":"BftProcessorExecutor-QBFT-0","class":"QbftBesuControllerBuilder","message":"Imported #1,984 / 0 tx / 0 pending / 0 (0.0%) gas / (0xc35ccd6d34e88b35398270e07205bbe5ac95c68c333ef7b7aeb5f8d2c6789e56)","throwable":""}
{"timestamp":"2025-09-12T18:51:12,024","container":"7965dbe76a4e","level":"INFO","thread":"EthScheduler-Workers-0","class":"PersistBlockTask","message":"Block 1985 (0x9942b796142fdb2102d55878c5215a60d2fabf213c27646c37f8f50766fdca1b) is already imported","throwable":""}
{"timestamp":"2025-09-12T18:51:12,024","container":"7965dbe76a4e","level":"INFO","thread":"BftProcessorExecutor-QBFT-0","class":"QbftBesuControllerBuilder","message":"Imported #1,985 / 0 tx / 0 pending / 0 (0.0%) gas / (0x9942b796142fdb2102d55878c5215a60d2fabf213c27646c37f8f50766fdca1b)","throwable":""}
{"timestamp":"2025-09-12T18:51:20,019","container":"7965dbe76a4e","level":"INFO","thread":"BftProcessorExecutor-QBFT-0","class":"QbftBesuControllerBuilder","message":"Produced #1,986 / 0 tx / 0 pending / 0 (0.0%) gas / (0x8d3da5e8c7a62e5b6b40ee85a2ff7ea36225e8b422a3f4590950d78f30b44621)","throwable":""}
{"timestamp":"2025-09-12T18:51:28,009","container":"7965dbe76a4e","level":"INFO","thread":"EthScheduler-Workers-0","class":"PersistBlockTask","message":"Block 1987 (0x08c1beda9b90c9ed6d5a84153eaf94290ac33925115223670d9855b8194a873d) is already imported","throwable":""}
{"timestamp":"2025-09-12T18:51:28,010","container":"7965dbe76a4e","level":"INFO","thread":"BftProcessorExecutor-QBFT-0","class":"QbftBesuControllerBuilder","message":"Imported #1,987 / 0 tx / 0 pending / 0 (0.0%) gas / (0x08c1beda9b90c9ed6d5a84153eaf94290ac33925115223670d9855b8194a873d)","throwable":""}
{"timestamp":"2025-09-12T18:51:36,013","container":"7965dbe76a4e","level":"INFO","thread":"BftProcessorExecutor-QBFT-0","class":"QbftBesuControllerBuilder","message":"Imported #1,988 / 0 tx / 0 pending / 0 (0.0%) gas / (0xeb35c9bb96c1a730f8ec88964cbdfbd0d659dd1795b504fd2e094d77ff915a48)","throwable":""}
{"timestamp":"2025-09-12T18:51:44,008","container":"7965dbe76a4e","level":"INFO","thread":"EthScheduler-Workers-0","class":"PersistBlockTask","message":"Imported #1,989 / 0 tx / 0 om / 0 (0.0%) gas / (0xd106f02b87f35ea11a72ee5cd7d362a89cca9b6cccc2ea17ec8b870070dadd46) in 0.001s. Peers: 5","throwable":""}
{"timestamp":"2025-09-12T18:51:44,009","container":"7965dbe76a4e","level":"INFO","thread":"BftProcessorExecutor-QBFT-0","class":"QbftBesuControllerBuilder","message":"Imported #1,989 / 0 tx / 0 pending / 0 (0.0%) gas / (0xd106f02b87f35ea11a72ee5cd7d362a89cca9b6cccc2ea17ec8b870070dadd46)","throwable":""}
{"timestamp":"2025-09-12T18:51:52,019","container":"7965dbe76a4e","level":"INFO","thread":"EthScheduler-Workers-0","class":"PersistBlockTask","message":"Imported #1,990 / 0 tx / 0 om / 0 (0.0%) gas / (0x88c10d88efbe6874ce296cdb7e257b8627b64d9cbc516b70f75a64834dabfcb7) in 0.002s. Peers: 5","throwable":""}
{"timestamp":"2025-09-12T18:51:52,019","container":"7965dbe76a4e","level":"INFO","thread":"BftProcessorExecutor-QBFT-0","class":"QbftBesuControllerBuilder","message":"Produced #1,990 / 0 tx / 0 pending / 0 (0.0%) gas / (0x88c10d88efbe6874ce296cdb7e257b8627b64d9cbc516b70f75a64834dabfcb7)","throwable":""}
{"timestamp":"2025-09-12T18:52:00,015","container":"7965dbe76a4e","level":"INFO","thread":"EthScheduler-Workers-0","class":"PersistBlockTask","message":"Block 1991 (0x7f1ca89f8d2c0b6765db81ca6cbbbe2d1c8044dc7db3d7578e76c4c9f457faba) is already imported","throwable":""}
{"timestamp":"2025-09-12T18:52:00,016","container":"7965dbe76a4e","level":"INFO","thread":"BftProcessorExecutor-QBFT-0","class":"QbftBesuControllerBuilder","message":"Imported #1,991 / 0 tx / 0 pending / 0 (0.0%) gas / (0x7f1ca89f8d2c0b6765db81ca6cbbbe2d1c8044dc7db3d7578e76c4c9f457faba)","throwable":""}
{"timestamp":"2025-09-12T18:52:08,010","container":"7965dbe76a4e","level":"INFO","thread":"EthScheduler-Workers-0","class":"PersistBlockTask","message":"Block 1992 (0xe3364eb16ca29cb8c7f5bbd31fc1cf495827dfee745ac0a89b3ec83adde2c078) is already imported","throwable":""}
{"timestamp":"2025-09-12T18:52:08,010","container":"7965dbe76a4e","level":"INFO","thread":"BftProcessorExecutor-QBFT-0","class":"QbftBesuControllerBuilder","message":"Imported #1,992 / 0 tx / 0 pending / 0 (0.0%) gas / (0xe3364eb16ca29cb8c7f5bbd31fc1cf495827dfee745ac0a89b3ec83adde2c078)","throwable":""}
{"timestamp":"2025-09-12T18:52:16,014","container":"7965dbe76a4e","level":"INFO","thread":"BftProcessorExecutor-QBFT-0","class":"QbftBesuControllerBuilder","message":"Imported #1,993 / 0 tx / 0 pending / 0 (0.0%) gas / (0x8031054cb157429dd04de66ddebd8cdf954033f6562297b0f42e1c11ed5860b0)","throwable":""}
{"timestamp":"2025-09-12T18:52:24,012","container":"7965dbe76a4e","level":"INFO","thread":"BftProcessorExecutor-QBFT-0","class":"QbftBesuControllerBuilder","message":"Produced #1,994 / 0 tx / 0 pending / 0 (0.0%) gas / (0x2b6329845073826d2ffcf732d12b7021bcbec292c4791e8eb1a7ffd1c0c0fe66)","throwable":""}
{"timestamp":"2025-09-12T18:52:24,012","container":"7965dbe76a4e","level":"INFO","thread":"EthScheduler-Workers-0","class":"PersistBlockTask","message":"Block 1994 (0x2b6329845073826d2ffcf732d12b7021bcbec292c4791e8eb1a7ffd1c0c0fe66) is already imported","throwable":""}
{"timestamp":"2025-09-12T18:52:32,008","container":"7965dbe76a4e","level":"INFO","thread":"BftProcessorExecutor-QBFT-0","class":"QbftBesuControllerBuilder","message":"Imported #1,995 / 0 tx / 0 pending / 0 (0.0%) gas / (0x94923943429c72353131a5521c0aeeb75562096993f4051651f05f4c3e53cbd6)","throwable":""}
{"timestamp":"2025-09-12T18:52:40,017","container":"7965dbe76a4e","level":"INFO","thread":"EthScheduler-Workers-0","class":"PersistBlockTask","message":"Block 1996 (0x578585c2b9a1d95670cbc0e0bd7d375bbe65b8439cd5a6bb0c7fe64f7ccf1396) is already imported","throwable":""}
{"timestamp":"2025-09-12T18:52:40,017","container":"7965dbe76a4e","level":"INFO","thread":"BftProcessorExecutor-QBFT-0","class":"QbftBesuControllerBuilder","message":"Imported #1,996 / 0 tx / 0 pending / 0 (0.0%) gas / (0x578585c2b9a1d95670cbc0e0bd7d375bbe65b8439cd5a6bb0c7fe64f7ccf1396)","throwable":""}
{"timestamp":"2025-09-12T18:52:48,008","container":"7965dbe76a4e","level":"INFO","thread":"BftProcessorExecutor-QBFT-0","class":"QbftBesuControllerBuilder","message":"Imported #1,997 / 0 tx / 0 pending / 0 (0.0%) gas / (0xb71ece5ea573349c9903078aab9a583f59373900ef35738b4e5e078bea3ae5ec)","throwable":""}
{"timestamp":"2025-09-12T18:52:56,013","container":"7965dbe76a4e","level":"INFO","thread":"BftProcessorExecutor-QBFT-0","class":"QbftBesuControllerBuilder","message":"Produced #1,998 / 0 tx / 0 pending / 0 (0.0%) gas / (0xcc00f6e198b6f0da261106e4cfd942788f611186087754e75aa0004efe5628e8)","throwable":""}
{"timestamp":"2025-09-12T18:53:04,018","container":"7965dbe76a4e","level":"INFO","thread":"BftProcessorExecutor-QBFT-0","class":"QbftBesuControllerBuilder","message":"Imported #1,999 / 0 tx / 0 pending / 0 (0.0%) gas / (0xf8d8d12b8d6874f0d6d758bc8100d3607880c3e621b4f4a9f4f77655bcecb142)","throwable":""}
{"timestamp":"2025-09-12T18:53:12,017","container":"7965dbe76a4e","level":"INFO","thread":"BftProcessorExecutor-QBFT-0","class":"QbftBesuControllerBuilder","message":"Imported #2,000 / 0 tx / 0 pending / 0 (0.0%) gas / (0xedda6362bc4f68fe874260192f58f56205843010496ad38a4ebae5813db63ffe)","throwable":""}
{"timestamp":"2025-09-12T18:53:20,020","container":"7965dbe76a4e","level":"INFO","thread":"EthScheduler-Workers-0","class":"PersistBlockTask","message":"Block 2001 (0xb5e87f26d783aa53a402bd2f3eecb3d1789127821c3f7772e98a3f7c90e131b3) is already imported","throwable":""}
{"timestamp":"2025-09-12T18:53:20,020","container":"7965dbe76a4e","level":"INFO","thread":"BftProcessorExecutor-QBFT-0","class":"QbftBesuControllerBuilder","message":"Imported #2,001 / 0 tx / 0 pending / 0 (0.0%) gas / (0xb5e87f26d783aa53a402bd2f3eecb3d1789127821c3f7772e98a3f7c90e131b3)","throwable":""}
{"timestamp":"2025-09-12T18:53:28,024","container":"7965dbe76a4e","level":"INFO","thread":"BftProcessorExecutor-QBFT-0","class":"QbftBesuControllerBuilder","message":"Produced #2,002 / 0 tx / 0 pending / 0 (0.0%) gas / (0x055b1fca82dd0cb19b55ef059d76a92459e8fbc02fc76a22f728e43312749d6a)","throwable":""}
{"timestamp":"2025-09-12T18:53:28,024","container":"7965dbe76a4e","level":"INFO","thread":"EthScheduler-Workers-0","class":"PersistBlockTask","message":"Block 2002 (0x055b1fca82dd0cb19b55ef059d76a92459e8fbc02fc76a22f728e43312749d6a) is already imported","throwable":""}
{"timestamp":"2025-09-12T18:53:36,017","container":"7965dbe76a4e","level":"INFO","thread":"BftProcessorExecutor-QBFT-0","class":"QbftBesuControllerBuilder","message":"Imported #2,003 / 0 tx / 0 pending / 0 (0.0%) gas / (0x8afa26c035f486d48753433c6e7d0f8ac27abf10a15ef20e2ce09282ec9a2377)","throwable":""}
{"timestamp":"2025-09-12T18:53:44,016","container":"7965dbe76a4e","level":"INFO","thread":"EthScheduler-Workers-0","class":"PersistBlockTask","message":"Imported #2,004 / 0 tx / 0 om / 0 (0.0%) gas / (0x1216d621b75529456fd349fc8c419de9e46bc38423c7eb3e115ae6555fb053c3) in 0.002s. Peers: 5","throwable":""}
{"timestamp":"2025-09-12T18:53:44,017","container":"7965dbe76a4e","level":"INFO","thread":"BftProcessorExecutor-QBFT-0","class":"QbftBesuControllerBuilder","message":"Imported #2,004 / 0 tx / 0 pending / 0 (0.0%) gas / (0x1216d621b75529456fd349fc8c419de9e46bc38423c7eb3e115ae6555fb053c3)","throwable":""}
{"timestamp":"2025-09-12T18:53:52,019","container":"7965dbe76a4e","level":"INFO","thread":"BftProcessorExecutor-QBFT-0","class":"QbftBesuControllerBuilder","message":"Imported #2,005 / 0 tx / 0 pending / 0 (0.0%) gas / (0xf668e66d8942b5957170635ef429d68bcf6c9449f9d0521c9a5ecf170b8366df)","throwable":""}
{"timestamp":"2025-09-12T18:53:52,019","container":"7965dbe76a4e","level":"INFO","thread":"EthScheduler-Workers-0","class":"PersistBlockTask","message":"Block 2005 (0xf668e66d8942b5957170635ef429d68bcf6c9449f9d0521c9a5ecf170b8366df) is already imported","throwable":""}
{"timestamp":"2025-09-12T18:54:00,012","container":"7965dbe76a4e","level":"INFO","thread":"BftProcessorExecutor-QBFT-0","class":"QbftBesuControllerBuilder","message":"Produced #2,006 / 0 tx / 0 pending / 0 (0.0%) gas / (0x52a284ca97676e2743f4b92383e559c23036cf52c9467cfad26e0a0b20ecbacc)","throwable":""}
{"timestamp":"2025-09-12T18:54:08,008","container":"7965dbe76a4e","level":"INFO","thread":"BftProcessorExecutor-QBFT-0","class":"QbftBesuControllerBuilder","message":"Imported #2,007 / 0 tx / 0 pending / 0 (0.0%) gas / (0x585e8e8fd5df5eb6c204920b40fdd39fcdf6397faf947da24284f288ba96df5f)","throwable":""}
{"timestamp":"2025-09-12T18:54:16,032","container":"7965dbe76a4e","level":"INFO","thread":"BftProcessorExecutor-QBFT-0","class":"QbftBesuControllerBuilder","message":"Imported #2,008 / 0 tx / 0 pending / 0 (0.0%) gas / (0x0e129e3100144bbf6e3b2221354287f08f1f0049960c0cf0c9e1aac3bcc0859b)","throwable":""}
{"timestamp":"2025-09-12T18:54:24,016","container":"7965dbe76a4e","level":"INFO","thread":"EthScheduler-Workers-0","class":"PersistBlockTask","message":"Imported #2,009 / 0 tx / 0 om / 0 (0.0%) gas / (0x02336408ef35980ba9dc420e272d4eaf98a611f708056b5f98a113476f44cb4f) in 0.003s. Peers: 5","throwable":""}
{"timestamp":"2025-09-12T18:54:32,027","container":"7965dbe76a4e","level":"INFO","thread":"BftProcessorExecutor-QBFT-0","class":"QbftBesuControllerBuilder","message":"Produced #2,010 / 0 tx / 0 pending / 0 (0.0%) gas / (0x2c37e8481d40b3e2cd4895e204b4b3558217c06c55faec4b7938c2e460577636)","throwable":""}
{"timestamp":"2025-09-12T18:54:32,029","container":"7965dbe76a4e","level":"INFO","thread":"EthScheduler-Workers-0","class":"PersistBlockTask","message":"Block 2010 (0x2c37e8481d40b3e2cd4895e204b4b3558217c06c55faec4b7938c2e460577636) is already imported","throwable":""}
{"timestamp":"2025-09-12T18:54:40,007","container":"7965dbe76a4e","level":"INFO","thread":"BftProcessorExecutor-QBFT-0","class":"QbftBesuControllerBuilder","message":"Imported #2,011 / 0 tx / 0 pending / 0 (0.0%) gas / (0x9581488e2bd48ce8cd0b3d2cf30a4638de6f3c144aa12e5d44ed406cf7ef05eb)","throwable":""}
{"timestamp":"2025-09-12T18:54:48,015","container":"7965dbe76a4e","level":"INFO","thread":"EthScheduler-Workers-0","class":"PersistBlockTask","message":"Imported #2,012 / 0 tx / 0 om / 0 (0.0%) gas / (0x2737cbe56d694fa8ae1fa3ced1e596c8559c3d00bf99aeef0c4ce58280ea7106) in 0.001s. Peers: 5","throwable":""}
{"timestamp":"2025-09-12T18:54:48,015","container":"7965dbe76a4e","level":"INFO","thread":"BftProcessorExecutor-QBFT-0","class":"QbftBesuControllerBuilder","message":"Imported #2,012 / 0 tx / 0 pending / 0 (0.0%) gas / (0x2737cbe56d694fa8ae1fa3ced1e596c8559c3d00bf99aeef0c4ce58280ea7106)","throwable":""}
{"timestamp":"2025-09-12T18:54:56,013","container":"7965dbe76a4e","level":"INFO","thread":"BftProcessorExecutor-QBFT-0","class":"QbftBesuControllerBuilder","message":"Imported #2,013 / 0 tx / 0 pending / 0 (0.0%) gas / (0xbc2196da31a5d43dd8e2d11ac27521734de1579d1597b9a8509b6c5f69a19088)","throwable":""}
{"timestamp":"2025-09-12T18:54:56,013","container":"7965dbe76a4e","level":"INFO","thread":"EthScheduler-Workers-0","class":"PersistBlockTask","message":"Block 2013 (0xbc2196da31a5d43dd8e2d11ac27521734de1579d1597b9a8509b6c5f69a19088) is already imported","throwable":""}
{"timestamp":"2025-09-12T18:55:04,010","container":"7965dbe76a4e","level":"INFO","thread":"BftProcessorExecutor-QBFT-0","class":"QbftBesuControllerBuilder","message":"Produced #2,014 / 0 tx / 0 pending / 0 (0.0%) gas / (0x419ba3265305c03c452a7119a4569c53880f8c7517f9f96ca964396515e2a9da)","throwable":""}
{"timestamp":"2025-09-12T18:55:12,027","container":"7965dbe76a4e","level":"INFO","thread":"BftProcessorExecutor-QBFT-0","class":"QbftBesuControllerBuilder","message":"Imported #2,015 / 0 tx / 0 pending / 0 (0.0%) gas / (0xd60de00b7f16c622447ab33f62b49cd7cb71facb29a434e5c993719a6c0b892d)","throwable":""}
{"timestamp":"2025-09-12T18:55:20,012","container":"7965dbe76a4e","level":"INFO","thread":"BftProcessorExecutor-QBFT-0","class":"QbftBesuControllerBuilder","message":"Imported #2,016 / 0 tx / 0 pending / 0 (0.0%) gas / (0xe1e20f6a8f5a965f1ba4a391ce6509e6dcb1ca5e665898744bfa3748f40db460)","throwable":""}
{"timestamp":"2025-09-12T18:55:28,010","container":"7965dbe76a4e","level":"INFO","thread":"EthScheduler-Workers-0","class":"PersistBlockTask","message":"Block 2017 (0xaeaf3acf255d3a724a6f07ffd27d46e69e6d38c1a20a4036b2c0840aebc8adb3) is already imported","throwable":""}
{"timestamp":"2025-09-12T18:55:28,010","container":"7965dbe76a4e","level":"INFO","thread":"BftProcessorExecutor-QBFT-0","class":"QbftBesuControllerBuilder","message":"Imported #2,017 / 0 tx / 0 pending / 0 (0.0%) gas / (0xaeaf3acf255d3a724a6f07ffd27d46e69e6d38c1a20a4036b2c0840aebc8adb3)","throwable":""}
{"timestamp":"2025-09-12T18:55:36,015","container":"7965dbe76a4e","level":"INFO","thread":"BftProcessorExecutor-QBFT-0","class":"QbftBesuControllerBuilder","message":"Produced #2,018 / 0 tx / 0 pending / 0 (0.0%) gas / (0xd2f6ce2e8bb9cf0a42490e3fe36c1b4ced0b274f44d089e4aed44765d95857de)","throwable":""}
{"timestamp":"2025-09-12T18:55:44,015","container":"7965dbe76a4e","level":"INFO","thread":"EthScheduler-Workers-0","class":"PersistBlockTask","message":"Block 2019 (0x4b15008c23ae56e17c21546d7f9d1a956b891a2b9c2eeabc354f3aced0ba1971) is already imported","throwable":""}
{"timestamp":"2025-09-12T18:55:44,015","container":"7965dbe76a4e","level":"INFO","thread":"BftProcessorExecutor-QBFT-0","class":"QbftBesuControllerBuilder","message":"Imported #2,019 / 0 tx / 0 pending / 0 (0.0%) gas / (0x4b15008c23ae56e17c21546d7f9d1a956b891a2b9c2eeabc354f3aced0ba1971)","throwable":""}
{"timestamp":"2025-09-12T18:55:52,015","container":"7965dbe76a4e","level":"INFO","thread":"EthScheduler-Workers-0","class":"PersistBlockTask","message":"Block 2020 (0x5c95594d5c8bfe6f93301cba92e5bd122545ed6100653e2c4f7b795fc57a7bf2) is already imported","throwable":""}
{"timestamp":"2025-09-12T18:55:52,015","container":"7965dbe76a4e","level":"INFO","thread":"BftProcessorExecutor-QBFT-0","class":"QbftBesuControllerBuilder","message":"Imported #2,020 / 0 tx / 0 pending / 0 (0.0%) gas / (0x5c95594d5c8bfe6f93301cba92e5bd122545ed6100653e2c4f7b795fc57a7bf2)","throwable":""}
{"timestamp":"2025-09-12T18:56:00,017","container":"7965dbe76a4e","level":"INFO","thread":"BftProcessorExecutor-QBFT-0","class":"QbftBesuControllerBuilder","message":"Imported #2,021 / 0 tx / 0 pending / 0 (0.0%) gas / (0x7c48cbb4e4d968c40541b79bfd9c9c40c111138cc3ca4315bf62d97d125ddaf4)","throwable":""}
{"timestamp":"2025-09-12T18:56:08,017","container":"7965dbe76a4e","level":"INFO","thread":"BftProcessorExecutor-QBFT-0","class":"QbftBesuControllerBuilder","message":"Produced #2,022 / 0 tx / 0 pending / 0 (0.0%) gas / (0xba78bcb94f544b7ea39c4a9271ea15b8fb4ee1b9080f9df0f4f513e7b1489e9c)","throwable":""}
{"timestamp":"2025-09-12T18:56:16,025","container":"7965dbe76a4e","level":"INFO","thread":"EthScheduler-Workers-0","class":"PersistBlockTask","message":"Imported #2,023 / 0 tx / 0 om / 0 (0.0%) gas / (0x717519bbb1a237d742ebe70c6b81c22273fbb77b4b0097f37dfe86f4fd35cb8f) in 0.007s. Peers: 5","throwable":""}
{"timestamp":"2025-09-12T18:56:16,026","container":"7965dbe76a4e","level":"INFO","thread":"BftProcessorExecutor-QBFT-0","class":"QbftBesuControllerBuilder","message":"Imported #2,023 / 0 tx / 0 pending / 0 (0.0%) gas / (0x717519bbb1a237d742ebe70c6b81c22273fbb77b4b0097f37dfe86f4fd35cb8f)","throwable":""}
{"timestamp":"2025-09-12T18:56:24,011","container":"7965dbe76a4e","level":"INFO","thread":"BftProcessorExecutor-QBFT-0","class":"QbftBesuControllerBuilder","message":"Imported #2,024 / 0 tx / 0 pending / 0 (0.0%) gas / (0x09f279165411fc433ed9b925c1377ba2920f741550d9d26a8dcd6e618088fb95)","throwable":""}
{"timestamp":"2025-09-12T18:56:32,026","container":"7965dbe76a4e","level":"INFO","thread":"EthScheduler-Workers-0","class":"PersistBlockTask","message":"Imported #2,025 / 0 tx / 0 om / 0 (0.0%) gas / (0xaf16b36b78152121918bbf07d53b91850a29b66b55dab20f37c8534bca7524c9) in 0.003s. Peers: 5","throwable":""}
{"timestamp":"2025-09-12T18:56:32,026","container":"7965dbe76a4e","level":"INFO","thread":"BftProcessorExecutor-QBFT-0","class":"QbftBesuControllerBuilder","message":"Imported #2,025 / 0 tx / 0 pending / 0 (0.0%) gas / (0xaf16b36b78152121918bbf07d53b91850a29b66b55dab20f37c8534bca7524c9)","throwable":""}
{"timestamp":"2025-09-12T18:56:40,013","container":"7965dbe76a4e","level":"INFO","thread":"EthScheduler-Workers-0","class":"PersistBlockTask","message":"Imported #2,026 / 0 tx / 0 om / 0 (0.0%) gas / (0x60a6e4bc0eebb9a01c5d5e16a6d4b06c58e2ad07a207a67faf2122caa306bae2) in 0.001s. Peers: 5","throwable":""}
{"timestamp":"2025-09-12T18:56:40,013","container":"7965dbe76a4e","level":"INFO","thread":"BftProcessorExecutor-QBFT-0","class":"QbftBesuControllerBuilder","message":"Produced #2,026 / 0 tx / 0 pending / 0 (0.0%) gas / (0x60a6e4bc0eebb9a01c5d5e16a6d4b06c58e2ad07a207a67faf2122caa306bae2)","throwable":""}
{"timestamp":"2025-09-12T18:56:48,012","container":"7965dbe76a4e","level":"INFO","thread":"EthScheduler-Workers-0","class":"PersistBlockTask","message":"Imported #2,027 / 0 tx / 0 om / 0 (0.0%) gas / (0x21c230f7027bfed679c2fa6da0469bd1efb7a155cbdbcc02fdf87ef64bab9388) in 0.001s. Peers: 5","throwable":""}
{"timestamp":"2025-09-12T18:56:48,012","container":"7965dbe76a4e","level":"INFO","thread":"BftProcessorExecutor-QBFT-0","class":"QbftBesuControllerBuilder","message":"Imported #2,027 / 0 tx / 0 pending / 0 (0.0%) gas / (0x21c230f7027bfed679c2fa6da0469bd1efb7a155cbdbcc02fdf87ef64bab9388)","throwable":""}
{"timestamp":"2025-09-12T18:56:56,016","container":"7965dbe76a4e","level":"INFO","thread":"BftProcessorExecutor-QBFT-0","class":"QbftBesuControllerBuilder","message":"Imported #2,028 / 0 tx / 0 pending / 0 (0.0%) gas / (0x0177c9f198b8081a68f432fb338ca78daf456bd24a41407e8bb702cbef4d5617)","throwable":""}
{"timestamp":"2025-09-12T18:56:56,016","container":"7965dbe76a4e","level":"INFO","thread":"EthScheduler-Workers-0","class":"PersistBlockTask","message":"Block 2028 (0x0177c9f198b8081a68f432fb338ca78daf456bd24a41407e8bb702cbef4d5617) is already imported","throwable":""}
{"timestamp":"2025-09-12T18:57:04,010","container":"7965dbe76a4e","level":"INFO","thread":"BftProcessorExecutor-QBFT-0","class":"QbftBesuControllerBuilder","message":"Imported #2,029 / 0 tx / 0 pending / 0 (0.0%) gas / (0x0edb1d0a2fa20f7bc929dab776d55bbdf2927147770fb8677b7b2f8829b3d8ff)","throwable":""}
{"timestamp":"2025-09-12T18:57:12,015","container":"7965dbe76a4e","level":"INFO","thread":"BftProcessorExecutor-QBFT-0","class":"QbftBesuControllerBuilder","message":"Produced #2,030 / 0 tx / 0 pending / 0 (0.0%) gas / (0xc5a56ca53a53acc4ef6d6180c9f0c65b45592e65b078bb13102ec1d1db65d347)","throwable":""}
{"timestamp":"2025-09-12T18:57:20,015","container":"7965dbe76a4e","level":"INFO","thread":"BftProcessorExecutor-QBFT-0","class":"QbftBesuControllerBuilder","message":"Imported #2,031 / 0 tx / 0 pending / 0 (0.0%) gas / (0x47bb2d37cc4c73bba42cb70ab7bbcd3c1d2257d7bf46b76f1cc1ad6fd0ad06ff)","throwable":""}
{"timestamp":"2025-09-12T18:57:20,016","container":"7965dbe76a4e","level":"INFO","thread":"EthScheduler-Workers-0","class":"PersistBlockTask","message":"Block 2031 (0x47bb2d37cc4c73bba42cb70ab7bbcd3c1d2257d7bf46b76f1cc1ad6fd0ad06ff) is already imported","throwable":""}
{"timestamp":"2025-09-12T18:57:28,016","container":"7965dbe76a4e","level":"INFO","thread":"EthScheduler-Workers-0","class":"PersistBlockTask","message":"Imported #2,032 / 0 tx / 0 om / 0 (0.0%) gas / (0x0ea08c85a6514fbccb927f1ecc7790545f80bf06bd9b63c06fdd64ad46c79d9b) in 0.005s. Peers: 5","throwable":""}
{"timestamp":"2025-09-12T18:57:28,016","container":"7965dbe76a4e","level":"INFO","thread":"BftProcessorExecutor-QBFT-0","class":"QbftBesuControllerBuilder","message":"Imported #2,032 / 0 tx / 0 pending / 0 (0.0%) gas / (0x0ea08c85a6514fbccb927f1ecc7790545f80bf06bd9b63c06fdd64ad46c79d9b)","throwable":""}
{"timestamp":"2025-09-12T18:57:36,016","container":"7965dbe76a4e","level":"INFO","thread":"BftProcessorExecutor-QBFT-0","class":"QbftBesuControllerBuilder","message":"Imported #2,033 / 0 tx / 0 pending / 0 (0.0%) gas / (0x415263a1a80221909886a619273e1e2c91c9183ebfd00444d8958a7efeba02d7)","throwable":""}
{"timestamp":"2025-09-12T18:57:36,016","container":"7965dbe76a4e","level":"INFO","thread":"EthScheduler-Workers-0","class":"PersistBlockTask","message":"Block 2033 (0x415263a1a80221909886a619273e1e2c91c9183ebfd00444d8958a7efeba02d7) is already imported","throwable":""}
{"timestamp":"2025-09-12T18:57:44,011","container":"7965dbe76a4e","level":"INFO","thread":"BftProcessorExecutor-QBFT-0","class":"QbftBesuControllerBuilder","message":"Produced #2,034 / 0 tx / 0 pending / 0 (0.0%) gas / (0xd69945836f590c597da73341159544ecf91c9065dfd137018e4e735c1406c6b8)","throwable":""}
{"timestamp":"2025-09-12T18:57:52,013","container":"7965dbe76a4e","level":"INFO","thread":"BftProcessorExecutor-QBFT-0","class":"QbftBesuControllerBuilder","message":"Imported #2,035 / 0 tx / 0 pending / 0 (0.0%) gas / (0x8dfa0a911a28804648c369901a2e1885fbba7ff6c71b6a4ec3d9ff46f9c52055)","throwable":""}
{"timestamp":"2025-09-12T18:58:00,019","container":"7965dbe76a4e","level":"INFO","thread":"EthScheduler-Workers-0","class":"PersistBlockTask","message":"Block 2036 (0xc0a38cc611698617761a3ac052d8dc8d4e951c09cb1525f6ff973b999eb01e4d) is already imported","throwable":""}
{"timestamp":"2025-09-12T18:58:00,019","container":"7965dbe76a4e","level":"INFO","thread":"BftProcessorExecutor-QBFT-0","class":"QbftBesuControllerBuilder","message":"Imported #2,036 / 0 tx / 0 pending / 0 (0.0%) gas / (0xc0a38cc611698617761a3ac052d8dc8d4e951c09cb1525f6ff973b999eb01e4d)","throwable":""}
{"timestamp":"2025-09-12T18:58:08,017","container":"7965dbe76a4e","level":"INFO","thread":"EthScheduler-Workers-0","class":"PersistBlockTask","message":"Block 2037 (0xe12f90885ac4ab5ebff5afeb373a78b6c3b19aa5d222de346cfc9d31cd711339) is already imported","throwable":""}
{"timestamp":"2025-09-12T18:58:08,018","container":"7965dbe76a4e","level":"INFO","thread":"BftProcessorExecutor-QBFT-0","class":"QbftBesuControllerBuilder","message":"Imported #2,037 / 0 tx / 0 pending / 0 (0.0%) gas / (0xe12f90885ac4ab5ebff5afeb373a78b6c3b19aa5d222de346cfc9d31cd711339)","throwable":""}
{"timestamp":"2025-09-12T18:58:16,016","container":"7965dbe76a4e","level":"INFO","thread":"BftProcessorExecutor-QBFT-0","class":"QbftBesuControllerBuilder","message":"Produced #2,038 / 0 tx / 0 pending / 0 (0.0%) gas / (0x9d19dbf54eb54991e2365dc1a474a7c18fbca6bd1a68a0ff63261cc156a074f3)","throwable":""}
{"timestamp":"2025-09-12T18:58:16,016","container":"7965dbe76a4e","level":"INFO","thread":"EthScheduler-Workers-0","class":"PersistBlockTask","message":"Block 2038 (0x9d19dbf54eb54991e2365dc1a474a7c18fbca6bd1a68a0ff63261cc156a074f3) is already imported","throwable":""}
{"timestamp":"2025-09-12T18:58:24,014","container":"7965dbe76a4e","level":"INFO","thread":"BftProcessorExecutor-QBFT-0","class":"QbftBesuControllerBuilder","message":"Imported #2,039 / 0 tx / 0 pending / 0 (0.0%) gas / (0x7865ead23a3c86e297c0e66c7a26915647ee49437636eb632e7631cc5572c52a)","throwable":""}
{"timestamp":"2025-09-12T18:58:24,014","container":"7965dbe76a4e","level":"INFO","thread":"EthScheduler-Workers-0","class":"PersistBlockTask","message":"Block 2039 (0x7865ead23a3c86e297c0e66c7a26915647ee49437636eb632e7631cc5572c52a) is already imported","throwable":""}
{"timestamp":"2025-09-12T18:58:32,010","container":"7965dbe76a4e","level":"INFO","thread":"BftProcessorExecutor-QBFT-0","class":"QbftBesuControllerBuilder","message":"Imported #2,040 / 0 tx / 0 pending / 0 (0.0%) gas / (0x0a7773d78a218f597d4c26abe2fc9520cc5545c064cade48a3ee83d2798d211f)","throwable":""}
{"timestamp":"2025-09-12T18:58:40,008","container":"7965dbe76a4e","level":"INFO","thread":"BftProcessorExecutor-QBFT-0","class":"QbftBesuControllerBuilder","message":"Imported #2,041 / 0 tx / 0 pending / 0 (0.0%) gas / (0x211da43956931f4855863bfa226f35e8b6e54045a59af262843e06adfd7da13b)","throwable":""}
{"timestamp":"2025-09-12T18:58:48,025","container":"7965dbe76a4e","level":"INFO","thread":"EthScheduler-Workers-0","class":"PersistBlockTask","message":"Block 2042 (0xe63177d596d1386c8b2dc0bd75b85f0af940df7d31ff07e54a1bae5f00f23f06) is already imported","throwable":""}
{"timestamp":"2025-09-12T18:58:48,025","container":"7965dbe76a4e","level":"INFO","thread":"BftProcessorExecutor-QBFT-0","class":"QbftBesuControllerBuilder","message":"Produced #2,042 / 0 tx / 0 pending / 0 (0.0%) gas / (0xe63177d596d1386c8b2dc0bd75b85f0af940df7d31ff07e54a1bae5f00f23f06)","throwable":""}
{"timestamp":"2025-09-12T18:58:56,013","container":"7965dbe76a4e","level":"INFO","thread":"BftProcessorExecutor-QBFT-0","class":"QbftBesuControllerBuilder","message":"Imported #2,043 / 0 tx / 0 pending / 0 (0.0%) gas / (0xe3fba9b6ef8f61442cb09976b3c6c8b0771795cf7619ec309fd58cf1e2a4defe)","throwable":""}
{"timestamp":"2025-09-12T18:58:56,014","container":"7965dbe76a4e","level":"INFO","thread":"EthScheduler-Workers-0","class":"PersistBlockTask","message":"Block 2043 (0xe3fba9b6ef8f61442cb09976b3c6c8b0771795cf7619ec309fd58cf1e2a4defe) is already imported","throwable":""}
{"timestamp":"2025-09-12T18:59:04,018","container":"7965dbe76a4e","level":"INFO","thread":"BftProcessorExecutor-QBFT-0","class":"QbftBesuControllerBuilder","message":"Imported #2,044 / 0 tx / 0 pending / 0 (0.0%) gas / (0x267cecf2341b991bb318303ef0cd333bc6afa7ea30dcf98c6dc1a628d394cc48)","throwable":""}
{"timestamp":"2025-09-12T18:59:12,016","container":"7965dbe76a4e","level":"INFO","thread":"BftProcessorExecutor-QBFT-0","class":"QbftBesuControllerBuilder","message":"Imported #2,045 / 0 tx / 0 pending / 0 (0.0%) gas / (0x778015874533adf0a44bfd37fb77a5d03c12b16e6a541bd0a8da37747eebab96)","throwable":""}
{"timestamp":"2025-09-12T18:59:20,011","container":"7965dbe76a4e","level":"INFO","thread":"BftProcessorExecutor-QBFT-0","class":"QbftBesuControllerBuilder","message":"Produced #2,046 / 0 tx / 0 pending / 0 (0.0%) gas / (0x925a0fc19dcec639374afaadc93afc95ad79b73039c9147ac451ac5db922151b)","throwable":""}
{"timestamp":"2025-09-12T18:59:28,014","container":"7965dbe76a4e","level":"INFO","thread":"BftProcessorExecutor-QBFT-0","class":"QbftBesuControllerBuilder","message":"Imported #2,047 / 0 tx / 0 pending / 0 (0.0%) gas / (0x6def75a68818ecf977e0fc74e9aeec351b1633533b44a48c761a999c2edbe791)","throwable":""}
{"timestamp":"2025-09-12T18:59:36,020","container":"7965dbe76a4e","level":"INFO","thread":"BftProcessorExecutor-QBFT-0","class":"QbftBesuControllerBuilder","message":"Imported #2,048 / 0 tx / 0 pending / 0 (0.0%) gas / (0x4700d9ea2a9b3fe93b6b66d3a35a4f5679a5b49d9f04721de3d29974f29a8117)","throwable":""}
{"timestamp":"2025-09-12T18:59:44,007","container":"7965dbe76a4e","level":"INFO","thread":"BftProcessorExecutor-QBFT-0","class":"QbftBesuControllerBuilder","message":"Imported #2,049 / 0 tx / 0 pending / 0 (0.0%) gas / (0xdbef5be845d6d52b940effb2a2aeacd46671e408986686e9dfd1c92ec92a6aa2)","throwable":""}
{"timestamp":"2025-09-12T18:59:52,013","container":"7965dbe76a4e","level":"INFO","thread":"BftProcessorExecutor-QBFT-0","class":"QbftBesuControllerBuilder","message":"Produced #2,050 / 0 tx / 0 pending / 0 (0.0%) gas / (0x0a6b2dd5655c8ff28842878d40307b396073c9655c7bb1881c85a58cc4ec9223)","throwable":""}
{"timestamp":"2025-09-12T19:00:00,017","container":"7965dbe76a4e","level":"INFO","thread":"BftProcessorExecutor-QBFT-0","class":"QbftBesuControllerBuilder","message":"Imported #2,051 / 0 tx / 0 pending / 0 (0.0%) gas / (0x5be821ad6c9f8f301ca93877209bede5c3772854baf012dc76ea8b5d1477a9cc)","throwable":""}
{"timestamp":"2025-09-12T19:00:08,011","container":"7965dbe76a4e","level":"INFO","thread":"BftProcessorExecutor-QBFT-0","class":"QbftBesuControllerBuilder","message":"Imported #2,052 / 0 tx / 0 pending / 0 (0.0%) gas / (0x4514894e068dc8c91e658b6b57caf67cfd93dd25ee88a92dece0525f80949688)","throwable":""}
{"timestamp":"2025-09-12T19:00:16,012","container":"7965dbe76a4e","level":"INFO","thread":"BftProcessorExecutor-QBFT-0","class":"QbftBesuControllerBuilder","message":"Imported #2,053 / 0 tx / 0 pending / 0 (0.0%) gas / (0x81ef129facfc1a8bf3f77d089a89e415ea0af85a2a570c8b0ffd5c1c76860726)","throwable":""}
{"timestamp":"2025-09-12T19:00:24,012","container":"7965dbe76a4e","level":"INFO","thread":"BftProcessorExecutor-QBFT-0","class":"QbftBesuControllerBuilder","message":"Produced #2,054 / 0 tx / 0 pending / 0 (0.0%) gas / (0x44bd741ebb0f4abdebc345fccff65a44ad14bba00af7c44584b28e2d28e8d340)","throwable":""}
{"timestamp":"2025-09-12T19:00:32,018","container":"7965dbe76a4e","level":"INFO","thread":"EthScheduler-Workers-0","class":"PersistBlockTask","message":"Block 2055 (0x5731316fe5913a54a86cc4ef6f38e28222c946ab878191a97d212c841048267e) is already imported","throwable":""}
{"timestamp":"2025-09-12T19:00:32,018","container":"7965dbe76a4e","level":"INFO","thread":"BftProcessorExecutor-QBFT-0","class":"QbftBesuControllerBuilder","message":"Imported #2,055 / 0 tx / 0 pending / 0 (0.0%) gas / (0x5731316fe5913a54a86cc4ef6f38e28222c946ab878191a97d212c841048267e)","throwable":""}
{"timestamp":"2025-09-12T19:00:40,010","container":"7965dbe76a4e","level":"INFO","thread":"BftProcessorExecutor-QBFT-0","class":"QbftBesuControllerBuilder","message":"Imported #2,056 / 0 tx / 0 pending / 0 (0.0%) gas / (0x02f6e355745f4ebf06eb9efe13d4ecf53790f5510f81d812017c6ac1d20ddce5)","throwable":""}
{"timestamp":"2025-09-12T19:00:40,011","container":"7965dbe76a4e","level":"INFO","thread":"EthScheduler-Workers-0","class":"PersistBlockTask","message":"Block 2056 (0x02f6e355745f4ebf06eb9efe13d4ecf53790f5510f81d812017c6ac1d20ddce5) is already imported","throwable":""}
{"timestamp":"2025-09-12T19:00:48,010","container":"7965dbe76a4e","level":"INFO","thread":"BftProcessorExecutor-QBFT-0","class":"QbftBesuControllerBuilder","message":"Imported #2,057 / 0 tx / 0 pending / 0 (0.0%) gas / (0xc9bfe45d3b4457fd2cad9ae06013eccd12cbbf571b8d1d2ac853a7a9d5b036c5)","throwable":""}
{"timestamp":"2025-09-12T19:00:56,013","container":"7965dbe76a4e","level":"INFO","thread":"BftProcessorExecutor-QBFT-0","class":"QbftBesuControllerBuilder","message":"Produced #2,058 / 0 tx / 0 pending / 0 (0.0%) gas / (0x1f3554a230aa98e9860a56646cd3903ee08d99f9e1209faad910c298cd2224cc)","throwable":""}
{"timestamp":"2025-09-12T19:01:04,020","container":"7965dbe76a4e","level":"INFO","thread":"BftProcessorExecutor-QBFT-0","class":"QbftBesuControllerBuilder","message":"Imported #2,059 / 0 tx / 0 pending / 0 (0.0%) gas / (0x12847c33b930e552d698b352ce0e5840fb09bf03011c8637d8ae95e6466f2bf9)","throwable":""}
{"timestamp":"2025-09-12T19:01:04,020","container":"7965dbe76a4e","level":"INFO","thread":"EthScheduler-Workers-0","class":"PersistBlockTask","message":"Block 2059 (0x12847c33b930e552d698b352ce0e5840fb09bf03011c8637d8ae95e6466f2bf9) is already imported","throwable":""}
{"timestamp":"2025-09-12T19:01:12,015","container":"7965dbe76a4e","level":"INFO","thread":"BftProcessorExecutor-QBFT-0","class":"QbftBesuControllerBuilder","message":"Imported #2,060 / 0 tx / 0 pending / 0 (0.0%) gas / (0x87f2ad068a3d045cd86379ec7fb83be2c7468c4329b3fe138e714cd8b3d00361)","throwable":""}
{"timestamp":"2025-09-12T19:01:20,011","container":"7965dbe76a4e","level":"INFO","thread":"BftProcessorExecutor-QBFT-0","class":"QbftBesuControllerBuilder","message":"Imported #2,061 / 0 tx / 0 pending / 0 (0.0%) gas / (0xf53ceee195ba2657e82508255c25280ef78a532f7b503c455e03245b21c0f2f1)","throwable":""}
{"timestamp":"2025-09-12T19:01:28,017","container":"7965dbe76a4e","level":"INFO","thread":"EthScheduler-Workers-0","class":"PersistBlockTask","message":"Block 2062 (0x258d4b03db157661a6c4102075ce3448f2ed726f83db9cfcba1c11e4236f4331) is already imported","throwable":""}
{"timestamp":"2025-09-12T19:01:28,019","container":"7965dbe76a4e","level":"INFO","thread":"BftProcessorExecutor-QBFT-0","class":"QbftBesuControllerBuilder","message":"Produced #2,062 / 0 tx / 0 pending / 0 (0.0%) gas / (0x258d4b03db157661a6c4102075ce3448f2ed726f83db9cfcba1c11e4236f4331)","throwable":""}
{"timestamp":"2025-09-12T19:01:36,015","container":"7965dbe76a4e","level":"INFO","thread":"BftProcessorExecutor-QBFT-0","class":"QbftBesuControllerBuilder","message":"Imported #2,063 / 0 tx / 0 pending / 0 (0.0%) gas / (0x95dcdd353348d514b03de2e94a684f9ee35f3460ae3fcfceaa0764d0ce1cfb5d)","throwable":""}
{"timestamp":"2025-09-12T19:01:44,019","container":"7965dbe76a4e","level":"INFO","thread":"EthScheduler-Workers-0","class":"PersistBlockTask","message":"Imported #2,064 / 0 tx / 0 om / 0 (0.0%) gas / (0x7675c23fc937a5fb8280fc4f8fa2a014558c8f1841a5328208ea317acafea500) in 0.002s. Peers: 5","throwable":""}
{"timestamp":"2025-09-12T19:01:52,010","container":"7965dbe76a4e","level":"INFO","thread":"EthScheduler-Workers-0","class":"PersistBlockTask","message":"Block 2065 (0xaf9ba1e3ca8c823946f138d597d8f37aff16c0abff06ad5380b520aa7ff7a7a6) is already imported","throwable":""}
{"timestamp":"2025-09-12T19:01:52,010","container":"7965dbe76a4e","level":"INFO","thread":"BftProcessorExecutor-QBFT-0","class":"QbftBesuControllerBuilder","message":"Imported #2,065 / 0 tx / 0 pending / 0 (0.0%) gas / (0xaf9ba1e3ca8c823946f138d597d8f37aff16c0abff06ad5380b520aa7ff7a7a6)","throwable":""}
{"timestamp":"2025-09-12T19:02:00,016","container":"7965dbe76a4e","level":"INFO","thread":"EthScheduler-Workers-0","class":"PersistBlockTask","message":"Block 2066 (0x7d025f1e1832d4ab78dd1ddf2a9e110269d43cd63645a26172070fa327a80221) is already imported","throwable":""}
{"timestamp":"2025-09-12T19:02:00,016","container":"7965dbe76a4e","level":"INFO","thread":"BftProcessorExecutor-QBFT-0","class":"QbftBesuControllerBuilder","message":"Produced #2,066 / 0 tx / 0 pending / 0 (0.0%) gas / (0x7d025f1e1832d4ab78dd1ddf2a9e110269d43cd63645a26172070fa327a80221)","throwable":""}
{"timestamp":"2025-09-12T19:02:08,029","container":"7965dbe76a4e","level":"INFO","thread":"EthScheduler-Workers-0","class":"PersistBlockTask","message":"Imported #2,067 / 0 tx / 0 om / 0 (0.0%) gas / (0xcacf26ce7ad2209671b65bfc5cca3079e91397f746d7979696da590e5c6d0862) in 0.001s. Peers: 5","throwable":""}
{"timestamp":"2025-09-12T19:02:16,008","container":"7965dbe76a4e","level":"INFO","thread":"BftProcessorExecutor-QBFT-0","class":"QbftBesuControllerBuilder","message":"Imported #2,068 / 0 tx / 0 pending / 0 (0.0%) gas / (0x2b02628f63dbd87407863ad7584ca86a66efbe5b0096085e52e019fb83d9340e)","throwable":""}
{"timestamp":"2025-09-12T19:02:24,026","container":"7965dbe76a4e","level":"INFO","thread":"BftProcessorExecutor-QBFT-0","class":"QbftBesuControllerBuilder","message":"Imported #2,069 / 0 tx / 0 pending / 0 (0.0%) gas / (0x5ec9c836ba6991b2089d92e4606e9d2d3586806a72327464d57fe545798f22a7)","throwable":""}
{"timestamp":"2025-09-12T19:02:32,016","container":"7965dbe76a4e","level":"INFO","thread":"EthScheduler-Workers-0","class":"PersistBlockTask","message":"Block 2070 (0xd7a427c3fb5705f4c91444ab85626ee0e83f5feade66569b3271f234be73a122) is already imported","throwable":""}
{"timestamp":"2025-09-12T19:02:32,016","container":"7965dbe76a4e","level":"INFO","thread":"BftProcessorExecutor-QBFT-0","class":"QbftBesuControllerBuilder","message":"Produced #2,070 / 0 tx / 0 pending / 0 (0.0%) gas / (0xd7a427c3fb5705f4c91444ab85626ee0e83f5feade66569b3271f234be73a122)","throwable":""}
{"timestamp":"2025-09-12T19:02:40,016","container":"7965dbe76a4e","level":"INFO","thread":"BftProcessorExecutor-QBFT-0","class":"QbftBesuControllerBuilder","message":"Imported #2,071 / 0 tx / 0 pending / 0 (0.0%) gas / (0xae361132dea0ba33422bb8f866818462ed1745a2b37935e5308fb955238d0a92)","throwable":""}
{"timestamp":"2025-09-12T19:02:48,007","container":"7965dbe76a4e","level":"INFO","thread":"BftProcessorExecutor-QBFT-0","class":"QbftBesuControllerBuilder","message":"Imported #2,072 / 0 tx / 0 pending / 0 (0.0%) gas / (0x00208729ac9f703ae52afcc8bbfb4baa22458c61b33b43487e98435c06d26110)","throwable":""}
{"timestamp":"2025-09-12T19:02:56,011","container":"7965dbe76a4e","level":"INFO","thread":"BftProcessorExecutor-QBFT-0","class":"QbftBesuControllerBuilder","message":"Imported #2,073 / 0 tx / 0 pending / 0 (0.0%) gas / (0x2d7757239643882e662be8b93f5faad92793d6f211c86bbab9c02343b19f0f73)","throwable":""}
{"timestamp":"2025-09-12T19:03:04,017","container":"7965dbe76a4e","level":"INFO","thread":"EthScheduler-Workers-0","class":"PersistBlockTask","message":"Block 2074 (0x49a9685649953c0d65f1dcdb7d321a144cc1bcaa8b3f9772ee901655db22254a) is already imported","throwable":""}
{"timestamp":"2025-09-12T19:03:04,017","container":"7965dbe76a4e","level":"INFO","thread":"BftProcessorExecutor-QBFT-0","class":"QbftBesuControllerBuilder","message":"Produced #2,074 / 0 tx / 0 pending / 0 (0.0%) gas / (0x49a9685649953c0d65f1dcdb7d321a144cc1bcaa8b3f9772ee901655db22254a)","throwable":""}
{"timestamp":"2025-09-12T19:03:12,015","container":"7965dbe76a4e","level":"INFO","thread":"BftProcessorExecutor-QBFT-0","class":"QbftBesuControllerBuilder","message":"Imported #2,075 / 0 tx / 0 pending / 0 (0.0%) gas / (0x556f8d9146844a8347624b68ba40375ce0afe815a321d70fcf15bd12f6ab5baf)","throwable":""}
{"timestamp":"2025-09-12T19:03:20,016","container":"7965dbe76a4e","level":"INFO","thread":"BftProcessorExecutor-QBFT-0","class":"QbftBesuControllerBuilder","message":"Imported #2,076 / 0 tx / 0 pending / 0 (0.0%) gas / (0x6453aac0a4ecc7feb88ec11c7b6ff3babf7206729977dd2ce57f011d818e162f)","throwable":""}
{"timestamp":"2025-09-12T19:03:28,012","container":"7965dbe76a4e","level":"INFO","thread":"EthScheduler-Workers-0","class":"PersistBlockTask","message":"Block 2077 (0xf9f2120db7dad382bdee70e1f3cd7b2bc3bcd2b64feafdd4294ad8e288ca395f) is already imported","throwable":""}
{"timestamp":"2025-09-12T19:03:28,012","container":"7965dbe76a4e","level":"INFO","thread":"BftProcessorExecutor-QBFT-0","class":"QbftBesuControllerBuilder","message":"Imported #2,077 / 0 tx / 0 pending / 0 (0.0%) gas / (0xf9f2120db7dad382bdee70e1f3cd7b2bc3bcd2b64feafdd4294ad8e288ca395f)","throwable":""}
{"timestamp":"2025-09-12T19:03:36,021","container":"7965dbe76a4e","level":"INFO","thread":"EthScheduler-Workers-0","class":"PersistBlockTask","message":"Block 2078 (0x9026166706b5f30e5de2f08448911400bf11b909ae5597c7b7c26ab9d2c9d5d2) is already imported","throwable":""}
{"timestamp":"2025-09-12T19:03:36,021","container":"7965dbe76a4e","level":"INFO","thread":"BftProcessorExecutor-QBFT-0","class":"QbftBesuControllerBuilder","message":"Produced #2,078 / 0 tx / 0 pending / 0 (0.0%) gas / (0x9026166706b5f30e5de2f08448911400bf11b909ae5597c7b7c26ab9d2c9d5d2)","throwable":""}
{"timestamp":"2025-09-12T19:03:44,016","container":"7965dbe76a4e","level":"INFO","thread":"EthScheduler-Workers-0","class":"PersistBlockTask","message":"Imported #2,079 / 0 tx / 0 om / 0 (0.0%) gas / (0x595286f2c6f75eca34d1ce58ae18207e67e50c52e73bb02a797ea5cccb8f4bba) in 0.002s. Peers: 5","throwable":""}
{"timestamp":"2025-09-12T19:03:52,027","container":"7965dbe76a4e","level":"INFO","thread":"EthScheduler-Workers-0","class":"PersistBlockTask","message":"Block 2080 (0xd6b727d430bfda043e0ca56f006e0e30f34f9860207765ba3bcad56ef5a9443d) is already imported","throwable":""}
{"timestamp":"2025-09-12T19:03:52,027","container":"7965dbe76a4e","level":"INFO","thread":"BftProcessorExecutor-QBFT-0","class":"QbftBesuControllerBuilder","message":"Imported #2,080 / 0 tx / 0 pending / 0 (0.0%) gas / (0xd6b727d430bfda043e0ca56f006e0e30f34f9860207765ba3bcad56ef5a9443d)","throwable":""}
{"timestamp":"2025-09-12T19:04:00,014","container":"7965dbe76a4e","level":"INFO","thread":"EthScheduler-Workers-0","class":"PersistBlockTask","message":"Imported #2,081 / 0 tx / 0 om / 0 (0.0%) gas / (0xd41f710f324f6ff0c73d023169bd4710d2f91584533968996259e31770aaf8b1) in 0.001s. Peers: 5","throwable":""}
{"timestamp":"2025-09-12T19:04:08,019","container":"7965dbe76a4e","level":"INFO","thread":"BftProcessorExecutor-QBFT-0","class":"QbftBesuControllerBuilder","message":"Produced #2,082 / 0 tx / 0 pending / 0 (0.0%) gas / (0x90f15ae1545b706fcb9cac00e1cea4a9607534b560d91677ac416dec417239a9)","throwable":""}
{"timestamp":"2025-09-12T19:04:08,020","container":"7965dbe76a4e","level":"INFO","thread":"EthScheduler-Workers-0","class":"PersistBlockTask","message":"Block 2082 (0x90f15ae1545b706fcb9cac00e1cea4a9607534b560d91677ac416dec417239a9) is already imported","throwable":""}
{"timestamp":"2025-09-12T19:04:16,015","container":"7965dbe76a4e","level":"INFO","thread":"BftProcessorExecutor-QBFT-0","class":"QbftBesuControllerBuilder","message":"Imported #2,083 / 0 tx / 0 pending / 0 (0.0%) gas / (0xda399215aac7c32a727feb1034d0a4e07e3a9db5606c94054b3ab5135ec2042c)","throwable":""}
{"timestamp":"2025-09-12T19:04:24,023","container":"7965dbe76a4e","level":"INFO","thread":"EthScheduler-Workers-0","class":"PersistBlockTask","message":"Block 2084 (0x937ebe3ddce7efde715c5e4dd838b328caa54ee39cfa43422f4be68e7ccda5a6) is already imported","throwable":""}
{"timestamp":"2025-09-12T19:04:24,024","container":"7965dbe76a4e","level":"INFO","thread":"BftProcessorExecutor-QBFT-0","class":"QbftBesuControllerBuilder","message":"Imported #2,084 / 0 tx / 0 pending / 0 (0.0%) gas / (0x937ebe3ddce7efde715c5e4dd838b328caa54ee39cfa43422f4be68e7ccda5a6)","throwable":""}
{"timestamp":"2025-09-12T19:04:32,016","container":"7965dbe76a4e","level":"INFO","thread":"EthScheduler-Workers-0","class":"PersistBlockTask","message":"Block 2085 (0x074c88b0ca2a1912d6ff2096e2b621f39ffaf467ea0aa9a4008cba596f92fdb7) is already imported","throwable":""}
{"timestamp":"2025-09-12T19:04:32,016","container":"7965dbe76a4e","level":"INFO","thread":"BftProcessorExecutor-QBFT-0","class":"QbftBesuControllerBuilder","message":"Imported #2,085 / 0 tx / 0 pending / 0 (0.0%) gas / (0x074c88b0ca2a1912d6ff2096e2b621f39ffaf467ea0aa9a4008cba596f92fdb7)","throwable":""}
{"timestamp":"2025-09-12T19:04:40,016","container":"7965dbe76a4e","level":"INFO","thread":"EthScheduler-Workers-0","class":"PersistBlockTask","message":"Block 2086 (0x2da6f634dfa5ddf989382776e24edec7adbbb7aad1012298e961ed8d5e9347b9) is already imported","throwable":""}
{"timestamp":"2025-09-12T19:04:40,016","container":"7965dbe76a4e","level":"INFO","thread":"BftProcessorExecutor-QBFT-0","class":"QbftBesuControllerBuilder","message":"Produced #2,086 / 0 tx / 0 pending / 0 (0.0%) gas / (0x2da6f634dfa5ddf989382776e24edec7adbbb7aad1012298e961ed8d5e9347b9)","throwable":""}
{"timestamp":"2025-09-12T19:04:48,015","container":"7965dbe76a4e","level":"INFO","thread":"BftProcessorExecutor-QBFT-0","class":"QbftBesuControllerBuilder","message":"Imported #2,087 / 0 tx / 0 pending / 0 (0.0%) gas / (0xa33e542a4c2a0ba2726d32d63455a17c61b6e1f4210a9a47ceee20dd2af3d003)","throwable":""}
{"timestamp":"2025-09-12T19:04:56,014","container":"7965dbe76a4e","level":"INFO","thread":"BftProcessorExecutor-QBFT-0","class":"QbftBesuControllerBuilder","message":"Imported #2,088 / 0 tx / 0 pending / 0 (0.0%) gas / (0x35a431965c3a0a6764e4546d9387b28530fd9bd5b87769dcf0b4b5d0ef9e97fd)","throwable":""}
{"timestamp":"2025-09-12T19:05:04,011","container":"7965dbe76a4e","level":"INFO","thread":"EthScheduler-Workers-0","class":"PersistBlockTask","message":"Block 2089 (0x82f8aea53f788959894f4f306aa9d3558c61346dccc83bd0a4ed3e57e0d2841f) is already imported","throwable":""}
{"timestamp":"2025-09-12T19:05:04,011","container":"7965dbe76a4e","level":"INFO","thread":"BftProcessorExecutor-QBFT-0","class":"QbftBesuControllerBuilder","message":"Imported #2,089 / 0 tx / 0 pending / 0 (0.0%) gas / (0x82f8aea53f788959894f4f306aa9d3558c61346dccc83bd0a4ed3e57e0d2841f)","throwable":""}
{"timestamp":"2025-09-12T19:05:12,025","container":"7965dbe76a4e","level":"INFO","thread":"BftProcessorExecutor-QBFT-0","class":"QbftBesuControllerBuilder","message":"Produced #2,090 / 0 tx / 0 pending / 0 (0.0%) gas / (0x585e892ca1ce11150957614de1eb0f5fc8e9c5f3398a750b7c9a29962a38d1be)","throwable":""}
{"timestamp":"2025-09-12T19:05:20,010","container":"7965dbe76a4e","level":"INFO","thread":"BftProcessorExecutor-QBFT-0","class":"QbftBesuControllerBuilder","message":"Imported #2,091 / 0 tx / 0 pending / 0 (0.0%) gas / (0x21a20a3665fb61f20a505ddf03211f1d959f021452d958b83a99ee00e9e7d409)","throwable":""}
{"timestamp":"2025-09-12T19:05:28,017","container":"7965dbe76a4e","level":"INFO","thread":"EthScheduler-Workers-0","class":"PersistBlockTask","message":"Block 2092 (0xe25942de573b68d889856a2129e15035cb149a4403295b816754cd2fb83eaf33) is already imported","throwable":""}
{"timestamp":"2025-09-12T19:05:28,018","container":"7965dbe76a4e","level":"INFO","thread":"BftProcessorExecutor-QBFT-0","class":"QbftBesuControllerBuilder","message":"Imported #2,092 / 0 tx / 0 pending / 0 (0.0%) gas / (0xe25942de573b68d889856a2129e15035cb149a4403295b816754cd2fb83eaf33)","throwable":""}
{"timestamp":"2025-09-12T19:05:36,013","container":"7965dbe76a4e","level":"INFO","thread":"BftProcessorExecutor-QBFT-0","class":"QbftBesuControllerBuilder","message":"Imported #2,093 / 0 tx / 0 pending / 0 (0.0%) gas / (0xbaf90011ae672858caf5c87a4ab4ced390b2507ef8eda18ed95552eb2134a1a3)","throwable":""}
{"timestamp":"2025-09-12T19:05:44,012","container":"7965dbe76a4e","level":"INFO","thread":"BftProcessorExecutor-QBFT-0","class":"QbftBesuControllerBuilder","message":"Produced #2,094 / 0 tx / 0 pending / 0 (0.0%) gas / (0xdc370df3de9c9485abd62151c01463a5e24be6bd17fe09741b932a985a1e5032)","throwable":""}
{"timestamp":"2025-09-12T19:05:52,008","container":"7965dbe76a4e","level":"INFO","thread":"BftProcessorExecutor-QBFT-0","class":"QbftBesuControllerBuilder","message":"Imported #2,095 / 0 tx / 0 pending / 0 (0.0%) gas / (0x262ca46d3186e024e9249cac66b650cd438bd184f1b6608242f2673f9a3f5704)","throwable":""}
{"timestamp":"2025-09-12T19:06:00,007","container":"7965dbe76a4e","level":"INFO","thread":"BftProcessorExecutor-QBFT-0","class":"QbftBesuControllerBuilder","message":"Imported #2,096 / 0 tx / 0 pending / 0 (0.0%) gas / (0xfc6da1c91605e24e335486c5a765acd8fc658a15ff09969f0822260c8bd9e584)","throwable":""}
{"timestamp":"2025-09-12T19:06:08,024","container":"7965dbe76a4e","level":"INFO","thread":"BftProcessorExecutor-QBFT-0","class":"QbftBesuControllerBuilder","message":"Imported #2,097 / 0 tx / 0 pending / 0 (0.0%) gas / (0x38bc0efeb88136a19c9ea33df0a7823c31859d818a0120be68951dda46d59596)","throwable":""}
{"timestamp":"2025-09-12T19:06:16,021","container":"7965dbe76a4e","level":"INFO","thread":"EthScheduler-Workers-0","class":"PersistBlockTask","message":"Block 2098 (0xe448bbf395d18235264256c5de2806fb412a6b8ec4b2528f2477128f0bf58eff) is already imported","throwable":""}
{"timestamp":"2025-09-12T19:06:16,021","container":"7965dbe76a4e","level":"INFO","thread":"BftProcessorExecutor-QBFT-0","class":"QbftBesuControllerBuilder","message":"Produced #2,098 / 0 tx / 0 pending / 0 (0.0%) gas / (0xe448bbf395d18235264256c5de2806fb412a6b8ec4b2528f2477128f0bf58eff)","throwable":""}
{"timestamp":"2025-09-12T19:06:24,021","container":"7965dbe76a4e","level":"INFO","thread":"BftProcessorExecutor-QBFT-0","class":"QbftBesuControllerBuilder","message":"Imported #2,099 / 0 tx / 0 pending / 0 (0.0%) gas / (0xf20bb9e64f74da605722abdb63479568b7fd0f6e81f1d16b917bbc12aa00aaf8)","throwable":""}
{"timestamp":"2025-09-12T19:06:32,014","container":"7965dbe76a4e","level":"INFO","thread":"BftProcessorExecutor-QBFT-0","class":"QbftBesuControllerBuilder","message":"Imported #2,100 / 0 tx / 0 pending / 0 (0.0%) gas / (0xb891eed05acb241c8e16d22f771536b065c249d9fd3267c805a051344c66053c)","throwable":""}
{"timestamp":"2025-09-12T19:06:40,017","container":"7965dbe76a4e","level":"INFO","thread":"EthScheduler-Workers-0","class":"PersistBlockTask","message":"Block 2101 (0xe39ad51c89f81fb090d4279467e3f354f903f6159b6623110f8ab8acf099df55) is already imported","throwable":""}
{"timestamp":"2025-09-12T19:06:40,017","container":"7965dbe76a4e","level":"INFO","thread":"BftProcessorExecutor-QBFT-0","class":"QbftBesuControllerBuilder","message":"Imported #2,101 / 0 tx / 0 pending / 0 (0.0%) gas / (0xe39ad51c89f81fb090d4279467e3f354f903f6159b6623110f8ab8acf099df55)","throwable":""}
{"timestamp":"2025-09-12T19:06:48,010","container":"7965dbe76a4e","level":"INFO","thread":"BftProcessorExecutor-QBFT-0","class":"QbftBesuControllerBuilder","message":"Produced #2,102 / 0 tx / 0 pending / 0 (0.0%) gas / (0xbffaec98ac994a11168842537c88dd1f38045217044eb613bf2a49b60f9c49b3)","throwable":""}
{"timestamp":"2025-09-12T19:06:56,008","container":"7965dbe76a4e","level":"INFO","thread":"BftProcessorExecutor-QBFT-0","class":"QbftBesuControllerBuilder","message":"Imported #2,103 / 0 tx / 0 pending / 0 (0.0%) gas / (0xcbb8377ed6696068b32e1a582b63d4f94410ce6337c0bd7652259cce3db5f848)","throwable":""}
{"timestamp":"2025-09-12T19:06:56,008","container":"7965dbe76a4e","level":"INFO","thread":"EthScheduler-Workers-0","class":"PersistBlockTask","message":"Block 2103 (0xcbb8377ed6696068b32e1a582b63d4f94410ce6337c0bd7652259cce3db5f848) is already imported","throwable":""}
{"timestamp":"2025-09-12T19:07:04,009","container":"7965dbe76a4e","level":"INFO","thread":"BftProcessorExecutor-QBFT-0","class":"QbftBesuControllerBuilder","message":"Imported #2,104 / 0 tx / 0 pending / 0 (0.0%) gas / (0x7892e44a380fc7d518a44e5a999644e28a004c25a2e1bc07e9d2b24a7e094663)","throwable":""}
{"timestamp":"2025-09-12T19:07:12,016","container":"7965dbe76a4e","level":"INFO","thread":"EthScheduler-Workers-0","class":"PersistBlockTask","message":"Block 2105 (0x07eec82525b5172ee0ed4c2b338401f1cafb1745a99fa0a96becab5cd6444247) is already imported","throwable":""}
{"timestamp":"2025-09-12T19:07:12,016","container":"7965dbe76a4e","level":"INFO","thread":"BftProcessorExecutor-QBFT-0","class":"QbftBesuControllerBuilder","message":"Imported #2,105 / 0 tx / 0 pending / 0 (0.0%) gas / (0x07eec82525b5172ee0ed4c2b338401f1cafb1745a99fa0a96becab5cd6444247)","throwable":""}
{"timestamp":"2025-09-12T19:07:20,013","container":"7965dbe76a4e","level":"INFO","thread":"BftProcessorExecutor-QBFT-0","class":"QbftBesuControllerBuilder","message":"Produced #2,106 / 0 tx / 0 pending / 0 (0.0%) gas / (0x7e7d6e9daa22e4affdbdee27345d15c5def6c729e0972ba6ed84a9aa758e6953)","throwable":""}
{"timestamp":"2025-09-12T19:07:20,013","container":"7965dbe76a4e","level":"INFO","thread":"EthScheduler-Workers-0","class":"PersistBlockTask","message":"Block 2106 (0x7e7d6e9daa22e4affdbdee27345d15c5def6c729e0972ba6ed84a9aa758e6953) is already imported","throwable":""}
{"timestamp":"2025-09-12T19:07:28,017","container":"7965dbe76a4e","level":"INFO","thread":"BftProcessorExecutor-QBFT-0","class":"QbftBesuControllerBuilder","message":"Imported #2,107 / 0 tx / 0 pending / 0 (0.0%) gas / (0x6e9619de6737bc6aa61a307c7d9bff6b56f90a7220eeb0623ee72a5ec65896f2)","throwable":""}
{"timestamp":"2025-09-12T19:07:36,014","container":"7965dbe76a4e","level":"INFO","thread":"BftProcessorExecutor-QBFT-0","class":"QbftBesuControllerBuilder","message":"Imported #2,108 / 0 tx / 0 pending / 0 (0.0%) gas / (0x4747e62747b2602d919a3c620961bdc8cfddd103eef8517bb02268d4e199a715)","throwable":""}
{"timestamp":"2025-09-12T19:07:44,010","container":"7965dbe76a4e","level":"INFO","thread":"BftProcessorExecutor-QBFT-0","class":"QbftBesuControllerBuilder","message":"Imported #2,109 / 0 tx / 0 pending / 0 (0.0%) gas / (0x1284cb16154da1d98d927f5d15a4e872ba33bb59d82c82346dc6fb6bd3e7e451)","throwable":""}
{"timestamp":"2025-09-12T19:07:52,015","container":"7965dbe76a4e","level":"INFO","thread":"BftProcessorExecutor-QBFT-0","class":"QbftBesuControllerBuilder","message":"Produced #2,110 / 0 tx / 0 pending / 0 (0.0%) gas / (0x6777268bd0a97cf98ce5639faf426493c6faca8a4e33768b7bd0085ca74a73ec)","throwable":""}
{"timestamp":"2025-09-12T19:08:00,012","container":"7965dbe76a4e","level":"INFO","thread":"BftProcessorExecutor-QBFT-0","class":"QbftBesuControllerBuilder","message":"Imported #2,111 / 0 tx / 0 pending / 0 (0.0%) gas / (0x3c14b02995edf80bb0c308cf97cb79ac41bac1a59be812ecae9922ad9e33b6a7)","throwable":""}
{"timestamp":"2025-09-12T19:08:08,010","container":"7965dbe76a4e","level":"INFO","thread":"BftProcessorExecutor-QBFT-0","class":"QbftBesuControllerBuilder","message":"Imported #2,112 / 0 tx / 0 pending / 0 (0.0%) gas / (0xe5b935076f3d95e09e3ccbcd8faed90a12ea2971d4579a676f4e41062b0909fa)","throwable":""}
{"timestamp":"2025-09-12T19:08:16,017","container":"7965dbe76a4e","level":"INFO","thread":"EthScheduler-Workers-0","class":"PersistBlockTask","message":"Block 2113 (0x2e14b5223b4d2efeece80f621a6e1b9305c527aaa2595c15811136e823b59813) is already imported","throwable":""}
{"timestamp":"2025-09-12T19:08:16,017","container":"7965dbe76a4e","level":"INFO","thread":"BftProcessorExecutor-QBFT-0","class":"QbftBesuControllerBuilder","message":"Imported #2,113 / 0 tx / 0 pending / 0 (0.0%) gas / (0x2e14b5223b4d2efeece80f621a6e1b9305c527aaa2595c15811136e823b59813)","throwable":""}
{"timestamp":"2025-09-12T19:08:24,023","container":"7965dbe76a4e","level":"INFO","thread":"BftProcessorExecutor-QBFT-0","class":"QbftBesuControllerBuilder","message":"Produced #2,114 / 0 tx / 0 pending / 0 (0.0%) gas / (0x921d473da4dec2d3bd2d3133af2854d310bf1969d6615d559c2cdf1f59929689)","throwable":""}
{"timestamp":"2025-09-12T19:08:32,009","container":"7965dbe76a4e","level":"INFO","thread":"BftProcessorExecutor-QBFT-0","class":"QbftBesuControllerBuilder","message":"Imported #2,115 / 0 tx / 0 pending / 0 (0.0%) gas / (0x05a12034f4c5acd2122e7e733a90809547ce11e60025b55596686890e58a3806)","throwable":""}
{"timestamp":"2025-09-12T19:08:40,015","container":"7965dbe76a4e","level":"INFO","thread":"EthScheduler-Workers-0","class":"PersistBlockTask","message":"Imported #2,116 / 0 tx / 0 om / 0 (0.0%) gas / (0x1e0bb76279b96775f6ecb0d513cc7e68ab509fcbb2082c0febfbcf8c6981f0e1) in 0.001s. Peers: 5","throwable":""}
{"timestamp":"2025-09-12T19:08:40,016","container":"7965dbe76a4e","level":"INFO","thread":"BftProcessorExecutor-QBFT-0","class":"QbftBesuControllerBuilder","message":"Imported #2,116 / 0 tx / 0 pending / 0 (0.0%) gas / (0x1e0bb76279b96775f6ecb0d513cc7e68ab509fcbb2082c0febfbcf8c6981f0e1)","throwable":""}
{"timestamp":"2025-09-12T19:08:48,013","container":"7965dbe76a4e","level":"INFO","thread":"BftProcessorExecutor-QBFT-0","class":"QbftBesuControllerBuilder","message":"Imported #2,117 / 0 tx / 0 pending / 0 (0.0%) gas / (0x71112bbd95cf1f83dc046b17cac0ca2e1e8e641017ee4794679e69240257bef1)","throwable":""}
{"timestamp":"2025-09-12T19:08:48,013","container":"7965dbe76a4e","level":"INFO","thread":"EthScheduler-Workers-0","class":"PersistBlockTask","message":"Block 2117 (0x71112bbd95cf1f83dc046b17cac0ca2e1e8e641017ee4794679e69240257bef1) is already imported","throwable":""}
{"timestamp":"2025-09-12T19:08:56,018","container":"7965dbe76a4e","level":"INFO","thread":"EthScheduler-Workers-0","class":"PersistBlockTask","message":"Block 2118 (0x9c4c997c4297f40fb2b05cc3a8cf79a444409eb468d2a20abf4bcfacfec1fc6c) is already imported","throwable":""}
{"timestamp":"2025-09-12T19:08:56,019","container":"7965dbe76a4e","level":"INFO","thread":"BftProcessorExecutor-QBFT-0","class":"QbftBesuControllerBuilder","message":"Produced #2,118 / 0 tx / 0 pending / 0 (0.0%) gas / (0x9c4c997c4297f40fb2b05cc3a8cf79a444409eb468d2a20abf4bcfacfec1fc6c)","throwable":""}
{"timestamp":"2025-09-12T19:09:04,038","container":"7965dbe76a4e","level":"INFO","thread":"EthScheduler-Workers-0","class":"PersistBlockTask","message":"Imported #2,119 / 0 tx / 0 om / 0 (0.0%) gas / (0x3e289c995f90c6612f9b301af5e21bea156f7cded9a98171bfe0d4d4e6367cda) in 0.001s. Peers: 5","throwable":""}
{"timestamp":"2025-09-12T19:09:04,038","container":"7965dbe76a4e","level":"INFO","thread":"BftProcessorExecutor-QBFT-0","class":"QbftBesuControllerBuilder","message":"Imported #2,119 / 0 tx / 0 pending / 0 (0.0%) gas / (0x3e289c995f90c6612f9b301af5e21bea156f7cded9a98171bfe0d4d4e6367cda)","throwable":""}
{"timestamp":"2025-09-12T19:09:12,012","container":"7965dbe76a4e","level":"INFO","thread":"BftProcessorExecutor-QBFT-0","class":"QbftBesuControllerBuilder","message":"Imported #2,120 / 0 tx / 0 pending / 0 (0.0%) gas / (0xadbacc1c3e972de14060425a53b80f9a78b2607c3852a0693b422d92d34a06dd)","throwable":""}
{"timestamp":"2025-09-12T19:09:12,013","container":"7965dbe76a4e","level":"INFO","thread":"EthScheduler-Workers-0","class":"PersistBlockTask","message":"Block 2120 (0xadbacc1c3e972de14060425a53b80f9a78b2607c3852a0693b422d92d34a06dd) is already imported","throwable":""}
{"timestamp":"2025-09-12T19:09:20,013","container":"7965dbe76a4e","level":"INFO","thread":"BftProcessorExecutor-QBFT-0","class":"QbftBesuControllerBuilder","message":"Imported #2,121 / 0 tx / 0 pending / 0 (0.0%) gas / (0x25dcee8df3412ec300a041fdeb7fbac969d5ced07daf0c16d2578fbc7e64fbc0)","throwable":""}
{"timestamp":"2025-09-12T19:09:20,013","container":"7965dbe76a4e","level":"INFO","thread":"EthScheduler-Workers-0","class":"PersistBlockTask","message":"Block 2121 (0x25dcee8df3412ec300a041fdeb7fbac969d5ced07daf0c16d2578fbc7e64fbc0) is already imported","throwable":""}
{"timestamp":"2025-09-12T19:09:28,012","container":"7965dbe76a4e","level":"INFO","thread":"BftProcessorExecutor-QBFT-0","class":"QbftBesuControllerBuilder","message":"Produced #2,122 / 0 tx / 0 pending / 0 (0.0%) gas / (0x99c5feda7658180cdcc13b23fbc933c21c4c78cd190626d9476676fc0c606465)","throwable":""}
{"timestamp":"2025-09-12T19:09:36,015","container":"7965dbe76a4e","level":"INFO","thread":"EthScheduler-Workers-0","class":"PersistBlockTask","message":"Block 2123 (0x3d7b715b9aca7d64c794c51429c910ef8af3a92c00c8a98c9404870221dbb786) is already imported","throwable":""}
{"timestamp":"2025-09-12T19:09:36,015","container":"7965dbe76a4e","level":"INFO","thread":"BftProcessorExecutor-QBFT-0","class":"QbftBesuControllerBuilder","message":"Imported #2,123 / 0 tx / 0 pending / 0 (0.0%) gas / (0x3d7b715b9aca7d64c794c51429c910ef8af3a92c00c8a98c9404870221dbb786)","throwable":""}
{"timestamp":"2025-09-12T19:09:44,016","container":"7965dbe76a4e","level":"INFO","thread":"EthScheduler-Workers-0","class":"PersistBlockTask","message":"Imported #2,124 / 0 tx / 0 om / 0 (0.0%) gas / (0xa7920143d1e8e79fb811ca9a68d39e6ecabcfd866805e84553bf7f3ccbb588f8) in 0.001s. Peers: 5","throwable":""}
{"timestamp":"2025-09-12T19:09:52,014","container":"7965dbe76a4e","level":"INFO","thread":"BftProcessorExecutor-QBFT-0","class":"QbftBesuControllerBuilder","message":"Imported #2,125 / 0 tx / 0 pending / 0 (0.0%) gas / (0xc6d29cf7f68f0c608d43ba4a751213d126beb7ee74605675e1534ae390396b86)","throwable":""}
{"timestamp":"2025-09-12T19:10:00,017","container":"7965dbe76a4e","level":"INFO","thread":"BftProcessorExecutor-QBFT-0","class":"QbftBesuControllerBuilder","message":"Produced #2,126 / 0 tx / 0 pending / 0 (0.0%) gas / (0x39392afe58f52fdfdc13c0b2e719bd844be1dc4a13821b5d5925e64a82dd3bcc)","throwable":""}
{"timestamp":"2025-09-12T19:10:08,014","container":"7965dbe76a4e","level":"INFO","thread":"BftProcessorExecutor-QBFT-0","class":"QbftBesuControllerBuilder","message":"Imported #2,127 / 0 tx / 0 pending / 0 (0.0%) gas / (0x1bd4d5ff07e89221da9687b8307bc0b51559ccb0b38d7cc524896fa355b926f2)","throwable":""}
{"timestamp":"2025-09-12T19:10:16,014","container":"7965dbe76a4e","level":"INFO","thread":"BftProcessorExecutor-QBFT-0","class":"QbftBesuControllerBuilder","message":"Imported #2,128 / 0 tx / 0 pending / 0 (0.0%) gas / (0x3e0075a8750c9c4551148f26adddf1597adb38218335290c097bbc6140562e56)","throwable":""}
{"timestamp":"2025-09-12T19:10:16,014","container":"7965dbe76a4e","level":"INFO","thread":"EthScheduler-Workers-0","class":"PersistBlockTask","message":"Block 2128 (0x3e0075a8750c9c4551148f26adddf1597adb38218335290c097bbc6140562e56) is already imported","throwable":""}
{"timestamp":"2025-09-12T19:10:24,014","container":"7965dbe76a4e","level":"INFO","thread":"BftProcessorExecutor-QBFT-0","class":"QbftBesuControllerBuilder","message":"Imported #2,129 / 0 tx / 0 pending / 0 (0.0%) gas / (0x300719cb3bebc25a8e6dc994e960bcec2a91dc68b7d624cc6b1133b3768fd3fe)","throwable":""}
{"timestamp":"2025-09-12T19:10:32,016","container":"7965dbe76a4e","level":"INFO","thread":"BftProcessorExecutor-QBFT-0","class":"QbftBesuControllerBuilder","message":"Produced #2,130 / 0 tx / 0 pending / 0 (0.0%) gas / (0x7697fd7c01de5d2bd4bf3ce53bcfcc7e9ca40350cf68678590332d245052945e)","throwable":""}
{"timestamp":"2025-09-12T19:10:40,015","container":"7965dbe76a4e","level":"INFO","thread":"EthScheduler-Workers-0","class":"PersistBlockTask","message":"Block 2131 (0x70f995792e17810528fed89c904f6f7338011d89116323aaed964c53f5ef9398) is already imported","throwable":""}
{"timestamp":"2025-09-12T19:10:40,015","container":"7965dbe76a4e","level":"INFO","thread":"BftProcessorExecutor-QBFT-0","class":"QbftBesuControllerBuilder","message":"Imported #2,131 / 0 tx / 0 pending / 0 (0.0%) gas / (0x70f995792e17810528fed89c904f6f7338011d89116323aaed964c53f5ef9398)","throwable":""}
{"timestamp":"2025-09-12T19:10:48,023","container":"7965dbe76a4e","level":"INFO","thread":"EthScheduler-Workers-0","class":"PersistBlockTask","message":"Block 2132 (0xbd208202ec64cd4301325afdd51cbe3b0385497968942bbf00fe7f103de47fb7) is already imported","throwable":""}
{"timestamp":"2025-09-12T19:10:48,023","container":"7965dbe76a4e","level":"INFO","thread":"BftProcessorExecutor-QBFT-0","class":"QbftBesuControllerBuilder","message":"Imported #2,132 / 0 tx / 0 pending / 0 (0.0%) gas / (0xbd208202ec64cd4301325afdd51cbe3b0385497968942bbf00fe7f103de47fb7)","throwable":""}
{"timestamp":"2025-09-12T19:10:56,013","container":"7965dbe76a4e","level":"INFO","thread":"BftProcessorExecutor-QBFT-0","class":"QbftBesuControllerBuilder","message":"Imported #2,133 / 0 tx / 0 pending / 0 (0.0%) gas / (0x53a841486e3676fd1a1dced05d8bb5b6dddc71f5e1599b3ff026ef54a2346a6b)","throwable":""}
{"timestamp":"2025-09-12T19:10:56,013","container":"7965dbe76a4e","level":"INFO","thread":"EthScheduler-Workers-0","class":"PersistBlockTask","message":"Block 2133 (0x53a841486e3676fd1a1dced05d8bb5b6dddc71f5e1599b3ff026ef54a2346a6b) is already imported","throwable":""}
{"timestamp":"2025-09-12T19:11:04,014","container":"7965dbe76a4e","level":"INFO","thread":"BftProcessorExecutor-QBFT-0","class":"QbftBesuControllerBuilder","message":"Produced #2,134 / 0 tx / 0 pending / 0 (0.0%) gas / (0x94f54fa66332bea3118c5a95b2157585b2bc14d5322dd869bbe846d9b552bc60)","throwable":""}
{"timestamp":"2025-09-12T19:11:04,014","container":"7965dbe76a4e","level":"INFO","thread":"EthScheduler-Workers-0","class":"PersistBlockTask","message":"Block 2134 (0x94f54fa66332bea3118c5a95b2157585b2bc14d5322dd869bbe846d9b552bc60) is already imported","throwable":""}
{"timestamp":"2025-09-12T19:11:12,018","container":"7965dbe76a4e","level":"INFO","thread":"EthScheduler-Workers-0","class":"PersistBlockTask","message":"Imported #2,135 / 0 tx / 0 om / 0 (0.0%) gas / (0x766c737a75d00067ba0bf20f65d0884bf9974c89a900a10c5153921481566a3b) in 0.002s. Peers: 5","throwable":""}
{"timestamp":"2025-09-12T19:11:20,016","container":"7965dbe76a4e","level":"INFO","thread":"EthScheduler-Workers-0","class":"PersistBlockTask","message":"Block 2136 (0xab9c173b4eee93915d2f2c016f62f7801d18947941a413f2be67d76e19a17c64) is already imported","throwable":""}
{"timestamp":"2025-09-12T19:11:20,016","container":"7965dbe76a4e","level":"INFO","thread":"BftProcessorExecutor-QBFT-0","class":"QbftBesuControllerBuilder","message":"Imported #2,136 / 0 tx / 0 pending / 0 (0.0%) gas / (0xab9c173b4eee93915d2f2c016f62f7801d18947941a413f2be67d76e19a17c64)","throwable":""}
{"timestamp":"2025-09-12T19:11:28,020","container":"7965dbe76a4e","level":"INFO","thread":"BftProcessorExecutor-QBFT-0","class":"QbftBesuControllerBuilder","message":"Imported #2,137 / 0 tx / 0 pending / 0 (0.0%) gas / (0x19dba732653cf1770461f7a229a9d52b76ebd3fd1b79174550f2420914fdfdc3)","throwable":""}
{"timestamp":"2025-09-12T19:11:36,007","container":"7965dbe76a4e","level":"INFO","thread":"BftProcessorExecutor-QBFT-0","class":"QbftBesuControllerBuilder","message":"Produced #2,138 / 0 tx / 0 pending / 0 (0.0%) gas / (0x7c63e2edbac365dd4a44a615e5ed76a7cf907ae22f6a1448ab399bca748a9aad)","throwable":""}
{"timestamp":"2025-09-12T19:11:44,011","container":"7965dbe76a4e","level":"INFO","thread":"BftProcessorExecutor-QBFT-0","class":"QbftBesuControllerBuilder","message":"Imported #2,139 / 0 tx / 0 pending / 0 (0.0%) gas / (0x4ec093ec31a38c237a1d944fc8c7d81c5122a8b500857d9b63195b89a23485b2)","throwable":""}
{"timestamp":"2025-09-12T19:11:52,018","container":"7965dbe76a4e","level":"INFO","thread":"EthScheduler-Workers-0","class":"PersistBlockTask","message":"Block 2140 (0x292f0bf7c6913f3f25bc3790bd40f7952607a7c02587de5f4bb3bf3100662053) is already imported","throwable":""}
{"timestamp":"2025-09-12T19:11:52,019","container":"7965dbe76a4e","level":"INFO","thread":"BftProcessorExecutor-QBFT-0","class":"QbftBesuControllerBuilder","message":"Imported #2,140 / 0 tx / 0 pending / 0 (0.0%) gas / (0x292f0bf7c6913f3f25bc3790bd40f7952607a7c02587de5f4bb3bf3100662053)","throwable":""}
{"timestamp":"2025-09-12T19:12:00,006","container":"7965dbe76a4e","level":"INFO","thread":"BftProcessorExecutor-QBFT-0","class":"QbftBesuControllerBuilder","message":"Imported #2,141 / 0 tx / 0 pending / 0 (0.0%) gas / (0x868676fc5fe737fff207fa9d90a9bae7758c9620259ea5ceae192170d1bc399d)","throwable":""}
{"timestamp":"2025-09-12T19:12:08,013","container":"7965dbe76a4e","level":"INFO","thread":"BftProcessorExecutor-QBFT-0","class":"QbftBesuControllerBuilder","message":"Produced #2,142 / 0 tx / 0 pending / 0 (0.0%) gas / (0x1250dfbd7bc7e4989cd4e08f4d7803cebae931c0a6ae62fb801c9aed9a8e8a13)","throwable":""}
{"timestamp":"2025-09-12T19:12:16,015","container":"7965dbe76a4e","level":"INFO","thread":"EthScheduler-Workers-0","class":"PersistBlockTask","message":"Imported #2,143 / 0 tx / 0 om / 0 (0.0%) gas / (0x827b173b8e5c1e9613189252098893e2d15b812940fce58557d3eae29c12cbb0) in 0.001s. Peers: 5","throwable":""}
{"timestamp":"2025-09-12T19:12:24,019","container":"7965dbe76a4e","level":"INFO","thread":"BftProcessorExecutor-QBFT-0","class":"QbftBesuControllerBuilder","message":"Imported #2,144 / 0 tx / 0 pending / 0 (0.0%) gas / (0xa5f5b55d8de618f9ff3fba11c44e5706fb3908a32740fa775b1a2ec661f8bb5d)","throwable":""}
{"timestamp":"2025-09-12T19:12:24,019","container":"7965dbe76a4e","level":"INFO","thread":"EthScheduler-Workers-0","class":"PersistBlockTask","message":"Block 2144 (0xa5f5b55d8de618f9ff3fba11c44e5706fb3908a32740fa775b1a2ec661f8bb5d) is already imported","throwable":""}
{"timestamp":"2025-09-12T19:12:32,014","container":"7965dbe76a4e","level":"INFO","thread":"EthScheduler-Workers-0","class":"PersistBlockTask","message":"Block 2145 (0x6b77ff5ab8a39d9122c54b439feca3f1b5c737c34ee2d34ecdc27f84b707447c) is already imported","throwable":""}
{"timestamp":"2025-09-12T19:12:32,014","container":"7965dbe76a4e","level":"INFO","thread":"BftProcessorExecutor-QBFT-0","class":"QbftBesuControllerBuilder","message":"Imported #2,145 / 0 tx / 0 pending / 0 (0.0%) gas / (0x6b77ff5ab8a39d9122c54b439feca3f1b5c737c34ee2d34ecdc27f84b707447c)","throwable":""}
{"timestamp":"2025-09-12T19:12:40,022","container":"7965dbe76a4e","level":"INFO","thread":"BftProcessorExecutor-QBFT-0","class":"QbftBesuControllerBuilder","message":"Produced #2,146 / 0 tx / 0 pending / 0 (0.0%) gas / (0x8b125acec719ef9ee8d3813961bc39db2b853ee506f9cf480d2958960299e894)","throwable":""}
{"timestamp":"2025-09-12T19:12:40,024","container":"7965dbe76a4e","level":"INFO","thread":"EthScheduler-Workers-0","class":"PersistBlockTask","message":"Block 2146 (0x8b125acec719ef9ee8d3813961bc39db2b853ee506f9cf480d2958960299e894) is already imported","throwable":""}
{"timestamp":"2025-09-24T11:38:06,338","container":"7965dbe76a4e","level":"INFO","thread":"main","class":"Besu","message":"Starting Besu","throwable":""}
{"timestamp":"2025-09-24T11:38:08,406","container":"7965dbe76a4e","level":"WARN","thread":"main","class":"Besu","message":"--min-gas-price has been ignored because --miner-enabled was not defined on the command line.","throwable":""}
{"timestamp":"2025-09-24T11:38:11,877","container":"7965dbe76a4e","level":"INFO","thread":"main","class":"Besu","message":"
####################################################################################################
#                                                                                                  #
# Besu version 23.4.1                                                                              #
#                                                                                                  #
# Configuration:                                                                                   #
# Network: Custom genesis file specified                                                           #
# Network Id: 1337                                                                                 #
# Data storage: Forest                                                                             #
# Sync mode: Full                                                                                  #
# RPC HTTP APIs: EEA,WEB3,ETH,NET,TRACE,DEBUG,ADMIN,TXPOOL,PRIV,PERM,QBFT                          #
# RPC HTTP port: 8545                                                                              #
#                                                                                                  #
# Host:                                                                                            #
# Java: openjdk-java-17                                                                            #
# Maximum heap size: 1.91 GB                                                                       #
# OS: linux-x86_64                                                                                 #
# glibc: 2.35                                                                                      #
# jemalloc: 5.2.1-0-gea6b3e973b477b8061e0076bb257dbd7f3faa756                                      #
# Total memory: 7.62 GB                                                                            #
# CPU cores: 12                                                                                    #
#                                                                                                  #
####################################################################################################","throwable":""}
{"timestamp":"2025-09-24T11:38:11,878","container":"7965dbe76a4e","level":"INFO","thread":"main","class":"Besu","message":"Connecting to 8 static nodes.","throwable":""}
{"timestamp":"2025-09-24T11:38:11,878","container":"7965dbe76a4e","level":"INFO","thread":"main","class":"Besu","message":"Security Module: localfile","throwable":""}
{"timestamp":"2025-09-24T11:38:12,000","container":"7965dbe76a4e","level":"INFO","thread":"main","class":"Besu","message":"Using the native implementation of alt bn128","throwable":""}
{"timestamp":"2025-09-24T11:38:12,109","container":"7965dbe76a4e","level":"INFO","thread":"main","class":"Besu","message":"Using the native implementation of modexp","throwable":""}
{"timestamp":"2025-09-24T11:38:12,109","container":"7965dbe76a4e","level":"INFO","thread":"main","class":"Besu","message":"Using the native implementation of the signature algorithm","throwable":""}
{"timestamp":"2025-09-24T11:38:12,119","container":"7965dbe76a4e","level":"INFO","thread":"main","class":"Besu","message":"Using the native implementation of the blake2bf algorithm","throwable":""}
{"timestamp":"2025-09-24T11:38:12,202","container":"7965dbe76a4e","level":"INFO","thread":"main","class":"DatabaseMetadata","message":"Lookup database metadata file in data directory: /opt/besu/data","throwable":""}
{"timestamp":"2025-09-24T11:38:12,327","container":"7965dbe76a4e","level":"INFO","thread":"main","class":"RocksDBKeyValueStorageFactory","message":"Existing database detected at /opt/besu/data. Version 1. Compacting database...","throwable":""}
{"timestamp":"2025-09-24T11:38:14,375","container":"7965dbe76a4e","level":"INFO","thread":"main","class":"KeyPairUtil","message":"Loaded public key 0x2fd5b5b6ad529f55b71602026d1849d0036f06482368b5812fa793014195d3571b0840dbc4175617de2a12db8f1222c012420d471ae5c0d982118625cae58868 from /opt/besu/keys/nodekey","throwable":""}
{"timestamp":"2025-09-24T11:38:14,436","container":"7965dbe76a4e","level":"WARN","thread":"main","class":"Besu","message":"Privacy is disabled. Cannot use EEA/PRIV API methods when not using Privacy.","throwable":""}
{"timestamp":"2025-09-24T11:38:15,375","container":"7965dbe76a4e","level":"INFO","thread":"main","class":"ProtocolScheduleBuilder","message":"Protocol schedule created with milestones: [GrayGlacier: 0]","throwable":""}
{"timestamp":"2025-09-24T11:38:16,053","container":"7965dbe76a4e","level":"INFO","thread":"main","class":"TransactionPoolFactory","message":"Enabling transaction pool","throwable":""}
{"timestamp":"2025-09-24T11:38:16,115","container":"7965dbe76a4e","level":"INFO","thread":"main","class":"BesuControllerBuilder","message":"TTD difficulty is not present, creating initial sync phase for PoW","throwable":""}
{"timestamp":"2025-09-24T11:38:16,304","container":"7965dbe76a4e","level":"INFO","thread":"main","class":"RunnerBuilder","message":"Detecting NAT service.","throwable":""}
{"timestamp":"2025-09-24T11:38:19,176","container":"7965dbe76a4e","level":"INFO","thread":"main","class":"Runner","message":"Starting external services ... ","throwable":""}
{"timestamp":"2025-09-24T11:38:19,178","container":"7965dbe76a4e","level":"INFO","thread":"main","class":"MetricsHttpService","message":"Starting metrics http service on 0.0.0.0:9545","throwable":""}
{"timestamp":"2025-09-24T11:38:19,539","container":"7965dbe76a4e","level":"INFO","thread":"vert.x-eventloop-thread-1","class":"MetricsHttpService","message":"Metrics service started and listening on 0.0.0.0:9545","throwable":""}
{"timestamp":"2025-09-24T11:38:19,546","container":"7965dbe76a4e","level":"INFO","thread":"main","class":"JsonRpcHttpService","message":"Starting JSON-RPC service on 0.0.0.0:8545","throwable":""}
{"timestamp":"2025-09-24T11:38:19,658","container":"7965dbe76a4e","level":"INFO","thread":"vert.x-eventloop-thread-1","class":"JsonRpcHttpService","message":"JSON-RPC service started and listening on 0.0.0.0:8545","throwable":""}
{"timestamp":"2025-09-24T11:38:19,672","container":"7965dbe76a4e","level":"INFO","thread":"main","class":"GraphQLHttpService","message":"Starting GraphQL HTTP service on 0.0.0.0:8547","throwable":""}
{"timestamp":"2025-09-24T11:38:19,693","container":"7965dbe76a4e","level":"INFO","thread":"vert.x-eventloop-thread-1","class":"GraphQLHttpService","message":"GraphQL HTTP service started and listening on 0.0.0.0:8547","throwable":""}
{"timestamp":"2025-09-24T11:38:19,693","container":"7965dbe76a4e","level":"INFO","thread":"main","class":"WebSocketService","message":"Starting Websocket service on 0.0.0.0:8546","throwable":""}
{"timestamp":"2025-09-24T11:38:19,733","container":"7965dbe76a4e","level":"INFO","thread":"vert.x-eventloop-thread-1","class":"WebSocketService","message":"Websocket service started and listening on 0.0.0.0:8546","throwable":""}
{"timestamp":"2025-09-24T11:38:19,762","container":"7965dbe76a4e","level":"INFO","thread":"main","class":"AutoTransactionLogBloomCachingService","message":"Starting auto transaction log bloom caching service.","throwable":""}
{"timestamp":"2025-09-24T11:38:19,774","container":"7965dbe76a4e","level":"INFO","thread":"main","class":"LogBloomCacheMetadata","message":"Lookup cache metadata file in data directory: /opt/besu/data/caches","throwable":""}
{"timestamp":"2025-09-24T11:38:19,864","container":"7965dbe76a4e","level":"INFO","thread":"main","class":"Runner","message":"Starting Ethereum main loop ... ","throwable":""}
{"timestamp":"2025-09-24T11:38:19,865","container":"7965dbe76a4e","level":"INFO","thread":"main","class":"NatService","message":"No NAT environment detected so no service could be started","throwable":""}
{"timestamp":"2025-09-24T11:38:19,865","container":"7965dbe76a4e","level":"INFO","thread":"main","class":"NetworkRunner","message":"Starting Network.","throwable":""}
{"timestamp":"2025-09-24T11:38:19,966","container":"7965dbe76a4e","level":"INFO","thread":"nioEventLoopGroup-2-1","class":"RlpxAgent","message":"P2P RLPx agent started and listening on /[0:0:0:0:0:0:0:0]:30303.","throwable":""}
{"timestamp":"2025-09-24T11:38:19,978","container":"7965dbe76a4e","level":"INFO","thread":"main","class":"PeerDiscoveryAgent","message":"Starting peer discovery agent on host=0.0.0.0, port=30303","throwable":""}
{"timestamp":"2025-09-24T11:38:20,114","container":"7965dbe76a4e","level":"INFO","thread":"vert.x-eventloop-thread-1","class":"VertxPeerDiscoveryAgent","message":"Started peer discovery agent successfully, on effective host=0:0:0:0:0:0:0:0%0 and port=30303","throwable":""}
{"timestamp":"2025-09-24T11:38:20,134","container":"7965dbe76a4e","level":"INFO","thread":"vert.x-eventloop-thread-1","class":"PeerDiscoveryAgent","message":"P2P peer discovery agent started and listening on /[0:0:0:0:0:0:0:0%0]:30303","throwable":""}
{"timestamp":"2025-09-24T11:38:20,369","container":"7965dbe76a4e","level":"INFO","thread":"vert.x-eventloop-thread-1","class":"PeerDiscoveryAgent","message":"Writing node record to disk. NodeRecord{seq=2, publicKey=0x022fd5b5b6ad529f55b71602026d1849d0036f06482368b5812fa793014195d357, udpAddress=Optional[/172.16.239.14:30303], tcpAddress=Optional[/172.16.239.14:30303], asBase64=-Je4QPN8Cab5WrDt65VsnQG-11JWj-oST32QkbIpoWhSaIEPPdUH0V4t126K8BW6fuCTJuRx2Jq26aUtafzs21iSIyQCg2V0aMfGhGpSrW2AgmlkgnY0gmlwhKwQ7w6Jc2VjcDI1NmsxoQIv1bW2rVKfVbcWAgJtGEnQA28GSCNotYEvp5MBQZXTV4N0Y3CCdl-DdWRwgnZf, nodeId=0xc8f776c1d83d4fddd02782c698c1334496614aed49d2e81526d089f7264fed9c, customFields={tcp=30303, udp=30303, ip=0xac10ef0e, eth=[[0x6a52ad6d, 0x]], id=V4, secp256k1=0x022fd5b5b6ad529f55b71602026d1849d0036f06482368b5812fa793014195d357}}","throwable":""}
{"timestamp":"2025-09-24T11:38:20,607","container":"7965dbe76a4e","level":"INFO","thread":"main","class":"DefaultP2PNetwork","message":"Enode URL enode://2fd5b5b6ad529f55b71602026d1849d0036f06482368b5812fa793014195d3571b0840dbc4175617de2a12db8f1222c012420d471ae5c0d982118625cae58868@172.16.239.14:30303","throwable":""}
{"timestamp":"2025-09-24T11:38:20,630","container":"7965dbe76a4e","level":"INFO","thread":"main","class":"DefaultP2PNetwork","message":"Node address 0x98c1334496614aed49d2e81526d089f7264fed9c","throwable":""}
{"timestamp":"2025-09-24T11:38:20,853","container":"7965dbe76a4e","level":"INFO","thread":"main","class":"NetworkRunner","message":"Supported capabilities: [eth/62, eth/63, eth/64, eth/65, eth/66, eth/67, eth/68], [istanbul/100], [snap/1]","throwable":""}
{"timestamp":"2025-09-24T11:38:20,859","container":"7965dbe76a4e","level":"INFO","thread":"main","class":"DefaultSynchronizer","message":"Starting synchronizer.","throwable":""}
{"timestamp":"2025-09-24T11:38:20,862","container":"7965dbe76a4e","level":"INFO","thread":"main","class":"TransactionPoolFactory","message":"Enabling transaction handling following initial sync","throwable":""}
{"timestamp":"2025-09-24T11:38:20,867","container":"7965dbe76a4e","level":"INFO","thread":"main","class":"FullSyncDownloader","message":"Starting full sync.","throwable":""}
{"timestamp":"2025-09-24T11:38:20,873","container":"7965dbe76a4e","level":"INFO","thread":"main","class":"FullSyncTargetManager","message":"Unable to find sync target. Currently checking 0 peers for usefulness","throwable":""}
{"timestamp":"2025-09-24T11:38:22,858","container":"7965dbe76a4e","level":"INFO","thread":"nioEventLoopGroup-3-4","class":"FullSyncTargetManager","message":"Unable to find sync target. Currently checking 2 peers for usefulness","throwable":""}
{"timestamp":"2025-09-24T11:38:23,743","container":"7965dbe76a4e","level":"INFO","thread":"main","class":"Runner","message":"Ethereum main loop is up.","throwable":""}
{"timestamp":"2025-09-24T11:38:24,176","container":"7965dbe76a4e","level":"INFO","thread":"BftProcessorExecutor-QBFT-0","class":"QbftBesuControllerBuilder","message":"Imported #2,147 / 0 tx / 0 pending / 0 (0.0%) gas / (0xe12aa1d2faf2b6a1f3818c394c37d443a00cb0bfa75a067351d57250a6e6b40a)","throwable":""}
{"timestamp":"2025-09-24T11:38:32,070","container":"7965dbe76a4e","level":"INFO","thread":"BftProcessorExecutor-QBFT-0","class":"QbftBesuControllerBuilder","message":"Imported #2,148 / 0 tx / 0 pending / 0 (0.0%) gas / (0x3f2935115016a5cef3b155fafd1c51eae2fe4e80ede5541a437de762eb703999)","throwable":""}
{"timestamp":"2025-09-24T11:38:32,078","container":"7965dbe76a4e","level":"INFO","thread":"EthScheduler-Workers-0","class":"PersistBlockTask","message":"Block 2148 (0x3f2935115016a5cef3b155fafd1c51eae2fe4e80ede5541a437de762eb703999) is already imported","throwable":""}
{"timestamp":"2025-09-24T11:38:40,065","container":"7965dbe76a4e","level":"INFO","thread":"BftProcessorExecutor-QBFT-0","class":"QbftBesuControllerBuilder","message":"Imported #2,149 / 0 tx / 0 pending / 0 (0.0%) gas / (0x6c4033673152c6c3f8154988c358591bba4556508fc4b2c9e9fca9058cc018b3)","throwable":""}
{"timestamp":"2025-09-24T11:38:48,095","container":"7965dbe76a4e","level":"INFO","thread":"BftProcessorExecutor-QBFT-0","class":"QbftBesuControllerBuilder","message":"Produced #2,150 / 0 tx / 0 pending / 0 (0.0%) gas / (0x7131b17839f25c2ebd708cf0e1ccd27607e0d3f72c5dc31baee1e852e3875062)","throwable":""}
{"timestamp":"2025-09-24T11:38:56,076","container":"7965dbe76a4e","level":"INFO","thread":"EthScheduler-Workers-0","class":"PersistBlockTask","message":"Block 2151 (0x29ceee05ab70fc7bc43b1ddac62b1c6be89255cac3010dd99093a625d03119b5) is already imported","throwable":""}
{"timestamp":"2025-09-24T11:38:56,076","container":"7965dbe76a4e","level":"INFO","thread":"BftProcessorExecutor-QBFT-0","class":"QbftBesuControllerBuilder","message":"Imported #2,151 / 0 tx / 0 pending / 0 (0.0%) gas / (0x29ceee05ab70fc7bc43b1ddac62b1c6be89255cac3010dd99093a625d03119b5)","throwable":""}
{"timestamp":"2025-09-24T11:39:04,033","container":"7965dbe76a4e","level":"INFO","thread":"BftProcessorExecutor-QBFT-0","class":"QbftBesuControllerBuilder","message":"Imported #2,152 / 0 tx / 0 pending / 0 (0.0%) gas / (0x1a898e6dbef43618191a5335030d04d7a0f482bd9da8bf611f1e27ab91d15274)","throwable":""}
{"timestamp":"2025-09-24T11:39:12,031","container":"7965dbe76a4e","level":"INFO","thread":"BftProcessorExecutor-QBFT-0","class":"QbftBesuControllerBuilder","message":"Imported #2,153 / 0 tx / 0 pending / 0 (0.0%) gas / (0x5ce94107029650a6b975817bf1d70670ff4eaf441e98333db9438b52dbc816c7)","throwable":""}
{"timestamp":"2025-09-24T11:39:20,054","container":"7965dbe76a4e","level":"INFO","thread":"BftProcessorExecutor-QBFT-0","class":"QbftBesuControllerBuilder","message":"Produced #2,154 / 0 tx / 0 pending / 0 (0.0%) gas / (0x787471238d8cb59f5bbee821e6024d69c0495b1d4ebe3c602696e0c171172de3)","throwable":""}
{"timestamp":"2025-09-24T11:39:20,056","container":"7965dbe76a4e","level":"INFO","thread":"EthScheduler-Workers-0","class":"PersistBlockTask","message":"Block 2154 (0x787471238d8cb59f5bbee821e6024d69c0495b1d4ebe3c602696e0c171172de3) is already imported","throwable":""}
{"timestamp":"2025-09-24T11:39:28,034","container":"7965dbe76a4e","level":"INFO","thread":"EthScheduler-Workers-0","class":"PersistBlockTask","message":"Block 2155 (0xbca893221b0f4e46efeee1149055d997c8e6ee8da58d0cd5cf2621044ed4fa2f) is already imported","throwable":""}
{"timestamp":"2025-09-24T11:39:28,035","container":"7965dbe76a4e","level":"INFO","thread":"BftProcessorExecutor-QBFT-0","class":"QbftBesuControllerBuilder","message":"Imported #2,155 / 0 tx / 0 pending / 0 (0.0%) gas / (0xbca893221b0f4e46efeee1149055d997c8e6ee8da58d0cd5cf2621044ed4fa2f)","throwable":""}
{"timestamp":"2025-09-24T11:39:36,026","container":"7965dbe76a4e","level":"INFO","thread":"BftProcessorExecutor-QBFT-0","class":"QbftBesuControllerBuilder","message":"Imported #2,156 / 0 tx / 0 pending / 0 (0.0%) gas / (0x2892633f1df3ff6a81db18539f6b6cfd55b5bd382c27db8c93fd9036e7c2b695)","throwable":""}
{"timestamp":"2025-09-24T11:39:44,040","container":"7965dbe76a4e","level":"INFO","thread":"BftProcessorExecutor-QBFT-0","class":"QbftBesuControllerBuilder","message":"Imported #2,157 / 0 tx / 0 pending / 0 (0.0%) gas / (0x49a4d8b3a00d13451af9584cf9396f007f232731e395c8e82974cf9dd49dc3b4)","throwable":""}
{"timestamp":"2025-09-24T11:39:44,043","container":"7965dbe76a4e","level":"INFO","thread":"EthScheduler-Workers-0","class":"PersistBlockTask","message":"Block 2157 (0x49a4d8b3a00d13451af9584cf9396f007f232731e395c8e82974cf9dd49dc3b4) is already imported","throwable":""}
{"timestamp":"2025-09-24T11:39:52,037","container":"7965dbe76a4e","level":"INFO","thread":"BftProcessorExecutor-QBFT-0","class":"QbftBesuControllerBuilder","message":"Produced #2,158 / 0 tx / 0 pending / 0 (0.0%) gas / (0x95ead4b94c901b172cd4f38bee51a7a314d40291c247ef240e7e99b388abc24f)","throwable":""}
{"timestamp":"2025-09-24T11:39:52,038","container":"7965dbe76a4e","level":"INFO","thread":"EthScheduler-Workers-0","class":"PersistBlockTask","message":"Block 2158 (0x95ead4b94c901b172cd4f38bee51a7a314d40291c247ef240e7e99b388abc24f) is already imported","throwable":""}
{"timestamp":"2025-09-24T11:40:00,038","container":"7965dbe76a4e","level":"INFO","thread":"EthScheduler-Workers-0","class":"PersistBlockTask","message":"Imported #2,159 / 0 tx / 0 om / 0 (0.0%) gas / (0xefaa2f4be8d977eb13c646fe15bda8a673f255bad8aa323d7df3cc5cb27350a1) in 0.004s. Peers: 5","throwable":""}
{"timestamp":"2025-09-24T11:40:00,038","container":"7965dbe76a4e","level":"INFO","thread":"BftProcessorExecutor-QBFT-0","class":"QbftBesuControllerBuilder","message":"Imported #2,159 / 0 tx / 0 pending / 0 (0.0%) gas / (0xefaa2f4be8d977eb13c646fe15bda8a673f255bad8aa323d7df3cc5cb27350a1)","throwable":""}
{"timestamp":"2025-09-24T11:40:08,048","container":"7965dbe76a4e","level":"INFO","thread":"EthScheduler-Workers-0","class":"PersistBlockTask","message":"Imported #2,160 / 0 tx / 0 om / 0 (0.0%) gas / (0x32b95c011e237d817e8aa3d7f81362a97389376fd613f8f0cde3509193c0476b) in 0.005s. Peers: 5","throwable":""}
{"timestamp":"2025-09-24T11:40:08,049","container":"7965dbe76a4e","level":"INFO","thread":"BftProcessorExecutor-QBFT-0","class":"QbftBesuControllerBuilder","message":"Imported #2,160 / 0 tx / 0 pending / 0 (0.0%) gas / (0x32b95c011e237d817e8aa3d7f81362a97389376fd613f8f0cde3509193c0476b)","throwable":""}
{"timestamp":"2025-09-24T11:40:16,048","container":"7965dbe76a4e","level":"INFO","thread":"BftProcessorExecutor-QBFT-0","class":"QbftBesuControllerBuilder","message":"Imported #2,161 / 0 tx / 0 pending / 0 (0.0%) gas / (0x09c66f7b6262f0d488c5ebb0d3580f20babf2342d1cfedf036bfe00bed7396d8)","throwable":""}
{"timestamp":"2025-09-24T11:40:16,053","container":"7965dbe76a4e","level":"INFO","thread":"EthScheduler-Workers-0","class":"PersistBlockTask","message":"Block 2161 (0x09c66f7b6262f0d488c5ebb0d3580f20babf2342d1cfedf036bfe00bed7396d8) is already imported","throwable":""}
{"timestamp":"2025-09-24T11:40:24,026","container":"7965dbe76a4e","level":"INFO","thread":"BftProcessorExecutor-QBFT-0","class":"QbftBesuControllerBuilder","message":"Produced #2,162 / 0 tx / 0 pending / 0 (0.0%) gas / (0xbe57a3811b4e5fa1bc101bf22d132694a4a96e71083004d735b655a46fccc1f4)","throwable":""}
{"timestamp":"2025-09-24T11:40:32,036","container":"7965dbe76a4e","level":"INFO","thread":"BftProcessorExecutor-QBFT-0","class":"QbftBesuControllerBuilder","message":"Imported #2,163 / 0 tx / 0 pending / 0 (0.0%) gas / (0x88435a3270687661116b7d7ad2d4aa25e5d603d068c8525eaf13eae40227e69b)","throwable":""}
{"timestamp":"2025-09-24T11:40:40,057","container":"7965dbe76a4e","level":"INFO","thread":"EthScheduler-Workers-0","class":"PersistBlockTask","message":"Block 2164 (0xf3b7970e2c32d4b8375f59ca45f36519ce8deaf289d9a9560c80a6ba9735d358) is already imported","throwable":""}
{"timestamp":"2025-09-24T11:40:40,058","container":"7965dbe76a4e","level":"INFO","thread":"BftProcessorExecutor-QBFT-0","class":"QbftBesuControllerBuilder","message":"Imported #2,164 / 0 tx / 0 pending / 0 (0.0%) gas / (0xf3b7970e2c32d4b8375f59ca45f36519ce8deaf289d9a9560c80a6ba9735d358)","throwable":""}
{"timestamp":"2025-09-24T11:40:48,047","container":"7965dbe76a4e","level":"INFO","thread":"BftProcessorExecutor-QBFT-0","class":"QbftBesuControllerBuilder","message":"Imported #2,165 / 0 tx / 0 pending / 0 (0.0%) gas / (0x86f5250895d5ae3ee646512c167c43553766ef60bf37fe77a5db1400c191ef8a)","throwable":""}
{"timestamp":"2025-09-24T11:40:56,035","container":"7965dbe76a4e","level":"INFO","thread":"EthScheduler-Workers-0","class":"PersistBlockTask","message":"Block 2166 (0x44a3b4031769368001724c120730904621832c7d2ba2068ad0b1be0019b8ee99) is already imported","throwable":""}
{"timestamp":"2025-09-24T11:40:56,035","container":"7965dbe76a4e","level":"INFO","thread":"BftProcessorExecutor-QBFT-0","class":"QbftBesuControllerBuilder","message":"Produced #2,166 / 0 tx / 0 pending / 0 (0.0%) gas / (0x44a3b4031769368001724c120730904621832c7d2ba2068ad0b1be0019b8ee99)","throwable":""}
{"timestamp":"2025-09-24T11:41:04,025","container":"7965dbe76a4e","level":"INFO","thread":"BftProcessorExecutor-QBFT-0","class":"QbftBesuControllerBuilder","message":"Imported #2,167 / 0 tx / 0 pending / 0 (0.0%) gas / (0x0c4d6771ca9ec69866b4d525203568c161121de6bcd9ce82da320d9924b437ea)","throwable":""}
{"timestamp":"2025-09-24T11:41:12,027","container":"7965dbe76a4e","level":"INFO","thread":"BftProcessorExecutor-QBFT-0","class":"QbftBesuControllerBuilder","message":"Imported #2,168 / 0 tx / 0 pending / 0 (0.0%) gas / (0xb49d4beed12fc2d0a351636143044a8724f81323202696479f66024e6bc44f55)","throwable":""}
{"timestamp":"2025-09-24T11:41:20,025","container":"7965dbe76a4e","level":"INFO","thread":"BftProcessorExecutor-QBFT-0","class":"QbftBesuControllerBuilder","message":"Imported #2,169 / 0 tx / 0 pending / 0 (0.0%) gas / (0x6514e2ee4460b2d0f792f52f0e581bf36b7f0a59b1853a738954c54fc44f3f37)","throwable":""}
{"timestamp":"2025-09-24T11:41:20,025","container":"7965dbe76a4e","level":"INFO","thread":"EthScheduler-Workers-0","class":"PersistBlockTask","message":"Block 2169 (0x6514e2ee4460b2d0f792f52f0e581bf36b7f0a59b1853a738954c54fc44f3f37) is already imported","throwable":""}
{"timestamp":"2025-09-24T11:41:28,028","container":"7965dbe76a4e","level":"INFO","thread":"BftProcessorExecutor-QBFT-0","class":"QbftBesuControllerBuilder","message":"Produced #2,170 / 0 tx / 0 pending / 0 (0.0%) gas / (0x379829e58b3b31e017cf2062bed689b34382e230836817cdccac2b62c6e1b19f)","throwable":""}
{"timestamp":"2025-09-24T11:41:36,019","container":"7965dbe76a4e","level":"INFO","thread":"EthScheduler-Workers-0","class":"PersistBlockTask","message":"Block 2171 (0x3638cf76c283cb0c78c9eae2c9ce8edd6cd8ce6bb4165b5551c48c6d0132a031) is already imported","throwable":""}
{"timestamp":"2025-09-24T11:41:36,019","container":"7965dbe76a4e","level":"INFO","thread":"BftProcessorExecutor-QBFT-0","class":"QbftBesuControllerBuilder","message":"Imported #2,171 / 0 tx / 0 pending / 0 (0.0%) gas / (0x3638cf76c283cb0c78c9eae2c9ce8edd6cd8ce6bb4165b5551c48c6d0132a031)","throwable":""}
{"timestamp":"2025-09-24T11:41:44,023","container":"7965dbe76a4e","level":"INFO","thread":"BftProcessorExecutor-QBFT-0","class":"QbftBesuControllerBuilder","message":"Imported #2,172 / 0 tx / 0 pending / 0 (0.0%) gas / (0x9a5e071313f2dfaf589545a43d3036dd6b2685297b6c205412754799d56ca50a)","throwable":""}
{"timestamp":"2025-09-24T11:41:44,024","container":"7965dbe76a4e","level":"INFO","thread":"EthScheduler-Workers-0","class":"PersistBlockTask","message":"Block 2172 (0x9a5e071313f2dfaf589545a43d3036dd6b2685297b6c205412754799d56ca50a) is already imported","throwable":""}
{"timestamp":"2025-09-24T11:41:52,027","container":"7965dbe76a4e","level":"INFO","thread":"EthScheduler-Workers-0","class":"PersistBlockTask","message":"Block 2173 (0x2e1c9aae5184c5577d961733120cfdf2c8a05ac6dd0b6c348838fdd3147363eb) is already imported","throwable":""}
{"timestamp":"2025-09-24T11:41:52,028","container":"7965dbe76a4e","level":"INFO","thread":"BftProcessorExecutor-QBFT-0","class":"QbftBesuControllerBuilder","message":"Imported #2,173 / 0 tx / 0 pending / 0 (0.0%) gas / (0x2e1c9aae5184c5577d961733120cfdf2c8a05ac6dd0b6c348838fdd3147363eb)","throwable":""}
{"timestamp":"2025-09-24T11:42:00,027","container":"7965dbe76a4e","level":"INFO","thread":"BftProcessorExecutor-QBFT-0","class":"QbftBesuControllerBuilder","message":"Produced #2,174 / 0 tx / 0 pending / 0 (0.0%) gas / (0xda3a3c1f038df7cf0191399d7df41eadfc0abe948954b127a6c848a40fb66ecd)","throwable":""}
{"timestamp":"2025-09-24T11:42:08,052","container":"7965dbe76a4e","level":"INFO","thread":"EthScheduler-Workers-0","class":"PersistBlockTask","message":"Block 2175 (0x92b67bdce0c24d1614a8435531c306746ae6b814d6f4a58e8b3955077809811c) is already imported","throwable":""}
{"timestamp":"2025-09-24T11:42:08,053","container":"7965dbe76a4e","level":"INFO","thread":"BftProcessorExecutor-QBFT-0","class":"QbftBesuControllerBuilder","message":"Imported #2,175 / 0 tx / 0 pending / 0 (0.0%) gas / (0x92b67bdce0c24d1614a8435531c306746ae6b814d6f4a58e8b3955077809811c)","throwable":""}
{"timestamp":"2025-09-24T11:42:16,019","container":"7965dbe76a4e","level":"INFO","thread":"BftProcessorExecutor-QBFT-0","class":"QbftBesuControllerBuilder","message":"Imported #2,176 / 0 tx / 0 pending / 0 (0.0%) gas / (0xa2806ec70c0b008f422d9447d521aa9dd7af2f720912c7a6fa2338998dc9f6c0)","throwable":""}
{"timestamp":"2025-09-24T11:42:24,029","container":"7965dbe76a4e","level":"INFO","thread":"BftProcessorExecutor-QBFT-0","class":"QbftBesuControllerBuilder","message":"Imported #2,177 / 0 tx / 0 pending / 0 (0.0%) gas / (0xbf0d26a29d20a692ec553817b1f48cdb16d8535bf951e3126e913cef00e456ad)","throwable":""}
{"timestamp":"2025-09-24T11:42:32,046","container":"7965dbe76a4e","level":"INFO","thread":"BftProcessorExecutor-QBFT-0","class":"QbftBesuControllerBuilder","message":"Produced #2,178 / 0 tx / 0 pending / 0 (0.0%) gas / (0x7d7b894e2c88ac849f864031f409ce3ee61f8f4230b081cebfcceffe0c1547ea)","throwable":""}
{"timestamp":"2025-09-24T11:42:40,064","container":"7965dbe76a4e","level":"INFO","thread":"EthScheduler-Workers-0","class":"PersistBlockTask","message":"Block 2179 (0x96982f3cb7a94bb3723ceec254c6301b22367f8a3cfcdf2c68f89a473caf0a17) is already imported","throwable":""}
{"timestamp":"2025-09-24T11:42:40,075","container":"7965dbe76a4e","level":"INFO","thread":"BftProcessorExecutor-QBFT-0","class":"QbftBesuControllerBuilder","message":"Imported #2,179 / 0 tx / 0 pending / 0 (0.0%) gas / (0x96982f3cb7a94bb3723ceec254c6301b22367f8a3cfcdf2c68f89a473caf0a17)","throwable":""}
{"timestamp":"2025-09-24T11:42:48,026","container":"7965dbe76a4e","level":"INFO","thread":"BftProcessorExecutor-QBFT-0","class":"QbftBesuControllerBuilder","message":"Imported #2,180 / 0 tx / 0 pending / 0 (0.0%) gas / (0xcd060df7d83b17d2a596b16684b579d4468e0281115322ac39be9e9c27049aa0)","throwable":""}
{"timestamp":"2025-09-24T11:42:56,030","container":"7965dbe76a4e","level":"INFO","thread":"BftProcessorExecutor-QBFT-0","class":"QbftBesuControllerBuilder","message":"Imported #2,181 / 0 tx / 0 pending / 0 (0.0%) gas / (0x2ac8828985da127fe648402a96ab05d2f8250aa1ff24d491eade485186cfaa75)","throwable":""}
{"timestamp":"2025-09-24T11:43:04,033","container":"7965dbe76a4e","level":"INFO","thread":"BftProcessorExecutor-QBFT-0","class":"QbftBesuControllerBuilder","message":"Produced #2,182 / 0 tx / 0 pending / 0 (0.0%) gas / (0x05443fe91cbf401986240dabdacdb413026dce0b8269a953bc8122ceea2f7f9d)","throwable":""}
{"timestamp":"2025-09-24T11:43:12,039","container":"7965dbe76a4e","level":"INFO","thread":"BftProcessorExecutor-QBFT-0","class":"QbftBesuControllerBuilder","message":"Imported #2,183 / 0 tx / 0 pending / 0 (0.0%) gas / (0xfc73f3ffdaf9122454adab1d8cd908e9fe0e12c8243fe458fe55a5c8b1b8274e)","throwable":""}
{"timestamp":"2025-09-24T11:43:20,046","container":"7965dbe76a4e","level":"INFO","thread":"BftProcessorExecutor-QBFT-0","class":"QbftBesuControllerBuilder","message":"Imported #2,184 / 0 tx / 0 pending / 0 (0.0%) gas / (0x09c0b8848bebd6431f9938c8e138069ed2e01e8fbbd8e18dc38757a54276f743)","throwable":""}
{"timestamp":"2025-09-24T11:43:20,052","container":"7965dbe76a4e","level":"INFO","thread":"EthScheduler-Workers-0","class":"PersistBlockTask","message":"Imported #2,184 / 0 tx / 0 om / 0 (0.0%) gas / (0x09c0b8848bebd6431f9938c8e138069ed2e01e8fbbd8e18dc38757a54276f743) in 0.007s. Peers: 5","throwable":""}
{"timestamp":"2025-09-24T11:43:28,027","container":"7965dbe76a4e","level":"INFO","thread":"BftProcessorExecutor-QBFT-0","class":"QbftBesuControllerBuilder","message":"Imported #2,185 / 0 tx / 0 pending / 0 (0.0%) gas / (0x3ca61608bb38a5b72b6f69aebfcdd5224e74dc8e79af63694caec3eea3d8e7a6)","throwable":""}
{"timestamp":"2025-09-24T11:43:28,027","container":"7965dbe76a4e","level":"INFO","thread":"EthScheduler-Workers-0","class":"PersistBlockTask","message":"Block 2185 (0x3ca61608bb38a5b72b6f69aebfcdd5224e74dc8e79af63694caec3eea3d8e7a6) is already imported","throwable":""}
{"timestamp":"2025-09-24T11:43:36,024","container":"7965dbe76a4e","level":"INFO","thread":"BftProcessorExecutor-QBFT-0","class":"QbftBesuControllerBuilder","message":"Produced #2,186 / 0 tx / 0 pending / 0 (0.0%) gas / (0xe55569836f0242859a846f76c13abacefe1aa1ff81b6017ca1574d7860640abc)","throwable":""}
{"timestamp":"2025-09-24T11:43:44,027","container":"7965dbe76a4e","level":"INFO","thread":"BftProcessorExecutor-QBFT-0","class":"QbftBesuControllerBuilder","message":"Imported #2,187 / 0 tx / 0 pending / 0 (0.0%) gas / (0x3fb036375b1cfe9f50cb3eb46317ba2bca270a6ae5553f16797a1af3b5d3798c)","throwable":""}
{"timestamp":"2025-09-24T11:43:52,037","container":"7965dbe76a4e","level":"INFO","thread":"BftProcessorExecutor-QBFT-0","class":"QbftBesuControllerBuilder","message":"Imported #2,188 / 0 tx / 0 pending / 0 (0.0%) gas / (0x8847b345ab11370de08eb3b8731e973304c87c8e898a5a65bca9988218e1ddd7)","throwable":""}
{"timestamp":"2025-09-24T11:44:00,034","container":"7965dbe76a4e","level":"INFO","thread":"BftProcessorExecutor-QBFT-0","class":"QbftBesuControllerBuilder","message":"Imported #2,189 / 0 tx / 0 pending / 0 (0.0%) gas / (0x52df9e31dd8db5728d4200625b300da108e22d2059acb17c2c1dd4e2002a7e18)","throwable":""}
{"timestamp":"2025-09-24T11:44:00,039","container":"7965dbe76a4e","level":"INFO","thread":"EthScheduler-Workers-0","class":"PersistBlockTask","message":"Block 2189 (0x52df9e31dd8db5728d4200625b300da108e22d2059acb17c2c1dd4e2002a7e18) is already imported","throwable":""}
{"timestamp":"2025-09-24T11:44:08,045","container":"7965dbe76a4e","level":"INFO","thread":"EthScheduler-Workers-0","class":"PersistBlockTask","message":"Block 2190 (0x0aefc4b1189301aec81a40d1a7e8b1763162335ebc3d66bb8f24abb89013aa26) is already imported","throwable":""}
{"timestamp":"2025-09-24T11:44:08,047","container":"7965dbe76a4e","level":"INFO","thread":"BftProcessorExecutor-QBFT-0","class":"QbftBesuControllerBuilder","message":"Produced #2,190 / 0 tx / 0 pending / 0 (0.0%) gas / (0x0aefc4b1189301aec81a40d1a7e8b1763162335ebc3d66bb8f24abb89013aa26)","throwable":""}
{"timestamp":"2025-09-24T11:44:16,049","container":"7965dbe76a4e","level":"INFO","thread":"BftProcessorExecutor-QBFT-0","class":"QbftBesuControllerBuilder","message":"Imported #2,191 / 0 tx / 0 pending / 0 (0.0%) gas / (0xc9a1c96ea5745e97d58baef098b5386874ced650e3653af45154466618a87698)","throwable":""}
{"timestamp":"2025-09-24T11:44:24,017","container":"7965dbe76a4e","level":"INFO","thread":"BftProcessorExecutor-QBFT-0","class":"QbftBesuControllerBuilder","message":"Imported #2,192 / 0 tx / 0 pending / 0 (0.0%) gas / (0x7787bae51a9648b9519bf714e9b72fd6ed96a8765930be88eaad929fc564c8bb)","throwable":""}
{"timestamp":"2025-09-24T11:44:32,018","container":"7965dbe76a4e","level":"INFO","thread":"BftProcessorExecutor-QBFT-0","class":"QbftBesuControllerBuilder","message":"Imported #2,193 / 0 tx / 0 pending / 0 (0.0%) gas / (0x315457f1ba64aee312b8bf385f320a2be83cd503de9a3b1216eef4c21083b969)","throwable":""}
{"timestamp":"2025-09-24T11:44:40,026","container":"7965dbe76a4e","level":"INFO","thread":"BftProcessorExecutor-QBFT-0","class":"QbftBesuControllerBuilder","message":"Produced #2,194 / 0 tx / 0 pending / 0 (0.0%) gas / (0xc23b7c42841331005abbab20cd25c43483dea20ee30e13d41a6bf03b6dad4f21)","throwable":""}
{"timestamp":"2025-09-24T11:44:48,036","container":"7965dbe76a4e","level":"INFO","thread":"BftProcessorExecutor-QBFT-0","class":"QbftBesuControllerBuilder","message":"Imported #2,195 / 0 tx / 0 pending / 0 (0.0%) gas / (0x36faee510c0792bd21507bf0143706ccf6251476490359173cb4726c962ea7a6)","throwable":""}
{"timestamp":"2025-09-24T11:44:56,029","container":"7965dbe76a4e","level":"INFO","thread":"BftProcessorExecutor-QBFT-0","class":"QbftBesuControllerBuilder","message":"Imported #2,196 / 0 tx / 0 pending / 0 (0.0%) gas / (0xee6fe724e596a48028c8cdb60a79c4401f35e1167f7ae6f9941cc07017b4618b)","throwable":""}
{"timestamp":"2025-09-24T11:45:04,018","container":"7965dbe76a4e","level":"INFO","thread":"BftProcessorExecutor-QBFT-0","class":"QbftBesuControllerBuilder","message":"Imported #2,197 / 0 tx / 0 pending / 0 (0.0%) gas / (0x308dc3bec3f6610bc7044186bcd92f148e92d2a7e9cc633bad4273e1d6e4a050)","throwable":""}
{"timestamp":"2025-09-24T11:45:04,018","container":"7965dbe76a4e","level":"INFO","thread":"EthScheduler-Workers-0","class":"PersistBlockTask","message":"Block 2197 (0x308dc3bec3f6610bc7044186bcd92f148e92d2a7e9cc633bad4273e1d6e4a050) is already imported","throwable":""}
{"timestamp":"2025-09-24T11:45:12,023","container":"7965dbe76a4e","level":"INFO","thread":"BftProcessorExecutor-QBFT-0","class":"QbftBesuControllerBuilder","message":"Produced #2,198 / 0 tx / 0 pending / 0 (0.0%) gas / (0x3ad494944a6fb65f0cfd5759a8b156256cf338aef85eecaa1aad5a68d37fb4f1)","throwable":""}
{"timestamp":"2025-09-24T11:45:20,025","container":"7965dbe76a4e","level":"INFO","thread":"BftProcessorExecutor-QBFT-0","class":"QbftBesuControllerBuilder","message":"Imported #2,199 / 0 tx / 0 pending / 0 (0.0%) gas / (0x4a77c2008e1adc51554cb18b9df2a60c39c6839e75c3b6bb4477ede1699fa36b)","throwable":""}
{"timestamp":"2025-09-24T11:45:28,028","container":"7965dbe76a4e","level":"INFO","thread":"BftProcessorExecutor-QBFT-0","class":"QbftBesuControllerBuilder","message":"Imported #2,200 / 0 tx / 0 pending / 0 (0.0%) gas / (0xbafcc7c398191b6379c9f7f5f22392525a333293e3aff2e830a1322168efb7d3)","throwable":""}
{"timestamp":"2025-09-24T11:45:36,017","container":"7965dbe76a4e","level":"INFO","thread":"BftProcessorExecutor-QBFT-0","class":"QbftBesuControllerBuilder","message":"Imported #2,201 / 0 tx / 0 pending / 0 (0.0%) gas / (0xbbf5f270552193eb36d082164fcd613bc4d4c794b3db760f11256daa6c7886f6)","throwable":""}
{"timestamp":"2025-09-24T11:45:44,021","container":"7965dbe76a4e","level":"INFO","thread":"EthScheduler-Workers-0","class":"PersistBlockTask","message":"Imported #2,202 / 0 tx / 0 om / 0 (0.0%) gas / (0x950f1a68d055ed1c80e4cad95a541aef0a8dd2e977305000fe2cda3e5e6bae20) in 0.002s. Peers: 5","throwable":""}
{"timestamp":"2025-09-24T11:45:44,022","container":"7965dbe76a4e","level":"INFO","thread":"BftProcessorExecutor-QBFT-0","class":"QbftBesuControllerBuilder","message":"Produced #2,202 / 0 tx / 0 pending / 0 (0.0%) gas / (0x950f1a68d055ed1c80e4cad95a541aef0a8dd2e977305000fe2cda3e5e6bae20)","throwable":""}
{"timestamp":"2025-09-24T11:45:52,017","container":"7965dbe76a4e","level":"INFO","thread":"BftProcessorExecutor-QBFT-0","class":"QbftBesuControllerBuilder","message":"Imported #2,203 / 0 tx / 0 pending / 0 (0.0%) gas / (0xae97502f36f6effaf01512782b0321ca6b38220b9c1d8d06fb83fd449d70eb14)","throwable":""}
{"timestamp":"2025-09-24T11:46:00,016","container":"7965dbe76a4e","level":"INFO","thread":"BftProcessorExecutor-QBFT-0","class":"QbftBesuControllerBuilder","message":"Imported #2,204 / 0 tx / 0 pending / 0 (0.0%) gas / (0xf18753ed93ecf0b0915827c8af43bdf4cb53d58babfe2f789a2fa31e3680b57a)","throwable":""}
{"timestamp":"2025-09-24T11:46:08,020","container":"7965dbe76a4e","level":"INFO","thread":"BftProcessorExecutor-QBFT-0","class":"QbftBesuControllerBuilder","message":"Imported #2,205 / 0 tx / 0 pending / 0 (0.0%) gas / (0x04904d8108746f3951efe69d9390544f94a101bbd2d993c6f280e7c045ef14cf)","throwable":""}
{"timestamp":"2025-09-24T11:46:16,031","container":"7965dbe76a4e","level":"INFO","thread":"BftProcessorExecutor-QBFT-0","class":"QbftBesuControllerBuilder","message":"Produced #2,206 / 0 tx / 0 pending / 0 (0.0%) gas / (0x7a797ce8434508f4adaf13d14a1065f055b5d832d36be5325cb25e7988ad9877)","throwable":""}
{"timestamp":"2025-09-24T11:46:24,026","container":"7965dbe76a4e","level":"INFO","thread":"BftProcessorExecutor-QBFT-0","class":"QbftBesuControllerBuilder","message":"Imported #2,207 / 0 tx / 0 pending / 0 (0.0%) gas / (0x14d222ce5cabb6d34f1fc109b3defdea1fcd6ef9cf9c328b5fc84d43a7424dce)","throwable":""}
{"timestamp":"2025-09-24T11:46:32,017","container":"7965dbe76a4e","level":"INFO","thread":"BftProcessorExecutor-QBFT-0","class":"QbftBesuControllerBuilder","message":"Imported #2,208 / 0 tx / 0 pending / 0 (0.0%) gas / (0x61d50f03e56d4f0d818858456c70741d74f8fd1f20e52a83b58a9ecbae7c480e)","throwable":""}
{"timestamp":"2025-09-24T11:46:40,024","container":"7965dbe76a4e","level":"INFO","thread":"BftProcessorExecutor-QBFT-0","class":"QbftBesuControllerBuilder","message":"Imported #2,209 / 0 tx / 0 pending / 0 (0.0%) gas / (0x24af30a5f194419cb3635b69064e187d695fef98b842650f5e1db5f5d89844e4)","throwable":""}
{"timestamp":"2025-09-24T11:46:48,012","container":"7965dbe76a4e","level":"INFO","thread":"BftProcessorExecutor-QBFT-0","class":"QbftBesuControllerBuilder","message":"Produced #2,210 / 0 tx / 0 pending / 0 (0.0%) gas / (0xe6197ed113f27af3288ac31bfe89473f37e156599a14c65584ae81b8045c3592)","throwable":""}
{"timestamp":"2025-09-24T11:46:56,025","container":"7965dbe76a4e","level":"INFO","thread":"BftProcessorExecutor-QBFT-0","class":"QbftBesuControllerBuilder","message":"Imported #2,211 / 0 tx / 0 pending / 0 (0.0%) gas / (0xe95089c0dc27ac550a9df3c23d1a0f936ef6bc0bb624c6727bcbe052ae82f203)","throwable":""}
{"timestamp":"2025-09-24T11:47:04,023","container":"7965dbe76a4e","level":"INFO","thread":"BftProcessorExecutor-QBFT-0","class":"QbftBesuControllerBuilder","message":"Imported #2,212 / 0 tx / 0 pending / 0 (0.0%) gas / (0xf236e0879844aa5b329ce332bc5656e2d5be13fb8d3bb88867dac0469e673392)","throwable":""}
{"timestamp":"2025-09-24T11:47:12,021","container":"7965dbe76a4e","level":"INFO","thread":"BftProcessorExecutor-QBFT-0","class":"QbftBesuControllerBuilder","message":"Imported #2,213 / 0 tx / 0 pending / 0 (0.0%) gas / (0x7b8b6069bb31161287e55ddf5f316f939d6ad7380eb849954f2cbf6b3d8ba8e1)","throwable":""}
{"timestamp":"2025-09-24T11:47:20,022","container":"7965dbe76a4e","level":"INFO","thread":"BftProcessorExecutor-QBFT-0","class":"QbftBesuControllerBuilder","message":"Produced #2,214 / 0 tx / 0 pending / 0 (0.0%) gas / (0x1e9970618cd18b54de8ad5db9736fa8d83cb169096d0be622d6e2d417a254195)","throwable":""}
{"timestamp":"2025-09-24T11:47:28,021","container":"7965dbe76a4e","level":"INFO","thread":"BftProcessorExecutor-QBFT-0","class":"QbftBesuControllerBuilder","message":"Imported #2,215 / 0 tx / 0 pending / 0 (0.0%) gas / (0x36986c03990e963004f0fa6de5634a0d0eb64ecd9539fbf0cdea48b739f0d99d)","throwable":""}
{"timestamp":"2025-09-24T11:47:36,023","container":"7965dbe76a4e","level":"INFO","thread":"EthScheduler-Workers-0","class":"PersistBlockTask","message":"Block 2216 (0xc750d43c4fda97d36e6309bc58a948e110417a96f5ac2e4da9db0a3df8535be9) is already imported","throwable":""}
{"timestamp":"2025-09-24T11:47:36,024","container":"7965dbe76a4e","level":"INFO","thread":"BftProcessorExecutor-QBFT-0","class":"QbftBesuControllerBuilder","message":"Imported #2,216 / 0 tx / 0 pending / 0 (0.0%) gas / (0xc750d43c4fda97d36e6309bc58a948e110417a96f5ac2e4da9db0a3df8535be9)","throwable":""}
{"timestamp":"2025-09-24T11:47:44,029","container":"7965dbe76a4e","level":"INFO","thread":"BftProcessorExecutor-QBFT-0","class":"QbftBesuControllerBuilder","message":"Imported #2,217 / 0 tx / 0 pending / 0 (0.0%) gas / (0xc3a45f5d7856d7a2c742f0c63b34e85dc48748ccbf4b33a967889ae3a2d0164a)","throwable":""}
{"timestamp":"2025-09-24T11:47:52,036","container":"7965dbe76a4e","level":"INFO","thread":"BftProcessorExecutor-QBFT-0","class":"QbftBesuControllerBuilder","message":"Produced #2,218 / 0 tx / 0 pending / 0 (0.0%) gas / (0xee746e67b8542aad20a831a5da5681e2fbbdc81a923cf9391b24ca30ec16750e)","throwable":""}
{"timestamp":"2025-09-24T11:47:52,038","container":"7965dbe76a4e","level":"INFO","thread":"EthScheduler-Workers-0","class":"PersistBlockTask","message":"Block 2218 (0xee746e67b8542aad20a831a5da5681e2fbbdc81a923cf9391b24ca30ec16750e) is already imported","throwable":""}
{"timestamp":"2025-09-24T11:48:00,023","container":"7965dbe76a4e","level":"INFO","thread":"BftProcessorExecutor-QBFT-0","class":"QbftBesuControllerBuilder","message":"Imported #2,219 / 0 tx / 0 pending / 0 (0.0%) gas / (0x7654ae366a1f00791d872613cdeb056aeeea5597f0b68a5563ce273474bb586d)","throwable":""}
{"timestamp":"2025-09-24T11:48:08,016","container":"7965dbe76a4e","level":"INFO","thread":"BftProcessorExecutor-QBFT-0","class":"QbftBesuControllerBuilder","message":"Imported #2,220 / 0 tx / 0 pending / 0 (0.0%) gas / (0x26040dfe47d1e18f39c087def69c810bf93e35462520888ee851fc89c187586e)","throwable":""}
{"timestamp":"2025-09-24T11:48:16,025","container":"7965dbe76a4e","level":"INFO","thread":"BftProcessorExecutor-QBFT-0","class":"QbftBesuControllerBuilder","message":"Imported #2,221 / 0 tx / 0 pending / 0 (0.0%) gas / (0x1ee3543aaa47f58805f2da2909a0dcdceaba02bdc57577126bf87c7f78612d25)","throwable":""}
{"timestamp":"2025-09-24T11:48:24,033","container":"7965dbe76a4e","level":"INFO","thread":"BftProcessorExecutor-QBFT-0","class":"QbftBesuControllerBuilder","message":"Produced #2,222 / 0 tx / 0 pending / 0 (0.0%) gas / (0x460bd1bbf6a41a63b5ad05dac8a71d83a4b44c8fef049f5bfdbce93212393880)","throwable":""}
{"timestamp":"2025-09-24T11:48:32,020","container":"7965dbe76a4e","level":"INFO","thread":"BftProcessorExecutor-QBFT-0","class":"QbftBesuControllerBuilder","message":"Imported #2,223 / 0 tx / 0 pending / 0 (0.0%) gas / (0x27e3963ee3c52943b07bb696e4b72d1c60c494705098eb37459149b6b3e52976)","throwable":""}
{"timestamp":"2025-09-24T11:48:40,028","container":"7965dbe76a4e","level":"INFO","thread":"BftProcessorExecutor-QBFT-0","class":"QbftBesuControllerBuilder","message":"Imported #2,224 / 0 tx / 0 pending / 0 (0.0%) gas / (0xed804f5dbd1f49311454fda4822b5a3fd91a336c671feccf656714a863d63bc8)","throwable":""}
{"timestamp":"2025-09-24T11:48:48,034","container":"7965dbe76a4e","level":"INFO","thread":"BftProcessorExecutor-QBFT-0","class":"QbftBesuControllerBuilder","message":"Imported #2,225 / 0 tx / 0 pending / 0 (0.0%) gas / (0x14b80f49f1df8e1e81797e00a7fefbbee721506ba2059ca48d47f826c0ecc05f)","throwable":""}
{"timestamp":"2025-09-24T11:48:56,022","container":"7965dbe76a4e","level":"INFO","thread":"EthScheduler-Workers-0","class":"PersistBlockTask","message":"Block 2226 (0x524c24eae5bc90448af50036ec0f3aa530dcde1c44aa1b66e3cc25e9142b86fe) is already imported","throwable":""}
{"timestamp":"2025-09-24T11:48:56,022","container":"7965dbe76a4e","level":"INFO","thread":"BftProcessorExecutor-QBFT-0","class":"QbftBesuControllerBuilder","message":"Produced #2,226 / 0 tx / 0 pending / 0 (0.0%) gas / (0x524c24eae5bc90448af50036ec0f3aa530dcde1c44aa1b66e3cc25e9142b86fe)","throwable":""}
{"timestamp":"2025-09-24T11:49:04,023","container":"7965dbe76a4e","level":"INFO","thread":"BftProcessorExecutor-QBFT-0","class":"QbftBesuControllerBuilder","message":"Imported #2,227 / 0 tx / 0 pending / 0 (0.0%) gas / (0x3659671cfe067429f02dc93f1fe4aeec81ab15c795a82f0d3617f2a4daef6397)","throwable":""}
{"timestamp":"2025-09-24T11:49:12,021","container":"7965dbe76a4e","level":"INFO","thread":"BftProcessorExecutor-QBFT-0","class":"QbftBesuControllerBuilder","message":"Imported #2,228 / 0 tx / 0 pending / 0 (0.0%) gas / (0xe531f5903c744e08b97de1b3695d2a2785eca04a668e59a523c35a4f3b92fa05)","throwable":""}
{"timestamp":"2025-09-24T11:49:20,035","container":"7965dbe76a4e","level":"INFO","thread":"BftProcessorExecutor-QBFT-0","class":"QbftBesuControllerBuilder","message":"Imported #2,229 / 0 tx / 0 pending / 0 (0.0%) gas / (0x51220c8657a4a6cbf864d5b45332e7c7ae492f7ac3a5aacad29589388bc60ef1)","throwable":""}
{"timestamp":"2025-09-24T11:49:20,034","container":"7965dbe76a4e","level":"INFO","thread":"EthScheduler-Workers-0","class":"PersistBlockTask","message":"Block 2229 (0x51220c8657a4a6cbf864d5b45332e7c7ae492f7ac3a5aacad29589388bc60ef1) is already imported","throwable":""}
{"timestamp":"2025-09-24T11:49:28,027","container":"7965dbe76a4e","level":"INFO","thread":"BftProcessorExecutor-QBFT-0","class":"QbftBesuControllerBuilder","message":"Produced #2,230 / 0 tx / 0 pending / 0 (0.0%) gas / (0x03957da7a0128671aeb8da1b4d104dc25a9e2417753b76deb549d1091f8bbd3c)","throwable":""}
{"timestamp":"2025-09-24T11:49:36,022","container":"7965dbe76a4e","level":"INFO","thread":"BftProcessorExecutor-QBFT-0","class":"QbftBesuControllerBuilder","message":"Imported #2,231 / 0 tx / 0 pending / 0 (0.0%) gas / (0xe8d4127456597022d9e2ca5ba6ac6e15af401e6dd88371a78b0bc91360e3492c)","throwable":""}
{"timestamp":"2025-09-24T11:49:44,023","container":"7965dbe76a4e","level":"INFO","thread":"BftProcessorExecutor-QBFT-0","class":"QbftBesuControllerBuilder","message":"Imported #2,232 / 0 tx / 0 pending / 0 (0.0%) gas / (0xa3f0a35d98a8883de3d615cc252cee4a0d1b9a28d61dd5da1e456c2066733694)","throwable":""}
{"timestamp":"2025-09-24T11:49:52,028","container":"7965dbe76a4e","level":"INFO","thread":"BftProcessorExecutor-QBFT-0","class":"QbftBesuControllerBuilder","message":"Imported #2,233 / 0 tx / 0 pending / 0 (0.0%) gas / (0xa6a5a2d9c14253cfa6c464220439ad30edb0147e1434e227790c402376a09a18)","throwable":""}
{"timestamp":"2025-09-24T11:50:00,025","container":"7965dbe76a4e","level":"INFO","thread":"BftProcessorExecutor-QBFT-0","class":"QbftBesuControllerBuilder","message":"Produced #2,234 / 0 tx / 0 pending / 0 (0.0%) gas / (0x78a2cc0059c0f486741fe10b92fb8a6dcab8555671c505aa70fe4f5498facd05)","throwable":""}
{"timestamp":"2025-09-24T11:50:08,033","container":"7965dbe76a4e","level":"INFO","thread":"EthScheduler-Workers-0","class":"PersistBlockTask","message":"Imported #2,235 / 0 tx / 0 om / 0 (0.0%) gas / (0x6678572abc4ba292e15ef92a7ba47b8a36645973611b97cc717b6b890f13bc90) in 0.009s. Peers: 5","throwable":""}
{"timestamp":"2025-09-24T11:50:08,034","container":"7965dbe76a4e","level":"INFO","thread":"BftProcessorExecutor-QBFT-0","class":"QbftBesuControllerBuilder","message":"Imported #2,235 / 0 tx / 0 pending / 0 (0.0%) gas / (0x6678572abc4ba292e15ef92a7ba47b8a36645973611b97cc717b6b890f13bc90)","throwable":""}
{"timestamp":"2025-09-24T11:50:16,024","container":"7965dbe76a4e","level":"INFO","thread":"BftProcessorExecutor-QBFT-0","class":"QbftBesuControllerBuilder","message":"Imported #2,236 / 0 tx / 0 pending / 0 (0.0%) gas / (0x9e962ef67b8f18643ab8a1bee2da53da988215d437c238384a233f5c7e6c8d74)","throwable":""}
{"timestamp":"2025-09-24T11:50:24,026","container":"7965dbe76a4e","level":"INFO","thread":"EthScheduler-Workers-0","class":"PersistBlockTask","message":"Block 2237 (0x9e7d9a13ea3fe5b437e6f2e544ca7c0956f4c30987297047c594a35a0a2b9281) is already imported","throwable":""}
{"timestamp":"2025-09-24T11:50:24,026","container":"7965dbe76a4e","level":"INFO","thread":"BftProcessorExecutor-QBFT-0","class":"QbftBesuControllerBuilder","message":"Imported #2,237 / 0 tx / 0 pending / 0 (0.0%) gas / (0x9e7d9a13ea3fe5b437e6f2e544ca7c0956f4c30987297047c594a35a0a2b9281)","throwable":""}
{"timestamp":"2025-09-24T11:50:32,031","container":"7965dbe76a4e","level":"INFO","thread":"EthScheduler-Workers-0","class":"PersistBlockTask","message":"Block 2238 (0xbd9a6f2e40a6b0749bf46fde470b7a7546a0051d72c05d8c8be0504fd32b9c84) is already imported","throwable":""}
{"timestamp":"2025-09-24T11:50:32,032","container":"7965dbe76a4e","level":"INFO","thread":"BftProcessorExecutor-QBFT-0","class":"QbftBesuControllerBuilder","message":"Produced #2,238 / 0 tx / 0 pending / 0 (0.0%) gas / (0xbd9a6f2e40a6b0749bf46fde470b7a7546a0051d72c05d8c8be0504fd32b9c84)","throwable":""}
{"timestamp":"2025-09-24T11:50:40,022","container":"7965dbe76a4e","level":"INFO","thread":"BftProcessorExecutor-QBFT-0","class":"QbftBesuControllerBuilder","message":"Imported #2,239 / 0 tx / 0 pending / 0 (0.0%) gas / (0x43d346b786ab2af0edcd5e2d5fe061ce1489c25e492057625aa7cfdc2e204ffb)","throwable":""}
{"timestamp":"2025-09-24T11:50:48,045","container":"7965dbe76a4e","level":"INFO","thread":"EthScheduler-Workers-0","class":"PersistBlockTask","message":"Imported #2,240 / 0 tx / 0 om / 0 (0.0%) gas / (0x9e9ec81493c6c3ad82646f3b5b819bbd54e5319f90b2b9f220f667a6b9b985fd) in 0.004s. Peers: 5","throwable":""}
{"timestamp":"2025-09-24T11:50:48,047","container":"7965dbe76a4e","level":"INFO","thread":"BftProcessorExecutor-QBFT-0","class":"QbftBesuControllerBuilder","message":"Imported #2,240 / 0 tx / 0 pending / 0 (0.0%) gas / (0x9e9ec81493c6c3ad82646f3b5b819bbd54e5319f90b2b9f220f667a6b9b985fd)","throwable":""}
{"timestamp":"2025-09-24T11:50:56,040","container":"7965dbe76a4e","level":"INFO","thread":"EthScheduler-Workers-0","class":"PersistBlockTask","message":"Block 2241 (0xeade7b38bbf6230b7973dfa1247a7d2f382b822be242364db48cc98306dd7e48) is already imported","throwable":""}
{"timestamp":"2025-09-24T11:50:56,041","container":"7965dbe76a4e","level":"INFO","thread":"BftProcessorExecutor-QBFT-0","class":"QbftBesuControllerBuilder","message":"Imported #2,241 / 0 tx / 0 pending / 0 (0.0%) gas / (0xeade7b38bbf6230b7973dfa1247a7d2f382b822be242364db48cc98306dd7e48)","throwable":""}
{"timestamp":"2025-09-24T11:51:04,023","container":"7965dbe76a4e","level":"INFO","thread":"BftProcessorExecutor-QBFT-0","class":"QbftBesuControllerBuilder","message":"Produced #2,242 / 0 tx / 0 pending / 0 (0.0%) gas / (0x9806951b68365a8f9e87714186119600e411a749a3c44309ce621f7b4209cbba)","throwable":""}
{"timestamp":"2025-09-24T11:51:12,023","container":"7965dbe76a4e","level":"INFO","thread":"BftProcessorExecutor-QBFT-0","class":"QbftBesuControllerBuilder","message":"Imported #2,243 / 0 tx / 0 pending / 0 (0.0%) gas / (0xa91fbfd28460b319a1ad0829f18e4ff867655a5a4aafebe6973e3e47913ac838)","throwable":""}
{"timestamp":"2025-09-24T11:51:20,025","container":"7965dbe76a4e","level":"INFO","thread":"EthScheduler-Workers-0","class":"PersistBlockTask","message":"Block 2244 (0x82645ef5ef792c9126c123aeb6f77212a6477a69f8eb37e7883cc22ea9510db4) is already imported","throwable":""}
{"timestamp":"2025-09-24T11:51:20,027","container":"7965dbe76a4e","level":"INFO","thread":"BftProcessorExecutor-QBFT-0","class":"QbftBesuControllerBuilder","message":"Imported #2,244 / 0 tx / 0 pending / 0 (0.0%) gas / (0x82645ef5ef792c9126c123aeb6f77212a6477a69f8eb37e7883cc22ea9510db4)","throwable":""}
{"timestamp":"2025-09-24T11:51:28,026","container":"7965dbe76a4e","level":"INFO","thread":"EthScheduler-Workers-0","class":"PersistBlockTask","message":"Block 2245 (0xb1f4a258612c220b4a78d3cffbea7059cb3188eed8a8906cd2ce9abf2963c867) is already imported","throwable":""}
{"timestamp":"2025-09-24T11:51:28,026","container":"7965dbe76a4e","level":"INFO","thread":"BftProcessorExecutor-QBFT-0","class":"QbftBesuControllerBuilder","message":"Imported #2,245 / 0 tx / 0 pending / 0 (0.0%) gas / (0xb1f4a258612c220b4a78d3cffbea7059cb3188eed8a8906cd2ce9abf2963c867)","throwable":""}
{"timestamp":"2025-09-24T11:51:36,022","container":"7965dbe76a4e","level":"INFO","thread":"BftProcessorExecutor-QBFT-0","class":"QbftBesuControllerBuilder","message":"Produced #2,246 / 0 tx / 0 pending / 0 (0.0%) gas / (0x5bf358ff970df91f5599bac1e98badb6863b8bb3ddf35d49edf6b56de71babc3)","throwable":""}
{"timestamp":"2025-09-24T11:51:44,033","container":"7965dbe76a4e","level":"INFO","thread":"BftProcessorExecutor-QBFT-0","class":"QbftBesuControllerBuilder","message":"Imported #2,247 / 0 tx / 0 pending / 0 (0.0%) gas / (0xddc32def1a5de7af2013a42d43903ef9406a666e9315140f4cd13441c6255cd7)","throwable":""}
{"timestamp":"2025-09-24T11:51:44,037","container":"7965dbe76a4e","level":"INFO","thread":"EthScheduler-Workers-0","class":"PersistBlockTask","message":"Block 2247 (0xddc32def1a5de7af2013a42d43903ef9406a666e9315140f4cd13441c6255cd7) is already imported","throwable":""}
{"timestamp":"2025-09-24T11:51:52,022","container":"7965dbe76a4e","level":"INFO","thread":"BftProcessorExecutor-QBFT-0","class":"QbftBesuControllerBuilder","message":"Imported #2,248 / 0 tx / 0 pending / 0 (0.0%) gas / (0x22c9eedab51f62838191bc7289babf83af25efc854c48f5968e3be4b4dda4147)","throwable":""}
{"timestamp":"2025-09-24T11:52:00,032","container":"7965dbe76a4e","level":"INFO","thread":"BftProcessorExecutor-QBFT-0","class":"QbftBesuControllerBuilder","message":"Imported #2,249 / 0 tx / 0 pending / 0 (0.0%) gas / (0x19e73e00d65165c438d97683ed4586962c6178298b822bd6da41cac742386d10)","throwable":""}
{"timestamp":"2025-09-24T11:52:00,034","container":"7965dbe76a4e","level":"INFO","thread":"EthScheduler-Workers-0","class":"PersistBlockTask","message":"Block 2249 (0x19e73e00d65165c438d97683ed4586962c6178298b822bd6da41cac742386d10) is already imported","throwable":""}
{"timestamp":"2025-09-24T11:52:08,023","container":"7965dbe76a4e","level":"INFO","thread":"BftProcessorExecutor-QBFT-0","class":"QbftBesuControllerBuilder","message":"Produced #2,250 / 0 tx / 0 pending / 0 (0.0%) gas / (0xb183861183dc759d172970b50d1e01acbf9cfb225584e9de8909a93170d73f53)","throwable":""}
{"timestamp":"2025-09-24T11:52:16,024","container":"7965dbe76a4e","level":"INFO","thread":"EthScheduler-Workers-0","class":"PersistBlockTask","message":"Imported #2,251 / 0 tx / 0 om / 0 (0.0%) gas / (0x7bd276c9a55dc42bec99c87a80e1936fe9a1af75d1610156e2d0f1b6b48c7e3a) in 0.001s. Peers: 5","throwable":""}
{"timestamp":"2025-09-24T11:52:16,026","container":"7965dbe76a4e","level":"INFO","thread":"BftProcessorExecutor-QBFT-0","class":"QbftBesuControllerBuilder","message":"Imported #2,251 / 0 tx / 0 pending / 0 (0.0%) gas / (0x7bd276c9a55dc42bec99c87a80e1936fe9a1af75d1610156e2d0f1b6b48c7e3a)","throwable":""}
{"timestamp":"2025-09-24T11:52:24,027","container":"7965dbe76a4e","level":"INFO","thread":"BftProcessorExecutor-QBFT-0","class":"QbftBesuControllerBuilder","message":"Imported #2,252 / 0 tx / 0 pending / 0 (0.0%) gas / (0x8dfbbedeefd49485fd0999d17be2e832ed23bade432529e5e7c9fba33e227e41)","throwable":""}
{"timestamp":"2025-09-24T11:52:32,020","container":"7965dbe76a4e","level":"INFO","thread":"EthScheduler-Workers-0","class":"PersistBlockTask","message":"Imported #2,253 / 0 tx / 0 om / 0 (0.0%) gas / (0x9d625e2f45d1e257cb22fc54b3e97ce12734af6b520b9d858741074018903586) in 0.002s. Peers: 5","throwable":""}
{"timestamp":"2025-09-24T11:52:32,021","container":"7965dbe76a4e","level":"INFO","thread":"BftProcessorExecutor-QBFT-0","class":"QbftBesuControllerBuilder","message":"Imported #2,253 / 0 tx / 0 pending / 0 (0.0%) gas / (0x9d625e2f45d1e257cb22fc54b3e97ce12734af6b520b9d858741074018903586)","throwable":""}
{"timestamp":"2025-09-24T11:52:40,019","container":"7965dbe76a4e","level":"INFO","thread":"BftProcessorExecutor-QBFT-0","class":"QbftBesuControllerBuilder","message":"Produced #2,254 / 0 tx / 0 pending / 0 (0.0%) gas / (0x4d2d6875a2170764d3aec00a0c7d48ec22d7a589fe14a37267adba17b708f295)","throwable":""}
{"timestamp":"2025-09-24T11:52:48,028","container":"7965dbe76a4e","level":"INFO","thread":"BftProcessorExecutor-QBFT-0","class":"QbftBesuControllerBuilder","message":"Imported #2,255 / 0 tx / 0 pending / 0 (0.0%) gas / (0x4f354550e839438b1f258c0b0b899f48804823485197c12888151dcd0fc8ba29)","throwable":""}
{"timestamp":"2025-09-24T11:52:56,024","container":"7965dbe76a4e","level":"INFO","thread":"BftProcessorExecutor-QBFT-0","class":"QbftBesuControllerBuilder","message":"Imported #2,256 / 0 tx / 0 pending / 0 (0.0%) gas / (0x94a5954cd8d5a6935154456354d4d5b6993488013b50f23fe25558e0e75ddb6f)","throwable":""}
{"timestamp":"2025-09-24T11:53:04,024","container":"7965dbe76a4e","level":"INFO","thread":"BftProcessorExecutor-QBFT-0","class":"QbftBesuControllerBuilder","message":"Imported #2,257 / 0 tx / 0 pending / 0 (0.0%) gas / (0x429167e482d21620fea2c482b423a18a478b9b4b41d099aeb1e5e76932c334f5)","throwable":""}
{"timestamp":"2025-09-24T11:53:04,024","container":"7965dbe76a4e","level":"INFO","thread":"EthScheduler-Workers-0","class":"PersistBlockTask","message":"Block 2257 (0x429167e482d21620fea2c482b423a18a478b9b4b41d099aeb1e5e76932c334f5) is already imported","throwable":""}
{"timestamp":"2025-09-24T11:53:12,026","container":"7965dbe76a4e","level":"INFO","thread":"BftProcessorExecutor-QBFT-0","class":"QbftBesuControllerBuilder","message":"Produced #2,258 / 0 tx / 0 pending / 0 (0.0%) gas / (0x41e0f221c05de4f671fe882025f509be85fef094cf978dc8486f1a15e7313ad9)","throwable":""}
{"timestamp":"2025-09-24T11:53:20,023","container":"7965dbe76a4e","level":"INFO","thread":"EthScheduler-Workers-0","class":"PersistBlockTask","message":"Imported #2,259 / 0 tx / 0 om / 0 (0.0%) gas / (0x71775accfa51858f729eabefccc4d17ca4d349eee917ee54c2b835eb645a99a1) in 0.003s. Peers: 5","throwable":""}
{"timestamp":"2025-09-24T11:53:20,023","container":"7965dbe76a4e","level":"INFO","thread":"BftProcessorExecutor-QBFT-0","class":"QbftBesuControllerBuilder","message":"Imported #2,259 / 0 tx / 0 pending / 0 (0.0%) gas / (0x71775accfa51858f729eabefccc4d17ca4d349eee917ee54c2b835eb645a99a1)","throwable":""}
{"timestamp":"2025-09-24T11:53:28,018","container":"7965dbe76a4e","level":"INFO","thread":"EthScheduler-Workers-0","class":"PersistBlockTask","message":"Imported #2,260 / 0 tx / 0 om / 0 (0.0%) gas / (0x5b429699addf16c440660b972943bb4ee75585eedd50ff0634d91812539603b9) in 0.002s. Peers: 5","throwable":""}
{"timestamp":"2025-09-24T11:53:28,019","container":"7965dbe76a4e","level":"INFO","thread":"BftProcessorExecutor-QBFT-0","class":"QbftBesuControllerBuilder","message":"Imported #2,260 / 0 tx / 0 pending / 0 (0.0%) gas / (0x5b429699addf16c440660b972943bb4ee75585eedd50ff0634d91812539603b9)","throwable":""}
{"timestamp":"2025-09-24T11:53:36,027","container":"7965dbe76a4e","level":"INFO","thread":"BftProcessorExecutor-QBFT-0","class":"QbftBesuControllerBuilder","message":"Imported #2,261 / 0 tx / 0 pending / 0 (0.0%) gas / (0x70044d30e3245a0a7e5985da39c077682b48cc7df988b23f57fbaabc53e8509b)","throwable":""}
{"timestamp":"2025-09-24T11:53:36,029","container":"7965dbe76a4e","level":"INFO","thread":"EthScheduler-Workers-0","class":"PersistBlockTask","message":"Block 2261 (0x70044d30e3245a0a7e5985da39c077682b48cc7df988b23f57fbaabc53e8509b) is already imported","throwable":""}
{"timestamp":"2025-09-24T11:53:44,020","container":"7965dbe76a4e","level":"INFO","thread":"BftProcessorExecutor-QBFT-0","class":"QbftBesuControllerBuilder","message":"Produced #2,262 / 0 tx / 0 pending / 0 (0.0%) gas / (0x9a97a70a8b02852133c1d1982325cd236d9fcb7f38c8ab4c543982189bedfdb4)","throwable":""}
{"timestamp":"2025-09-24T11:53:44,023","container":"7965dbe76a4e","level":"INFO","thread":"EthScheduler-Workers-0","class":"PersistBlockTask","message":"Block 2262 (0x9a97a70a8b02852133c1d1982325cd236d9fcb7f38c8ab4c543982189bedfdb4) is already imported","throwable":""}
{"timestamp":"2025-09-24T11:53:52,026","container":"7965dbe76a4e","level":"INFO","thread":"EthScheduler-Workers-0","class":"PersistBlockTask","message":"Imported #2,263 / 0 tx / 0 om / 0 (0.0%) gas / (0xdff9317162422db1e27b482ffc48c926009734c750ba7da1a99134bde52f3ce9) in 0.004s. Peers: 5","throwable":""}
{"timestamp":"2025-09-24T11:53:52,027","container":"7965dbe76a4e","level":"INFO","thread":"BftProcessorExecutor-QBFT-0","class":"QbftBesuControllerBuilder","message":"Imported #2,263 / 0 tx / 0 pending / 0 (0.0%) gas / (0xdff9317162422db1e27b482ffc48c926009734c750ba7da1a99134bde52f3ce9)","throwable":""}
{"timestamp":"2025-09-24T11:54:00,037","container":"7965dbe76a4e","level":"INFO","thread":"EthScheduler-Workers-0","class":"PersistBlockTask","message":"Imported #2,264 / 0 tx / 0 om / 0 (0.0%) gas / (0xec8301c52ab1f50099925612a798c0b23083eef828649465fb4d32c003a67e49) in 0.004s. Peers: 5","throwable":""}
{"timestamp":"2025-09-24T11:54:08,025","container":"7965dbe76a4e","level":"INFO","thread":"EthScheduler-Workers-0","class":"PersistBlockTask","message":"Imported #2,265 / 0 tx / 0 om / 0 (0.0%) gas / (0xf36e68923e54362f79d2b4626794b49e985d3d5c45a11036248252ef26edaa36) in 0.003s. Peers: 5","throwable":""}
{"timestamp":"2025-09-24T11:54:16,042","container":"7965dbe76a4e","level":"INFO","thread":"BftProcessorExecutor-QBFT-0","class":"QbftBesuControllerBuilder","message":"Produced #2,266 / 0 tx / 0 pending / 0 (0.0%) gas / (0x1b70ff94db17f492010fe960d0237bd0b0445f4f4b80bbaf69ad1b3e614bafd5)","throwable":""}
{"timestamp":"2025-09-24T11:54:24,018","container":"7965dbe76a4e","level":"INFO","thread":"EthScheduler-Workers-0","class":"PersistBlockTask","message":"Imported #2,267 / 0 tx / 0 om / 0 (0.0%) gas / (0x131bba68bc7d0b7e7f58e7d44099d406404a2fa1b1d2e41b7e23090c2c12f5e4) in 0.002s. Peers: 5","throwable":""}
{"timestamp":"2025-09-24T11:54:32,028","container":"7965dbe76a4e","level":"INFO","thread":"EthScheduler-Workers-0","class":"PersistBlockTask","message":"Block 2268 (0x71f20a95a6304e4c8305edbd8a17cf2c9aab5100ff47f650634e66676ea15629) is already imported","throwable":""}
{"timestamp":"2025-09-24T11:54:32,028","container":"7965dbe76a4e","level":"INFO","thread":"BftProcessorExecutor-QBFT-0","class":"QbftBesuControllerBuilder","message":"Imported #2,268 / 0 tx / 0 pending / 0 (0.0%) gas / (0x71f20a95a6304e4c8305edbd8a17cf2c9aab5100ff47f650634e66676ea15629)","throwable":""}
{"timestamp":"2025-09-24T11:54:40,023","container":"7965dbe76a4e","level":"INFO","thread":"EthScheduler-Workers-0","class":"PersistBlockTask","message":"Block 2269 (0x937440cd46884f85d106873f42cec619abde17d26c9102bfd29717594ba118da) is already imported","throwable":""}
{"timestamp":"2025-09-24T11:54:40,023","container":"7965dbe76a4e","level":"INFO","thread":"BftProcessorExecutor-QBFT-0","class":"QbftBesuControllerBuilder","message":"Imported #2,269 / 0 tx / 0 pending / 0 (0.0%) gas / (0x937440cd46884f85d106873f42cec619abde17d26c9102bfd29717594ba118da)","throwable":""}
{"timestamp":"2025-09-24T11:54:48,023","container":"7965dbe76a4e","level":"INFO","thread":"EthScheduler-Workers-0","class":"PersistBlockTask","message":"Imported #2,270 / 0 tx / 0 om / 0 (0.0%) gas / (0x3563aa7e95639730b357c90c1f3f37167be70fc285cf1640aff30f2223935842) in 0.005s. Peers: 5","throwable":""}
{"timestamp":"2025-09-24T11:54:56,018","container":"7965dbe76a4e","level":"INFO","thread":"EthScheduler-Workers-0","class":"PersistBlockTask","message":"Imported #2,271 / 0 tx / 0 om / 0 (0.0%) gas / (0xf901c2d7ee8d11445033f7ca0e70c4d0fdce8ac3defa5a3c72d6da9824a81493) in 0.002s. Peers: 5","throwable":""}
{"timestamp":"2025-09-24T11:55:04,061","container":"7965dbe76a4e","level":"INFO","thread":"EthScheduler-Workers-0","class":"PersistBlockTask","message":"Block 2272 (0x4c54cb30ef5161ef72b7dcd9d30c93836dc15cd3f9d45f2abb9f106c70d5a568) is already imported","throwable":""}
{"timestamp":"2025-09-24T11:55:04,061","container":"7965dbe76a4e","level":"INFO","thread":"BftProcessorExecutor-QBFT-0","class":"QbftBesuControllerBuilder","message":"Imported #2,272 / 0 tx / 0 pending / 0 (0.0%) gas / (0x4c54cb30ef5161ef72b7dcd9d30c93836dc15cd3f9d45f2abb9f106c70d5a568)","throwable":""}
{"timestamp":"2025-09-24T11:55:12,037","container":"7965dbe76a4e","level":"INFO","thread":"EthScheduler-Workers-0","class":"PersistBlockTask","message":"Imported #2,273 / 0 tx / 0 om / 0 (0.0%) gas / (0xe4adbf0b9096b5ee2202d17935b551528db22f0cd714867260c6c462027ca279) in 0.004s. Peers: 5","throwable":""}
{"timestamp":"2025-09-24T11:55:20,022","container":"7965dbe76a4e","level":"INFO","thread":"BftProcessorExecutor-QBFT-0","class":"QbftBesuControllerBuilder","message":"Produced #2,274 / 0 tx / 0 pending / 0 (0.0%) gas / (0xcb8bad016d30dc9c5feb481e964c5e1b06d6f9f8fe214951a323d685d954c674)","throwable":""}
{"timestamp":"2025-09-24T11:55:28,032","container":"7965dbe76a4e","level":"INFO","thread":"EthScheduler-Workers-0","class":"PersistBlockTask","message":"Imported #2,275 / 0 tx / 0 om / 0 (0.0%) gas / (0xabd31fef002292e05ade7ee2e31291eaa760db0cd9f0ad992b8b5ddae00db43e) in 0.008s. Peers: 5","throwable":""}
{"timestamp":"2025-09-24T11:55:28,032","container":"7965dbe76a4e","level":"INFO","thread":"BftProcessorExecutor-QBFT-0","class":"QbftBesuControllerBuilder","message":"Imported #2,275 / 0 tx / 0 pending / 0 (0.0%) gas / (0xabd31fef002292e05ade7ee2e31291eaa760db0cd9f0ad992b8b5ddae00db43e)","throwable":""}
{"timestamp":"2025-09-24T11:55:36,030","container":"7965dbe76a4e","level":"INFO","thread":"BftProcessorExecutor-QBFT-0","class":"QbftBesuControllerBuilder","message":"Imported #2,276 / 0 tx / 0 pending / 0 (0.0%) gas / (0x4e7bdeea98e86cc4959a77c9b41ffad5a2269544e8d0fd412307879b8fece9ac)","throwable":""}
{"timestamp":"2025-09-24T11:55:36,039","container":"7965dbe76a4e","level":"INFO","thread":"EthScheduler-Workers-0","class":"PersistBlockTask","message":"Block 2276 (0x4e7bdeea98e86cc4959a77c9b41ffad5a2269544e8d0fd412307879b8fece9ac) is already imported","throwable":""}
{"timestamp":"2025-09-24T11:55:44,020","container":"7965dbe76a4e","level":"INFO","thread":"EthScheduler-Workers-0","class":"PersistBlockTask","message":"Block 2277 (0xd3b2dceb7d19f67d07575d7c4f2e1266d55ec61f11cd83b05c2c00d22aee7a9a) is already imported","throwable":""}
{"timestamp":"2025-09-24T11:55:44,020","container":"7965dbe76a4e","level":"INFO","thread":"BftProcessorExecutor-QBFT-0","class":"QbftBesuControllerBuilder","message":"Imported #2,277 / 0 tx / 0 pending / 0 (0.0%) gas / (0xd3b2dceb7d19f67d07575d7c4f2e1266d55ec61f11cd83b05c2c00d22aee7a9a)","throwable":""}
{"timestamp":"2025-09-24T11:55:52,017","container":"7965dbe76a4e","level":"INFO","thread":"EthScheduler-Workers-0","class":"PersistBlockTask","message":"Imported #2,278 / 0 tx / 0 om / 0 (0.0%) gas / (0xfb6cb5fc06b689c9f94f1df8ae6a80f4d53bad604b2b280ea76693d7dea9cd0c) in 0.002s. Peers: 5","throwable":""}
{"timestamp":"2025-09-24T11:55:52,018","container":"7965dbe76a4e","level":"INFO","thread":"BftProcessorExecutor-QBFT-0","class":"QbftBesuControllerBuilder","message":"Produced #2,278 / 0 tx / 0 pending / 0 (0.0%) gas / (0xfb6cb5fc06b689c9f94f1df8ae6a80f4d53bad604b2b280ea76693d7dea9cd0c)","throwable":""}
{"timestamp":"2025-09-24T11:56:00,019","container":"7965dbe76a4e","level":"INFO","thread":"EthScheduler-Workers-0","class":"PersistBlockTask","message":"Imported #2,279 / 0 tx / 0 om / 0 (0.0%) gas / (0x08f9c1e523f66dc89f08112afbe811499fce621f636de2111a52d1456d565e8b) in 0.003s. Peers: 5","throwable":""}
{"timestamp":"2025-09-24T11:56:08,020","container":"7965dbe76a4e","level":"INFO","thread":"EthScheduler-Workers-0","class":"PersistBlockTask","message":"Imported #2,280 / 0 tx / 0 om / 0 (0.0%) gas / (0x33937fce733567c9085698172b996934d74ce03a36eb12071c783b8ef89fd535) in 0.002s. Peers: 5","throwable":""}
{"timestamp":"2025-09-24T11:56:08,020","container":"7965dbe76a4e","level":"INFO","thread":"BftProcessorExecutor-QBFT-0","class":"QbftBesuControllerBuilder","message":"Imported #2,280 / 0 tx / 0 pending / 0 (0.0%) gas / (0x33937fce733567c9085698172b996934d74ce03a36eb12071c783b8ef89fd535)","throwable":""}
{"timestamp":"2025-09-24T11:56:16,022","container":"7965dbe76a4e","level":"INFO","thread":"BftProcessorExecutor-QBFT-0","class":"QbftBesuControllerBuilder","message":"Imported #2,281 / 0 tx / 0 pending / 0 (0.0%) gas / (0xfd629be95dad4ec4ee1bd47f05ed36e902ce031398ebb865b903c5873cdddd23)","throwable":""}
{"timestamp":"2025-09-24T11:56:24,026","container":"7965dbe76a4e","level":"INFO","thread":"BftProcessorExecutor-QBFT-0","class":"QbftBesuControllerBuilder","message":"Produced #2,282 / 0 tx / 0 pending / 0 (0.0%) gas / (0x3fc0d64653613174e7a334649e2236ef6a8e1ece3f777e0a0bf12a26878fb33a)","throwable":""}
{"timestamp":"2025-09-24T11:56:32,021","container":"7965dbe76a4e","level":"INFO","thread":"BftProcessorExecutor-QBFT-0","class":"QbftBesuControllerBuilder","message":"Imported #2,283 / 0 tx / 0 pending / 0 (0.0%) gas / (0xacd70a372e22e91da48430bc23760a85ae0b84bf5ebf9c36e4971eddd9893fee)","throwable":""}
{"timestamp":"2025-09-24T11:56:40,022","container":"7965dbe76a4e","level":"INFO","thread":"BftProcessorExecutor-QBFT-0","class":"QbftBesuControllerBuilder","message":"Imported #2,284 / 0 tx / 0 pending / 0 (0.0%) gas / (0xc1f2c3148445d9dd4e430ee25d6bcb2a4430645098ef01c3e091ba4a9892fe61)","throwable":""}
{"timestamp":"2025-09-24T11:56:40,027","container":"7965dbe76a4e","level":"INFO","thread":"EthScheduler-Workers-0","class":"PersistBlockTask","message":"Block 2284 (0xc1f2c3148445d9dd4e430ee25d6bcb2a4430645098ef01c3e091ba4a9892fe61) is already imported","throwable":""}
{"timestamp":"2025-09-24T11:56:48,047","container":"7965dbe76a4e","level":"INFO","thread":"EthScheduler-Workers-0","class":"PersistBlockTask","message":"Imported #2,285 / 0 tx / 0 om / 0 (0.0%) gas / (0xa03f8f9f24979c72f1034fe03c31e9fb8be7c1444c17e250125f995d5ddf9bf7) in 0.010s. Peers: 5","throwable":""}
{"timestamp":"2025-09-24T11:56:56,030","container":"7965dbe76a4e","level":"INFO","thread":"BftProcessorExecutor-QBFT-0","class":"QbftBesuControllerBuilder","message":"Produced #2,286 / 0 tx / 0 pending / 0 (0.0%) gas / (0x29edf6e04479f7c620617b424a070743fadf3f7db67bfb36ae4c253770d719b0)","throwable":""}
{"timestamp":"2025-09-24T11:56:56,031","container":"7965dbe76a4e","level":"INFO","thread":"EthScheduler-Workers-0","class":"PersistBlockTask","message":"Block 2286 (0x29edf6e04479f7c620617b424a070743fadf3f7db67bfb36ae4c253770d719b0) is already imported","throwable":""}
{"timestamp":"2025-09-24T11:57:04,017","container":"7965dbe76a4e","level":"INFO","thread":"EthScheduler-Workers-0","class":"PersistBlockTask","message":"Imported #2,287 / 0 tx / 0 om / 0 (0.0%) gas / (0xb33e5a07b10cea5a16365db04e757bbeb49c06359ec3ce446ab7bd2dfe5495f4) in 0.001s. Peers: 5","throwable":""}
{"timestamp":"2025-09-24T11:57:12,022","container":"7965dbe76a4e","level":"INFO","thread":"EthScheduler-Workers-0","class":"PersistBlockTask","message":"Imported #2,288 / 0 tx / 0 om / 0 (0.0%) gas / (0x6e4a928f00c829c3f1e8857e91933e188a2e7aaeed67e3fd6c8579780dd4e3d0) in 0.006s. Peers: 5","throwable":""}
{"timestamp":"2025-09-24T11:57:20,021","container":"7965dbe76a4e","level":"INFO","thread":"BftProcessorExecutor-QBFT-0","class":"QbftBesuControllerBuilder","message":"Imported #2,289 / 0 tx / 0 pending / 0 (0.0%) gas / (0xdd2b807d6fa40d7ac191300161465ed11295651c5c9055bd639a49cfaf19cb4f)","throwable":""}
{"timestamp":"2025-09-24T11:57:20,021","container":"7965dbe76a4e","level":"INFO","thread":"EthScheduler-Workers-0","class":"PersistBlockTask","message":"Block 2289 (0xdd2b807d6fa40d7ac191300161465ed11295651c5c9055bd639a49cfaf19cb4f) is already imported","throwable":""}
{"timestamp":"2025-09-24T11:57:28,020","container":"7965dbe76a4e","level":"INFO","thread":"BftProcessorExecutor-QBFT-0","class":"QbftBesuControllerBuilder","message":"Produced #2,290 / 0 tx / 0 pending / 0 (0.0%) gas / (0xc4002dc744c01cb1ff377475280f95d200444725a39b3e13497bfd990848ab0a)","throwable":""}
{"timestamp":"2025-09-24T11:57:36,026","container":"7965dbe76a4e","level":"INFO","thread":"BftProcessorExecutor-QBFT-0","class":"QbftBesuControllerBuilder","message":"Imported #2,291 / 0 tx / 0 pending / 0 (0.0%) gas / (0x1f0c54c9a90ab0b8cc24e3306cd3c6aec9ea0c43df229d7ac9abdf2aa281cdf9)","throwable":""}
{"timestamp":"2025-09-24T11:57:26,986","container":"7965dbe76a4e","level":"INFO","thread":"BftProcessorExecutor-QBFT-0","class":"TimestampMoreRecentThanParent","message":"Invalid block header: timestamp 1758715047 is only -9 seconds newer than parent timestamp 1758715056. Minimum 8 seconds","throwable":""}
{"timestamp":"2025-09-24T11:57:26,988","container":"7965dbe76a4e","level":"INFO","thread":"BftProcessorExecutor-QBFT-0","class":"MainnetBlockValidator","message":"Invalid block 2292 (0x271687d533db4cda2eb1ed41ae9ee6157c6b4dcf40369de50e9db7bb95ad7d6f): Optional[header validation rule violated, see logs]","throwable":""}
{"timestamp":"2025-09-24T11:57:26,990","container":"7965dbe76a4e","level":"INFO","thread":"BftProcessorExecutor-QBFT-0","class":"ProposalPayloadValidator","message":"Invalid Proposal Payload: block did not pass validation. Reason Optional[header validation rule violated, see logs]","throwable":""}
{"timestamp":"2025-09-24T11:57:26,990","container":"7965dbe76a4e","level":"INFO","thread":"BftProcessorExecutor-QBFT-0","class":"ProposalValidator","message":"Invalid Proposal Payload: invalid proposal payload in proposal message","throwable":""}
{"timestamp":"2025-09-24T11:57:37,015","container":"7965dbe76a4e","level":"INFO","thread":"BftProcessorExecutor-QBFT-0","class":"TimestampMoreRecentThanParent","message":"Invalid block header: timestamp 1758715057 is only 1 seconds newer than parent timestamp 1758715056. Minimum 8 seconds","throwable":""}
{"timestamp":"2025-09-24T11:57:37,016","container":"7965dbe76a4e","level":"INFO","thread":"BftProcessorExecutor-QBFT-0","class":"MainnetBlockValidator","message":"Invalid block 2292 (0x2cc5e2f8f683e58035766240131a937e33eab492b64b471516d7c6417669d11a): Optional[header validation rule violated, see logs]","throwable":""}
{"timestamp":"2025-09-24T11:57:37,016","container":"7965dbe76a4e","level":"INFO","thread":"BftProcessorExecutor-QBFT-0","class":"ProposalPayloadValidator","message":"Invalid Proposal Payload: block did not pass validation. Reason Optional[header validation rule violated, see logs]","throwable":""}
{"timestamp":"2025-09-24T11:57:37,016","container":"7965dbe76a4e","level":"INFO","thread":"BftProcessorExecutor-QBFT-0","class":"ProposalValidator","message":"Invalid Proposal Payload: invalid proposal payload in proposal message","throwable":""}
{"timestamp":"2025-09-24T11:57:57,117","container":"7965dbe76a4e","level":"INFO","thread":"BftProcessorExecutor-QBFT-0","class":"QbftRound","message":"Importing proposed block to chain. round=ConsensusRoundIdentifier{Sequence=2292, Round=2}, hash=0x541c2e9091a50c10c875d5fa351b14fbedb102c91cf3d1285209ed636a6914c7","throwable":""}
{"timestamp":"2025-09-24T11:57:57,123","container":"7965dbe76a4e","level":"INFO","thread":"EthScheduler-Workers-0","class":"PersistBlockTask","message":"Imported #2,292 / 0 tx / 0 om / 0 (0.0%) gas / (0x541c2e9091a50c10c875d5fa351b14fbedb102c91cf3d1285209ed636a6914c7) in 0.006s. Peers: 5","throwable":""}
{"timestamp":"2025-09-24T11:57:57,125","container":"7965dbe76a4e","level":"INFO","thread":"BftProcessorExecutor-QBFT-0","class":"QbftBesuControllerBuilder","message":"Produced #2,292 / 0 tx / 0 pending / 0 (0.0%) gas / (0x541c2e9091a50c10c875d5fa351b14fbedb102c91cf3d1285209ed636a6914c7)","throwable":""}
{"timestamp":"2025-09-24T11:58:04,889","container":"7965dbe76a4e","level":"INFO","thread":"BftProcessorExecutor-QBFT-0","class":"QbftBesuControllerBuilder","message":"Imported #2,293 / 0 tx / 0 pending / 0 (0.0%) gas / (0x44533a9c858bd372c8068bc704b9c5e580ace9f232c6a85c96acab778d71681e)","throwable":""}
{"timestamp":"2025-09-24T11:58:25,977","container":"7965dbe76a4e","level":"INFO","thread":"BftProcessorExecutor-QBFT-0","class":"BftProcessor","message":"Shutting down BFT event processor","throwable":""}
{"timestamp":"2025-09-24T11:58:25,981","container":"7965dbe76a4e","level":"INFO","thread":"BesuCommand-Shutdown-Hook","class":"DefaultSynchronizer","message":"Stopping synchronizer","throwable":""}
{"timestamp":"2025-09-24T11:58:25,996","container":"7965dbe76a4e","level":"INFO","thread":"BesuCommand-Shutdown-Hook","class":"NetworkRunner","message":"Stopping Network.","throwable":""}
{"timestamp":"2025-09-24T11:58:26,029","container":"7965dbe76a4e","level":"INFO","thread":"BesuCommand-Shutdown-Hook","class":"EthProtocolManager","message":"Stopping eth Subprotocol.","throwable":""}
{"timestamp":"2025-09-24T11:58:26,053","container":"7965dbe76a4e","level":"INFO","thread":"BesuCommand-Shutdown-Hook","class":"EthProtocolManager","message":"eth Subprotocol stopped.","throwable":""}
{"timestamp":"2025-09-24T11:58:26,053","container":"7965dbe76a4e","level":"INFO","thread":"BesuCommand-Shutdown-Hook","class":"NetworkRunner","message":"Network stopped.","throwable":""}
{"timestamp":"2025-09-24T11:58:26,054","container":"7965dbe76a4e","level":"INFO","thread":"BesuCommand-Shutdown-Hook","class":"AutoTransactionLogBloomCachingService","message":"Shutting down Auto transaction logs caching service.","throwable":""}
{"timestamp":"2025-09-24T11:58:09,122","container":"7965dbe76a4e","level":"INFO","thread":"BesuCommand-Shutdown-Hook","class":"NatService","message":"No NAT environment detected so no service could be stopped","throwable":""}
