{"timestamp":"2025-11-05T02:34:33,749","container":"9ef00bd2fa1f","level":"INFO","thread":"main","class":"Besu","message":"Starting Besu","throwable":""}
{"timestamp":"2025-11-05T02:34:34,690","container":"9ef00bd2fa1f","level":"WARN","thread":"main","class":"Besu","message":"--min-gas-price has been ignored because --miner-enabled was not defined on the command line.","throwable":""}
{"timestamp":"2025-11-05T02:34:36,787","container":"9ef00bd2fa1f","level":"INFO","thread":"main","class":"Besu","message":"
####################################################################################################
#                                                                                                  #
# Besu version 23.4.1                                                                              #
#                                                                                                  #
# Configuration:                                                                                   #
# Network: Custom genesis file specified                                                           #
# Network Id: 1337                                                                                 #
# Data storage: Forest                                                                             #
# Sync mode: Full                                                                                  #
# RPC HTTP APIs: EEA,WEB3,ETH,NET,TRACE,DEBUG,ADMIN,TXPOOL,PRIV,PERM,QBFT                          #
# RPC HTTP port: 8545                                                                              #
#                                                                                                  #
# Host:                                                                                            #
# Java: openjdk-java-17                                                                            #
# Maximum heap size: 3.87 GB                                                                       #
# OS: linux-x86_64                                                                                 #
# glibc: 2.35                                                                                      #
# jemalloc: 5.2.1-0-gea6b3e973b477b8061e0076bb257dbd7f3faa756                                      #
# Total memory: 15.48 GB                                                                           #
# CPU cores: 20                                                                                    #
#                                                                                                  #
####################################################################################################","throwable":""}
{"timestamp":"2025-11-05T02:34:36,788","container":"9ef00bd2fa1f","level":"INFO","thread":"main","class":"Besu","message":"Connecting to 8 static nodes.","throwable":""}
{"timestamp":"2025-11-05T02:34:36,788","container":"9ef00bd2fa1f","level":"INFO","thread":"main","class":"Besu","message":"Security Module: localfile","throwable":""}
{"timestamp":"2025-11-05T02:34:36,863","container":"9ef00bd2fa1f","level":"INFO","thread":"main","class":"Besu","message":"Using the native implementation of alt bn128","throwable":""}
{"timestamp":"2025-11-05T02:34:36,917","container":"9ef00bd2fa1f","level":"INFO","thread":"main","class":"Besu","message":"Using the native implementation of modexp","throwable":""}
{"timestamp":"2025-11-05T02:34:36,917","container":"9ef00bd2fa1f","level":"INFO","thread":"main","class":"Besu","message":"Using the native implementation of the signature algorithm","throwable":""}
{"timestamp":"2025-11-05T02:34:36,921","container":"9ef00bd2fa1f","level":"INFO","thread":"main","class":"Besu","message":"Using the native implementation of the blake2bf algorithm","throwable":""}
{"timestamp":"2025-11-05T02:34:36,944","container":"9ef00bd2fa1f","level":"INFO","thread":"main","class":"RocksDBKeyValueStorageFactory","message":"No existing database detected at /opt/besu/data. Using version 1","throwable":""}
{"timestamp":"2025-11-05T02:34:38,568","container":"9ef00bd2fa1f","level":"INFO","thread":"main","class":"KeyPairUtil","message":"Loaded public key 0x2fd5b5b6ad529f55b71602026d1849d0036f06482368b5812fa793014195d3571b0840dbc4175617de2a12db8f1222c012420d471ae5c0d982118625cae58868 from /opt/besu/keys/nodekey","throwable":""}
{"timestamp":"2025-11-05T02:34:38,634","container":"9ef00bd2fa1f","level":"WARN","thread":"main","class":"Besu","message":"Privacy is disabled. Cannot use EEA/PRIV API methods when not using Privacy.","throwable":""}
{"timestamp":"2025-11-05T02:34:39,734","container":"9ef00bd2fa1f","level":"INFO","thread":"main","class":"ProtocolScheduleBuilder","message":"Protocol schedule created with milestones: [GrayGlacier: 0]","throwable":""}
{"timestamp":"2025-11-05T02:34:39,984","container":"9ef00bd2fa1f","level":"INFO","thread":"main","class":"TransactionPoolFactory","message":"Enabling transaction pool","throwable":""}
{"timestamp":"2025-11-05T02:34:40,009","container":"9ef00bd2fa1f","level":"INFO","thread":"main","class":"BesuControllerBuilder","message":"TTD difficulty is not present, creating initial sync phase for PoW","throwable":""}
{"timestamp":"2025-11-05T02:34:40,124","container":"9ef00bd2fa1f","level":"INFO","thread":"main","class":"RunnerBuilder","message":"Detecting NAT service.","throwable":""}
{"timestamp":"2025-11-05T02:34:41,468","container":"9ef00bd2fa1f","level":"INFO","thread":"main","class":"Runner","message":"Starting external services ... ","throwable":""}
{"timestamp":"2025-11-05T02:34:41,469","container":"9ef00bd2fa1f","level":"INFO","thread":"main","class":"MetricsHttpService","message":"Starting metrics http service on 0.0.0.0:9545","throwable":""}
{"timestamp":"2025-11-05T02:34:41,781","container":"9ef00bd2fa1f","level":"INFO","thread":"vert.x-eventloop-thread-1","class":"MetricsHttpService","message":"Metrics service started and listening on 0.0.0.0:9545","throwable":""}
{"timestamp":"2025-11-05T02:34:41,783","container":"9ef00bd2fa1f","level":"INFO","thread":"main","class":"JsonRpcHttpService","message":"Starting JSON-RPC service on 0.0.0.0:8545","throwable":""}
{"timestamp":"2025-11-05T02:34:41,820","container":"9ef00bd2fa1f","level":"INFO","thread":"vert.x-eventloop-thread-1","class":"JsonRpcHttpService","message":"JSON-RPC service started and listening on 0.0.0.0:8545","throwable":""}
{"timestamp":"2025-11-05T02:34:41,835","container":"9ef00bd2fa1f","level":"INFO","thread":"main","class":"GraphQLHttpService","message":"Starting GraphQL HTTP service on 0.0.0.0:8547","throwable":""}
{"timestamp":"2025-11-05T02:34:41,842","container":"9ef00bd2fa1f","level":"INFO","thread":"vert.x-eventloop-thread-1","class":"GraphQLHttpService","message":"GraphQL HTTP service started and listening on 0.0.0.0:8547","throwable":""}
{"timestamp":"2025-11-05T02:34:41,842","container":"9ef00bd2fa1f","level":"INFO","thread":"main","class":"WebSocketService","message":"Starting Websocket service on 0.0.0.0:8546","throwable":""}
{"timestamp":"2025-11-05T02:34:41,849","container":"9ef00bd2fa1f","level":"INFO","thread":"vert.x-eventloop-thread-1","class":"WebSocketService","message":"Websocket service started and listening on 0.0.0.0:8546","throwable":""}
{"timestamp":"2025-11-05T02:34:41,852","container":"9ef00bd2fa1f","level":"INFO","thread":"main","class":"AutoTransactionLogBloomCachingService","message":"Starting auto transaction log bloom caching service.","throwable":""}
{"timestamp":"2025-11-05T02:34:41,854","container":"9ef00bd2fa1f","level":"INFO","thread":"main","class":"LogBloomCacheMetadata","message":"Lookup cache metadata file in data directory: /opt/besu/data/caches","throwable":""}
{"timestamp":"2025-11-05T02:34:41,882","container":"9ef00bd2fa1f","level":"INFO","thread":"main","class":"Runner","message":"Starting Ethereum main loop ... ","throwable":""}
{"timestamp":"2025-11-05T02:34:41,882","container":"9ef00bd2fa1f","level":"INFO","thread":"main","class":"DockerNatManager","message":"Starting docker NAT manager.","throwable":""}
{"timestamp":"2025-11-05T02:34:43,303","container":"9ef00bd2fa1f","level":"INFO","thread":"main","class":"NetworkRunner","message":"Starting Network.","throwable":""}
{"timestamp":"2025-11-05T02:34:43,318","container":"9ef00bd2fa1f","level":"INFO","thread":"nioEventLoopGroup-2-1","class":"RlpxAgent","message":"P2P RLPx agent started and listening on /[0:0:0:0:0:0:0:0]:30303.","throwable":""}
{"timestamp":"2025-11-05T02:34:43,319","container":"9ef00bd2fa1f","level":"INFO","thread":"main","class":"PeerDiscoveryAgent","message":"Starting peer discovery agent on host=0.0.0.0, port=30303","throwable":""}
{"timestamp":"2025-11-05T02:34:43,343","container":"9ef00bd2fa1f","level":"INFO","thread":"vert.x-eventloop-thread-1","class":"VertxPeerDiscoveryAgent","message":"Started peer discovery agent successfully, on effective host=0:0:0:0:0:0:0:0%0 and port=30303","throwable":""}
{"timestamp":"2025-11-05T02:34:43,344","container":"9ef00bd2fa1f","level":"INFO","thread":"vert.x-eventloop-thread-1","class":"PeerDiscoveryAgent","message":"P2P peer discovery agent started and listening on /[0:0:0:0:0:0:0:0%0]:30303","throwable":""}
{"timestamp":"2025-11-05T02:34:43,390","container":"9ef00bd2fa1f","level":"INFO","thread":"vert.x-eventloop-thread-1","class":"PeerDiscoveryAgent","message":"Writing node record to disk. NodeRecord{seq=1, publicKey=0x022fd5b5b6ad529f55b71602026d1849d0036f06482368b5812fa793014195d357, udpAddress=Optional[/172.16.239.14:30303], tcpAddress=Optional[/172.16.239.14:30303], asBase64=-Je4QFrecNnZMlG6bddbcDOxI1degTF4-ukXaEu3BjJFsaoGfLxf5bpKxXvf1ZHNHogDWdU_wzPFqKEJfWZ8I9SPJ2gBg2V0aMfGhGpSrW2AgmlkgnY0gmlwhKwQ7w6Jc2VjcDI1NmsxoQIv1bW2rVKfVbcWAgJtGEnQA28GSCNotYEvp5MBQZXTV4N0Y3CCdl-DdWRwgnZf, nodeId=0xc8f776c1d83d4fddd02782c698c1334496614aed49d2e81526d089f7264fed9c, customFields={tcp=30303, udp=30303, ip=0xac10ef0e, eth=[[0x6a52ad6d, 0x]], id=V4, secp256k1=0x022fd5b5b6ad529f55b71602026d1849d0036f06482368b5812fa793014195d357}}","throwable":""}
{"timestamp":"2025-11-05T02:34:43,445","container":"9ef00bd2fa1f","level":"INFO","thread":"main","class":"DefaultP2PNetwork","message":"Enode URL enode://2fd5b5b6ad529f55b71602026d1849d0036f06482368b5812fa793014195d3571b0840dbc4175617de2a12db8f1222c012420d471ae5c0d982118625cae58868@172.16.239.14:30303","throwable":""}
{"timestamp":"2025-11-05T02:34:43,445","container":"9ef00bd2fa1f","level":"INFO","thread":"main","class":"DefaultP2PNetwork","message":"Node address 0x98c1334496614aed49d2e81526d089f7264fed9c","throwable":""}
{"timestamp":"2025-11-05T02:34:43,603","container":"9ef00bd2fa1f","level":"INFO","thread":"main","class":"NetworkRunner","message":"Supported capabilities: [eth/62, eth/63, eth/64, eth/65, eth/66, eth/67, eth/68], [istanbul/100], [snap/1]","throwable":""}
{"timestamp":"2025-11-05T02:34:43,604","container":"9ef00bd2fa1f","level":"INFO","thread":"main","class":"DefaultSynchronizer","message":"Starting synchronizer.","throwable":""}
{"timestamp":"2025-11-05T02:34:43,605","container":"9ef00bd2fa1f","level":"INFO","thread":"main","class":"TransactionPoolFactory","message":"Enabling transaction handling following initial sync","throwable":""}
{"timestamp":"2025-11-05T02:34:43,606","container":"9ef00bd2fa1f","level":"INFO","thread":"main","class":"FullSyncDownloader","message":"Starting full sync.","throwable":""}
{"timestamp":"2025-11-05T02:34:43,607","container":"9ef00bd2fa1f","level":"INFO","thread":"main","class":"FullSyncTargetManager","message":"Unable to find sync target. Currently checking 0 peers for usefulness","throwable":""}
{"timestamp":"2025-11-05T02:34:43,700","container":"9ef00bd2fa1f","level":"INFO","thread":"main","class":"Runner","message":"Ethereum main loop is up.","throwable":""}
{"timestamp":"2025-11-05T02:34:44,581","container":"9ef00bd2fa1f","level":"INFO","thread":"nioEventLoopGroup-3-4","class":"FullSyncTargetManager","message":"Unable to find sync target. Currently checking 4 peers for usefulness","throwable":""}
{"timestamp":"2025-11-05T02:34:45,001","container":"9ef00bd2fa1f","level":"INFO","thread":"BftProcessorExecutor-QBFT-0","class":"QbftBesuControllerBuilder","message":"Imported #1 / 0 tx / 0 pending / 0 (0.0%) gas / (0x69dd3a66ea13c03c5aae7a07fcd535d81adbdb9f7bb07374a7310ce9d5af8137)","throwable":""}
{"timestamp":"2025-11-05T02:34:49,595","container":"9ef00bd2fa1f","level":"INFO","thread":"EthScheduler-Timer-0","class":"FullSyncTargetManager","message":"Unable to find sync target. Currently checking 5 peers for usefulness","throwable":""}
{"timestamp":"2025-11-05T02:34:52,727","container":"9ef00bd2fa1f","level":"INFO","thread":"BftProcessorExecutor-QBFT-0","class":"QbftBesuControllerBuilder","message":"Imported #2 / 0 tx / 0 pending / 0 (0.0%) gas / (0x8051566fb7933d9d8f502fc1b2a61d029d83314d5bb80fff558b0ef5c5183b68)","throwable":""}
{"timestamp":"2025-11-05T02:35:01,032","container":"9ef00bd2fa1f","level":"INFO","thread":"BftProcessorExecutor-QBFT-0","class":"QbftBesuControllerBuilder","message":"Produced #3 / 0 tx / 0 pending / 0 (0.0%) gas / (0xe41f66c8b5ef838717ebaf930337423f21c0efdecc384c9874e262670a6613fd)","throwable":""}
{"timestamp":"2025-11-05T02:35:09,033","container":"9ef00bd2fa1f","level":"INFO","thread":"BftProcessorExecutor-QBFT-0","class":"QbftBesuControllerBuilder","message":"Imported #4 / 0 tx / 0 pending / 0 (0.0%) gas / (0x43b354a3e5127074a291412410299079cc4a8ca5fa5b7b1271a3a41ef7b8198f)","throwable":""}
{"timestamp":"2025-11-05T02:35:09,037","container":"9ef00bd2fa1f","level":"INFO","thread":"EthScheduler-Workers-0","class":"PersistBlockTask","message":"Block 4 (0x43b354a3e5127074a291412410299079cc4a8ca5fa5b7b1271a3a41ef7b8198f) is already imported","throwable":""}
{"timestamp":"2025-11-05T02:35:17,035","container":"9ef00bd2fa1f","level":"INFO","thread":"BftProcessorExecutor-QBFT-0","class":"QbftBesuControllerBuilder","message":"Imported #5 / 0 tx / 0 pending / 0 (0.0%) gas / (0x5db72851b6bff220e9124e6411d9cd54404c38287c37e5056b54154d62ab670d)","throwable":""}
{"timestamp":"2025-11-05T02:35:17,034","container":"9ef00bd2fa1f","level":"INFO","thread":"EthScheduler-Workers-0","class":"PersistBlockTask","message":"Block 5 (0x5db72851b6bff220e9124e6411d9cd54404c38287c37e5056b54154d62ab670d) is already imported","throwable":""}
{"timestamp":"2025-11-05T02:35:25,681","container":"9ef00bd2fa1f","level":"INFO","thread":"BftProcessorExecutor-QBFT-0","class":"QbftBesuControllerBuilder","message":"Imported #6 / 0 tx / 0 pending / 0 (0.0%) gas / (0xa2b8b478d4581ee2a7fa0937815c2892b4f9d40f95b2401ae56e9df0958a4802)","throwable":""}
{"timestamp":"2025-11-05T02:35:34,019","container":"9ef00bd2fa1f","level":"INFO","thread":"BftProcessorExecutor-QBFT-0","class":"QbftBesuControllerBuilder","message":"Produced #7 / 0 tx / 0 pending / 0 (0.0%) gas / (0xcc62156a6788b6738ce596fac9e717c50892377c517bd7121bc0be8a201aa8ab)","throwable":""}
{"timestamp":"2025-11-05T02:35:42,016","container":"9ef00bd2fa1f","level":"INFO","thread":"BftProcessorExecutor-QBFT-0","class":"QbftBesuControllerBuilder","message":"Imported #8 / 0 tx / 0 pending / 0 (0.0%) gas / (0x3859dbd6acba7d267a86f4687935fba66e51116aabc4758610806d1cd47cc97b)","throwable":""}
{"timestamp":"2025-11-05T02:35:50,020","container":"9ef00bd2fa1f","level":"INFO","thread":"BftProcessorExecutor-QBFT-0","class":"QbftBesuControllerBuilder","message":"Imported #9 / 0 tx / 0 pending / 0 (0.0%) gas / (0x430621ddf6719de1f2781f9f0a36165fb37b8a601151efc8860b3addd1cdacd2)","throwable":""}
{"timestamp":"2025-11-05T02:35:58,022","container":"9ef00bd2fa1f","level":"INFO","thread":"EthScheduler-Workers-0","class":"PersistBlockTask","message":"Block 10 (0xf38a4c7b320bb2c099939d3d13bfe1c35564c9ec9ba56cb46bcba972113543b2) is already imported","throwable":""}
{"timestamp":"2025-11-05T02:35:58,023","container":"9ef00bd2fa1f","level":"INFO","thread":"BftProcessorExecutor-QBFT-0","class":"QbftBesuControllerBuilder","message":"Imported #10 / 0 tx / 0 pending / 0 (0.0%) gas / (0xf38a4c7b320bb2c099939d3d13bfe1c35564c9ec9ba56cb46bcba972113543b2)","throwable":""}
{"timestamp":"2025-11-05T02:36:06,021","container":"9ef00bd2fa1f","level":"INFO","thread":"EthScheduler-Workers-0","class":"PersistBlockTask","message":"Block 11 (0x14aa226880047b7957b63f77243396f2ad464c702ba588abb5564d184156495c) is already imported","throwable":""}
{"timestamp":"2025-11-05T02:36:06,021","container":"9ef00bd2fa1f","level":"INFO","thread":"BftProcessorExecutor-QBFT-0","class":"QbftBesuControllerBuilder","message":"Produced #11 / 0 tx / 0 pending / 0 (0.0%) gas / (0x14aa226880047b7957b63f77243396f2ad464c702ba588abb5564d184156495c)","throwable":""}
{"timestamp":"2025-11-05T02:36:14,681","container":"9ef00bd2fa1f","level":"INFO","thread":"BftProcessorExecutor-QBFT-0","class":"QbftBesuControllerBuilder","message":"Imported #12 / 0 tx / 0 pending / 0 (0.0%) gas / (0x2b789b679845bde4bdcd6f76c95d13d2cf076458c198a9049cf712c6c78fe268)","throwable":""}
{"timestamp":"2025-11-05T02:36:23,014","container":"9ef00bd2fa1f","level":"INFO","thread":"BftProcessorExecutor-QBFT-0","class":"QbftBesuControllerBuilder","message":"Imported #13 / 0 tx / 0 pending / 0 (0.0%) gas / (0x5a644e9cebfbfc609e0e739a81e3aeb9b9139d19d9af3b206f008aef0a2fd61e)","throwable":""}
{"timestamp":"2025-11-05T02:36:31,017","container":"9ef00bd2fa1f","level":"INFO","thread":"BftProcessorExecutor-QBFT-0","class":"QbftBesuControllerBuilder","message":"Imported #14 / 0 tx / 0 pending / 0 (0.0%) gas / (0xcf8ca470e8002d9fb23fe092e8bbee7e6f88b2c1e072270ee0bff0f260c3f241)","throwable":""}
{"timestamp":"2025-11-05T02:36:39,018","container":"9ef00bd2fa1f","level":"INFO","thread":"BftProcessorExecutor-QBFT-0","class":"QbftBesuControllerBuilder","message":"Produced #15 / 0 tx / 0 pending / 0 (0.0%) gas / (0x205c09f0e405c0659f6279ca133962942f914346d32da6aad9bc51ca451592c2)","throwable":""}
{"timestamp":"2025-11-05T02:36:47,586","container":"9ef00bd2fa1f","level":"INFO","thread":"BftProcessorExecutor-QBFT-0","class":"QbftBesuControllerBuilder","message":"Imported #16 / 0 tx / 0 pending / 0 (0.0%) gas / (0x54664a2db6914d0ba178a6cc4e883a3b2c93792916b6981da95efcdf6aaea4fb)","throwable":""}
{"timestamp":"2025-11-05T02:36:56,015","container":"9ef00bd2fa1f","level":"INFO","thread":"EthScheduler-Workers-0","class":"PersistBlockTask","message":"Block 17 (0xd670f86e08cff49a4c55e1a0e37189bc56fd3436569153a139bc9458b6d2de25) is already imported","throwable":""}
{"timestamp":"2025-11-05T02:36:56,015","container":"9ef00bd2fa1f","level":"INFO","thread":"BftProcessorExecutor-QBFT-0","class":"QbftBesuControllerBuilder","message":"Imported #17 / 0 tx / 0 pending / 0 (0.0%) gas / (0xd670f86e08cff49a4c55e1a0e37189bc56fd3436569153a139bc9458b6d2de25)","throwable":""}
{"timestamp":"2025-11-05T02:37:04,018","container":"9ef00bd2fa1f","level":"INFO","thread":"BftProcessorExecutor-QBFT-0","class":"QbftBesuControllerBuilder","message":"Imported #18 / 0 tx / 0 pending / 0 (0.0%) gas / (0x3f683f6639c9f9a2665d498769a276b54b6d7f306ccc848e3cee1f98e4de4799)","throwable":""}
{"timestamp":"2025-11-05T02:37:12,014","container":"9ef00bd2fa1f","level":"INFO","thread":"EthScheduler-Workers-0","class":"PersistBlockTask","message":"Imported #19 / 0 tx / 0 om / 0 (0.0%) gas / (0xb402a40c2773a8057221c4c43f74aee3797f94200a5786769ec2bb02fd165492) in 0.002s. Peers: 5","throwable":""}
{"timestamp":"2025-11-05T02:37:12,015","container":"9ef00bd2fa1f","level":"INFO","thread":"BftProcessorExecutor-QBFT-0","class":"QbftBesuControllerBuilder","message":"Produced #19 / 0 tx / 0 pending / 0 (0.0%) gas / (0xb402a40c2773a8057221c4c43f74aee3797f94200a5786769ec2bb02fd165492)","throwable":""}
{"timestamp":"2025-11-05T02:37:20,700","container":"9ef00bd2fa1f","level":"INFO","thread":"BftProcessorExecutor-QBFT-0","class":"QbftBesuControllerBuilder","message":"Imported #20 / 0 tx / 0 pending / 0 (0.0%) gas / (0x0dd70b727768b1c124d741841959cd02ca07bc3c955108dda9faf86fbf3c985b)","throwable":""}
{"timestamp":"2025-11-05T02:37:29,009","container":"9ef00bd2fa1f","level":"INFO","thread":"BftProcessorExecutor-QBFT-0","class":"QbftBesuControllerBuilder","message":"Imported #21 / 0 tx / 0 pending / 0 (0.0%) gas / (0xdab9a768ab4dee7c9f07953545a73b80edc805ff9de50d422b41bd4823059573)","throwable":""}
{"timestamp":"2025-11-05T02:37:37,015","container":"9ef00bd2fa1f","level":"INFO","thread":"BftProcessorExecutor-QBFT-0","class":"QbftBesuControllerBuilder","message":"Imported #22 / 0 tx / 0 pending / 0 (0.0%) gas / (0x8f747a5da0dfec8e35cc57c4e7f12b4ec94ed104c4c4106f66ff7af78801bd8f)","throwable":""}
{"timestamp":"2025-11-05T02:37:45,017","container":"9ef00bd2fa1f","level":"INFO","thread":"BftProcessorExecutor-QBFT-0","class":"QbftBesuControllerBuilder","message":"Produced #23 / 0 tx / 0 pending / 0 (0.0%) gas / (0x5a231e14ccfd7575d7e46c65e5adbbfe0f472bbff8911837deff951b248f416e)","throwable":""}
{"timestamp":"2025-11-05T02:37:53,543","container":"9ef00bd2fa1f","level":"INFO","thread":"BftProcessorExecutor-QBFT-0","class":"QbftBesuControllerBuilder","message":"Imported #24 / 0 tx / 0 pending / 0 (0.0%) gas / (0xad2c76b1d72b3113315c394306d733ac8ea878d0d134dd6e794a25c66429f6dc)","throwable":""}
{"timestamp":"2025-11-05T02:38:02,012","container":"9ef00bd2fa1f","level":"INFO","thread":"BftProcessorExecutor-QBFT-0","class":"QbftBesuControllerBuilder","message":"Imported #25 / 0 tx / 0 pending / 0 (0.0%) gas / (0x14d130fa735626454e0f763afc0b673db94c820e3f155a85174b11e04085d426)","throwable":""}
{"timestamp":"2025-11-05T02:38:10,016","container":"9ef00bd2fa1f","level":"INFO","thread":"EthScheduler-Workers-0","class":"PersistBlockTask","message":"Block 26 (0x3f30cc4226fc506a128fcfa750886bf853af3b249bb9b755125071c132228eaa) is already imported","throwable":""}
{"timestamp":"2025-11-05T02:38:10,016","container":"9ef00bd2fa1f","level":"INFO","thread":"BftProcessorExecutor-QBFT-0","class":"QbftBesuControllerBuilder","message":"Imported #26 / 0 tx / 0 pending / 0 (0.0%) gas / (0x3f30cc4226fc506a128fcfa750886bf853af3b249bb9b755125071c132228eaa)","throwable":""}
{"timestamp":"2025-11-05T02:38:18,012","container":"9ef00bd2fa1f","level":"INFO","thread":"BftProcessorExecutor-QBFT-0","class":"QbftBesuControllerBuilder","message":"Produced #27 / 0 tx / 0 pending / 0 (0.0%) gas / (0x04be75d8249a78a6371271cf7a86ae4efa9cd2ba7046ed6a9603632862dfc289)","throwable":""}
{"timestamp":"2025-11-05T02:38:26,725","container":"9ef00bd2fa1f","level":"INFO","thread":"BftProcessorExecutor-QBFT-0","class":"QbftBesuControllerBuilder","message":"Imported #28 / 0 tx / 0 pending / 0 (0.0%) gas / (0x4afb4720d90820676f9fe3da364cf6ac7c8e063d6adb603d6ce50b7829d3818e)","throwable":""}
{"timestamp":"2025-11-05T02:38:35,012","container":"9ef00bd2fa1f","level":"INFO","thread":"EthScheduler-Workers-0","class":"PersistBlockTask","message":"Block 29 (0x6798353974a8f88b6c22ad8b8e1715fce933c922408d65269c8b3b13eaa98add) is already imported","throwable":""}
{"timestamp":"2025-11-05T02:38:35,013","container":"9ef00bd2fa1f","level":"INFO","thread":"BftProcessorExecutor-QBFT-0","class":"QbftBesuControllerBuilder","message":"Imported #29 / 0 tx / 0 pending / 0 (0.0%) gas / (0x6798353974a8f88b6c22ad8b8e1715fce933c922408d65269c8b3b13eaa98add)","throwable":""}
{"timestamp":"2025-11-05T02:38:43,009","container":"9ef00bd2fa1f","level":"INFO","thread":"BftProcessorExecutor-QBFT-0","class":"QbftBesuControllerBuilder","message":"Imported #30 / 0 tx / 0 pending / 0 (0.0%) gas / (0x32e1aefbb2b3324ea76c178596f36ed9bd233bd40174fe40b255c2ee3726d0f7)","throwable":""}
{"timestamp":"2025-11-05T02:38:51,010","container":"9ef00bd2fa1f","level":"INFO","thread":"BftProcessorExecutor-QBFT-0","class":"QbftBesuControllerBuilder","message":"Produced #31 / 0 tx / 0 pending / 0 (0.0%) gas / (0x9b94e02df6842c314528c56d0bfcddbd84d98a519198b24f376f5e16602b98ce)","throwable":""}
{"timestamp":"2025-11-05T02:38:59,690","container":"9ef00bd2fa1f","level":"INFO","thread":"BftProcessorExecutor-QBFT-0","class":"QbftBesuControllerBuilder","message":"Imported #32 / 0 tx / 0 pending / 0 (0.0%) gas / (0x672674a7e30862c8a690fdf004fa21c9aeec1e874d8ce9404ce9b0956ad338c1)","throwable":""}
{"timestamp":"2025-11-05T02:39:08,016","container":"9ef00bd2fa1f","level":"INFO","thread":"BftProcessorExecutor-QBFT-0","class":"QbftBesuControllerBuilder","message":"Imported #33 / 0 tx / 0 pending / 0 (0.0%) gas / (0x39da639e50bf9ac3c59ba63cae1ad4f521bf3950125983ade4391182c46a96bd)","throwable":""}
{"timestamp":"2025-11-05T02:39:16,015","container":"9ef00bd2fa1f","level":"INFO","thread":"EthScheduler-Workers-0","class":"PersistBlockTask","message":"Block 34 (0x6212936771140a2cc4b0d18eda5e17bc1ffa44af63b33ef437aabd82fefbb591) is already imported","throwable":""}
{"timestamp":"2025-11-05T02:39:16,016","container":"9ef00bd2fa1f","level":"INFO","thread":"BftProcessorExecutor-QBFT-0","class":"QbftBesuControllerBuilder","message":"Imported #34 / 0 tx / 0 pending / 0 (0.0%) gas / (0x6212936771140a2cc4b0d18eda5e17bc1ffa44af63b33ef437aabd82fefbb591)","throwable":""}
{"timestamp":"2025-11-05T02:39:24,014","container":"9ef00bd2fa1f","level":"INFO","thread":"BftProcessorExecutor-QBFT-0","class":"QbftBesuControllerBuilder","message":"Produced #35 / 0 tx / 0 pending / 0 (0.0%) gas / (0x7c8592a0816e444fef3e0f696801ba5aa2b781a67354d1c8f25b20f9f1dbec83)","throwable":""}
{"timestamp":"2025-11-05T02:39:32,706","container":"9ef00bd2fa1f","level":"INFO","thread":"BftProcessorExecutor-QBFT-0","class":"QbftBesuControllerBuilder","message":"Imported #36 / 0 tx / 0 pending / 0 (0.0%) gas / (0x30171a3be2d2a59bbe885fd665e3283557f2fe8a139b7dad27139f5b79b5c577)","throwable":""}
{"timestamp":"2025-11-05T02:39:41,009","container":"9ef00bd2fa1f","level":"INFO","thread":"BftProcessorExecutor-QBFT-0","class":"QbftBesuControllerBuilder","message":"Imported #37 / 0 tx / 0 pending / 0 (0.0%) gas / (0xd89e691aaaf781deac2f9a0c37b7203b1f133610b83c2943f5376b4981502036)","throwable":""}
{"timestamp":"2025-11-05T02:39:49,012","container":"9ef00bd2fa1f","level":"INFO","thread":"EthScheduler-Workers-0","class":"PersistBlockTask","message":"Block 38 (0xd0a29b4e9ef22238beef7ecb7193ff3c5d4b59c721f070c252b351b6d01a788d) is already imported","throwable":""}
{"timestamp":"2025-11-05T02:39:49,013","container":"9ef00bd2fa1f","level":"INFO","thread":"BftProcessorExecutor-QBFT-0","class":"QbftBesuControllerBuilder","message":"Imported #38 / 0 tx / 0 pending / 0 (0.0%) gas / (0xd0a29b4e9ef22238beef7ecb7193ff3c5d4b59c721f070c252b351b6d01a788d)","throwable":""}
{"timestamp":"2025-11-05T02:39:57,012","container":"9ef00bd2fa1f","level":"INFO","thread":"BftProcessorExecutor-QBFT-0","class":"QbftBesuControllerBuilder","message":"Produced #39 / 0 tx / 0 pending / 0 (0.0%) gas / (0x55364a3f72b0fb4a2572c553841dd5a2393b477da80bdead303f649eb5dd9858)","throwable":""}
{"timestamp":"2025-11-05T02:40:05,704","container":"9ef00bd2fa1f","level":"INFO","thread":"BftProcessorExecutor-QBFT-0","class":"QbftBesuControllerBuilder","message":"Imported #40 / 0 tx / 0 pending / 0 (0.0%) gas / (0xdeede56e3c43131ce55bde8f7f96136d28bf88e19f1d324459ccf99be43b99e9)","throwable":""}
{"timestamp":"2025-11-05T02:40:14,010","container":"9ef00bd2fa1f","level":"INFO","thread":"BftProcessorExecutor-QBFT-0","class":"QbftBesuControllerBuilder","message":"Imported #41 / 0 tx / 0 pending / 0 (0.0%) gas / (0x3ce120a8ebff3cb5085c6b7abe0c5b772a4f35a4eff693135339dc808ae6cbd9)","throwable":""}
{"timestamp":"2025-11-05T02:40:22,010","container":"9ef00bd2fa1f","level":"INFO","thread":"BftProcessorExecutor-QBFT-0","class":"QbftBesuControllerBuilder","message":"Imported #42 / 0 tx / 0 pending / 0 (0.0%) gas / (0x3b4bf5c801b36848bccd5d96c061e733f5102c401f1173a2a967bdc0c4c20910)","throwable":""}
{"timestamp":"2025-11-05T02:40:30,012","container":"9ef00bd2fa1f","level":"INFO","thread":"BftProcessorExecutor-QBFT-0","class":"QbftBesuControllerBuilder","message":"Produced #43 / 0 tx / 0 pending / 0 (0.0%) gas / (0xaea131b24903cc3131dceccc1a8664cae7e5664f821a13a7506e1947ae286928)","throwable":""}
{"timestamp":"2025-11-05T02:40:38,715","container":"9ef00bd2fa1f","level":"INFO","thread":"BftProcessorExecutor-QBFT-0","class":"QbftBesuControllerBuilder","message":"Imported #44 / 0 tx / 0 pending / 0 (0.0%) gas / (0x4cba49181a3bae409adfbd1f8571571f219a49e6fd2c53b15d150966e11e24d2)","throwable":""}
{"timestamp":"2025-11-05T02:40:47,009","container":"9ef00bd2fa1f","level":"INFO","thread":"BftProcessorExecutor-QBFT-0","class":"QbftBesuControllerBuilder","message":"Imported #45 / 0 tx / 0 pending / 0 (0.0%) gas / (0x6e031ae9ba2593e9071ac6213a7a1eeff0e78a986d9418d28848b4f9f9959484)","throwable":""}
{"timestamp":"2025-11-05T02:40:55,009","container":"9ef00bd2fa1f","level":"INFO","thread":"BftProcessorExecutor-QBFT-0","class":"QbftBesuControllerBuilder","message":"Imported #46 / 0 tx / 0 pending / 0 (0.0%) gas / (0xc27dfc420503f87d315a4d18540a403bcf29bd55c9ce7c24aee65df0afbdaf36)","throwable":""}
{"timestamp":"2025-11-05T02:41:03,007","container":"9ef00bd2fa1f","level":"INFO","thread":"BftProcessorExecutor-QBFT-0","class":"QbftBesuControllerBuilder","message":"Produced #47 / 0 tx / 0 pending / 0 (0.0%) gas / (0xe36a388dc87adb544a41b7dea150ed8f6924876c9577ff544ff97773f702fd59)","throwable":""}
{"timestamp":"2025-11-05T02:41:11,721","container":"9ef00bd2fa1f","level":"INFO","thread":"BftProcessorExecutor-QBFT-0","class":"QbftBesuControllerBuilder","message":"Imported #48 / 0 tx / 0 pending / 0 (0.0%) gas / (0x34fb3b22f649f9e12e2e97580fdd2bf45f5ceb4f700e5f7875bf85708a0db911)","throwable":""}
{"timestamp":"2025-11-05T02:41:20,012","container":"9ef00bd2fa1f","level":"INFO","thread":"EthScheduler-Workers-0","class":"PersistBlockTask","message":"Block 49 (0x5dec4bfd9eca4108eaa5aef3c18812e28cb2bffde905bab2b6641e0dde5e550a) is already imported","throwable":""}
{"timestamp":"2025-11-05T02:41:20,012","container":"9ef00bd2fa1f","level":"INFO","thread":"BftProcessorExecutor-QBFT-0","class":"QbftBesuControllerBuilder","message":"Imported #49 / 0 tx / 0 pending / 0 (0.0%) gas / (0x5dec4bfd9eca4108eaa5aef3c18812e28cb2bffde905bab2b6641e0dde5e550a)","throwable":""}
{"timestamp":"2025-11-05T02:41:28,013","container":"9ef00bd2fa1f","level":"INFO","thread":"BftProcessorExecutor-QBFT-0","class":"QbftBesuControllerBuilder","message":"Imported #50 / 0 tx / 0 pending / 0 (0.0%) gas / (0x68a30f2751e334f14cc3d9adae1cabe324fa1843d0ce81d68f5b3edb60c24006)","throwable":""}
{"timestamp":"2025-11-05T02:41:36,007","container":"9ef00bd2fa1f","level":"INFO","thread":"BftProcessorExecutor-QBFT-0","class":"QbftBesuControllerBuilder","message":"Produced #51 / 0 tx / 0 pending / 0 (0.0%) gas / (0x0f22c188eca5506565d1d607227d06a98372c90609840f96c57c581046e9679c)","throwable":""}
{"timestamp":"2025-11-05T02:41:44,793","container":"9ef00bd2fa1f","level":"INFO","thread":"EthScheduler-Workers-0","class":"PersistBlockTask","message":"Block 52 (0x1a3506b6d282e13ba8fa50a41e25ea3d2e7844ad880efc704e48f38b16ab5fda) is already imported","throwable":""}
{"timestamp":"2025-11-05T02:41:44,794","container":"9ef00bd2fa1f","level":"INFO","thread":"BftProcessorExecutor-QBFT-0","class":"QbftBesuControllerBuilder","message":"Imported #52 / 0 tx / 0 pending / 0 (0.0%) gas / (0x1a3506b6d282e13ba8fa50a41e25ea3d2e7844ad880efc704e48f38b16ab5fda)","throwable":""}
{"timestamp":"2025-11-05T02:41:53,010","container":"9ef00bd2fa1f","level":"INFO","thread":"EthScheduler-Workers-0","class":"PersistBlockTask","message":"Block 53 (0x6a1b9db558de3f3db88967fe1c0602d3e50d1f299b14d5e3e23cb5762416ec51) is already imported","throwable":""}
{"timestamp":"2025-11-05T02:41:53,010","container":"9ef00bd2fa1f","level":"INFO","thread":"BftProcessorExecutor-QBFT-0","class":"QbftBesuControllerBuilder","message":"Imported #53 / 0 tx / 0 pending / 0 (0.0%) gas / (0x6a1b9db558de3f3db88967fe1c0602d3e50d1f299b14d5e3e23cb5762416ec51)","throwable":""}
{"timestamp":"2025-11-05T02:42:01,009","container":"9ef00bd2fa1f","level":"INFO","thread":"BftProcessorExecutor-QBFT-0","class":"QbftBesuControllerBuilder","message":"Imported #54 / 0 tx / 0 pending / 0 (0.0%) gas / (0x9f97c019d5535a59a4b0ecf387a1a9c9336e91a187bfabb8fbe988d72ed4afae)","throwable":""}
{"timestamp":"2025-11-05T02:42:09,008","container":"9ef00bd2fa1f","level":"INFO","thread":"BftProcessorExecutor-QBFT-0","class":"QbftBesuControllerBuilder","message":"Produced #55 / 0 tx / 0 pending / 0 (0.0%) gas / (0xaf74e73915b61f40717a0e902e3f6c87b7d46dba1f584a714cd19d0f3a43d75a)","throwable":""}
{"timestamp":"2025-11-05T02:42:17,708","container":"9ef00bd2fa1f","level":"INFO","thread":"BftProcessorExecutor-QBFT-0","class":"QbftBesuControllerBuilder","message":"Imported #56 / 0 tx / 0 pending / 0 (0.0%) gas / (0x326d6d0b782a52136aca6172f19413a8f09131530f4dccd277f8e4a354df1368)","throwable":""}
{"timestamp":"2025-11-05T02:42:26,009","container":"9ef00bd2fa1f","level":"INFO","thread":"BftProcessorExecutor-QBFT-0","class":"QbftBesuControllerBuilder","message":"Imported #57 / 0 tx / 0 pending / 0 (0.0%) gas / (0x36537f2069f9820621cacd5d1b7251ab8e96fe5228c8e9a9750a3c1ef589134b)","throwable":""}
{"timestamp":"2025-11-05T02:42:34,012","container":"9ef00bd2fa1f","level":"INFO","thread":"BftProcessorExecutor-QBFT-0","class":"QbftBesuControllerBuilder","message":"Imported #58 / 0 tx / 0 pending / 0 (0.0%) gas / (0x0f2f5f029dfa8cd51732560bbd8a7934ddf001c3e6ea2f013b8c2c3de702954f)","throwable":""}
{"timestamp":"2025-11-05T02:42:42,013","container":"9ef00bd2fa1f","level":"INFO","thread":"EthScheduler-Workers-0","class":"PersistBlockTask","message":"Imported #59 / 0 tx / 0 om / 0 (0.0%) gas / (0xe8de9da8d9ccded66e0c485aa06c2740f9e873777439afc8fdf441bc403d711d) in 0.001s. Peers: 5","throwable":""}
{"timestamp":"2025-11-05T02:42:42,014","container":"9ef00bd2fa1f","level":"INFO","thread":"BftProcessorExecutor-QBFT-0","class":"QbftBesuControllerBuilder","message":"Produced #59 / 0 tx / 0 pending / 0 (0.0%) gas / (0xe8de9da8d9ccded66e0c485aa06c2740f9e873777439afc8fdf441bc403d711d)","throwable":""}
{"timestamp":"2025-11-05T02:42:50,642","container":"9ef00bd2fa1f","level":"INFO","thread":"BftProcessorExecutor-QBFT-0","class":"QbftBesuControllerBuilder","message":"Imported #60 / 0 tx / 0 pending / 0 (0.0%) gas / (0x284fad83195770358451ffd813d8f33e133e2a8a7719b5135024adcaf8d2b72d)","throwable":""}
{"timestamp":"2025-11-05T02:42:59,012","container":"9ef00bd2fa1f","level":"INFO","thread":"BftProcessorExecutor-QBFT-0","class":"QbftBesuControllerBuilder","message":"Imported #61 / 0 tx / 0 pending / 0 (0.0%) gas / (0x9942be70a4f5228aa4df5e4697ace248524781a2d7fec52bc26af8015830c084)","throwable":""}
{"timestamp":"2025-11-05T02:43:07,013","container":"9ef00bd2fa1f","level":"INFO","thread":"EthScheduler-Workers-0","class":"PersistBlockTask","message":"Block 62 (0x783e6dfbdc618a94c1e72522b4e5f87166e60c07c047d9086ecc8b97d7c9bb23) is already imported","throwable":""}
{"timestamp":"2025-11-05T02:43:07,013","container":"9ef00bd2fa1f","level":"INFO","thread":"BftProcessorExecutor-QBFT-0","class":"QbftBesuControllerBuilder","message":"Imported #62 / 0 tx / 0 pending / 0 (0.0%) gas / (0x783e6dfbdc618a94c1e72522b4e5f87166e60c07c047d9086ecc8b97d7c9bb23)","throwable":""}
{"timestamp":"2025-11-05T02:43:15,010","container":"9ef00bd2fa1f","level":"INFO","thread":"BftProcessorExecutor-QBFT-0","class":"QbftBesuControllerBuilder","message":"Produced #63 / 0 tx / 0 pending / 0 (0.0%) gas / (0x07b9fa9c929798c041c23f69288ecfe545aff33439d5248dea5b62018bcacd4c)","throwable":""}
{"timestamp":"2025-11-05T02:43:23,676","container":"9ef00bd2fa1f","level":"INFO","thread":"BftProcessorExecutor-QBFT-0","class":"QbftBesuControllerBuilder","message":"Imported #64 / 0 tx / 0 pending / 0 (0.0%) gas / (0x10bcaa6110c298a3a58fa10c5452addf2c6d15bb405ee0ac35f0f4886538c24c)","throwable":""}
{"timestamp":"2025-11-05T02:43:32,007","container":"9ef00bd2fa1f","level":"INFO","thread":"BftProcessorExecutor-QBFT-0","class":"QbftBesuControllerBuilder","message":"Imported #65 / 0 tx / 0 pending / 0 (0.0%) gas / (0x32a76b4ade9dc2f9aef1e31a7bc6fafca2a1179a5fe28410f179d8c0467d8963)","throwable":""}
{"timestamp":"2025-11-05T02:43:40,008","container":"9ef00bd2fa1f","level":"INFO","thread":"BftProcessorExecutor-QBFT-0","class":"QbftBesuControllerBuilder","message":"Imported #66 / 0 tx / 0 pending / 0 (0.0%) gas / (0xb03022a4ff2f416aa2650d79a3646d0a479231a80d25c33b172ee118cdbe8508)","throwable":""}
{"timestamp":"2025-11-05T02:43:48,009","container":"9ef00bd2fa1f","level":"INFO","thread":"BftProcessorExecutor-QBFT-0","class":"QbftBesuControllerBuilder","message":"Produced #67 / 0 tx / 0 pending / 0 (0.0%) gas / (0xd8248212a3fba1c74e6227ae6b5c92a8f0b6ab68e16dc2d14b8a99864c6dc941)","throwable":""}
{"timestamp":"2025-11-05T02:43:56,615","container":"9ef00bd2fa1f","level":"INFO","thread":"BftProcessorExecutor-QBFT-0","class":"QbftBesuControllerBuilder","message":"Imported #68 / 0 tx / 0 pending / 0 (0.0%) gas / (0xf41362429e1cebfeed3b35298d828a252100cb48e7d431c8cb9db81c20dc1c07)","throwable":""}
{"timestamp":"2025-11-05T02:44:05,078","container":"9ef00bd2fa1f","level":"INFO","thread":"BftProcessorExecutor-QBFT-0","class":"QbftBesuControllerBuilder","message":"Imported #69 / 1 tx / 0 pending / 4,218,881 (0.0%) gas / (0x607de4a3d1c94ce16c3ec6b5dec417afa7e18e60841245753ee1526389a67049)","throwable":""}
{"timestamp":"2025-11-05T02:44:13,010","container":"9ef00bd2fa1f","level":"INFO","thread":"BftProcessorExecutor-QBFT-0","class":"QbftBesuControllerBuilder","message":"Imported #70 / 0 tx / 0 pending / 0 (0.0%) gas / (0x18f813a0c04ffb6872fbccc18c9825e873550d441b035d9203de3d74d3e3b56d)","throwable":""}
{"timestamp":"2025-11-05T02:44:21,008","container":"9ef00bd2fa1f","level":"INFO","thread":"BftProcessorExecutor-QBFT-0","class":"QbftBesuControllerBuilder","message":"Produced #71 / 0 tx / 0 pending / 0 (0.0%) gas / (0x2c3d6ede77e190a2ca1259d5d467818a6cea6107ed3eb1dc5e014fd475a8beb0)","throwable":""}
{"timestamp":"2025-11-05T02:44:29,525","container":"9ef00bd2fa1f","level":"INFO","thread":"BftProcessorExecutor-QBFT-0","class":"QbftBesuControllerBuilder","message":"Imported #72 / 1 tx / 0 pending / 4,218,881 (0.0%) gas / (0x8eceaa28e628b951c9d1849330b444b9cf2c3d9a9b4ac561a06b4d328053aea7)","throwable":""}
{"timestamp":"2025-11-05T02:44:38,010","container":"9ef00bd2fa1f","level":"INFO","thread":"BftProcessorExecutor-QBFT-0","class":"QbftBesuControllerBuilder","message":"Imported #73 / 0 tx / 0 pending / 0 (0.0%) gas / (0xf4f475b701432d6980d284310a91426a841ae26726ae6d12362a83c5b353879e)","throwable":""}
{"timestamp":"2025-11-05T02:44:46,009","container":"9ef00bd2fa1f","level":"INFO","thread":"BftProcessorExecutor-QBFT-0","class":"QbftBesuControllerBuilder","message":"Imported #74 / 0 tx / 0 pending / 0 (0.0%) gas / (0x4b7ea3f6d96c8249de25c5f5efd8513eae677ee84e2d590595c89480466b482e)","throwable":""}
{"timestamp":"2025-11-05T02:44:54,008","container":"9ef00bd2fa1f","level":"INFO","thread":"BftProcessorExecutor-QBFT-0","class":"QbftBesuControllerBuilder","message":"Produced #75 / 0 tx / 0 pending / 0 (0.0%) gas / (0xf2a60fc39795898a0f5fa10d2b7424106a7d11ad1905e301cacdd846b959cd25)","throwable":""}
{"timestamp":"2025-11-05T02:45:02,554","container":"9ef00bd2fa1f","level":"INFO","thread":"BftProcessorExecutor-QBFT-0","class":"QbftBesuControllerBuilder","message":"Imported #76 / 0 tx / 0 pending / 0 (0.0%) gas / (0x7a0797a492267f89eb36d9d488fa500ff7d60901df163c11f96f6f08800bd9d8)","throwable":""}
{"timestamp":"2025-11-05T02:45:11,009","container":"9ef00bd2fa1f","level":"INFO","thread":"BftProcessorExecutor-QBFT-0","class":"QbftBesuControllerBuilder","message":"Imported #77 / 0 tx / 0 pending / 0 (0.0%) gas / (0x4c7f994cbcdd9b0f05018dd21dc47d9d967ec89be6d3afff93cfff147cb06fac)","throwable":""}
{"timestamp":"2025-11-05T02:45:19,008","container":"9ef00bd2fa1f","level":"INFO","thread":"BftProcessorExecutor-QBFT-0","class":"QbftBesuControllerBuilder","message":"Imported #78 / 0 tx / 0 pending / 0 (0.0%) gas / (0xae96699fb1d97f9abd21390c15feb9332fbaf73840a308bd8929072f0a2977ad)","throwable":""}
{"timestamp":"2025-11-05T02:45:27,008","container":"9ef00bd2fa1f","level":"INFO","thread":"BftProcessorExecutor-QBFT-0","class":"QbftBesuControllerBuilder","message":"Produced #79 / 0 tx / 0 pending / 0 (0.0%) gas / (0xc1883615ceb55cdd9cb99f6f680300a65279137152db97222f5fd01b0f94ec81)","throwable":""}
{"timestamp":"2025-11-05T02:45:35,577","container":"9ef00bd2fa1f","level":"INFO","thread":"BftProcessorExecutor-QBFT-0","class":"QbftBesuControllerBuilder","message":"Imported #80 / 0 tx / 0 pending / 0 (0.0%) gas / (0xff4c6623f0c058e0e61d5368c8233d064821153fb9d3f88737abafc6a482a89d)","throwable":""}
{"timestamp":"2025-11-05T02:45:44,010","container":"9ef00bd2fa1f","level":"INFO","thread":"BftProcessorExecutor-QBFT-0","class":"QbftBesuControllerBuilder","message":"Imported #81 / 0 tx / 0 pending / 0 (0.0%) gas / (0xb1ab39c2b1db45290a11592e5a43b0a8a1f977406f88cadd1ef3f58a37472e8e)","throwable":""}
{"timestamp":"2025-11-05T02:45:52,008","container":"9ef00bd2fa1f","level":"INFO","thread":"BftProcessorExecutor-QBFT-0","class":"QbftBesuControllerBuilder","message":"Imported #82 / 0 tx / 0 pending / 0 (0.0%) gas / (0x23b8d65925065a713403750c4d41a7e5a42955e73d902fa34f107a441491b75f)","throwable":""}
{"timestamp":"2025-11-05T02:46:00,012","container":"9ef00bd2fa1f","level":"INFO","thread":"EthScheduler-Workers-0","class":"PersistBlockTask","message":"Block 83 (0xf71a9f332d0f1627339555940545baf426a4fbde7cde079cae65a8a54ac43894) is already imported","throwable":""}
{"timestamp":"2025-11-05T02:46:00,013","container":"9ef00bd2fa1f","level":"INFO","thread":"BftProcessorExecutor-QBFT-0","class":"QbftBesuControllerBuilder","message":"Produced #83 / 0 tx / 0 pending / 0 (0.0%) gas / (0xf71a9f332d0f1627339555940545baf426a4fbde7cde079cae65a8a54ac43894)","throwable":""}
{"timestamp":"2025-11-05T02:46:08,567","container":"9ef00bd2fa1f","level":"INFO","thread":"EthScheduler-Workers-0","class":"PersistBlockTask","message":"Block 84 (0x2efc044dd758610e1728c819cdb45a6245ab1a8c88365b8ba78b824b1e3144c3) is already imported","throwable":""}
{"timestamp":"2025-11-05T02:46:08,568","container":"9ef00bd2fa1f","level":"INFO","thread":"BftProcessorExecutor-QBFT-0","class":"QbftBesuControllerBuilder","message":"Imported #84 / 0 tx / 0 pending / 0 (0.0%) gas / (0x2efc044dd758610e1728c819cdb45a6245ab1a8c88365b8ba78b824b1e3144c3)","throwable":""}
{"timestamp":"2025-11-05T02:46:17,012","container":"9ef00bd2fa1f","level":"INFO","thread":"EthScheduler-Workers-0","class":"PersistBlockTask","message":"Block 85 (0x00a52bdd5a94ee989492c709afcdf729f6a9c6c36125b9ed716ae40e909122bb) is already imported","throwable":""}
{"timestamp":"2025-11-05T02:46:17,013","container":"9ef00bd2fa1f","level":"INFO","thread":"BftProcessorExecutor-QBFT-0","class":"QbftBesuControllerBuilder","message":"Imported #85 / 0 tx / 0 pending / 0 (0.0%) gas / (0x00a52bdd5a94ee989492c709afcdf729f6a9c6c36125b9ed716ae40e909122bb)","throwable":""}
{"timestamp":"2025-11-05T02:46:25,011","container":"9ef00bd2fa1f","level":"INFO","thread":"BftProcessorExecutor-QBFT-0","class":"QbftBesuControllerBuilder","message":"Imported #86 / 0 tx / 0 pending / 0 (0.0%) gas / (0x0c25339190db61046ce6e9b1d5c9fb0e4b5c8912d1017b5a8115b23d03039617)","throwable":""}
{"timestamp":"2025-11-05T02:46:33,007","container":"9ef00bd2fa1f","level":"INFO","thread":"BftProcessorExecutor-QBFT-0","class":"QbftBesuControllerBuilder","message":"Produced #87 / 0 tx / 0 pending / 0 (0.0%) gas / (0x8ac522d863eb1e61f4fa6f1250b92f3641c4fb520a726e1995288399ab6eeff7)","throwable":""}
{"timestamp":"2025-11-05T02:46:41,610","container":"9ef00bd2fa1f","level":"INFO","thread":"EthScheduler-Workers-0","class":"PersistBlockTask","message":"Block 88 (0x5945244004257a9fcaa9d49c72fbbe817ab571a1f55a001f1666df8c7bc2fa4a) is already imported","throwable":""}
{"timestamp":"2025-11-05T02:46:41,611","container":"9ef00bd2fa1f","level":"INFO","thread":"BftProcessorExecutor-QBFT-0","class":"QbftBesuControllerBuilder","message":"Imported #88 / 0 tx / 0 pending / 0 (0.0%) gas / (0x5945244004257a9fcaa9d49c72fbbe817ab571a1f55a001f1666df8c7bc2fa4a)","throwable":""}
{"timestamp":"2025-11-05T02:46:50,009","container":"9ef00bd2fa1f","level":"INFO","thread":"BftProcessorExecutor-QBFT-0","class":"QbftBesuControllerBuilder","message":"Imported #89 / 0 tx / 0 pending / 0 (0.0%) gas / (0xc4fbcc8d38566e110dd5b4c07ca1624b3ab3f50cdd2c40af21bb908a6a1ec249)","throwable":""}
{"timestamp":"2025-11-05T02:46:58,010","container":"9ef00bd2fa1f","level":"INFO","thread":"EthScheduler-Workers-0","class":"PersistBlockTask","message":"Block 90 (0xf3a6f284d60272ef37a19cf0cc5e82c4cee5190a809f054546af5b66efe6baea) is already imported","throwable":""}
{"timestamp":"2025-11-05T02:46:58,010","container":"9ef00bd2fa1f","level":"INFO","thread":"BftProcessorExecutor-QBFT-0","class":"QbftBesuControllerBuilder","message":"Imported #90 / 0 tx / 0 pending / 0 (0.0%) gas / (0xf3a6f284d60272ef37a19cf0cc5e82c4cee5190a809f054546af5b66efe6baea)","throwable":""}
{"timestamp":"2025-11-05T02:47:06,008","container":"9ef00bd2fa1f","level":"INFO","thread":"BftProcessorExecutor-QBFT-0","class":"QbftBesuControllerBuilder","message":"Produced #91 / 0 tx / 0 pending / 0 (0.0%) gas / (0x8747a8cfae83600b16fa5c7eb95a93a82c71652a3d8a3e863badf155c769a20a)","throwable":""}
{"timestamp":"2025-11-05T02:47:14,617","container":"9ef00bd2fa1f","level":"INFO","thread":"EthScheduler-Workers-0","class":"PersistBlockTask","message":"Block 92 (0xcbb19768f2503a1ee6dc6d74468b0fdc07452b014bab8ec0af4092c620af3ca2) is already imported","throwable":""}
{"timestamp":"2025-11-05T02:47:14,617","container":"9ef00bd2fa1f","level":"INFO","thread":"BftProcessorExecutor-QBFT-0","class":"QbftBesuControllerBuilder","message":"Imported #92 / 0 tx / 0 pending / 0 (0.0%) gas / (0xcbb19768f2503a1ee6dc6d74468b0fdc07452b014bab8ec0af4092c620af3ca2)","throwable":""}
{"timestamp":"2025-11-05T02:47:23,010","container":"9ef00bd2fa1f","level":"INFO","thread":"EthScheduler-Workers-0","class":"PersistBlockTask","message":"Block 93 (0xa6f489f5de5ecac758e42cffe18e28c65711fded5ecd7d690de76bdb7eeee317) is already imported","throwable":""}
{"timestamp":"2025-11-05T02:47:23,010","container":"9ef00bd2fa1f","level":"INFO","thread":"BftProcessorExecutor-QBFT-0","class":"QbftBesuControllerBuilder","message":"Imported #93 / 0 tx / 0 pending / 0 (0.0%) gas / (0xa6f489f5de5ecac758e42cffe18e28c65711fded5ecd7d690de76bdb7eeee317)","throwable":""}
{"timestamp":"2025-11-05T02:47:31,009","container":"9ef00bd2fa1f","level":"INFO","thread":"BftProcessorExecutor-QBFT-0","class":"QbftBesuControllerBuilder","message":"Imported #94 / 0 tx / 0 pending / 0 (0.0%) gas / (0x3f6f1fb086a7a7aafcae2c3d367adba843b7477eb76330f337012b2c5cfa7358)","throwable":""}
{"timestamp":"2025-11-05T02:47:39,008","container":"9ef00bd2fa1f","level":"INFO","thread":"BftProcessorExecutor-QBFT-0","class":"QbftBesuControllerBuilder","message":"Produced #95 / 0 tx / 0 pending / 0 (0.0%) gas / (0xe41c3f3f4f0488e5709036f214ea9550601489f794399bac4b5db7d061b98086)","throwable":""}
{"timestamp":"2025-11-05T02:47:47,596","container":"9ef00bd2fa1f","level":"INFO","thread":"BftProcessorExecutor-QBFT-0","class":"QbftBesuControllerBuilder","message":"Imported #96 / 0 tx / 0 pending / 0 (0.0%) gas / (0x9939a1c66011523a44bd190382d387ea0ddcc94dfaa6cc874958ad15baa645e5)","throwable":""}
{"timestamp":"2025-11-05T02:47:56,009","container":"9ef00bd2fa1f","level":"INFO","thread":"BftProcessorExecutor-QBFT-0","class":"QbftBesuControllerBuilder","message":"Imported #97 / 0 tx / 0 pending / 0 (0.0%) gas / (0xcb1d1be38808f0d54994b37586364ea64bf5f701ffe1715801a7b407e0fd3629)","throwable":""}
{"timestamp":"2025-11-05T02:48:04,006","container":"9ef00bd2fa1f","level":"INFO","thread":"BftProcessorExecutor-QBFT-0","class":"QbftBesuControllerBuilder","message":"Imported #98 / 0 tx / 0 pending / 0 (0.0%) gas / (0xead5e5ac183e959e94620e6f46e7502ef57e180e8926f26d3babec46a37797d1)","throwable":""}
{"timestamp":"2025-11-05T02:48:12,009","container":"9ef00bd2fa1f","level":"INFO","thread":"BftProcessorExecutor-QBFT-0","class":"QbftBesuControllerBuilder","message":"Produced #99 / 0 tx / 0 pending / 0 (0.0%) gas / (0x2fdd30727317e5fb7397529ebe45a2b709b30afde54634c8c7791c30b8fe58c9)","throwable":""}
{"timestamp":"2025-11-05T02:48:20,613","container":"9ef00bd2fa1f","level":"INFO","thread":"BftProcessorExecutor-QBFT-0","class":"QbftBesuControllerBuilder","message":"Imported #100 / 0 tx / 0 pending / 0 (0.0%) gas / (0xec960abb3c6991efc8bf1348009d55bd847f709def8f8fd5d7c8fc50ce97cd1f)","throwable":""}
{"timestamp":"2025-11-05T02:48:29,012","container":"9ef00bd2fa1f","level":"INFO","thread":"EthScheduler-Workers-0","class":"PersistBlockTask","message":"Block 101 (0x5644afb079181664cb43a3bbb4eb56e37b669e8331f0d70883682ef290a6a66f) is already imported","throwable":""}
{"timestamp":"2025-11-05T02:48:29,012","container":"9ef00bd2fa1f","level":"INFO","thread":"BftProcessorExecutor-QBFT-0","class":"QbftBesuControllerBuilder","message":"Imported #101 / 0 tx / 0 pending / 0 (0.0%) gas / (0x5644afb079181664cb43a3bbb4eb56e37b669e8331f0d70883682ef290a6a66f)","throwable":""}
{"timestamp":"2025-11-05T02:48:37,014","container":"9ef00bd2fa1f","level":"INFO","thread":"EthScheduler-Workers-0","class":"PersistBlockTask","message":"Imported #102 / 0 tx / 0 om / 0 (0.0%) gas / (0x8a5b84ed0443f3f8baa2e2e3757cfa0e5af5c584076caf4701e5a4556d4bb6de) in 0.001s. Peers: 5","throwable":""}
{"timestamp":"2025-11-05T02:48:45,008","container":"9ef00bd2fa1f","level":"INFO","thread":"EthScheduler-Workers-0","class":"PersistBlockTask","message":"Block 103 (0x9117dc733902203bfac2ca7771a2342846a0e694ec6b3122d15a91962e89b84b) is already imported","throwable":""}
{"timestamp":"2025-11-05T02:48:45,008","container":"9ef00bd2fa1f","level":"INFO","thread":"BftProcessorExecutor-QBFT-0","class":"QbftBesuControllerBuilder","message":"Produced #103 / 0 tx / 0 pending / 0 (0.0%) gas / (0x9117dc733902203bfac2ca7771a2342846a0e694ec6b3122d15a91962e89b84b)","throwable":""}
{"timestamp":"2025-11-05T02:48:53,620","container":"9ef00bd2fa1f","level":"INFO","thread":"BftProcessorExecutor-QBFT-0","class":"QbftBesuControllerBuilder","message":"Imported #104 / 0 tx / 0 pending / 0 (0.0%) gas / (0xbc0ec9709e664c648428457902238cdc05fe6f76d4d46ee6cbe55692de60757b)","throwable":""}
{"timestamp":"2025-11-05T02:49:02,009","container":"9ef00bd2fa1f","level":"INFO","thread":"EthScheduler-Workers-0","class":"PersistBlockTask","message":"Block 105 (0xf8b1afa9c947e2bfbfd44a34c3d17d4a27d01dee66db0ca79c8783fac27aa447) is already imported","throwable":""}
{"timestamp":"2025-11-05T02:49:02,009","container":"9ef00bd2fa1f","level":"INFO","thread":"BftProcessorExecutor-QBFT-0","class":"QbftBesuControllerBuilder","message":"Imported #105 / 0 tx / 0 pending / 0 (0.0%) gas / (0xf8b1afa9c947e2bfbfd44a34c3d17d4a27d01dee66db0ca79c8783fac27aa447)","throwable":""}
{"timestamp":"2025-11-05T02:49:10,008","container":"9ef00bd2fa1f","level":"INFO","thread":"BftProcessorExecutor-QBFT-0","class":"QbftBesuControllerBuilder","message":"Imported #106 / 0 tx / 0 pending / 0 (0.0%) gas / (0x87b02aea03bd670f3427aa8fbaeef6faa43ca4094436e4b2e7394478aa246ed6)","throwable":""}
{"timestamp":"2025-11-05T02:49:18,010","container":"9ef00bd2fa1f","level":"INFO","thread":"BftProcessorExecutor-QBFT-0","class":"QbftBesuControllerBuilder","message":"Produced #107 / 0 tx / 0 pending / 0 (0.0%) gas / (0x85c1b58a9e1001117ee117a40eec5192105cba817e7b7c9ca65ff5fa4a8b65ff)","throwable":""}
{"timestamp":"2025-11-05T02:49:26,593","container":"9ef00bd2fa1f","level":"INFO","thread":"EthScheduler-Workers-0","class":"PersistBlockTask","message":"Block 108 (0x2e67e2b42e69883d9827ffce7e79dbd480c73873016da959f58b5e75dba7d21b) is already imported","throwable":""}
{"timestamp":"2025-11-05T02:49:26,593","container":"9ef00bd2fa1f","level":"INFO","thread":"BftProcessorExecutor-QBFT-0","class":"QbftBesuControllerBuilder","message":"Imported #108 / 0 tx / 0 pending / 0 (0.0%) gas / (0x2e67e2b42e69883d9827ffce7e79dbd480c73873016da959f58b5e75dba7d21b)","throwable":""}
{"timestamp":"2025-11-05T02:49:35,014","container":"9ef00bd2fa1f","level":"INFO","thread":"BftProcessorExecutor-QBFT-0","class":"QbftBesuControllerBuilder","message":"Imported #109 / 0 tx / 0 pending / 0 (0.0%) gas / (0x3c953617f84a20462338c2f117b8561e9501bc07238ca84b22308bf504c45e9d)","throwable":""}
{"timestamp":"2025-11-05T02:49:43,010","container":"9ef00bd2fa1f","level":"INFO","thread":"BftProcessorExecutor-QBFT-0","class":"QbftBesuControllerBuilder","message":"Imported #110 / 0 tx / 0 pending / 0 (0.0%) gas / (0x547c99af234fe263920650ea35c722704b4900634afcc4e07a249f2b950c8734)","throwable":""}
{"timestamp":"2025-11-05T02:49:51,008","container":"9ef00bd2fa1f","level":"INFO","thread":"BftProcessorExecutor-QBFT-0","class":"QbftBesuControllerBuilder","message":"Produced #111 / 0 tx / 0 pending / 0 (0.0%) gas / (0xfc159d7435593ed206aa73af88800c3674d76709d5370effa307bd91eef984bc)","throwable":""}
{"timestamp":"2025-11-05T02:49:59,551","container":"9ef00bd2fa1f","level":"INFO","thread":"BftProcessorExecutor-QBFT-0","class":"QbftBesuControllerBuilder","message":"Imported #112 / 0 tx / 0 pending / 0 (0.0%) gas / (0x765aaa9b6da6a212214098f3d5a07ba59c32961ab2f582f03012122ceddbfb38)","throwable":""}
{"timestamp":"2025-11-05T02:50:08,009","container":"9ef00bd2fa1f","level":"INFO","thread":"BftProcessorExecutor-QBFT-0","class":"QbftBesuControllerBuilder","message":"Imported #113 / 0 tx / 0 pending / 0 (0.0%) gas / (0xab73c54ad9f637e2588512295dff54d202e004f13c4d8e7f130ec29e821f9a97)","throwable":""}
{"timestamp":"2025-11-05T02:50:16,009","container":"9ef00bd2fa1f","level":"INFO","thread":"BftProcessorExecutor-QBFT-0","class":"QbftBesuControllerBuilder","message":"Imported #114 / 0 tx / 0 pending / 0 (0.0%) gas / (0x6f7b314d8f784cf109d16b81df4932cf6ec533a58857723002b6dd195a808911)","throwable":""}
{"timestamp":"2025-11-05T02:50:24,010","container":"9ef00bd2fa1f","level":"INFO","thread":"BftProcessorExecutor-QBFT-0","class":"QbftBesuControllerBuilder","message":"Produced #115 / 0 tx / 0 pending / 0 (0.0%) gas / (0x84e8966849be216ff5ae6146f12d694eb954088fbe531f8b911f746cfb78242d)","throwable":""}
{"timestamp":"2025-11-05T02:50:32,666","container":"9ef00bd2fa1f","level":"INFO","thread":"BftProcessorExecutor-QBFT-0","class":"QbftBesuControllerBuilder","message":"Imported #116 / 0 tx / 0 pending / 0 (0.0%) gas / (0xfee19929e498d9c0666fe07f2eae710834a8961e9f953da4c93123e48e7007b2)","throwable":""}
{"timestamp":"2025-11-05T02:50:41,008","container":"9ef00bd2fa1f","level":"INFO","thread":"BftProcessorExecutor-QBFT-0","class":"QbftBesuControllerBuilder","message":"Imported #117 / 0 tx / 0 pending / 0 (0.0%) gas / (0x30cd94b23f4f54c4cbf6aaf562af08e3efa88f4a723c1f203452f11dd1c245da)","throwable":""}
{"timestamp":"2025-11-05T02:50:49,009","container":"9ef00bd2fa1f","level":"INFO","thread":"BftProcessorExecutor-QBFT-0","class":"QbftBesuControllerBuilder","message":"Imported #118 / 0 tx / 0 pending / 0 (0.0%) gas / (0x2fd9e003d293f11d87c467b27b8b9f1b50ba83e2f6d7f6ad982d5709788e8bc1)","throwable":""}
{"timestamp":"2025-11-05T02:50:49,009","container":"9ef00bd2fa1f","level":"INFO","thread":"EthScheduler-Workers-0","class":"PersistBlockTask","message":"Block 118 (0x2fd9e003d293f11d87c467b27b8b9f1b50ba83e2f6d7f6ad982d5709788e8bc1) is already imported","throwable":""}
{"timestamp":"2025-11-05T02:50:57,010","container":"9ef00bd2fa1f","level":"INFO","thread":"EthScheduler-Workers-0","class":"PersistBlockTask","message":"Imported #119 / 0 tx / 0 om / 0 (0.0%) gas / (0xef1ad8ade11de8bb49685ddec972d006c4db3b954e1e50da070d47428846cd5b) in 0.001s. Peers: 5","throwable":""}
{"timestamp":"2025-11-05T02:50:57,011","container":"9ef00bd2fa1f","level":"INFO","thread":"BftProcessorExecutor-QBFT-0","class":"QbftBesuControllerBuilder","message":"Produced #119 / 0 tx / 0 pending / 0 (0.0%) gas / (0xef1ad8ade11de8bb49685ddec972d006c4db3b954e1e50da070d47428846cd5b)","throwable":""}
{"timestamp":"2025-11-05T02:51:05,472","container":"9ef00bd2fa1f","level":"INFO","thread":"BftProcessorExecutor-QBFT-0","class":"QbftBesuControllerBuilder","message":"Imported #120 / 0 tx / 0 pending / 0 (0.0%) gas / (0xe5a8d6cee66713c4752da7b2ece9c76a929fc7dfbd2ea7e2cc0d29b4f3a8c1ef)","throwable":""}
{"timestamp":"2025-11-05T02:51:13,010","container":"9ef00bd2fa1f","level":"INFO","thread":"BftProcessorExecutor-QBFT-0","class":"QbftBesuControllerBuilder","message":"Imported #121 / 0 tx / 0 pending / 0 (0.0%) gas / (0x46bfc787f623afc4090ca68a446eaecd50d3d7f86657ccaa202e2e81fd5802d9)","throwable":""}
{"timestamp":"2025-11-05T02:51:13,010","container":"9ef00bd2fa1f","level":"INFO","thread":"EthScheduler-Workers-0","class":"PersistBlockTask","message":"Block 121 (0x46bfc787f623afc4090ca68a446eaecd50d3d7f86657ccaa202e2e81fd5802d9) is already imported","throwable":""}
{"timestamp":"2025-11-05T02:51:21,007","container":"9ef00bd2fa1f","level":"INFO","thread":"BftProcessorExecutor-QBFT-0","class":"QbftBesuControllerBuilder","message":"Imported #122 / 0 tx / 0 pending / 0 (0.0%) gas / (0xce2da0b6e41a71f5d2b2d5c53b47f90861a68cfbb18f8e04e92a53f47685a5db)","throwable":""}
{"timestamp":"2025-11-05T02:51:29,008","container":"9ef00bd2fa1f","level":"INFO","thread":"BftProcessorExecutor-QBFT-0","class":"QbftBesuControllerBuilder","message":"Produced #123 / 0 tx / 0 pending / 0 (0.0%) gas / (0x06a1574224864f0c204f405364f07718f2c29a07dbc401ee4f9f63e6d593405a)","throwable":""}
{"timestamp":"2025-11-05T02:51:37,554","container":"9ef00bd2fa1f","level":"INFO","thread":"BftProcessorExecutor-QBFT-0","class":"QbftBesuControllerBuilder","message":"Imported #124 / 0 tx / 0 pending / 0 (0.0%) gas / (0x9ebc929184682aecd5604a0b8013e7d32b744a2f0ec2d539f85645ae11234531)","throwable":""}
{"timestamp":"2025-11-05T02:51:46,010","container":"9ef00bd2fa1f","level":"INFO","thread":"BftProcessorExecutor-QBFT-0","class":"QbftBesuControllerBuilder","message":"Imported #125 / 0 tx / 0 pending / 0 (0.0%) gas / (0x1d5b57201fd69c16183e6baaf6201855750a7f1aa9b6609eb11173744120f041)","throwable":""}
{"timestamp":"2025-11-05T02:51:46,010","container":"9ef00bd2fa1f","level":"INFO","thread":"EthScheduler-Workers-0","class":"PersistBlockTask","message":"Block 125 (0x1d5b57201fd69c16183e6baaf6201855750a7f1aa9b6609eb11173744120f041) is already imported","throwable":""}
{"timestamp":"2025-11-05T02:51:54,009","container":"9ef00bd2fa1f","level":"INFO","thread":"EthScheduler-Workers-0","class":"PersistBlockTask","message":"Block 126 (0xfb6de4ff5ae8b9ee68ffaa86c5bb4134f5a9b3c091d35701e3c118e13215fba7) is already imported","throwable":""}
{"timestamp":"2025-11-05T02:51:54,009","container":"9ef00bd2fa1f","level":"INFO","thread":"BftProcessorExecutor-QBFT-0","class":"QbftBesuControllerBuilder","message":"Imported #126 / 0 tx / 0 pending / 0 (0.0%) gas / (0xfb6de4ff5ae8b9ee68ffaa86c5bb4134f5a9b3c091d35701e3c118e13215fba7)","throwable":""}
{"timestamp":"2025-11-05T02:52:02,013","container":"9ef00bd2fa1f","level":"INFO","thread":"EthScheduler-Workers-0","class":"PersistBlockTask","message":"Block 127 (0xe66a6f551821fd44a492d992636b4306d361a577ff0d0c3e51595f4787ba89b4) is already imported","throwable":""}
{"timestamp":"2025-11-05T02:52:02,014","container":"9ef00bd2fa1f","level":"INFO","thread":"BftProcessorExecutor-QBFT-0","class":"QbftBesuControllerBuilder","message":"Produced #127 / 0 tx / 0 pending / 0 (0.0%) gas / (0xe66a6f551821fd44a492d992636b4306d361a577ff0d0c3e51595f4787ba89b4)","throwable":""}
{"timestamp":"2025-11-05T02:52:10,839","container":"9ef00bd2fa1f","level":"INFO","thread":"EthScheduler-Workers-0","class":"PersistBlockTask","message":"Block 128 (0x4361ea74e7176b73f594fce1b353beae94e82f8d3a2184aaf65143432f0b5c16) is already imported","throwable":""}
{"timestamp":"2025-11-05T02:52:10,839","container":"9ef00bd2fa1f","level":"INFO","thread":"BftProcessorExecutor-QBFT-0","class":"QbftBesuControllerBuilder","message":"Imported #128 / 0 tx / 0 pending / 0 (0.0%) gas / (0x4361ea74e7176b73f594fce1b353beae94e82f8d3a2184aaf65143432f0b5c16)","throwable":""}
{"timestamp":"2025-11-05T02:52:19,007","container":"9ef00bd2fa1f","level":"INFO","thread":"BftProcessorExecutor-QBFT-0","class":"QbftBesuControllerBuilder","message":"Imported #129 / 0 tx / 0 pending / 0 (0.0%) gas / (0xff520a1b0100077a559b274dcb1bf79139f6af0cac051031927e37eee2fea168)","throwable":""}
{"timestamp":"2025-11-05T02:52:27,006","container":"9ef00bd2fa1f","level":"INFO","thread":"BftProcessorExecutor-QBFT-0","class":"QbftBesuControllerBuilder","message":"Imported #130 / 0 tx / 0 pending / 0 (0.0%) gas / (0x226dab0b1d8599ae22476def2ea6d376938ffb21970d930b21d329949e1ecff6)","throwable":""}
{"timestamp":"2025-11-05T02:52:35,010","container":"9ef00bd2fa1f","level":"INFO","thread":"BftProcessorExecutor-QBFT-0","class":"QbftBesuControllerBuilder","message":"Produced #131 / 0 tx / 0 pending / 0 (0.0%) gas / (0xb21929f2365a5e0aa4397f7c1555ac35a5f910abb1a24776da7a408510cac35e)","throwable":""}
{"timestamp":"2025-11-05T02:52:43,714","container":"9ef00bd2fa1f","level":"INFO","thread":"BftProcessorExecutor-QBFT-0","class":"QbftBesuControllerBuilder","message":"Imported #132 / 0 tx / 0 pending / 0 (0.0%) gas / (0xf0712ec7bd361d6c0ba55730e95bab6cbb8b21c09aa39b31270e7385becaa4b6)","throwable":""}
{"timestamp":"2025-11-05T02:52:52,010","container":"9ef00bd2fa1f","level":"INFO","thread":"BftProcessorExecutor-QBFT-0","class":"QbftBesuControllerBuilder","message":"Imported #133 / 0 tx / 0 pending / 0 (0.0%) gas / (0x4af814fc2d00cffa803a6e2a4e1a5bddb8401b03c5a1a42d5135100e600c8c2a)","throwable":""}
{"timestamp":"2025-11-05T02:53:00,008","container":"9ef00bd2fa1f","level":"INFO","thread":"BftProcessorExecutor-QBFT-0","class":"QbftBesuControllerBuilder","message":"Imported #134 / 0 tx / 0 pending / 0 (0.0%) gas / (0xdc8b284b0266f57a1bfa8afbee7e0107177e0e29dff616b6a068c0c4b534238e)","throwable":""}
{"timestamp":"2025-11-05T02:53:08,007","container":"9ef00bd2fa1f","level":"INFO","thread":"BftProcessorExecutor-QBFT-0","class":"QbftBesuControllerBuilder","message":"Produced #135 / 0 tx / 0 pending / 0 (0.0%) gas / (0xb2435d86d3e97e4083caebd035b6bfb72e36f2f03d6bfd784bb23d032d371e21)","throwable":""}
{"timestamp":"2025-11-05T02:53:16,637","container":"9ef00bd2fa1f","level":"INFO","thread":"BftProcessorExecutor-QBFT-0","class":"QbftBesuControllerBuilder","message":"Imported #136 / 0 tx / 0 pending / 0 (0.0%) gas / (0xdf5ef3d4dd9d192ee9869aa8dbcb3e1974d9e5cca6b7cc38187fc58b4d1c4157)","throwable":""}
{"timestamp":"2025-11-05T02:53:25,007","container":"9ef00bd2fa1f","level":"INFO","thread":"BftProcessorExecutor-QBFT-0","class":"QbftBesuControllerBuilder","message":"Imported #137 / 0 tx / 0 pending / 0 (0.0%) gas / (0x4c2d5f681deb31ccec85d4d4b53490888c6822a314ab1b2f5b2775be358415f6)","throwable":""}
{"timestamp":"2025-11-05T02:53:33,008","container":"9ef00bd2fa1f","level":"INFO","thread":"EthScheduler-Workers-0","class":"PersistBlockTask","message":"Block 138 (0x92a7ff53acf082cd05bf24999669bf7bc48c1cddd6c8206a56649b690c6cda91) is already imported","throwable":""}
{"timestamp":"2025-11-05T02:53:33,009","container":"9ef00bd2fa1f","level":"INFO","thread":"BftProcessorExecutor-QBFT-0","class":"QbftBesuControllerBuilder","message":"Imported #138 / 0 tx / 0 pending / 0 (0.0%) gas / (0x92a7ff53acf082cd05bf24999669bf7bc48c1cddd6c8206a56649b690c6cda91)","throwable":""}
{"timestamp":"2025-11-05T02:53:41,007","container":"9ef00bd2fa1f","level":"INFO","thread":"BftProcessorExecutor-QBFT-0","class":"QbftBesuControllerBuilder","message":"Produced #139 / 0 tx / 0 pending / 0 (0.0%) gas / (0x85f2a86ab3ab5bd6fa08ce832486c4cdbc8de4c3c8dc53f5941c37bfa5c87e87)","throwable":""}
{"timestamp":"2025-11-05T02:53:49,924","container":"9ef00bd2fa1f","level":"INFO","thread":"BftProcessorExecutor-QBFT-0","class":"QbftBesuControllerBuilder","message":"Imported #140 / 0 tx / 0 pending / 0 (0.0%) gas / (0x4542115e212c4d02aed8c26a5b21897a753f7081e51b892c360f4ca79649a439)","throwable":""}
{"timestamp":"2025-11-05T02:53:58,007","container":"9ef00bd2fa1f","level":"INFO","thread":"EthScheduler-Workers-0","class":"PersistBlockTask","message":"Block 141 (0x2419b15a191c7a657a9d87822f388d900d6203406f9242927e7bfa0315e64530) is already imported","throwable":""}
{"timestamp":"2025-11-05T02:53:58,007","container":"9ef00bd2fa1f","level":"INFO","thread":"BftProcessorExecutor-QBFT-0","class":"QbftBesuControllerBuilder","message":"Imported #141 / 0 tx / 0 pending / 0 (0.0%) gas / (0x2419b15a191c7a657a9d87822f388d900d6203406f9242927e7bfa0315e64530)","throwable":""}
{"timestamp":"2025-11-05T02:54:06,006","container":"9ef00bd2fa1f","level":"INFO","thread":"BftProcessorExecutor-QBFT-0","class":"QbftBesuControllerBuilder","message":"Imported #142 / 0 tx / 0 pending / 0 (0.0%) gas / (0x61114005f7a5f8d2adb05d5cac7ad71185575d8165723ecd0aaa34f5c89a41a3)","throwable":""}
{"timestamp":"2025-11-05T02:54:14,006","container":"9ef00bd2fa1f","level":"INFO","thread":"BftProcessorExecutor-QBFT-0","class":"QbftBesuControllerBuilder","message":"Produced #143 / 0 tx / 0 pending / 0 (0.0%) gas / (0x0e2353100f1e6e36a6c9055d5e6ac2d4ca9922e37f536c4d776cbfdd8fb518f4)","throwable":""}
{"timestamp":"2025-11-05T02:54:22,831","container":"9ef00bd2fa1f","level":"INFO","thread":"BftProcessorExecutor-QBFT-0","class":"QbftBesuControllerBuilder","message":"Imported #144 / 0 tx / 0 pending / 0 (0.0%) gas / (0xf5054d177efca83abde281e6afab360e0328f456b3e7354a3e068ee8785a95f1)","throwable":""}
{"timestamp":"2025-11-05T02:54:31,011","container":"9ef00bd2fa1f","level":"INFO","thread":"EthScheduler-Workers-0","class":"PersistBlockTask","message":"Imported #145 / 0 tx / 0 om / 0 (0.0%) gas / (0x82b13cfb7b42627c913b30d2d5185931c7cb2220a9ad3a9aeb74798fed037349) in 0.001s. Peers: 5","throwable":""}
{"timestamp":"2025-11-05T02:54:31,011","container":"9ef00bd2fa1f","level":"INFO","thread":"BftProcessorExecutor-QBFT-0","class":"QbftBesuControllerBuilder","message":"Imported #145 / 0 tx / 0 pending / 0 (0.0%) gas / (0x82b13cfb7b42627c913b30d2d5185931c7cb2220a9ad3a9aeb74798fed037349)","throwable":""}
{"timestamp":"2025-11-05T02:54:39,005","container":"9ef00bd2fa1f","level":"INFO","thread":"BftProcessorExecutor-QBFT-0","class":"QbftBesuControllerBuilder","message":"Imported #146 / 0 tx / 0 pending / 0 (0.0%) gas / (0x72f35a73872df6cfcf514a0e5172bd1e148bffadfa6a744ee41e0b58de80f456)","throwable":""}
{"timestamp":"2025-11-05T02:54:47,007","container":"9ef00bd2fa1f","level":"INFO","thread":"BftProcessorExecutor-QBFT-0","class":"QbftBesuControllerBuilder","message":"Produced #147 / 0 tx / 0 pending / 0 (0.0%) gas / (0xc41d578e43858c1d2a05c0092177812d82a4f069434bea897b0171e4bd633a75)","throwable":""}
{"timestamp":"2025-11-05T02:54:55,922","container":"9ef00bd2fa1f","level":"INFO","thread":"BftProcessorExecutor-QBFT-0","class":"QbftBesuControllerBuilder","message":"Imported #148 / 0 tx / 0 pending / 0 (0.0%) gas / (0x4f6aabb6afb5b860ee0aaa9b13f5c7f4cb1b7ba4b7f2d58751be44dd146d8844)","throwable":""}
{"timestamp":"2025-11-05T02:55:04,007","container":"9ef00bd2fa1f","level":"INFO","thread":"BftProcessorExecutor-QBFT-0","class":"QbftBesuControllerBuilder","message":"Imported #149 / 0 tx / 0 pending / 0 (0.0%) gas / (0xd564ab759244ea0d008e6cb48658bd8aae06437f43c85e7b3da349f62ae00556)","throwable":""}
{"timestamp":"2025-11-05T02:55:12,008","container":"9ef00bd2fa1f","level":"INFO","thread":"EthScheduler-Workers-0","class":"PersistBlockTask","message":"Block 150 (0x1fd2cb6a5f3cfb57e038937a6603aad60dc93338dc5468214bfe721948a3510d) is already imported","throwable":""}
{"timestamp":"2025-11-05T02:55:12,009","container":"9ef00bd2fa1f","level":"INFO","thread":"BftProcessorExecutor-QBFT-0","class":"QbftBesuControllerBuilder","message":"Imported #150 / 0 tx / 0 pending / 0 (0.0%) gas / (0x1fd2cb6a5f3cfb57e038937a6603aad60dc93338dc5468214bfe721948a3510d)","throwable":""}
{"timestamp":"2025-11-05T02:55:20,008","container":"9ef00bd2fa1f","level":"INFO","thread":"EthScheduler-Workers-0","class":"PersistBlockTask","message":"Block 151 (0x17a41690ef5a29cf65f654e7867dfd8a9c19ecebb0aada73b705e2ff814a5d43) is already imported","throwable":""}
{"timestamp":"2025-11-05T02:55:20,008","container":"9ef00bd2fa1f","level":"INFO","thread":"BftProcessorExecutor-QBFT-0","class":"QbftBesuControllerBuilder","message":"Produced #151 / 0 tx / 0 pending / 0 (0.0%) gas / (0x17a41690ef5a29cf65f654e7867dfd8a9c19ecebb0aada73b705e2ff814a5d43)","throwable":""}
{"timestamp":"2025-11-05T02:55:28,882","container":"9ef00bd2fa1f","level":"INFO","thread":"BftProcessorExecutor-QBFT-0","class":"QbftBesuControllerBuilder","message":"Imported #152 / 0 tx / 0 pending / 0 (0.0%) gas / (0x752acd38016361792f5c8c4e1ff1259c740bf9ca33f5d66f30dcf5a25ee32de1)","throwable":""}
{"timestamp":"2025-11-05T02:55:37,006","container":"9ef00bd2fa1f","level":"INFO","thread":"BftProcessorExecutor-QBFT-0","class":"QbftBesuControllerBuilder","message":"Imported #153 / 0 tx / 0 pending / 0 (0.0%) gas / (0xdb309503b03fa214b8a5e27db8a1e0a8e16ca2e22f2a8464be055cbd19a20517)","throwable":""}
{"timestamp":"2025-11-05T02:55:45,009","container":"9ef00bd2fa1f","level":"INFO","thread":"BftProcessorExecutor-QBFT-0","class":"QbftBesuControllerBuilder","message":"Imported #154 / 0 tx / 0 pending / 0 (0.0%) gas / (0xc52ddef85d9026cf66ccaf4478447dec7b992bd8e236af17ac7eea524eeee488)","throwable":""}
{"timestamp":"2025-11-05T02:55:53,007","container":"9ef00bd2fa1f","level":"INFO","thread":"BftProcessorExecutor-QBFT-0","class":"QbftBesuControllerBuilder","message":"Produced #155 / 0 tx / 0 pending / 0 (0.0%) gas / (0x7315b06933cb779968cec6571e81ccb8113568ceb15fd7e3fca4ebfa45265a11)","throwable":""}
{"timestamp":"2025-11-05T02:56:01,891","container":"9ef00bd2fa1f","level":"INFO","thread":"BftProcessorExecutor-QBFT-0","class":"QbftBesuControllerBuilder","message":"Imported #156 / 0 tx / 0 pending / 0 (0.0%) gas / (0x1fc618c1f30b1583314a1c2e2b5b52b9a75feebaa87a672106c4a4841fa6cc4e)","throwable":""}
{"timestamp":"2025-11-05T02:56:10,006","container":"9ef00bd2fa1f","level":"INFO","thread":"BftProcessorExecutor-QBFT-0","class":"QbftBesuControllerBuilder","message":"Imported #157 / 0 tx / 0 pending / 0 (0.0%) gas / (0xca26a84469724820ce3158c30065a72926df6ec1ecccc068e1a259769e840eea)","throwable":""}
{"timestamp":"2025-11-05T02:56:18,007","container":"9ef00bd2fa1f","level":"INFO","thread":"BftProcessorExecutor-QBFT-0","class":"QbftBesuControllerBuilder","message":"Imported #158 / 0 tx / 0 pending / 0 (0.0%) gas / (0x0f0721b0075db4b58e9c56de02ce9521d0dc5e30709b1028f5d0b1acb5724fe2)","throwable":""}
{"timestamp":"2025-11-05T02:56:26,006","container":"9ef00bd2fa1f","level":"INFO","thread":"BftProcessorExecutor-QBFT-0","class":"QbftBesuControllerBuilder","message":"Produced #159 / 0 tx / 0 pending / 0 (0.0%) gas / (0x902207570a5350bfbbe7e989fa767f587f3c5f43fcf745773c26801227cc39c1)","throwable":""}
{"timestamp":"2025-11-05T02:56:34,819","container":"9ef00bd2fa1f","level":"INFO","thread":"BftProcessorExecutor-QBFT-0","class":"QbftBesuControllerBuilder","message":"Imported #160 / 0 tx / 0 pending / 0 (0.0%) gas / (0xf10a6fb58c0b1d43f82164c632cda1336cee74570e9a346d8ca642883965fad1)","throwable":""}
{"timestamp":"2025-11-05T02:56:43,009","container":"9ef00bd2fa1f","level":"INFO","thread":"EthScheduler-Workers-0","class":"PersistBlockTask","message":"Imported #161 / 0 tx / 0 om / 0 (0.0%) gas / (0x8cdebe3b90bafd0ef2cf4cd2fe48d6918ceefc7320f3a9cbe3d614349c6764d6) in 0.001s. Peers: 5","throwable":""}
{"timestamp":"2025-11-05T02:56:43,010","container":"9ef00bd2fa1f","level":"INFO","thread":"BftProcessorExecutor-QBFT-0","class":"QbftBesuControllerBuilder","message":"Imported #161 / 0 tx / 0 pending / 0 (0.0%) gas / (0x8cdebe3b90bafd0ef2cf4cd2fe48d6918ceefc7320f3a9cbe3d614349c6764d6)","throwable":""}
{"timestamp":"2025-11-05T02:56:51,008","container":"9ef00bd2fa1f","level":"INFO","thread":"BftProcessorExecutor-QBFT-0","class":"QbftBesuControllerBuilder","message":"Imported #162 / 0 tx / 0 pending / 0 (0.0%) gas / (0x867923f05f7166ccd8eb092753e469e60529f2294749b21158a9136c0a691ed7)","throwable":""}
{"timestamp":"2025-11-05T02:56:59,010","container":"9ef00bd2fa1f","level":"INFO","thread":"EthScheduler-Workers-0","class":"PersistBlockTask","message":"Block 163 (0xbd56ee4eb7377347ad6789b8d3dd3c0da0b388c35d4e849e6223aa0b94b8be16) is already imported","throwable":""}
{"timestamp":"2025-11-05T02:56:59,010","container":"9ef00bd2fa1f","level":"INFO","thread":"BftProcessorExecutor-QBFT-0","class":"QbftBesuControllerBuilder","message":"Produced #163 / 0 tx / 0 pending / 0 (0.0%) gas / (0xbd56ee4eb7377347ad6789b8d3dd3c0da0b388c35d4e849e6223aa0b94b8be16)","throwable":""}
{"timestamp":"2025-11-05T02:57:07,861","container":"9ef00bd2fa1f","level":"INFO","thread":"BftProcessorExecutor-QBFT-0","class":"QbftBesuControllerBuilder","message":"Imported #164 / 0 tx / 0 pending / 0 (0.0%) gas / (0x92c4f565afbdb52ad42add376fa702e775162c0694fb9fd1166582aded47e915)","throwable":""}
{"timestamp":"2025-11-05T02:57:16,007","container":"9ef00bd2fa1f","level":"INFO","thread":"BftProcessorExecutor-QBFT-0","class":"QbftBesuControllerBuilder","message":"Imported #165 / 0 tx / 0 pending / 0 (0.0%) gas / (0x36bdf5ae3379faebe9cca21e25ec8ef406c2cbdc095fa48d9320f0526b47c40a)","throwable":""}
{"timestamp":"2025-11-05T02:57:24,008","container":"9ef00bd2fa1f","level":"INFO","thread":"EthScheduler-Workers-0","class":"PersistBlockTask","message":"Block 166 (0xb721955c43a24a423f471d33bd8e149899e3654a3ff38feb4bce2a31191ef70c) is already imported","throwable":""}
{"timestamp":"2025-11-05T02:57:24,008","container":"9ef00bd2fa1f","level":"INFO","thread":"BftProcessorExecutor-QBFT-0","class":"QbftBesuControllerBuilder","message":"Imported #166 / 0 tx / 0 pending / 0 (0.0%) gas / (0xb721955c43a24a423f471d33bd8e149899e3654a3ff38feb4bce2a31191ef70c)","throwable":""}
{"timestamp":"2025-11-05T02:57:32,008","container":"9ef00bd2fa1f","level":"INFO","thread":"BftProcessorExecutor-QBFT-0","class":"QbftBesuControllerBuilder","message":"Produced #167 / 0 tx / 0 pending / 0 (0.0%) gas / (0xa1a8787cee5f172060411b84d78924feaa944e92393d2f73be2b83f1327ea538)","throwable":""}
{"timestamp":"2025-11-05T02:57:40,849","container":"9ef00bd2fa1f","level":"INFO","thread":"EthScheduler-Workers-0","class":"PersistBlockTask","message":"Imported #168 / 0 tx / 0 om / 0 (0.0%) gas / (0xb146a139377016194e839bba2cf94e488afcd25a8d78299d608b2011c9a875ca) in 0.001s. Peers: 5","throwable":""}
{"timestamp":"2025-11-05T02:57:40,849","container":"9ef00bd2fa1f","level":"INFO","thread":"BftProcessorExecutor-QBFT-0","class":"QbftBesuControllerBuilder","message":"Imported #168 / 0 tx / 0 pending / 0 (0.0%) gas / (0xb146a139377016194e839bba2cf94e488afcd25a8d78299d608b2011c9a875ca)","throwable":""}
{"timestamp":"2025-11-05T16:08:26,340","container":"9ef00bd2fa1f","level":"INFO","thread":"main","class":"Besu","message":"Starting Besu","throwable":""}
{"timestamp":"2025-11-05T16:08:26,906","container":"9ef00bd2fa1f","level":"WARN","thread":"main","class":"Besu","message":"--min-gas-price has been ignored because --miner-enabled was not defined on the command line.","throwable":""}
{"timestamp":"2025-11-05T16:08:27,925","container":"9ef00bd2fa1f","level":"INFO","thread":"main","class":"Besu","message":"
####################################################################################################
#                                                                                                  #
# Besu version 23.4.1                                                                              #
#                                                                                                  #
# Configuration:                                                                                   #
# Network: Custom genesis file specified                                                           #
# Network Id: 1337                                                                                 #
# Data storage: Forest                                                                             #
# Sync mode: Full                                                                                  #
# RPC HTTP APIs: EEA,WEB3,ETH,NET,TRACE,DEBUG,ADMIN,TXPOOL,PRIV,PERM,QBFT                          #
# RPC HTTP port: 8545                                                                              #
#                                                                                                  #
# Host:                                                                                            #
# Java: openjdk-java-17                                                                            #
# Maximum heap size: 3.87 GB                                                                       #
# OS: linux-x86_64                                                                                 #
# glibc: 2.35                                                                                      #
# jemalloc: 5.2.1-0-gea6b3e973b477b8061e0076bb257dbd7f3faa756                                      #
# Total memory: 15.48 GB                                                                           #
# CPU cores: 20                                                                                    #
#                                                                                                  #
####################################################################################################","throwable":""}
{"timestamp":"2025-11-05T16:08:27,926","container":"9ef00bd2fa1f","level":"INFO","thread":"main","class":"Besu","message":"Connecting to 8 static nodes.","throwable":""}
{"timestamp":"2025-11-05T16:08:27,926","container":"9ef00bd2fa1f","level":"INFO","thread":"main","class":"Besu","message":"Security Module: localfile","throwable":""}
{"timestamp":"2025-11-05T16:08:27,961","container":"9ef00bd2fa1f","level":"INFO","thread":"main","class":"Besu","message":"Using the native implementation of alt bn128","throwable":""}
{"timestamp":"2025-11-05T16:08:27,997","container":"9ef00bd2fa1f","level":"INFO","thread":"main","class":"Besu","message":"Using the native implementation of modexp","throwable":""}
{"timestamp":"2025-11-05T16:08:27,998","container":"9ef00bd2fa1f","level":"INFO","thread":"main","class":"Besu","message":"Using the native implementation of the signature algorithm","throwable":""}
{"timestamp":"2025-11-05T16:08:28,000","container":"9ef00bd2fa1f","level":"INFO","thread":"main","class":"Besu","message":"Using the native implementation of the blake2bf algorithm","throwable":""}
{"timestamp":"2025-11-05T16:08:28,020","container":"9ef00bd2fa1f","level":"INFO","thread":"main","class":"DatabaseMetadata","message":"Lookup database metadata file in data directory: /opt/besu/data","throwable":""}
{"timestamp":"2025-11-05T16:08:28,049","container":"9ef00bd2fa1f","level":"INFO","thread":"main","class":"RocksDBKeyValueStorageFactory","message":"Existing database detected at /opt/besu/data. Version 1. Compacting database...","throwable":""}
{"timestamp":"2025-11-05T16:08:28,589","container":"9ef00bd2fa1f","level":"INFO","thread":"main","class":"KeyPairUtil","message":"Loaded public key 0x2fd5b5b6ad529f55b71602026d1849d0036f06482368b5812fa793014195d3571b0840dbc4175617de2a12db8f1222c012420d471ae5c0d982118625cae58868 from /opt/besu/keys/nodekey","throwable":""}
{"timestamp":"2025-11-05T16:08:28,600","container":"9ef00bd2fa1f","level":"WARN","thread":"main","class":"Besu","message":"Privacy is disabled. Cannot use EEA/PRIV API methods when not using Privacy.","throwable":""}
{"timestamp":"2025-11-05T16:08:28,979","container":"9ef00bd2fa1f","level":"INFO","thread":"main","class":"ProtocolScheduleBuilder","message":"Protocol schedule created with milestones: [GrayGlacier: 0]","throwable":""}
{"timestamp":"2025-11-05T16:08:29,159","container":"9ef00bd2fa1f","level":"INFO","thread":"main","class":"TransactionPoolFactory","message":"Enabling transaction pool","throwable":""}
{"timestamp":"2025-11-05T16:08:29,176","container":"9ef00bd2fa1f","level":"INFO","thread":"main","class":"BesuControllerBuilder","message":"TTD difficulty is not present, creating initial sync phase for PoW","throwable":""}
{"timestamp":"2025-11-05T16:08:29,240","container":"9ef00bd2fa1f","level":"INFO","thread":"main","class":"RunnerBuilder","message":"Detecting NAT service.","throwable":""}
{"timestamp":"2025-11-05T16:08:30,206","container":"9ef00bd2fa1f","level":"INFO","thread":"main","class":"Runner","message":"Starting external services ... ","throwable":""}
{"timestamp":"2025-11-05T16:08:30,206","container":"9ef00bd2fa1f","level":"INFO","thread":"main","class":"MetricsHttpService","message":"Starting metrics http service on 0.0.0.0:9545","throwable":""}
{"timestamp":"2025-11-05T16:08:30,424","container":"9ef00bd2fa1f","level":"INFO","thread":"vert.x-eventloop-thread-1","class":"MetricsHttpService","message":"Metrics service started and listening on 0.0.0.0:9545","throwable":""}
{"timestamp":"2025-11-05T16:08:30,425","container":"9ef00bd2fa1f","level":"INFO","thread":"main","class":"JsonRpcHttpService","message":"Starting JSON-RPC service on 0.0.0.0:8545","throwable":""}
{"timestamp":"2025-11-05T16:08:30,455","container":"9ef00bd2fa1f","level":"INFO","thread":"vert.x-eventloop-thread-1","class":"JsonRpcHttpService","message":"JSON-RPC service started and listening on 0.0.0.0:8545","throwable":""}
{"timestamp":"2025-11-05T16:08:30,459","container":"9ef00bd2fa1f","level":"INFO","thread":"main","class":"GraphQLHttpService","message":"Starting GraphQL HTTP service on 0.0.0.0:8547","throwable":""}
{"timestamp":"2025-11-05T16:08:30,463","container":"9ef00bd2fa1f","level":"INFO","thread":"vert.x-eventloop-thread-1","class":"GraphQLHttpService","message":"GraphQL HTTP service started and listening on 0.0.0.0:8547","throwable":""}
{"timestamp":"2025-11-05T16:08:30,464","container":"9ef00bd2fa1f","level":"INFO","thread":"main","class":"WebSocketService","message":"Starting Websocket service on 0.0.0.0:8546","throwable":""}
{"timestamp":"2025-11-05T16:08:30,479","container":"9ef00bd2fa1f","level":"INFO","thread":"vert.x-eventloop-thread-1","class":"WebSocketService","message":"Websocket service started and listening on 0.0.0.0:8546","throwable":""}
{"timestamp":"2025-11-05T16:08:30,485","container":"9ef00bd2fa1f","level":"INFO","thread":"main","class":"AutoTransactionLogBloomCachingService","message":"Starting auto transaction log bloom caching service.","throwable":""}
{"timestamp":"2025-11-05T16:08:30,487","container":"9ef00bd2fa1f","level":"INFO","thread":"main","class":"LogBloomCacheMetadata","message":"Lookup cache metadata file in data directory: /opt/besu/data/caches","throwable":""}
{"timestamp":"2025-11-05T16:08:30,506","container":"9ef00bd2fa1f","level":"INFO","thread":"main","class":"Runner","message":"Starting Ethereum main loop ... ","throwable":""}
{"timestamp":"2025-11-05T16:08:30,507","container":"9ef00bd2fa1f","level":"INFO","thread":"main","class":"DockerNatManager","message":"Starting docker NAT manager.","throwable":""}
{"timestamp":"2025-11-05T16:08:31,786","container":"9ef00bd2fa1f","level":"INFO","thread":"main","class":"NetworkRunner","message":"Starting Network.","throwable":""}
{"timestamp":"2025-11-05T16:08:31,797","container":"9ef00bd2fa1f","level":"INFO","thread":"nioEventLoopGroup-2-1","class":"RlpxAgent","message":"P2P RLPx agent started and listening on /[0:0:0:0:0:0:0:0]:30303.","throwable":""}
{"timestamp":"2025-11-05T16:08:31,798","container":"9ef00bd2fa1f","level":"INFO","thread":"main","class":"PeerDiscoveryAgent","message":"Starting peer discovery agent on host=0.0.0.0, port=30303","throwable":""}
{"timestamp":"2025-11-05T16:08:31,812","container":"9ef00bd2fa1f","level":"INFO","thread":"vert.x-eventloop-thread-1","class":"VertxPeerDiscoveryAgent","message":"Started peer discovery agent successfully, on effective host=0:0:0:0:0:0:0:0%0 and port=30303","throwable":""}
{"timestamp":"2025-11-05T16:08:31,813","container":"9ef00bd2fa1f","level":"INFO","thread":"vert.x-eventloop-thread-1","class":"PeerDiscoveryAgent","message":"P2P peer discovery agent started and listening on /[0:0:0:0:0:0:0:0%0]:30303","throwable":""}
{"timestamp":"2025-11-05T16:08:31,853","container":"9ef00bd2fa1f","level":"INFO","thread":"vert.x-eventloop-thread-1","class":"PeerDiscoveryAgent","message":"Writing node record to disk. NodeRecord{seq=2, publicKey=0x022fd5b5b6ad529f55b71602026d1849d0036f06482368b5812fa793014195d357, udpAddress=Optional[/172.16.239.14:30303], tcpAddress=Optional[/172.16.239.14:30303], asBase64=-Je4QPN8Cab5WrDt65VsnQG-11JWj-oST32QkbIpoWhSaIEPPdUH0V4t126K8BW6fuCTJuRx2Jq26aUtafzs21iSIyQCg2V0aMfGhGpSrW2AgmlkgnY0gmlwhKwQ7w6Jc2VjcDI1NmsxoQIv1bW2rVKfVbcWAgJtGEnQA28GSCNotYEvp5MBQZXTV4N0Y3CCdl-DdWRwgnZf, nodeId=0xc8f776c1d83d4fddd02782c698c1334496614aed49d2e81526d089f7264fed9c, customFields={tcp=30303, udp=30303, ip=0xac10ef0e, eth=[[0x6a52ad6d, 0x]], id=V4, secp256k1=0x022fd5b5b6ad529f55b71602026d1849d0036f06482368b5812fa793014195d357}}","throwable":""}
{"timestamp":"2025-11-05T16:08:31,898","container":"9ef00bd2fa1f","level":"INFO","thread":"main","class":"DefaultP2PNetwork","message":"Enode URL enode://2fd5b5b6ad529f55b71602026d1849d0036f06482368b5812fa793014195d3571b0840dbc4175617de2a12db8f1222c012420d471ae5c0d982118625cae58868@172.16.239.14:30303","throwable":""}
{"timestamp":"2025-11-05T16:08:31,898","container":"9ef00bd2fa1f","level":"INFO","thread":"main","class":"DefaultP2PNetwork","message":"Node address 0x98c1334496614aed49d2e81526d089f7264fed9c","throwable":""}
{"timestamp":"2025-11-05T16:08:31,962","container":"9ef00bd2fa1f","level":"INFO","thread":"main","class":"NetworkRunner","message":"Supported capabilities: [eth/62, eth/63, eth/64, eth/65, eth/66, eth/67, eth/68], [istanbul/100], [snap/1]","throwable":""}
{"timestamp":"2025-11-05T16:08:31,962","container":"9ef00bd2fa1f","level":"INFO","thread":"main","class":"DefaultSynchronizer","message":"Starting synchronizer.","throwable":""}
{"timestamp":"2025-11-05T16:08:31,966","container":"9ef00bd2fa1f","level":"INFO","thread":"main","class":"TransactionPoolFactory","message":"Enabling transaction handling following initial sync","throwable":""}
{"timestamp":"2025-11-05T16:08:31,968","container":"9ef00bd2fa1f","level":"INFO","thread":"main","class":"FullSyncDownloader","message":"Starting full sync.","throwable":""}
{"timestamp":"2025-11-05T16:08:31,968","container":"9ef00bd2fa1f","level":"INFO","thread":"main","class":"FullSyncTargetManager","message":"Unable to find sync target. Currently checking 0 peers for usefulness","throwable":""}
{"timestamp":"2025-11-05T16:08:32,523","container":"9ef00bd2fa1f","level":"INFO","thread":"main","class":"Runner","message":"Ethereum main loop is up.","throwable":""}
{"timestamp":"2025-11-05T16:08:32,710","container":"9ef00bd2fa1f","level":"INFO","thread":"nioEventLoopGroup-3-3","class":"FullSyncTargetManager","message":"Unable to find sync target. Currently checking 4 peers for usefulness","throwable":""}
{"timestamp":"2025-11-05T16:08:32,924","container":"9ef00bd2fa1f","level":"INFO","thread":"BftProcessorExecutor-QBFT-0","class":"QbftBesuControllerBuilder","message":"Imported #169 / 0 tx / 0 pending / 0 (0.0%) gas / (0x5ad8d63e3aa63fca12bd8a26a6dbb61ade61a3f6e3f5c8452a84c4774d1464ac)","throwable":""}
{"timestamp":"2025-11-05T16:08:41,036","container":"9ef00bd2fa1f","level":"INFO","thread":"BftProcessorExecutor-QBFT-0","class":"QbftBesuControllerBuilder","message":"Imported #170 / 0 tx / 0 pending / 0 (0.0%) gas / (0x8dbb7dbb6fb23dba0b2313d2a658921d93369e242f4a779f448d26e57a3bb9b2)","throwable":""}
{"timestamp":"2025-11-05T16:08:49,029","container":"9ef00bd2fa1f","level":"INFO","thread":"BftProcessorExecutor-QBFT-0","class":"QbftBesuControllerBuilder","message":"Produced #171 / 0 tx / 0 pending / 0 (0.0%) gas / (0xe56de3bcf1b0a91ad141bcda0c88cbe823a06219d58664c0eee73f2dceaa8728)","throwable":""}
{"timestamp":"2025-11-05T16:08:57,032","container":"9ef00bd2fa1f","level":"INFO","thread":"BftProcessorExecutor-QBFT-0","class":"QbftBesuControllerBuilder","message":"Imported #172 / 0 tx / 0 pending / 0 (0.0%) gas / (0xd4adcb7124226c947a050f8e81aac504628975418826837a25532923ecfa5c0e)","throwable":""}
{"timestamp":"2025-11-05T16:09:05,023","container":"9ef00bd2fa1f","level":"INFO","thread":"BftProcessorExecutor-QBFT-0","class":"QbftBesuControllerBuilder","message":"Imported #173 / 0 tx / 0 pending / 0 (0.0%) gas / (0x17a65795ef1669a63cbe8f9a49a9effb470449385857a9e1453d7ebcd09f3af8)","throwable":""}
{"timestamp":"2025-11-05T16:09:05,024","container":"9ef00bd2fa1f","level":"INFO","thread":"EthScheduler-Workers-0","class":"PersistBlockTask","message":"Block 173 (0x17a65795ef1669a63cbe8f9a49a9effb470449385857a9e1453d7ebcd09f3af8) is already imported","throwable":""}
{"timestamp":"2025-11-05T16:09:13,018","container":"9ef00bd2fa1f","level":"INFO","thread":"BftProcessorExecutor-QBFT-0","class":"QbftBesuControllerBuilder","message":"Imported #174 / 0 tx / 0 pending / 0 (0.0%) gas / (0x1fe02dcd0f3fd56aa428d942b5395a0e22bf738b90342d8a865e042226fc7228)","throwable":""}
{"timestamp":"2025-11-05T16:09:21,015","container":"9ef00bd2fa1f","level":"INFO","thread":"BftProcessorExecutor-QBFT-0","class":"QbftBesuControllerBuilder","message":"Produced #175 / 0 tx / 0 pending / 0 (0.0%) gas / (0x9402f3d07a142c8353110b0a260dd9b6c293a1141b67e4fbe6cdb6f6fd3e69e0)","throwable":""}
{"timestamp":"2025-11-05T16:09:29,021","container":"9ef00bd2fa1f","level":"INFO","thread":"EthScheduler-Workers-0","class":"PersistBlockTask","message":"Imported #176 / 0 tx / 0 om / 0 (0.0%) gas / (0xc1af9d90c9fac8abddd36c90781d3b02b3ce8de7ea76e8620152ec96619ddd74) in 0.002s. Peers: 5","throwable":""}
{"timestamp":"2025-11-05T16:09:29,022","container":"9ef00bd2fa1f","level":"INFO","thread":"BftProcessorExecutor-QBFT-0","class":"QbftBesuControllerBuilder","message":"Imported #176 / 0 tx / 0 pending / 0 (0.0%) gas / (0xc1af9d90c9fac8abddd36c90781d3b02b3ce8de7ea76e8620152ec96619ddd74)","throwable":""}
{"timestamp":"2025-11-05T16:09:37,013","container":"9ef00bd2fa1f","level":"INFO","thread":"BftProcessorExecutor-QBFT-0","class":"QbftBesuControllerBuilder","message":"Imported #177 / 0 tx / 0 pending / 0 (0.0%) gas / (0xc3978fc474fc71563f79ab0fa157552eb7b59f6d32e94e3980c0b85893431504)","throwable":""}
{"timestamp":"2025-11-05T16:09:45,019","container":"9ef00bd2fa1f","level":"INFO","thread":"EthScheduler-Workers-0","class":"PersistBlockTask","message":"Block 178 (0xaaf6c25fc5ae66cd49d3bc544b931ec8428cad1b2fb54f265fae3ce592ec8ee9) is already imported","throwable":""}
{"timestamp":"2025-11-05T16:09:45,019","container":"9ef00bd2fa1f","level":"INFO","thread":"BftProcessorExecutor-QBFT-0","class":"QbftBesuControllerBuilder","message":"Imported #178 / 0 tx / 0 pending / 0 (0.0%) gas / (0xaaf6c25fc5ae66cd49d3bc544b931ec8428cad1b2fb54f265fae3ce592ec8ee9)","throwable":""}
{"timestamp":"2025-11-05T16:09:53,013","container":"9ef00bd2fa1f","level":"INFO","thread":"BftProcessorExecutor-QBFT-0","class":"QbftBesuControllerBuilder","message":"Produced #179 / 0 tx / 0 pending / 0 (0.0%) gas / (0x99109172abb96cac5cd119ba6677db3199f5d0e1e5dcd20d5f4ad959e22ccf34)","throwable":""}
{"timestamp":"2025-11-05T16:10:01,018","container":"9ef00bd2fa1f","level":"INFO","thread":"BftProcessorExecutor-QBFT-0","class":"QbftBesuControllerBuilder","message":"Imported #180 / 0 tx / 0 pending / 0 (0.0%) gas / (0x9b411f98fe5245a1874cec86ed470459445cb2ebac830097295c38699143339f)","throwable":""}
{"timestamp":"2025-11-05T16:10:09,015","container":"9ef00bd2fa1f","level":"INFO","thread":"BftProcessorExecutor-QBFT-0","class":"QbftBesuControllerBuilder","message":"Imported #181 / 0 tx / 0 pending / 0 (0.0%) gas / (0xbaef26682b1411c22dadaca94bb94d18bdda5ed51c7e3b89a213b8017c763ee3)","throwable":""}
{"timestamp":"2025-11-05T16:10:17,014","container":"9ef00bd2fa1f","level":"INFO","thread":"EthScheduler-Workers-0","class":"PersistBlockTask","message":"Block 182 (0x8fb03ea6ffa96de7980c83baaa520b5f447ae78fa7f705392a2c4660b5fedfa7) is already imported","throwable":""}
{"timestamp":"2025-11-05T16:10:17,015","container":"9ef00bd2fa1f","level":"INFO","thread":"BftProcessorExecutor-QBFT-0","class":"QbftBesuControllerBuilder","message":"Imported #182 / 0 tx / 0 pending / 0 (0.0%) gas / (0x8fb03ea6ffa96de7980c83baaa520b5f447ae78fa7f705392a2c4660b5fedfa7)","throwable":""}
{"timestamp":"2025-11-05T16:10:25,012","container":"9ef00bd2fa1f","level":"INFO","thread":"BftProcessorExecutor-QBFT-0","class":"QbftBesuControllerBuilder","message":"Produced #183 / 0 tx / 0 pending / 0 (0.0%) gas / (0xb799fce40c2047de1cbdafd9cd130cf110846b7b6a30906f38d338e6f2c8d32d)","throwable":""}
{"timestamp":"2025-11-05T16:10:33,015","container":"9ef00bd2fa1f","level":"INFO","thread":"BftProcessorExecutor-QBFT-0","class":"QbftBesuControllerBuilder","message":"Imported #184 / 0 tx / 0 pending / 0 (0.0%) gas / (0x9c417fad9c813e512607dad6fb9ac5aca695afdb78bb16a552368a5e9548e35a)","throwable":""}
{"timestamp":"2025-11-05T16:10:41,011","container":"9ef00bd2fa1f","level":"INFO","thread":"BftProcessorExecutor-QBFT-0","class":"QbftBesuControllerBuilder","message":"Imported #185 / 0 tx / 0 pending / 0 (0.0%) gas / (0x39628447a0b721a3a67d6f51f044f6a5e502790572c952c456bca3b10db78fa5)","throwable":""}
{"timestamp":"2025-11-05T16:10:49,017","container":"9ef00bd2fa1f","level":"INFO","thread":"EthScheduler-Workers-0","class":"PersistBlockTask","message":"Imported #186 / 0 tx / 0 om / 0 (0.0%) gas / (0x783ce13f943c4595ca4ead644b7494cab89e5e10a0923625845173a4f08be650) in 0.001s. Peers: 5","throwable":""}
{"timestamp":"2025-11-05T16:10:49,018","container":"9ef00bd2fa1f","level":"INFO","thread":"BftProcessorExecutor-QBFT-0","class":"QbftBesuControllerBuilder","message":"Imported #186 / 0 tx / 0 pending / 0 (0.0%) gas / (0x783ce13f943c4595ca4ead644b7494cab89e5e10a0923625845173a4f08be650)","throwable":""}
{"timestamp":"2025-11-05T16:10:57,011","container":"9ef00bd2fa1f","level":"INFO","thread":"BftProcessorExecutor-QBFT-0","class":"QbftBesuControllerBuilder","message":"Produced #187 / 0 tx / 0 pending / 0 (0.0%) gas / (0x5c33c3dff167f278393ccc715a062c0ef7efd5fd34b1d821d54e0ab88c6890f2)","throwable":""}
{"timestamp":"2025-11-05T16:11:05,011","container":"9ef00bd2fa1f","level":"INFO","thread":"BftProcessorExecutor-QBFT-0","class":"QbftBesuControllerBuilder","message":"Imported #188 / 0 tx / 0 pending / 0 (0.0%) gas / (0xf4f346026f9bf805c2c019254d98f0ed6707a492f3dde3bc669d73259653fa1d)","throwable":""}
{"timestamp":"2025-11-05T16:11:13,012","container":"9ef00bd2fa1f","level":"INFO","thread":"BftProcessorExecutor-QBFT-0","class":"QbftBesuControllerBuilder","message":"Imported #189 / 0 tx / 0 pending / 0 (0.0%) gas / (0x4f48ae0c0443d6d59d174a59ffcb23ba957c39af2e9942a918f04cdbf9de62c5)","throwable":""}
{"timestamp":"2025-11-05T16:11:21,009","container":"9ef00bd2fa1f","level":"INFO","thread":"BftProcessorExecutor-QBFT-0","class":"QbftBesuControllerBuilder","message":"Imported #190 / 0 tx / 0 pending / 0 (0.0%) gas / (0x54ae9067ab3b37328c4d47490505a35437dcc1ce9077969299e88fd3413d0f72)","throwable":""}
{"timestamp":"2025-11-05T16:11:29,012","container":"9ef00bd2fa1f","level":"INFO","thread":"EthScheduler-Workers-0","class":"PersistBlockTask","message":"Imported #191 / 0 tx / 0 om / 0 (0.0%) gas / (0x3ec3dca8c3ccfbc01b28294fd3c4c1815f3a967f1f0ce4823e893d5256c241e4) in 0.001s. Peers: 5","throwable":""}
{"timestamp":"2025-11-05T16:11:29,012","container":"9ef00bd2fa1f","level":"INFO","thread":"BftProcessorExecutor-QBFT-0","class":"QbftBesuControllerBuilder","message":"Produced #191 / 0 tx / 0 pending / 0 (0.0%) gas / (0x3ec3dca8c3ccfbc01b28294fd3c4c1815f3a967f1f0ce4823e893d5256c241e4)","throwable":""}
{"timestamp":"2025-11-05T16:11:37,009","container":"9ef00bd2fa1f","level":"INFO","thread":"BftProcessorExecutor-QBFT-0","class":"QbftBesuControllerBuilder","message":"Imported #192 / 0 tx / 0 pending / 0 (0.0%) gas / (0xae010c769a0fff1ad9a26cdd19d46140ebbaaaa1d34b7ed926a7073501e24301)","throwable":""}
{"timestamp":"2025-11-05T16:11:45,009","container":"9ef00bd2fa1f","level":"INFO","thread":"BftProcessorExecutor-QBFT-0","class":"QbftBesuControllerBuilder","message":"Imported #193 / 0 tx / 0 pending / 0 (0.0%) gas / (0x65b01d3e7f7e1d9e960f32f0620bf01b03748ab48f64c5fb642f52974e6d3f7d)","throwable":""}
{"timestamp":"2025-11-05T16:11:53,012","container":"9ef00bd2fa1f","level":"INFO","thread":"BftProcessorExecutor-QBFT-0","class":"QbftBesuControllerBuilder","message":"Imported #194 / 0 tx / 0 pending / 0 (0.0%) gas / (0x5f338e9f7d45582950b94b2f9d6aa3dd520740b6b0decd1959ae247c1260257f)","throwable":""}
{"timestamp":"2025-11-05T16:12:01,011","container":"9ef00bd2fa1f","level":"INFO","thread":"BftProcessorExecutor-QBFT-0","class":"QbftBesuControllerBuilder","message":"Produced #195 / 0 tx / 0 pending / 0 (0.0%) gas / (0x9b97cbc7c30680599cdaf37e7fee48a7f2aea0cebc2c00887a2c109046314a76)","throwable":""}
{"timestamp":"2025-11-05T16:12:09,010","container":"9ef00bd2fa1f","level":"INFO","thread":"BftProcessorExecutor-QBFT-0","class":"QbftBesuControllerBuilder","message":"Imported #196 / 0 tx / 0 pending / 0 (0.0%) gas / (0xe7c7b2789fd25b6735298e3d60cf9c1efb855f99dd70ada4feb983d6680adbf0)","throwable":""}
{"timestamp":"2025-11-05T16:12:17,010","container":"9ef00bd2fa1f","level":"INFO","thread":"BftProcessorExecutor-QBFT-0","class":"QbftBesuControllerBuilder","message":"Imported #197 / 0 tx / 0 pending / 0 (0.0%) gas / (0x2613039e40d8bb52d6c6d96f2dc2e536a36efcb30fb903c89e85805ecdde1721)","throwable":""}
{"timestamp":"2025-11-05T16:12:25,016","container":"9ef00bd2fa1f","level":"INFO","thread":"BftProcessorExecutor-QBFT-0","class":"QbftBesuControllerBuilder","message":"Imported #198 / 0 tx / 0 pending / 0 (0.0%) gas / (0xb93e0713152872bdcbd6f90db83aef671c4bc87eef2a7e146d6af5a942623998)","throwable":""}
{"timestamp":"2025-11-05T16:12:33,010","container":"9ef00bd2fa1f","level":"INFO","thread":"BftProcessorExecutor-QBFT-0","class":"QbftBesuControllerBuilder","message":"Produced #199 / 0 tx / 0 pending / 0 (0.0%) gas / (0xfdd84cb72d30dd5c1a0a281d140f93fffb1ce1856729ba8fcf66b55b509f7503)","throwable":""}
{"timestamp":"2025-11-05T16:12:41,010","container":"9ef00bd2fa1f","level":"INFO","thread":"BftProcessorExecutor-QBFT-0","class":"QbftBesuControllerBuilder","message":"Imported #200 / 0 tx / 0 pending / 0 (0.0%) gas / (0xd959e4c708ff59777c73951821faed4c924baca295cf036dcc3e101df62c67b6)","throwable":""}
{"timestamp":"2025-11-05T16:12:49,008","container":"9ef00bd2fa1f","level":"INFO","thread":"BftProcessorExecutor-QBFT-0","class":"QbftBesuControllerBuilder","message":"Imported #201 / 0 tx / 0 pending / 0 (0.0%) gas / (0x16f807636da681df1f41c3051e69b26f217b2556f18fc285da126618b41f9294)","throwable":""}
{"timestamp":"2025-11-05T16:12:57,010","container":"9ef00bd2fa1f","level":"INFO","thread":"BftProcessorExecutor-QBFT-0","class":"QbftBesuControllerBuilder","message":"Imported #202 / 0 tx / 0 pending / 0 (0.0%) gas / (0x1589198b9c7e642ae8f12539bb49b9bde0795d7056edfbd8548cbe0112136d6a)","throwable":""}
{"timestamp":"2025-11-05T16:13:05,011","container":"9ef00bd2fa1f","level":"INFO","thread":"BftProcessorExecutor-QBFT-0","class":"QbftBesuControllerBuilder","message":"Produced #203 / 0 tx / 0 pending / 0 (0.0%) gas / (0x3fef1a15e8112545a1bd7e3265cbd24612d4281f63dd4e4cef5ff651bf1597b6)","throwable":""}
{"timestamp":"2025-11-05T16:13:13,012","container":"9ef00bd2fa1f","level":"INFO","thread":"EthScheduler-Workers-0","class":"PersistBlockTask","message":"Block 204 (0x6800a6cf5413358a5afa6e3ccbd62e55f45c0948fe42e64bca4dcdf107af6372) is already imported","throwable":""}
{"timestamp":"2025-11-05T16:13:13,013","container":"9ef00bd2fa1f","level":"INFO","thread":"BftProcessorExecutor-QBFT-0","class":"QbftBesuControllerBuilder","message":"Imported #204 / 0 tx / 0 pending / 0 (0.0%) gas / (0x6800a6cf5413358a5afa6e3ccbd62e55f45c0948fe42e64bca4dcdf107af6372)","throwable":""}
{"timestamp":"2025-11-05T16:13:21,012","container":"9ef00bd2fa1f","level":"INFO","thread":"EthScheduler-Workers-0","class":"PersistBlockTask","message":"Block 205 (0xd0c78af69b6c4bba64ae53ee657d6f022520d13892a2a1f5c5548563081781d9) is already imported","throwable":""}
{"timestamp":"2025-11-05T16:13:21,012","container":"9ef00bd2fa1f","level":"INFO","thread":"BftProcessorExecutor-QBFT-0","class":"QbftBesuControllerBuilder","message":"Imported #205 / 0 tx / 0 pending / 0 (0.0%) gas / (0xd0c78af69b6c4bba64ae53ee657d6f022520d13892a2a1f5c5548563081781d9)","throwable":""}
{"timestamp":"2025-11-05T16:13:29,009","container":"9ef00bd2fa1f","level":"INFO","thread":"BftProcessorExecutor-QBFT-0","class":"QbftBesuControllerBuilder","message":"Imported #206 / 0 tx / 0 pending / 0 (0.0%) gas / (0x247193feb443a4dfca86cea5c7f5282064eb34ea617efe41ea0d3f7c98303173)","throwable":""}
{"timestamp":"2025-11-05T16:13:37,010","container":"9ef00bd2fa1f","level":"INFO","thread":"EthScheduler-Workers-0","class":"PersistBlockTask","message":"Block 207 (0x060153058780475a949c13898d614e288cc597a1223788e960c5c5dba494c281) is already imported","throwable":""}
{"timestamp":"2025-11-05T16:13:37,010","container":"9ef00bd2fa1f","level":"INFO","thread":"BftProcessorExecutor-QBFT-0","class":"QbftBesuControllerBuilder","message":"Produced #207 / 0 tx / 0 pending / 0 (0.0%) gas / (0x060153058780475a949c13898d614e288cc597a1223788e960c5c5dba494c281)","throwable":""}
{"timestamp":"2025-11-05T16:13:45,008","container":"9ef00bd2fa1f","level":"INFO","thread":"BftProcessorExecutor-QBFT-0","class":"QbftBesuControllerBuilder","message":"Imported #208 / 0 tx / 0 pending / 0 (0.0%) gas / (0x533ab70d201c32fd5a669115c22ddf10ab70872dce061f5356d512523c5dfbf3)","throwable":""}
{"timestamp":"2025-11-05T16:13:53,008","container":"9ef00bd2fa1f","level":"INFO","thread":"BftProcessorExecutor-QBFT-0","class":"QbftBesuControllerBuilder","message":"Imported #209 / 0 tx / 0 pending / 0 (0.0%) gas / (0xcf7aeb051387dd1c8b75fcdae4b1eb297e5314ae98ef664617f8160cabc56ec3)","throwable":""}
{"timestamp":"2025-11-05T16:14:01,008","container":"9ef00bd2fa1f","level":"INFO","thread":"BftProcessorExecutor-QBFT-0","class":"QbftBesuControllerBuilder","message":"Imported #210 / 0 tx / 0 pending / 0 (0.0%) gas / (0x72ff50abf2de7591174371ff8b587e2d031d7febf3fa909cc4a1757cc7e3107e)","throwable":""}
{"timestamp":"2025-11-05T16:14:09,012","container":"9ef00bd2fa1f","level":"INFO","thread":"BftProcessorExecutor-QBFT-0","class":"QbftBesuControllerBuilder","message":"Produced #211 / 0 tx / 0 pending / 0 (0.0%) gas / (0x96b053dfdb1cd58e7d94fa68a01044a2ce893317147276549d3b03d4a67f1d74)","throwable":""}
{"timestamp":"2025-11-05T16:14:17,008","container":"9ef00bd2fa1f","level":"INFO","thread":"BftProcessorExecutor-QBFT-0","class":"QbftBesuControllerBuilder","message":"Imported #212 / 0 tx / 0 pending / 0 (0.0%) gas / (0x10287fb5cca7eed2bf88bd6c11cefaf31270d5c5522c70fcac65d2d4b4a19041)","throwable":""}
{"timestamp":"2025-11-05T16:14:25,010","container":"9ef00bd2fa1f","level":"INFO","thread":"EthScheduler-Workers-0","class":"PersistBlockTask","message":"Block 213 (0x6fb7b56b85e4697c7247a47997d3741cb2a331843ddab663bbb444936e8b1736) is already imported","throwable":""}
{"timestamp":"2025-11-05T16:14:25,010","container":"9ef00bd2fa1f","level":"INFO","thread":"BftProcessorExecutor-QBFT-0","class":"QbftBesuControllerBuilder","message":"Imported #213 / 0 tx / 0 pending / 0 (0.0%) gas / (0x6fb7b56b85e4697c7247a47997d3741cb2a331843ddab663bbb444936e8b1736)","throwable":""}
{"timestamp":"2025-11-05T16:14:33,012","container":"9ef00bd2fa1f","level":"INFO","thread":"EthScheduler-Workers-0","class":"PersistBlockTask","message":"Block 214 (0x489329818ef9878b2dea711777308c67fff2da8a9d83fb31c02d83d2a0bf7ee5) is already imported","throwable":""}
{"timestamp":"2025-11-05T16:14:33,013","container":"9ef00bd2fa1f","level":"INFO","thread":"BftProcessorExecutor-QBFT-0","class":"QbftBesuControllerBuilder","message":"Imported #214 / 0 tx / 0 pending / 0 (0.0%) gas / (0x489329818ef9878b2dea711777308c67fff2da8a9d83fb31c02d83d2a0bf7ee5)","throwable":""}
{"timestamp":"2025-11-05T16:14:41,008","container":"9ef00bd2fa1f","level":"INFO","thread":"BftProcessorExecutor-QBFT-0","class":"QbftBesuControllerBuilder","message":"Produced #215 / 0 tx / 0 pending / 0 (0.0%) gas / (0xebd8bad4be690309813a712fd8d2d19d3a6f6dd0c3c0021d1bc80df1c72d2b16)","throwable":""}
{"timestamp":"2025-11-05T16:14:49,011","container":"9ef00bd2fa1f","level":"INFO","thread":"EthScheduler-Workers-0","class":"PersistBlockTask","message":"Imported #216 / 0 tx / 0 om / 0 (0.0%) gas / (0x6bd172b952ae848ac11b6ac12fb8eb7638dc97364fce9cdc9d8615a92cfb7d18) in 0.001s. Peers: 5","throwable":""}
{"timestamp":"2025-11-05T16:14:49,011","container":"9ef00bd2fa1f","level":"INFO","thread":"BftProcessorExecutor-QBFT-0","class":"QbftBesuControllerBuilder","message":"Imported #216 / 0 tx / 0 pending / 0 (0.0%) gas / (0x6bd172b952ae848ac11b6ac12fb8eb7638dc97364fce9cdc9d8615a92cfb7d18)","throwable":""}
{"timestamp":"2025-11-05T16:14:57,011","container":"9ef00bd2fa1f","level":"INFO","thread":"EthScheduler-Workers-0","class":"PersistBlockTask","message":"Block 217 (0x29cd458aaadd3ef771433945f349609aa850efc7e98cf31e448da381d2caaa20) is already imported","throwable":""}
{"timestamp":"2025-11-05T16:14:57,011","container":"9ef00bd2fa1f","level":"INFO","thread":"BftProcessorExecutor-QBFT-0","class":"QbftBesuControllerBuilder","message":"Imported #217 / 0 tx / 0 pending / 0 (0.0%) gas / (0x29cd458aaadd3ef771433945f349609aa850efc7e98cf31e448da381d2caaa20)","throwable":""}
{"timestamp":"2025-11-05T16:15:05,009","container":"9ef00bd2fa1f","level":"INFO","thread":"BftProcessorExecutor-QBFT-0","class":"QbftBesuControllerBuilder","message":"Imported #218 / 0 tx / 0 pending / 0 (0.0%) gas / (0x7c2d262e20438b4c3b90b4deb9bb9e0399b28a468be5ac0915b4e80cba972518)","throwable":""}
{"timestamp":"2025-11-05T16:15:13,010","container":"9ef00bd2fa1f","level":"INFO","thread":"BftProcessorExecutor-QBFT-0","class":"QbftBesuControllerBuilder","message":"Produced #219 / 0 tx / 0 pending / 0 (0.0%) gas / (0xa92abe48a6b0f20f66a52da0a9db56c64be355918195a4dde3e343395ef8fb4e)","throwable":""}
{"timestamp":"2025-11-05T16:15:21,009","container":"9ef00bd2fa1f","level":"INFO","thread":"BftProcessorExecutor-QBFT-0","class":"QbftBesuControllerBuilder","message":"Imported #220 / 0 tx / 0 pending / 0 (0.0%) gas / (0x2a174dd0aabe8ec8eb88cddc14cf9f933e7af3b21815715fb06150451ea45b7c)","throwable":""}
{"timestamp":"2025-11-05T16:15:29,009","container":"9ef00bd2fa1f","level":"INFO","thread":"BftProcessorExecutor-QBFT-0","class":"QbftBesuControllerBuilder","message":"Imported #221 / 0 tx / 0 pending / 0 (0.0%) gas / (0xa30228feb02fe70410e6aa51066e620603a9485781fe19cfd9d679595e5a026c)","throwable":""}
{"timestamp":"2025-11-05T16:15:37,008","container":"9ef00bd2fa1f","level":"INFO","thread":"BftProcessorExecutor-QBFT-0","class":"QbftBesuControllerBuilder","message":"Imported #222 / 0 tx / 0 pending / 0 (0.0%) gas / (0x702ee49ccec91e9e910d77f01b21f92ae0007816177591842b75cf68bb490d7d)","throwable":""}
{"timestamp":"2025-11-05T16:15:45,010","container":"9ef00bd2fa1f","level":"INFO","thread":"BftProcessorExecutor-QBFT-0","class":"QbftBesuControllerBuilder","message":"Produced #223 / 0 tx / 0 pending / 0 (0.0%) gas / (0xc61adace4e6b8015d1b1c96103289f293e06cfeb8d34b43ff13b414639b1c51f)","throwable":""}
{"timestamp":"2025-11-05T16:15:53,009","container":"9ef00bd2fa1f","level":"INFO","thread":"BftProcessorExecutor-QBFT-0","class":"QbftBesuControllerBuilder","message":"Imported #224 / 0 tx / 0 pending / 0 (0.0%) gas / (0xd3d7ecd3c9cbbea8ff1853f5e4d9db6e39eb6d235a5d3bd57eb50cef037295a4)","throwable":""}
{"timestamp":"2025-11-05T16:16:01,008","container":"9ef00bd2fa1f","level":"INFO","thread":"EthScheduler-Workers-0","class":"PersistBlockTask","message":"Block 225 (0xf93f3cfad158626ab9fe1bc8ec8826d76bcd0c472b33019cd7dd2bb26cedca6a) is already imported","throwable":""}
{"timestamp":"2025-11-05T16:16:01,009","container":"9ef00bd2fa1f","level":"INFO","thread":"BftProcessorExecutor-QBFT-0","class":"QbftBesuControllerBuilder","message":"Imported #225 / 0 tx / 0 pending / 0 (0.0%) gas / (0xf93f3cfad158626ab9fe1bc8ec8826d76bcd0c472b33019cd7dd2bb26cedca6a)","throwable":""}
{"timestamp":"2025-11-05T16:16:09,012","container":"9ef00bd2fa1f","level":"INFO","thread":"EthScheduler-Workers-0","class":"PersistBlockTask","message":"Block 226 (0x4769d98868b1f18bd9d06e2d5452dafbc1a8e4cba01c2db61cc5fa525e51771a) is already imported","throwable":""}
{"timestamp":"2025-11-05T16:16:09,013","container":"9ef00bd2fa1f","level":"INFO","thread":"BftProcessorExecutor-QBFT-0","class":"QbftBesuControllerBuilder","message":"Imported #226 / 0 tx / 0 pending / 0 (0.0%) gas / (0x4769d98868b1f18bd9d06e2d5452dafbc1a8e4cba01c2db61cc5fa525e51771a)","throwable":""}
{"timestamp":"2025-11-05T16:16:17,008","container":"9ef00bd2fa1f","level":"INFO","thread":"BftProcessorExecutor-QBFT-0","class":"QbftBesuControllerBuilder","message":"Produced #227 / 0 tx / 0 pending / 0 (0.0%) gas / (0xb32f44d4d5ec524ea72685cc59938468353b5b57635432a04af9eccd6a007801)","throwable":""}
{"timestamp":"2025-11-05T16:16:25,011","container":"9ef00bd2fa1f","level":"INFO","thread":"EthScheduler-Workers-0","class":"PersistBlockTask","message":"Block 228 (0x47d5d2afb41152772b9ddfc6043555c76bf15659254386d3910e2755c21a2b55) is already imported","throwable":""}
{"timestamp":"2025-11-05T16:16:25,011","container":"9ef00bd2fa1f","level":"INFO","thread":"BftProcessorExecutor-QBFT-0","class":"QbftBesuControllerBuilder","message":"Imported #228 / 0 tx / 0 pending / 0 (0.0%) gas / (0x47d5d2afb41152772b9ddfc6043555c76bf15659254386d3910e2755c21a2b55)","throwable":""}
{"timestamp":"2025-11-05T16:16:33,010","container":"9ef00bd2fa1f","level":"INFO","thread":"BftProcessorExecutor-QBFT-0","class":"QbftBesuControllerBuilder","message":"Imported #229 / 0 tx / 0 pending / 0 (0.0%) gas / (0x009a344a217dea5eca56389231dccc77f8c7f4fe643182bd4b31b8acf6028b39)","throwable":""}
{"timestamp":"2025-11-05T16:16:41,008","container":"9ef00bd2fa1f","level":"INFO","thread":"BftProcessorExecutor-QBFT-0","class":"QbftBesuControllerBuilder","message":"Imported #230 / 0 tx / 0 pending / 0 (0.0%) gas / (0x557886a5329829ee44970a13754c8e69801e0da523b086de7ae84ad63738fb87)","throwable":""}
{"timestamp":"2025-11-05T16:16:49,009","container":"9ef00bd2fa1f","level":"INFO","thread":"EthScheduler-Workers-0","class":"PersistBlockTask","message":"Imported #231 / 0 tx / 0 om / 0 (0.0%) gas / (0x073560caea2f717318e6094afa2e83163b480811f4080f9203f04fa151cabe4f) in 0.001s. Peers: 5","throwable":""}
{"timestamp":"2025-11-05T16:16:49,009","container":"9ef00bd2fa1f","level":"INFO","thread":"BftProcessorExecutor-QBFT-0","class":"QbftBesuControllerBuilder","message":"Produced #231 / 0 tx / 0 pending / 0 (0.0%) gas / (0x073560caea2f717318e6094afa2e83163b480811f4080f9203f04fa151cabe4f)","throwable":""}
{"timestamp":"2025-11-05T16:16:57,008","container":"9ef00bd2fa1f","level":"INFO","thread":"BftProcessorExecutor-QBFT-0","class":"QbftBesuControllerBuilder","message":"Imported #232 / 0 tx / 0 pending / 0 (0.0%) gas / (0x4562a2b3c74a135425354f59c114a4fdce783b5dd03b21b5623dc43955d058ff)","throwable":""}
{"timestamp":"2025-11-05T16:17:05,008","container":"9ef00bd2fa1f","level":"INFO","thread":"BftProcessorExecutor-QBFT-0","class":"QbftBesuControllerBuilder","message":"Imported #233 / 0 tx / 0 pending / 0 (0.0%) gas / (0x9393cb5e28567bd41c1679828974432a17c56e451b52fcec037a86e70f908006)","throwable":""}
{"timestamp":"2025-11-05T16:17:13,010","container":"9ef00bd2fa1f","level":"INFO","thread":"BftProcessorExecutor-QBFT-0","class":"QbftBesuControllerBuilder","message":"Imported #234 / 0 tx / 0 pending / 0 (0.0%) gas / (0x31fef2184467d57f9ca8b53dde179511030c3cfdb85cb7d791335b331b9060bc)","throwable":""}
{"timestamp":"2025-11-05T16:17:21,015","container":"9ef00bd2fa1f","level":"INFO","thread":"BftProcessorExecutor-QBFT-0","class":"QbftBesuControllerBuilder","message":"Produced #235 / 0 tx / 0 pending / 0 (0.0%) gas / (0xfb731f6024f24ac4e97ba946aec8fcc36b6e8a74b34467256b8af24bba6c06f4)","throwable":""}
{"timestamp":"2025-11-05T16:17:29,009","container":"9ef00bd2fa1f","level":"INFO","thread":"EthScheduler-Workers-0","class":"PersistBlockTask","message":"Block 236 (0x8bcaec4108c839e709b59875b0bfabc5490ec907b63a396e6e80c44358b760fd) is already imported","throwable":""}
{"timestamp":"2025-11-05T16:17:29,009","container":"9ef00bd2fa1f","level":"INFO","thread":"BftProcessorExecutor-QBFT-0","class":"QbftBesuControllerBuilder","message":"Imported #236 / 0 tx / 0 pending / 0 (0.0%) gas / (0x8bcaec4108c839e709b59875b0bfabc5490ec907b63a396e6e80c44358b760fd)","throwable":""}
{"timestamp":"2025-11-05T16:17:37,007","container":"9ef00bd2fa1f","level":"INFO","thread":"BftProcessorExecutor-QBFT-0","class":"QbftBesuControllerBuilder","message":"Imported #237 / 0 tx / 0 pending / 0 (0.0%) gas / (0x8b5841531033171ab68865562e282c1dc3634ff40bbea76008396ebcd08498e2)","throwable":""}
{"timestamp":"2025-11-05T16:17:45,009","container":"9ef00bd2fa1f","level":"INFO","thread":"BftProcessorExecutor-QBFT-0","class":"QbftBesuControllerBuilder","message":"Imported #238 / 0 tx / 0 pending / 0 (0.0%) gas / (0xf4634af9744803d15612ab085473d408c2b652aee6b8273e09a2acf60ba5eff0)","throwable":""}
{"timestamp":"2025-11-05T16:17:45,009","container":"9ef00bd2fa1f","level":"INFO","thread":"EthScheduler-Workers-0","class":"PersistBlockTask","message":"Block 238 (0xf4634af9744803d15612ab085473d408c2b652aee6b8273e09a2acf60ba5eff0) is already imported","throwable":""}
{"timestamp":"2025-11-05T16:17:53,008","container":"9ef00bd2fa1f","level":"INFO","thread":"BftProcessorExecutor-QBFT-0","class":"QbftBesuControllerBuilder","message":"Produced #239 / 0 tx / 0 pending / 0 (0.0%) gas / (0x026c15a34733f4fdc6a02660a2eef40be919882b357b16e7f3bcbdffc6f5cec0)","throwable":""}
{"timestamp":"2025-11-05T16:18:01,009","container":"9ef00bd2fa1f","level":"INFO","thread":"EthScheduler-Workers-0","class":"PersistBlockTask","message":"Block 240 (0x4d47a842af9c0c29af30e62d64fe5183b74fd4a6d40d8e4d433896db17fb058d) is already imported","throwable":""}
{"timestamp":"2025-11-05T16:18:01,009","container":"9ef00bd2fa1f","level":"INFO","thread":"BftProcessorExecutor-QBFT-0","class":"QbftBesuControllerBuilder","message":"Imported #240 / 0 tx / 0 pending / 0 (0.0%) gas / (0x4d47a842af9c0c29af30e62d64fe5183b74fd4a6d40d8e4d433896db17fb058d)","throwable":""}
{"timestamp":"2025-11-05T16:18:09,008","container":"9ef00bd2fa1f","level":"INFO","thread":"BftProcessorExecutor-QBFT-0","class":"QbftBesuControllerBuilder","message":"Imported #241 / 0 tx / 0 pending / 0 (0.0%) gas / (0xc45f70e414bc0bc975b4abd01b894e7caf499945454eca210fe408a938f20fbd)","throwable":""}
{"timestamp":"2025-11-05T16:18:17,009","container":"9ef00bd2fa1f","level":"INFO","thread":"EthScheduler-Workers-0","class":"PersistBlockTask","message":"Block 242 (0xbfbb9d4e0ef541edcd2b2e67d72e63b0a58dc19ca2a34846e2431a243b7e0546) is already imported","throwable":""}
{"timestamp":"2025-11-05T16:18:17,009","container":"9ef00bd2fa1f","level":"INFO","thread":"BftProcessorExecutor-QBFT-0","class":"QbftBesuControllerBuilder","message":"Imported #242 / 0 tx / 0 pending / 0 (0.0%) gas / (0xbfbb9d4e0ef541edcd2b2e67d72e63b0a58dc19ca2a34846e2431a243b7e0546)","throwable":""}
{"timestamp":"2025-11-05T16:18:25,007","container":"9ef00bd2fa1f","level":"INFO","thread":"BftProcessorExecutor-QBFT-0","class":"QbftBesuControllerBuilder","message":"Produced #243 / 0 tx / 0 pending / 0 (0.0%) gas / (0x57c5991114b1cd1b9cc503a558c451a988a399ffec2742b186f0ea4625e32838)","throwable":""}
{"timestamp":"2025-11-05T16:18:33,010","container":"9ef00bd2fa1f","level":"INFO","thread":"EthScheduler-Workers-0","class":"PersistBlockTask","message":"Block 244 (0xd1c795bca922c3e1cccf46bffa4370d7962ead5a780ee135e9b9147f19ef46d0) is already imported","throwable":""}
{"timestamp":"2025-11-05T16:18:33,010","container":"9ef00bd2fa1f","level":"INFO","thread":"BftProcessorExecutor-QBFT-0","class":"QbftBesuControllerBuilder","message":"Imported #244 / 0 tx / 0 pending / 0 (0.0%) gas / (0xd1c795bca922c3e1cccf46bffa4370d7962ead5a780ee135e9b9147f19ef46d0)","throwable":""}
{"timestamp":"2025-11-05T16:18:41,006","container":"9ef00bd2fa1f","level":"INFO","thread":"BftProcessorExecutor-QBFT-0","class":"QbftBesuControllerBuilder","message":"Imported #245 / 0 tx / 0 pending / 0 (0.0%) gas / (0x9522641d4a4373c316421d0d9616597d68c615067f9ac8387147b4b60c676038)","throwable":""}
{"timestamp":"2025-11-05T16:18:49,008","container":"9ef00bd2fa1f","level":"INFO","thread":"BftProcessorExecutor-QBFT-0","class":"QbftBesuControllerBuilder","message":"Imported #246 / 0 tx / 0 pending / 0 (0.0%) gas / (0x0b95bf0ac2cf0ecf3890687564925459e4fb22ed7f9cc6533ded0e35bc2d811b)","throwable":""}
{"timestamp":"2025-11-05T16:18:57,008","container":"9ef00bd2fa1f","level":"INFO","thread":"BftProcessorExecutor-QBFT-0","class":"QbftBesuControllerBuilder","message":"Produced #247 / 0 tx / 0 pending / 0 (0.0%) gas / (0x76185236582cf3f4e6973957d603096a83299cdf3caff2d2a3efed9c0d24c8fe)","throwable":""}
{"timestamp":"2025-11-05T16:19:05,009","container":"9ef00bd2fa1f","level":"INFO","thread":"BftProcessorExecutor-QBFT-0","class":"QbftBesuControllerBuilder","message":"Imported #248 / 0 tx / 0 pending / 0 (0.0%) gas / (0xaa43a9a943a6886f2b5ce669a788012e8c76b439c15c402d058e435bfc5e9052)","throwable":""}
{"timestamp":"2025-11-05T16:19:13,007","container":"9ef00bd2fa1f","level":"INFO","thread":"BftProcessorExecutor-QBFT-0","class":"QbftBesuControllerBuilder","message":"Imported #249 / 0 tx / 0 pending / 0 (0.0%) gas / (0xa9306b8fbd32e2726820f28357845cedcb3eec9cd7c3e1ac92d514031a672310)","throwable":""}
{"timestamp":"2025-11-05T16:19:21,008","container":"9ef00bd2fa1f","level":"INFO","thread":"BftProcessorExecutor-QBFT-0","class":"QbftBesuControllerBuilder","message":"Imported #250 / 0 tx / 0 pending / 0 (0.0%) gas / (0xb247d640557d54158dfdbc2a46312f6054146e9b3959b2bee9ccb07b8f471389)","throwable":""}
{"timestamp":"2025-11-05T16:19:29,009","container":"9ef00bd2fa1f","level":"INFO","thread":"EthScheduler-Workers-0","class":"PersistBlockTask","message":"Block 251 (0xe6e02dce3a861bb9433844de0eaa3f1c06f8c411d13b9ceb22037cd844e489c8) is already imported","throwable":""}
{"timestamp":"2025-11-05T16:19:29,009","container":"9ef00bd2fa1f","level":"INFO","thread":"BftProcessorExecutor-QBFT-0","class":"QbftBesuControllerBuilder","message":"Produced #251 / 0 tx / 0 pending / 0 (0.0%) gas / (0xe6e02dce3a861bb9433844de0eaa3f1c06f8c411d13b9ceb22037cd844e489c8)","throwable":""}
{"timestamp":"2025-11-05T16:19:37,009","container":"9ef00bd2fa1f","level":"INFO","thread":"EthScheduler-Workers-0","class":"PersistBlockTask","message":"Imported #252 / 0 tx / 0 om / 0 (0.0%) gas / (0x7544a74a03d5cb52ea01a5bed29d30fc3dab8a794d5c8688edc95dafe25c96a5) in 0.001s. Peers: 5","throwable":""}
{"timestamp":"2025-11-05T16:19:37,010","container":"9ef00bd2fa1f","level":"INFO","thread":"BftProcessorExecutor-QBFT-0","class":"QbftBesuControllerBuilder","message":"Imported #252 / 0 tx / 0 pending / 0 (0.0%) gas / (0x7544a74a03d5cb52ea01a5bed29d30fc3dab8a794d5c8688edc95dafe25c96a5)","throwable":""}
{"timestamp":"2025-11-05T16:19:45,010","container":"9ef00bd2fa1f","level":"INFO","thread":"EthScheduler-Workers-0","class":"PersistBlockTask","message":"Block 253 (0xe7fa28ad4274487b1eb69d76efd8eff36761fad6ab58c61ed613037a94308e81) is already imported","throwable":""}
{"timestamp":"2025-11-05T16:19:45,010","container":"9ef00bd2fa1f","level":"INFO","thread":"BftProcessorExecutor-QBFT-0","class":"QbftBesuControllerBuilder","message":"Imported #253 / 0 tx / 0 pending / 0 (0.0%) gas / (0xe7fa28ad4274487b1eb69d76efd8eff36761fad6ab58c61ed613037a94308e81)","throwable":""}
{"timestamp":"2025-11-05T16:19:53,009","container":"9ef00bd2fa1f","level":"INFO","thread":"EthScheduler-Workers-0","class":"PersistBlockTask","message":"Imported #254 / 0 tx / 0 om / 0 (0.0%) gas / (0x95dbeda896e5dabb1aa1405e7f10f1acbc49f7b1c645852b9892c1e60295d7a4) in 0.001s. Peers: 5","throwable":""}
{"timestamp":"2025-11-05T16:20:01,008","container":"9ef00bd2fa1f","level":"INFO","thread":"BftProcessorExecutor-QBFT-0","class":"QbftBesuControllerBuilder","message":"Produced #255 / 0 tx / 0 pending / 0 (0.0%) gas / (0x00df51309a4aab7d32255d61e864103412637cafb0db7ca99385732707010e7d)","throwable":""}
{"timestamp":"2025-11-05T16:20:09,009","container":"9ef00bd2fa1f","level":"INFO","thread":"EthScheduler-Workers-0","class":"PersistBlockTask","message":"Block 256 (0x4bc17d4d89cb2e08629bd709d13c45cb96fb678bbba58d7241538a85eda9726f) is already imported","throwable":""}
{"timestamp":"2025-11-05T16:20:09,009","container":"9ef00bd2fa1f","level":"INFO","thread":"BftProcessorExecutor-QBFT-0","class":"QbftBesuControllerBuilder","message":"Imported #256 / 0 tx / 0 pending / 0 (0.0%) gas / (0x4bc17d4d89cb2e08629bd709d13c45cb96fb678bbba58d7241538a85eda9726f)","throwable":""}
{"timestamp":"2025-11-05T16:20:17,008","container":"9ef00bd2fa1f","level":"INFO","thread":"EthScheduler-Workers-0","class":"PersistBlockTask","message":"Block 257 (0x471555a0430ca50d98ca7465637201533c0cb24c07c98bdfa901d6c86deb601a) is already imported","throwable":""}
{"timestamp":"2025-11-05T16:20:17,008","container":"9ef00bd2fa1f","level":"INFO","thread":"BftProcessorExecutor-QBFT-0","class":"QbftBesuControllerBuilder","message":"Imported #257 / 0 tx / 0 pending / 0 (0.0%) gas / (0x471555a0430ca50d98ca7465637201533c0cb24c07c98bdfa901d6c86deb601a)","throwable":""}
{"timestamp":"2025-11-05T16:20:25,007","container":"9ef00bd2fa1f","level":"INFO","thread":"BftProcessorExecutor-QBFT-0","class":"QbftBesuControllerBuilder","message":"Imported #258 / 0 tx / 0 pending / 0 (0.0%) gas / (0x12e5744914de8835e5c96c42068dd485e2d7f08850a3ba2c8cdfd4b754c9c0cd)","throwable":""}
{"timestamp":"2025-11-05T16:20:33,007","container":"9ef00bd2fa1f","level":"INFO","thread":"BftProcessorExecutor-QBFT-0","class":"QbftBesuControllerBuilder","message":"Produced #259 / 0 tx / 0 pending / 0 (0.0%) gas / (0x913b297f044ee3cb440518301d001903cbf462d07efc09a3b64106568a06cc04)","throwable":""}
{"timestamp":"2025-11-05T16:20:41,011","container":"9ef00bd2fa1f","level":"INFO","thread":"BftProcessorExecutor-QBFT-0","class":"QbftBesuControllerBuilder","message":"Imported #260 / 0 tx / 0 pending / 0 (0.0%) gas / (0xb9f491e6623189f4c9eb3a171ee722b1520c548737a2f8924f3a9b3465d10dde)","throwable":""}
{"timestamp":"2025-11-05T16:20:49,009","container":"9ef00bd2fa1f","level":"INFO","thread":"BftProcessorExecutor-QBFT-0","class":"QbftBesuControllerBuilder","message":"Imported #261 / 0 tx / 0 pending / 0 (0.0%) gas / (0x72c657d543f907e6b8bf12efa46b3c74edf9b4f1caa77242a68776f5f4028f47)","throwable":""}
{"timestamp":"2025-11-05T16:20:57,008","container":"9ef00bd2fa1f","level":"INFO","thread":"BftProcessorExecutor-QBFT-0","class":"QbftBesuControllerBuilder","message":"Imported #262 / 0 tx / 0 pending / 0 (0.0%) gas / (0x8e636ea1f8e0c9370ee27c27c8495b838f8ac3be7d683fdb5f6a42afa3abe956)","throwable":""}
{"timestamp":"2025-11-06T22:09:34,601","container":"9ef00bd2fa1f","level":"INFO","thread":"main","class":"Besu","message":"Starting Besu","throwable":""}
{"timestamp":"2025-11-06T22:09:35,239","container":"9ef00bd2fa1f","level":"WARN","thread":"main","class":"Besu","message":"--min-gas-price has been ignored because --miner-enabled was not defined on the command line.","throwable":""}
{"timestamp":"2025-11-06T22:09:36,670","container":"9ef00bd2fa1f","level":"INFO","thread":"main","class":"Besu","message":"
####################################################################################################
#                                                                                                  #
# Besu version 23.4.1                                                                              #
#                                                                                                  #
# Configuration:                                                                                   #
# Network: Custom genesis file specified                                                           #
# Network Id: 1337                                                                                 #
# Data storage: Forest                                                                             #
# Sync mode: Full                                                                                  #
# RPC HTTP APIs: EEA,WEB3,ETH,NET,TRACE,DEBUG,ADMIN,TXPOOL,PRIV,PERM,QBFT                          #
# RPC HTTP port: 8545                                                                              #
#                                                                                                  #
# Host:                                                                                            #
# Java: openjdk-java-17                                                                            #
# Maximum heap size: 3.87 GB                                                                       #
# OS: linux-x86_64                                                                                 #
# glibc: 2.35                                                                                      #
# jemalloc: 5.2.1-0-gea6b3e973b477b8061e0076bb257dbd7f3faa756                                      #
# Total memory: 15.48 GB                                                                           #
# CPU cores: 20                                                                                    #
#                                                                                                  #
####################################################################################################","throwable":""}
{"timestamp":"2025-11-06T22:09:36,671","container":"9ef00bd2fa1f","level":"INFO","thread":"main","class":"Besu","message":"Connecting to 8 static nodes.","throwable":""}
{"timestamp":"2025-11-06T22:09:36,671","container":"9ef00bd2fa1f","level":"INFO","thread":"main","class":"Besu","message":"Security Module: localfile","throwable":""}
{"timestamp":"2025-11-06T22:09:36,709","container":"9ef00bd2fa1f","level":"INFO","thread":"main","class":"Besu","message":"Using the native implementation of alt bn128","throwable":""}
{"timestamp":"2025-11-06T22:09:36,743","container":"9ef00bd2fa1f","level":"INFO","thread":"main","class":"Besu","message":"Using the native implementation of modexp","throwable":""}
{"timestamp":"2025-11-06T22:09:36,743","container":"9ef00bd2fa1f","level":"INFO","thread":"main","class":"Besu","message":"Using the native implementation of the signature algorithm","throwable":""}
{"timestamp":"2025-11-06T22:09:36,747","container":"9ef00bd2fa1f","level":"INFO","thread":"main","class":"Besu","message":"Using the native implementation of the blake2bf algorithm","throwable":""}
{"timestamp":"2025-11-06T22:09:36,767","container":"9ef00bd2fa1f","level":"INFO","thread":"main","class":"DatabaseMetadata","message":"Lookup database metadata file in data directory: /opt/besu/data","throwable":""}
{"timestamp":"2025-11-06T22:09:36,828","container":"9ef00bd2fa1f","level":"INFO","thread":"main","class":"RocksDBKeyValueStorageFactory","message":"Existing database detected at /opt/besu/data. Version 1. Compacting database...","throwable":""}
{"timestamp":"2025-11-06T22:09:37,481","container":"9ef00bd2fa1f","level":"INFO","thread":"main","class":"KeyPairUtil","message":"Loaded public key 0x2fd5b5b6ad529f55b71602026d1849d0036f06482368b5812fa793014195d3571b0840dbc4175617de2a12db8f1222c012420d471ae5c0d982118625cae58868 from /opt/besu/keys/nodekey","throwable":""}
{"timestamp":"2025-11-06T22:09:37,491","container":"9ef00bd2fa1f","level":"WARN","thread":"main","class":"Besu","message":"Privacy is disabled. Cannot use EEA/PRIV API methods when not using Privacy.","throwable":""}
{"timestamp":"2025-11-06T22:09:37,794","container":"9ef00bd2fa1f","level":"INFO","thread":"main","class":"ProtocolScheduleBuilder","message":"Protocol schedule created with milestones: [GrayGlacier: 0]","throwable":""}
{"timestamp":"2025-11-06T22:09:38,011","container":"9ef00bd2fa1f","level":"INFO","thread":"main","class":"TransactionPoolFactory","message":"Enabling transaction pool","throwable":""}
{"timestamp":"2025-11-06T22:09:38,025","container":"9ef00bd2fa1f","level":"INFO","thread":"main","class":"BesuControllerBuilder","message":"TTD difficulty is not present, creating initial sync phase for PoW","throwable":""}
{"timestamp":"2025-11-06T22:09:38,124","container":"9ef00bd2fa1f","level":"INFO","thread":"main","class":"RunnerBuilder","message":"Detecting NAT service.","throwable":""}
{"timestamp":"2025-11-06T22:09:39,290","container":"9ef00bd2fa1f","level":"INFO","thread":"main","class":"Runner","message":"Starting external services ... ","throwable":""}
{"timestamp":"2025-11-06T22:09:39,290","container":"9ef00bd2fa1f","level":"INFO","thread":"main","class":"MetricsHttpService","message":"Starting metrics http service on 0.0.0.0:9545","throwable":""}
{"timestamp":"2025-11-06T22:09:39,491","container":"9ef00bd2fa1f","level":"INFO","thread":"vert.x-eventloop-thread-1","class":"MetricsHttpService","message":"Metrics service started and listening on 0.0.0.0:9545","throwable":""}
{"timestamp":"2025-11-06T22:09:39,491","container":"9ef00bd2fa1f","level":"INFO","thread":"main","class":"JsonRpcHttpService","message":"Starting JSON-RPC service on 0.0.0.0:8545","throwable":""}
{"timestamp":"2025-11-06T22:09:39,521","container":"9ef00bd2fa1f","level":"INFO","thread":"vert.x-eventloop-thread-1","class":"JsonRpcHttpService","message":"JSON-RPC service started and listening on 0.0.0.0:8545","throwable":""}
{"timestamp":"2025-11-06T22:09:39,523","container":"9ef00bd2fa1f","level":"INFO","thread":"main","class":"GraphQLHttpService","message":"Starting GraphQL HTTP service on 0.0.0.0:8547","throwable":""}
{"timestamp":"2025-11-06T22:09:39,525","container":"9ef00bd2fa1f","level":"INFO","thread":"vert.x-eventloop-thread-1","class":"GraphQLHttpService","message":"GraphQL HTTP service started and listening on 0.0.0.0:8547","throwable":""}
{"timestamp":"2025-11-06T22:09:39,526","container":"9ef00bd2fa1f","level":"INFO","thread":"main","class":"WebSocketService","message":"Starting Websocket service on 0.0.0.0:8546","throwable":""}
{"timestamp":"2025-11-06T22:09:39,536","container":"9ef00bd2fa1f","level":"INFO","thread":"vert.x-eventloop-thread-1","class":"WebSocketService","message":"Websocket service started and listening on 0.0.0.0:8546","throwable":""}
{"timestamp":"2025-11-06T22:09:39,539","container":"9ef00bd2fa1f","level":"INFO","thread":"main","class":"AutoTransactionLogBloomCachingService","message":"Starting auto transaction log bloom caching service.","throwable":""}
{"timestamp":"2025-11-06T22:09:39,540","container":"9ef00bd2fa1f","level":"INFO","thread":"main","class":"LogBloomCacheMetadata","message":"Lookup cache metadata file in data directory: /opt/besu/data/caches","throwable":""}
{"timestamp":"2025-11-06T22:09:39,576","container":"9ef00bd2fa1f","level":"INFO","thread":"main","class":"Runner","message":"Starting Ethereum main loop ... ","throwable":""}
{"timestamp":"2025-11-06T22:09:39,577","container":"9ef00bd2fa1f","level":"INFO","thread":"main","class":"DockerNatManager","message":"Starting docker NAT manager.","throwable":""}
{"timestamp":"2025-11-06T22:09:40,942","container":"9ef00bd2fa1f","level":"INFO","thread":"main","class":"NetworkRunner","message":"Starting Network.","throwable":""}
{"timestamp":"2025-11-06T22:09:40,955","container":"9ef00bd2fa1f","level":"INFO","thread":"nioEventLoopGroup-2-1","class":"RlpxAgent","message":"P2P RLPx agent started and listening on /[0:0:0:0:0:0:0:0]:30303.","throwable":""}
{"timestamp":"2025-11-06T22:09:40,956","container":"9ef00bd2fa1f","level":"INFO","thread":"main","class":"PeerDiscoveryAgent","message":"Starting peer discovery agent on host=0.0.0.0, port=30303","throwable":""}
{"timestamp":"2025-11-06T22:09:40,974","container":"9ef00bd2fa1f","level":"INFO","thread":"vert.x-eventloop-thread-1","class":"VertxPeerDiscoveryAgent","message":"Started peer discovery agent successfully, on effective host=0:0:0:0:0:0:0:0%0 and port=30303","throwable":""}
{"timestamp":"2025-11-06T22:09:40,975","container":"9ef00bd2fa1f","level":"INFO","thread":"vert.x-eventloop-thread-1","class":"PeerDiscoveryAgent","message":"P2P peer discovery agent started and listening on /[0:0:0:0:0:0:0:0%0]:30303","throwable":""}
{"timestamp":"2025-11-06T22:09:41,011","container":"9ef00bd2fa1f","level":"INFO","thread":"vert.x-eventloop-thread-1","class":"PeerDiscoveryAgent","message":"Writing node record to disk. NodeRecord{seq=3, publicKey=0x022fd5b5b6ad529f55b71602026d1849d0036f06482368b5812fa793014195d357, udpAddress=Optional[/172.16.239.14:30303], tcpAddress=Optional[/172.16.239.14:30303], asBase64=-Je4QAwbICIl5GV1bWKmoST0jJe8X_6A7tjCJBCsFWXaqRXsNcj9OVN0Mm5hXsOTg6ZeC1p1YNiJ6XL6Dc3ED36iWFMDg2V0aMfGhGpSrW2AgmlkgnY0gmlwhKwQ7w6Jc2VjcDI1NmsxoQIv1bW2rVKfVbcWAgJtGEnQA28GSCNotYEvp5MBQZXTV4N0Y3CCdl-DdWRwgnZf, nodeId=0xc8f776c1d83d4fddd02782c698c1334496614aed49d2e81526d089f7264fed9c, customFields={tcp=30303, udp=30303, ip=0xac10ef0e, eth=[[0x6a52ad6d, 0x]], id=V4, secp256k1=0x022fd5b5b6ad529f55b71602026d1849d0036f06482368b5812fa793014195d357}}","throwable":""}
{"timestamp":"2025-11-06T22:09:41,085","container":"9ef00bd2fa1f","level":"INFO","thread":"main","class":"DefaultP2PNetwork","message":"Enode URL enode://2fd5b5b6ad529f55b71602026d1849d0036f06482368b5812fa793014195d3571b0840dbc4175617de2a12db8f1222c012420d471ae5c0d982118625cae58868@172.16.239.14:30303","throwable":""}
{"timestamp":"2025-11-06T22:09:41,085","container":"9ef00bd2fa1f","level":"INFO","thread":"main","class":"DefaultP2PNetwork","message":"Node address 0x98c1334496614aed49d2e81526d089f7264fed9c","throwable":""}
{"timestamp":"2025-11-06T22:09:41,207","container":"9ef00bd2fa1f","level":"INFO","thread":"main","class":"NetworkRunner","message":"Supported capabilities: [eth/62, eth/63, eth/64, eth/65, eth/66, eth/67, eth/68], [istanbul/100], [snap/1]","throwable":""}
{"timestamp":"2025-11-06T22:09:41,207","container":"9ef00bd2fa1f","level":"INFO","thread":"main","class":"DefaultSynchronizer","message":"Starting synchronizer.","throwable":""}
{"timestamp":"2025-11-06T22:09:41,209","container":"9ef00bd2fa1f","level":"INFO","thread":"main","class":"TransactionPoolFactory","message":"Enabling transaction handling following initial sync","throwable":""}
{"timestamp":"2025-11-06T22:09:41,257","container":"9ef00bd2fa1f","level":"INFO","thread":"main","class":"FullSyncDownloader","message":"Starting full sync.","throwable":""}
{"timestamp":"2025-11-06T22:09:41,257","container":"9ef00bd2fa1f","level":"INFO","thread":"main","class":"FullSyncTargetManager","message":"Unable to find sync target. Currently checking 0 peers for usefulness","throwable":""}
{"timestamp":"2025-11-06T22:09:42,176","container":"9ef00bd2fa1f","level":"INFO","thread":"nioEventLoopGroup-3-1","class":"FullSyncTargetManager","message":"Unable to find sync target. Currently checking 3 peers for usefulness","throwable":""}
{"timestamp":"2025-11-06T22:09:42,255","container":"9ef00bd2fa1f","level":"INFO","thread":"main","class":"Runner","message":"Ethereum main loop is up.","throwable":""}
{"timestamp":"2025-11-06T22:09:42,503","container":"9ef00bd2fa1f","level":"INFO","thread":"BftProcessorExecutor-QBFT-0","class":"QbftBesuControllerBuilder","message":"Produced #263 / 0 tx / 0 pending / 0 (0.0%) gas / (0xe0dc25d5cdc8ce390597fc725f8cf622ae022025e8774e47bca8a0cf8dc53783)","throwable":""}
{"timestamp":"2025-11-06T22:09:50,036","container":"9ef00bd2fa1f","level":"INFO","thread":"BftProcessorExecutor-QBFT-0","class":"QbftBesuControllerBuilder","message":"Imported #264 / 0 tx / 0 pending / 0 (0.0%) gas / (0xa82b9444ba31577ec26d586018269637d0a161207b9a77f8010afe3bde744e3c)","throwable":""}
{"timestamp":"2025-11-06T22:09:58,028","container":"9ef00bd2fa1f","level":"INFO","thread":"BftProcessorExecutor-QBFT-0","class":"QbftBesuControllerBuilder","message":"Imported #265 / 0 tx / 0 pending / 0 (0.0%) gas / (0x3f8a6527b28aab917e6d2365ee429174cd84651f374a33f12828f74ba2dd2f49)","throwable":""}
{"timestamp":"2025-11-06T22:10:06,048","container":"9ef00bd2fa1f","level":"INFO","thread":"BftProcessorExecutor-QBFT-0","class":"QbftBesuControllerBuilder","message":"Imported #266 / 0 tx / 0 pending / 0 (0.0%) gas / (0xbc825ce9e47fa521f20324da9025b36c3507abbe1beed4df2856d672ce5ae3ff)","throwable":""}
{"timestamp":"2025-11-06T22:10:14,018","container":"9ef00bd2fa1f","level":"INFO","thread":"BftProcessorExecutor-QBFT-0","class":"QbftBesuControllerBuilder","message":"Produced #267 / 0 tx / 0 pending / 0 (0.0%) gas / (0xa7c0e301f4e5f415f3e57e1cac87ea9956084ccaafb8c9142053029cae63e051)","throwable":""}
{"timestamp":"2025-11-06T22:10:22,532","container":"9ef00bd2fa1f","level":"INFO","thread":"BftProcessorExecutor-QBFT-0","class":"QbftBesuControllerBuilder","message":"Imported #268 / 0 tx / 0 pending / 0 (0.0%) gas / (0xae15fded36c6cb476e2d2093b68217183837ef1f904f04535a33097d3abe3a02)","throwable":""}
{"timestamp":"2025-11-06T22:10:31,021","container":"9ef00bd2fa1f","level":"INFO","thread":"BftProcessorExecutor-QBFT-0","class":"QbftBesuControllerBuilder","message":"Imported #269 / 0 tx / 0 pending / 0 (0.0%) gas / (0x522d39a6b75ab0ffb7c71377b31ac2f2bbcdb602fedf7b48c24d4f3828e27d48)","throwable":""}
{"timestamp":"2025-11-06T22:10:31,023","container":"9ef00bd2fa1f","level":"INFO","thread":"EthScheduler-Workers-0","class":"PersistBlockTask","message":"Block 269 (0x522d39a6b75ab0ffb7c71377b31ac2f2bbcdb602fedf7b48c24d4f3828e27d48) is already imported","throwable":""}
{"timestamp":"2025-11-06T22:10:39,021","container":"9ef00bd2fa1f","level":"INFO","thread":"EthScheduler-Workers-0","class":"PersistBlockTask","message":"Imported #270 / 0 tx / 0 om / 0 (0.0%) gas / (0xb52ef1d532d2fdb6b5cb6fb6d39faae68c3b259432267e56e0c809b29ffd90dc) in 0.003s. Peers: 5","throwable":""}
{"timestamp":"2025-11-06T22:10:47,018","container":"9ef00bd2fa1f","level":"INFO","thread":"BftProcessorExecutor-QBFT-0","class":"QbftBesuControllerBuilder","message":"Produced #271 / 0 tx / 0 pending / 0 (0.0%) gas / (0x874775b61214ced0e55ddccb850f30735f9d4baa4c55f4a60fcf64008fa122a7)","throwable":""}
{"timestamp":"2025-11-06T22:10:55,617","container":"9ef00bd2fa1f","level":"INFO","thread":"BftProcessorExecutor-QBFT-0","class":"QbftBesuControllerBuilder","message":"Imported #272 / 0 tx / 0 pending / 0 (0.0%) gas / (0x114529dd2b1ebca41fe959c2c673798ff9ad9754c7d6a62dba5c931e76a51bc5)","throwable":""}
{"timestamp":"2025-11-06T22:11:04,012","container":"9ef00bd2fa1f","level":"INFO","thread":"BftProcessorExecutor-QBFT-0","class":"QbftBesuControllerBuilder","message":"Imported #273 / 0 tx / 0 pending / 0 (0.0%) gas / (0x1b3bc70f637fe1873471a9d0b2f7183f038c2d8e6dd20243cd815500da19622c)","throwable":""}
{"timestamp":"2025-11-06T22:11:12,011","container":"9ef00bd2fa1f","level":"INFO","thread":"BftProcessorExecutor-QBFT-0","class":"QbftBesuControllerBuilder","message":"Imported #274 / 0 tx / 0 pending / 0 (0.0%) gas / (0x021b8de3fa3ef45433c270769b695701cf91a15514fc4786073f9505dc9253c5)","throwable":""}
{"timestamp":"2025-11-06T22:11:20,016","container":"9ef00bd2fa1f","level":"INFO","thread":"EthScheduler-Workers-0","class":"PersistBlockTask","message":"Block 275 (0x874039edfd18efbe764b8030800e4a5d3fd6d03c72aeacf349d519c7153d1dc2) is already imported","throwable":""}
{"timestamp":"2025-11-06T22:11:20,017","container":"9ef00bd2fa1f","level":"INFO","thread":"BftProcessorExecutor-QBFT-0","class":"QbftBesuControllerBuilder","message":"Produced #275 / 0 tx / 0 pending / 0 (0.0%) gas / (0x874039edfd18efbe764b8030800e4a5d3fd6d03c72aeacf349d519c7153d1dc2)","throwable":""}
{"timestamp":"2025-11-06T22:11:28,536","container":"9ef00bd2fa1f","level":"INFO","thread":"EthScheduler-Workers-0","class":"PersistBlockTask","message":"Imported #276 / 0 tx / 0 om / 0 (0.0%) gas / (0xc07b91a928ce7ad530f46258df3793d981b5347d7d57530c6d54ec4b9102a2a5) in 0.002s. Peers: 5","throwable":""}
{"timestamp":"2025-11-07T15:59:12,027","container":"9ef00bd2fa1f","level":"INFO","thread":"main","class":"Besu","message":"Starting Besu","throwable":""}
{"timestamp":"2025-11-07T15:59:12,522","container":"9ef00bd2fa1f","level":"WARN","thread":"main","class":"Besu","message":"--min-gas-price has been ignored because --miner-enabled was not defined on the command line.","throwable":""}
{"timestamp":"2025-11-07T15:59:14,241","container":"9ef00bd2fa1f","level":"INFO","thread":"main","class":"Besu","message":"
####################################################################################################
#                                                                                                  #
# Besu version 23.4.1                                                                              #
#                                                                                                  #
# Configuration:                                                                                   #
# Network: Custom genesis file specified                                                           #
# Network Id: 1337                                                                                 #
# Data storage: Forest                                                                             #
# Sync mode: Full                                                                                  #
# RPC HTTP APIs: EEA,WEB3,ETH,NET,TRACE,DEBUG,ADMIN,TXPOOL,PRIV,PERM,QBFT                          #
# RPC HTTP port: 8545                                                                              #
#                                                                                                  #
# Host:                                                                                            #
# Java: openjdk-java-17                                                                            #
# Maximum heap size: 3.87 GB                                                                       #
# OS: linux-x86_64                                                                                 #
# glibc: 2.35                                                                                      #
# jemalloc: 5.2.1-0-gea6b3e973b477b8061e0076bb257dbd7f3faa756                                      #
# Total memory: 15.48 GB                                                                           #
# CPU cores: 20                                                                                    #
#                                                                                                  #
####################################################################################################","throwable":""}
{"timestamp":"2025-11-07T15:59:14,243","container":"9ef00bd2fa1f","level":"INFO","thread":"main","class":"Besu","message":"Connecting to 8 static nodes.","throwable":""}
{"timestamp":"2025-11-07T15:59:14,244","container":"9ef00bd2fa1f","level":"INFO","thread":"main","class":"Besu","message":"Security Module: localfile","throwable":""}
{"timestamp":"2025-11-07T15:59:14,329","container":"9ef00bd2fa1f","level":"INFO","thread":"main","class":"Besu","message":"Using the native implementation of alt bn128","throwable":""}
{"timestamp":"2025-11-07T15:59:14,376","container":"9ef00bd2fa1f","level":"INFO","thread":"main","class":"Besu","message":"Using the native implementation of modexp","throwable":""}
{"timestamp":"2025-11-07T15:59:14,376","container":"9ef00bd2fa1f","level":"INFO","thread":"main","class":"Besu","message":"Using the native implementation of the signature algorithm","throwable":""}
{"timestamp":"2025-11-07T15:59:14,383","container":"9ef00bd2fa1f","level":"INFO","thread":"main","class":"Besu","message":"Using the native implementation of the blake2bf algorithm","throwable":""}
{"timestamp":"2025-11-07T15:59:14,412","container":"9ef00bd2fa1f","level":"INFO","thread":"main","class":"DatabaseMetadata","message":"Lookup database metadata file in data directory: /opt/besu/data","throwable":""}
{"timestamp":"2025-11-07T15:59:14,485","container":"9ef00bd2fa1f","level":"INFO","thread":"main","class":"RocksDBKeyValueStorageFactory","message":"Existing database detected at /opt/besu/data. Version 1. Compacting database...","throwable":""}
{"timestamp":"2025-11-07T15:59:15,281","container":"9ef00bd2fa1f","level":"INFO","thread":"main","class":"KeyPairUtil","message":"Loaded public key 0x2fd5b5b6ad529f55b71602026d1849d0036f06482368b5812fa793014195d3571b0840dbc4175617de2a12db8f1222c012420d471ae5c0d982118625cae58868 from /opt/besu/keys/nodekey","throwable":""}
{"timestamp":"2025-11-07T15:59:15,293","container":"9ef00bd2fa1f","level":"WARN","thread":"main","class":"Besu","message":"Privacy is disabled. Cannot use EEA/PRIV API methods when not using Privacy.","throwable":""}
{"timestamp":"2025-11-07T15:59:15,733","container":"9ef00bd2fa1f","level":"INFO","thread":"main","class":"ProtocolScheduleBuilder","message":"Protocol schedule created with milestones: [GrayGlacier: 0]","throwable":""}
{"timestamp":"2025-11-07T15:59:15,987","container":"9ef00bd2fa1f","level":"INFO","thread":"main","class":"TransactionPoolFactory","message":"Enabling transaction pool","throwable":""}
{"timestamp":"2025-11-07T15:59:16,005","container":"9ef00bd2fa1f","level":"INFO","thread":"main","class":"BesuControllerBuilder","message":"TTD difficulty is not present, creating initial sync phase for PoW","throwable":""}
{"timestamp":"2025-11-07T15:59:16,107","container":"9ef00bd2fa1f","level":"INFO","thread":"main","class":"RunnerBuilder","message":"Detecting NAT service.","throwable":""}
{"timestamp":"2025-11-07T15:59:17,441","container":"9ef00bd2fa1f","level":"INFO","thread":"main","class":"Runner","message":"Starting external services ... ","throwable":""}
{"timestamp":"2025-11-07T15:59:17,442","container":"9ef00bd2fa1f","level":"INFO","thread":"main","class":"MetricsHttpService","message":"Starting metrics http service on 0.0.0.0:9545","throwable":""}
{"timestamp":"2025-11-07T15:59:17,702","container":"9ef00bd2fa1f","level":"INFO","thread":"main","class":"JsonRpcHttpService","message":"Starting JSON-RPC service on 0.0.0.0:8545","throwable":""}
{"timestamp":"2025-11-07T15:59:17,701","container":"9ef00bd2fa1f","level":"INFO","thread":"vert.x-eventloop-thread-1","class":"MetricsHttpService","message":"Metrics service started and listening on 0.0.0.0:9545","throwable":""}
{"timestamp":"2025-11-07T15:59:17,743","container":"9ef00bd2fa1f","level":"INFO","thread":"vert.x-eventloop-thread-1","class":"JsonRpcHttpService","message":"JSON-RPC service started and listening on 0.0.0.0:8545","throwable":""}
{"timestamp":"2025-11-07T15:59:17,759","container":"9ef00bd2fa1f","level":"INFO","thread":"main","class":"GraphQLHttpService","message":"Starting GraphQL HTTP service on 0.0.0.0:8547","throwable":""}
{"timestamp":"2025-11-07T15:59:17,770","container":"9ef00bd2fa1f","level":"INFO","thread":"vert.x-eventloop-thread-1","class":"GraphQLHttpService","message":"GraphQL HTTP service started and listening on 0.0.0.0:8547","throwable":""}
{"timestamp":"2025-11-07T15:59:17,775","container":"9ef00bd2fa1f","level":"INFO","thread":"main","class":"WebSocketService","message":"Starting Websocket service on 0.0.0.0:8546","throwable":""}
{"timestamp":"2025-11-07T15:59:17,780","container":"9ef00bd2fa1f","level":"INFO","thread":"vert.x-eventloop-thread-1","class":"WebSocketService","message":"Websocket service started and listening on 0.0.0.0:8546","throwable":""}
{"timestamp":"2025-11-07T15:59:17,783","container":"9ef00bd2fa1f","level":"INFO","thread":"main","class":"AutoTransactionLogBloomCachingService","message":"Starting auto transaction log bloom caching service.","throwable":""}
{"timestamp":"2025-11-07T15:59:17,784","container":"9ef00bd2fa1f","level":"INFO","thread":"main","class":"LogBloomCacheMetadata","message":"Lookup cache metadata file in data directory: /opt/besu/data/caches","throwable":""}
{"timestamp":"2025-11-07T15:59:17,809","container":"9ef00bd2fa1f","level":"INFO","thread":"main","class":"Runner","message":"Starting Ethereum main loop ... ","throwable":""}
{"timestamp":"2025-11-07T15:59:17,809","container":"9ef00bd2fa1f","level":"INFO","thread":"main","class":"DockerNatManager","message":"Starting docker NAT manager.","throwable":""}
{"timestamp":"2025-11-07T15:59:19,201","container":"9ef00bd2fa1f","level":"INFO","thread":"main","class":"NetworkRunner","message":"Starting Network.","throwable":""}
{"timestamp":"2025-11-07T15:59:19,209","container":"9ef00bd2fa1f","level":"INFO","thread":"nioEventLoopGroup-2-1","class":"RlpxAgent","message":"P2P RLPx agent started and listening on /[0:0:0:0:0:0:0:0]:30303.","throwable":""}
{"timestamp":"2025-11-07T15:59:19,210","container":"9ef00bd2fa1f","level":"INFO","thread":"main","class":"PeerDiscoveryAgent","message":"Starting peer discovery agent on host=0.0.0.0, port=30303","throwable":""}
{"timestamp":"2025-11-07T15:59:19,222","container":"9ef00bd2fa1f","level":"INFO","thread":"vert.x-eventloop-thread-1","class":"VertxPeerDiscoveryAgent","message":"Started peer discovery agent successfully, on effective host=0:0:0:0:0:0:0:0%0 and port=30303","throwable":""}
{"timestamp":"2025-11-07T15:59:19,223","container":"9ef00bd2fa1f","level":"INFO","thread":"vert.x-eventloop-thread-1","class":"PeerDiscoveryAgent","message":"P2P peer discovery agent started and listening on /[0:0:0:0:0:0:0:0%0]:30303","throwable":""}
{"timestamp":"2025-11-07T15:59:19,262","container":"9ef00bd2fa1f","level":"INFO","thread":"vert.x-eventloop-thread-1","class":"PeerDiscoveryAgent","message":"Writing node record to disk. NodeRecord{seq=4, publicKey=0x022fd5b5b6ad529f55b71602026d1849d0036f06482368b5812fa793014195d357, udpAddress=Optional[/172.16.239.14:30303], tcpAddress=Optional[/172.16.239.14:30303], asBase64=-Je4QJhiLkZNDUk57PFiRP_xpXm0bpKYRuHGr4RPkHdHeySBL1PQe5FvxMGlq3emusRJgJ3e9tb4Hhd2mb7Kh8-AXCYEg2V0aMfGhGpSrW2AgmlkgnY0gmlwhKwQ7w6Jc2VjcDI1NmsxoQIv1bW2rVKfVbcWAgJtGEnQA28GSCNotYEvp5MBQZXTV4N0Y3CCdl-DdWRwgnZf, nodeId=0xc8f776c1d83d4fddd02782c698c1334496614aed49d2e81526d089f7264fed9c, customFields={tcp=30303, udp=30303, ip=0xac10ef0e, eth=[[0x6a52ad6d, 0x]], id=V4, secp256k1=0x022fd5b5b6ad529f55b71602026d1849d0036f06482368b5812fa793014195d357}}","throwable":""}
{"timestamp":"2025-11-07T15:59:19,314","container":"9ef00bd2fa1f","level":"INFO","thread":"main","class":"DefaultP2PNetwork","message":"Enode URL enode://2fd5b5b6ad529f55b71602026d1849d0036f06482368b5812fa793014195d3571b0840dbc4175617de2a12db8f1222c012420d471ae5c0d982118625cae58868@172.16.239.14:30303","throwable":""}
{"timestamp":"2025-11-07T15:59:19,314","container":"9ef00bd2fa1f","level":"INFO","thread":"main","class":"DefaultP2PNetwork","message":"Node address 0x98c1334496614aed49d2e81526d089f7264fed9c","throwable":""}
{"timestamp":"2025-11-07T15:59:19,421","container":"9ef00bd2fa1f","level":"INFO","thread":"main","class":"NetworkRunner","message":"Supported capabilities: [eth/62, eth/63, eth/64, eth/65, eth/66, eth/67, eth/68], [istanbul/100], [snap/1]","throwable":""}
{"timestamp":"2025-11-07T15:59:19,421","container":"9ef00bd2fa1f","level":"INFO","thread":"main","class":"DefaultSynchronizer","message":"Starting synchronizer.","throwable":""}
{"timestamp":"2025-11-07T15:59:19,425","container":"9ef00bd2fa1f","level":"INFO","thread":"main","class":"TransactionPoolFactory","message":"Enabling transaction handling following initial sync","throwable":""}
{"timestamp":"2025-11-07T15:59:19,428","container":"9ef00bd2fa1f","level":"INFO","thread":"main","class":"FullSyncDownloader","message":"Starting full sync.","throwable":""}
{"timestamp":"2025-11-07T15:59:19,429","container":"9ef00bd2fa1f","level":"INFO","thread":"main","class":"FullSyncTargetManager","message":"Unable to find sync target. Currently checking 0 peers for usefulness","throwable":""}
{"timestamp":"2025-11-07T15:59:20,154","container":"9ef00bd2fa1f","level":"INFO","thread":"main","class":"Runner","message":"Ethereum main loop is up.","throwable":""}
{"timestamp":"2025-11-07T15:59:20,239","container":"9ef00bd2fa1f","level":"INFO","thread":"nioEventLoopGroup-3-1","class":"FullSyncTargetManager","message":"Unable to find sync target. Currently checking 5 peers for usefulness","throwable":""}
{"timestamp":"2025-11-07T15:59:20,504","container":"9ef00bd2fa1f","level":"INFO","thread":"BftProcessorExecutor-QBFT-0","class":"QbftBesuControllerBuilder","message":"Imported #277 / 0 tx / 0 pending / 0 (0.0%) gas / (0x1b0e002f278997cf74d1a61b33b51fbda2dd986efced656fa8a1fc6b50ba22fe)","throwable":""}
{"timestamp":"2025-11-07T15:59:28,036","container":"9ef00bd2fa1f","level":"INFO","thread":"BftProcessorExecutor-QBFT-0","class":"QbftBesuControllerBuilder","message":"Imported #278 / 0 tx / 0 pending / 0 (0.0%) gas / (0x60c7e78ad210c5843a92547e8e6107e1edbc9cd375e3ed3180db978f0c984ca0)","throwable":""}
{"timestamp":"2025-11-07T15:59:36,045","container":"9ef00bd2fa1f","level":"INFO","thread":"BftProcessorExecutor-QBFT-0","class":"QbftBesuControllerBuilder","message":"Produced #279 / 0 tx / 0 pending / 0 (0.0%) gas / (0x10fd035369ec873344df63b4ae0c255c38d35d70f261b829c75f321b11aada42)","throwable":""}
{"timestamp":"2025-11-07T15:59:44,026","container":"9ef00bd2fa1f","level":"INFO","thread":"BftProcessorExecutor-QBFT-0","class":"QbftBesuControllerBuilder","message":"Imported #280 / 0 tx / 0 pending / 0 (0.0%) gas / (0x3d7ef7e94b453c664bc2bd3f08b930fcd90e32225dae1825bbd9925366f85adf)","throwable":""}
{"timestamp":"2025-11-07T15:59:52,035","container":"9ef00bd2fa1f","level":"INFO","thread":"BftProcessorExecutor-QBFT-0","class":"QbftBesuControllerBuilder","message":"Imported #281 / 0 tx / 0 pending / 0 (0.0%) gas / (0xbf3cec8829d9c658b555168e4df898b4f05e8349720cdc24792a2d07cdff0286)","throwable":""}
{"timestamp":"2025-11-07T16:00:00,016","container":"9ef00bd2fa1f","level":"INFO","thread":"BftProcessorExecutor-QBFT-0","class":"QbftBesuControllerBuilder","message":"Imported #282 / 0 tx / 0 pending / 0 (0.0%) gas / (0x64940f7dc756fa9469d9928c11bb0f6236b455918370c3840bcd9f24e18e3267)","throwable":""}
{"timestamp":"2025-11-07T16:00:08,016","container":"9ef00bd2fa1f","level":"INFO","thread":"BftProcessorExecutor-QBFT-0","class":"QbftBesuControllerBuilder","message":"Produced #283 / 0 tx / 0 pending / 0 (0.0%) gas / (0x0052645a2acba84bd40e001bf96c1c1259062b00d664fb7b3f8a78133b06e3f8)","throwable":""}
{"timestamp":"2025-11-07T16:00:17,584","container":"9ef00bd2fa1f","level":"INFO","thread":"BftProcessorExecutor-QBFT-0","class":"QbftBesuControllerBuilder","message":"Imported #284 / 0 tx / 0 pending / 0 (0.0%) gas / (0xb3600c5f0b5dd5fab1172117b1c804dd30c82de6fff7fe17f3fa195df2c1a8ed)","throwable":""}
{"timestamp":"2025-11-07T16:00:17,586","container":"9ef00bd2fa1f","level":"INFO","thread":"EthScheduler-Workers-0","class":"PersistBlockTask","message":"Block 284 (0xb3600c5f0b5dd5fab1172117b1c804dd30c82de6fff7fe17f3fa195df2c1a8ed) is already imported","throwable":""}
{"timestamp":"2025-11-07T16:00:26,022","container":"9ef00bd2fa1f","level":"INFO","thread":"BftProcessorExecutor-QBFT-0","class":"QbftBesuControllerBuilder","message":"Imported #285 / 0 tx / 0 pending / 0 (0.0%) gas / (0xd777ea6491b4152fd000f808493befd1f0b395756bacef6326cc4050b469fb2a)","throwable":""}
{"timestamp":"2025-11-07T16:00:34,017","container":"9ef00bd2fa1f","level":"INFO","thread":"BftProcessorExecutor-QBFT-0","class":"QbftBesuControllerBuilder","message":"Imported #286 / 0 tx / 0 pending / 0 (0.0%) gas / (0x3f51f1fb4dd1e44fb7cebef10f7c438305c7ff4aea14ba0d973c69640299df11)","throwable":""}
{"timestamp":"2025-11-07T16:00:34,017","container":"9ef00bd2fa1f","level":"INFO","thread":"EthScheduler-Workers-0","class":"PersistBlockTask","message":"Block 286 (0x3f51f1fb4dd1e44fb7cebef10f7c438305c7ff4aea14ba0d973c69640299df11) is already imported","throwable":""}
{"timestamp":"2025-11-07T16:00:42,016","container":"9ef00bd2fa1f","level":"INFO","thread":"BftProcessorExecutor-QBFT-0","class":"QbftBesuControllerBuilder","message":"Produced #287 / 0 tx / 0 pending / 0 (0.0%) gas / (0xcdf1bf207640ff792e7e023b236145a33ef1e5c469b2da24c0398e62ee9ce826)","throwable":""}
{"timestamp":"2025-11-07T16:00:51,528","container":"9ef00bd2fa1f","level":"INFO","thread":"BftProcessorExecutor-QBFT-0","class":"QbftBesuControllerBuilder","message":"Imported #288 / 0 tx / 0 pending / 0 (0.0%) gas / (0x56ec1fa4088415ef04b211d9b596d5e8edf3ee9797aadf5693febc816b623eb9)","throwable":""}
{"timestamp":"2025-11-07T16:01:00,013","container":"9ef00bd2fa1f","level":"INFO","thread":"BftProcessorExecutor-QBFT-0","class":"QbftBesuControllerBuilder","message":"Imported #289 / 0 tx / 0 pending / 0 (0.0%) gas / (0xec3cd1f92e5237e7d72b8d70f2d63f5d1578a9f270db72422d6e1ecb17bd4708)","throwable":""}
{"timestamp":"2025-11-07T16:01:08,010","container":"9ef00bd2fa1f","level":"INFO","thread":"BftProcessorExecutor-QBFT-0","class":"QbftBesuControllerBuilder","message":"Imported #290 / 0 tx / 0 pending / 0 (0.0%) gas / (0xfa26c8c2e85f0a80f3bbf7b28c73806ee37c9282c5d6b508714989b91599689f)","throwable":""}
{"timestamp":"2025-11-07T16:01:16,014","container":"9ef00bd2fa1f","level":"INFO","thread":"EthScheduler-Workers-0","class":"PersistBlockTask","message":"Block 291 (0x266100c960f036fcd7039fe488ea61d370bae27347876cc0b6d32cd96cf95117) is already imported","throwable":""}
{"timestamp":"2025-11-07T16:01:16,015","container":"9ef00bd2fa1f","level":"INFO","thread":"BftProcessorExecutor-QBFT-0","class":"QbftBesuControllerBuilder","message":"Produced #291 / 0 tx / 0 pending / 0 (0.0%) gas / (0x266100c960f036fcd7039fe488ea61d370bae27347876cc0b6d32cd96cf95117)","throwable":""}
{"timestamp":"2025-11-07T16:01:25,531","container":"9ef00bd2fa1f","level":"INFO","thread":"BftProcessorExecutor-QBFT-0","class":"QbftBesuControllerBuilder","message":"Imported #292 / 0 tx / 0 pending / 0 (0.0%) gas / (0xd9cbff9278dd8625921fe1f563fdd47f65c0c8a25ba905122d68ef6b85a3c296)","throwable":""}
{"timestamp":"2025-11-07T16:01:34,008","container":"9ef00bd2fa1f","level":"INFO","thread":"BftProcessorExecutor-QBFT-0","class":"QbftBesuControllerBuilder","message":"Imported #293 / 0 tx / 0 pending / 0 (0.0%) gas / (0x0844fb3d767c7b118f16d460565902f3ec4ff55b5aaa9cec0f31a34114cd06fb)","throwable":""}
{"timestamp":"2025-11-07T16:01:42,012","container":"9ef00bd2fa1f","level":"INFO","thread":"BftProcessorExecutor-QBFT-0","class":"QbftBesuControllerBuilder","message":"Imported #294 / 0 tx / 0 pending / 0 (0.0%) gas / (0x18ceb9a8124f75ca0042b383bd4cf41289d618a528fa2ac1f38f99efe80baed0)","throwable":""}
{"timestamp":"2025-11-07T16:01:50,010","container":"9ef00bd2fa1f","level":"INFO","thread":"BftProcessorExecutor-QBFT-0","class":"QbftBesuControllerBuilder","message":"Produced #295 / 0 tx / 0 pending / 0 (0.0%) gas / (0x096c72dc529b3d6cfb6a5d85564f9a1a6c916908896d9c3d35add49dcd6921bf)","throwable":""}
{"timestamp":"2025-11-07T16:01:59,527","container":"9ef00bd2fa1f","level":"INFO","thread":"BftProcessorExecutor-QBFT-0","class":"QbftBesuControllerBuilder","message":"Imported #296 / 0 tx / 0 pending / 0 (0.0%) gas / (0x0a5914b7a92f6192bb0a0b5af10ce3cb31d67b802d063f20cc1d8215ed103db8)","throwable":""}
{"timestamp":"2025-11-07T16:02:08,012","container":"9ef00bd2fa1f","level":"INFO","thread":"BftProcessorExecutor-QBFT-0","class":"QbftBesuControllerBuilder","message":"Imported #297 / 0 tx / 0 pending / 0 (0.0%) gas / (0xa0fb8986940e6c967fa68f32d226951c8cc644c06b7b4c9f2716076efcd05091)","throwable":""}
{"timestamp":"2025-11-07T16:02:16,010","container":"9ef00bd2fa1f","level":"INFO","thread":"EthScheduler-Workers-0","class":"PersistBlockTask","message":"Block 298 (0xfecdc0037f2b6ed3e1b1c0f36ef1a58c461b53bcad06cc36d1b90b2d8411a368) is already imported","throwable":""}
{"timestamp":"2025-11-07T16:02:16,010","container":"9ef00bd2fa1f","level":"INFO","thread":"BftProcessorExecutor-QBFT-0","class":"QbftBesuControllerBuilder","message":"Imported #298 / 0 tx / 0 pending / 0 (0.0%) gas / (0xfecdc0037f2b6ed3e1b1c0f36ef1a58c461b53bcad06cc36d1b90b2d8411a368)","throwable":""}
{"timestamp":"2025-11-07T16:02:24,010","container":"9ef00bd2fa1f","level":"INFO","thread":"BftProcessorExecutor-QBFT-0","class":"QbftBesuControllerBuilder","message":"Produced #299 / 0 tx / 0 pending / 0 (0.0%) gas / (0xd927e3b6c33578ce3d3f4bc874a2a9ab6dd2a6b5848cd20794abf86f99c5f1aa)","throwable":""}
{"timestamp":"2025-11-07T16:02:33,575","container":"9ef00bd2fa1f","level":"INFO","thread":"BftProcessorExecutor-QBFT-0","class":"QbftBesuControllerBuilder","message":"Imported #300 / 0 tx / 0 pending / 0 (0.0%) gas / (0xadc4aadd5eb4181450c2088e51d6951c3bd6240fb0eb8e6bb8c34ed6771b700c)","throwable":""}
{"timestamp":"2025-11-07T16:02:42,010","container":"9ef00bd2fa1f","level":"INFO","thread":"BftProcessorExecutor-QBFT-0","class":"QbftBesuControllerBuilder","message":"Imported #301 / 0 tx / 0 pending / 0 (0.0%) gas / (0x8a6033c774bae0c0a79cf14558fe36c947c13bee054a2308b555ef7b495db05e)","throwable":""}
{"timestamp":"2025-11-07T16:02:50,018","container":"9ef00bd2fa1f","level":"INFO","thread":"BftProcessorExecutor-QBFT-0","class":"QbftBesuControllerBuilder","message":"Imported #302 / 0 tx / 0 pending / 0 (0.0%) gas / (0x8d95e9df360526105a55ea9290c874a45e2c4d533c50d7a521317956f3cebaed)","throwable":""}
{"timestamp":"2025-11-07T16:02:58,011","container":"9ef00bd2fa1f","level":"INFO","thread":"BftProcessorExecutor-QBFT-0","class":"QbftBesuControllerBuilder","message":"Produced #303 / 0 tx / 0 pending / 0 (0.0%) gas / (0x37546afc184ab3cd6ac222586d5dcabb4be24268eae2e227bacabc232d3a18f8)","throwable":""}
{"timestamp":"2025-11-07T16:03:07,371","container":"9ef00bd2fa1f","level":"INFO","thread":"EthScheduler-Workers-0","class":"PersistBlockTask","message":"Block 304 (0x5afe321a348711efd78a8cb81b89ab9d683d9cb86fbb0af7c07f1a31cb0cc698) is already imported","throwable":""}
{"timestamp":"2025-11-07T16:03:07,372","container":"9ef00bd2fa1f","level":"INFO","thread":"BftProcessorExecutor-QBFT-0","class":"QbftBesuControllerBuilder","message":"Imported #304 / 0 tx / 0 pending / 0 (0.0%) gas / (0x5afe321a348711efd78a8cb81b89ab9d683d9cb86fbb0af7c07f1a31cb0cc698)","throwable":""}
{"timestamp":"2025-11-07T16:03:15,010","container":"9ef00bd2fa1f","level":"INFO","thread":"BftProcessorExecutor-QBFT-0","class":"QbftBesuControllerBuilder","message":"Imported #305 / 0 tx / 0 pending / 0 (0.0%) gas / (0x43ed2023103b9e92343303235b91915d4aa067029fa5d306a9b058d1fe38c723)","throwable":""}
{"timestamp":"2025-11-07T16:03:23,011","container":"9ef00bd2fa1f","level":"INFO","thread":"BftProcessorExecutor-QBFT-0","class":"QbftBesuControllerBuilder","message":"Imported #306 / 0 tx / 0 pending / 0 (0.0%) gas / (0x0fef6a3a1717900e6727261397949779614e80e64298d3ed656d66efd15bf0b8)","throwable":""}
{"timestamp":"2025-11-07T16:03:31,010","container":"9ef00bd2fa1f","level":"INFO","thread":"EthScheduler-Workers-0","class":"PersistBlockTask","message":"Block 307 (0x08535ede0990a3e34db8148db5857e4b34306fead9addb11a5b169acf34ffa7a) is already imported","throwable":""}
{"timestamp":"2025-11-07T16:03:31,010","container":"9ef00bd2fa1f","level":"INFO","thread":"BftProcessorExecutor-QBFT-0","class":"QbftBesuControllerBuilder","message":"Produced #307 / 0 tx / 0 pending / 0 (0.0%) gas / (0x08535ede0990a3e34db8148db5857e4b34306fead9addb11a5b169acf34ffa7a)","throwable":""}
{"timestamp":"2025-11-07T16:03:40,217","container":"9ef00bd2fa1f","level":"INFO","thread":"BftProcessorExecutor-QBFT-0","class":"QbftBesuControllerBuilder","message":"Imported #308 / 0 tx / 0 pending / 0 (0.0%) gas / (0x1e9852923b7db4f6d0b642324d8eaf09086f30d0005a2382e4b61018c6602a47)","throwable":""}
{"timestamp":"2025-11-07T16:03:48,011","container":"9ef00bd2fa1f","level":"INFO","thread":"BftProcessorExecutor-QBFT-0","class":"QbftBesuControllerBuilder","message":"Imported #309 / 0 tx / 0 pending / 0 (0.0%) gas / (0x6e582cc3cb1dbd10917f967c3ed3e5c25cec5476d997298a68954ec4801b8847)","throwable":""}
{"timestamp":"2025-11-07T16:03:56,007","container":"9ef00bd2fa1f","level":"INFO","thread":"BftProcessorExecutor-QBFT-0","class":"QbftBesuControllerBuilder","message":"Imported #310 / 0 tx / 0 pending / 0 (0.0%) gas / (0xf16cf468c5dbdd42b7ba9637534c289785fdd4a19c7afec6bcce13417a373f3a)","throwable":""}
{"timestamp":"2025-11-07T16:04:04,012","container":"9ef00bd2fa1f","level":"INFO","thread":"EthScheduler-Workers-0","class":"PersistBlockTask","message":"Block 311 (0x14efd14f4e73426eaa29dbb7b7ad24177387de669f9a089728508f82bb6ffaeb) is already imported","throwable":""}
{"timestamp":"2025-11-07T16:04:04,012","container":"9ef00bd2fa1f","level":"INFO","thread":"BftProcessorExecutor-QBFT-0","class":"QbftBesuControllerBuilder","message":"Produced #311 / 0 tx / 0 pending / 0 (0.0%) gas / (0x14efd14f4e73426eaa29dbb7b7ad24177387de669f9a089728508f82bb6ffaeb)","throwable":""}
{"timestamp":"2025-11-07T16:04:13,331","container":"9ef00bd2fa1f","level":"INFO","thread":"BftProcessorExecutor-QBFT-0","class":"QbftBesuControllerBuilder","message":"Imported #312 / 0 tx / 0 pending / 0 (0.0%) gas / (0x76d40305939cf687ee183568be41ca11e7f38872a9f296aad3e1c465266d8eac)","throwable":""}
{"timestamp":"2025-11-07T16:04:21,014","container":"9ef00bd2fa1f","level":"INFO","thread":"EthScheduler-Workers-0","class":"PersistBlockTask","message":"Imported #313 / 0 tx / 0 om / 0 (0.0%) gas / (0xc81ec6fcdcd6988795be6bc6f08819c0748338362938995028f60b3962d4abfe) in 0.001s. Peers: 5","throwable":""}
{"timestamp":"2025-11-07T16:04:21,014","container":"9ef00bd2fa1f","level":"INFO","thread":"BftProcessorExecutor-QBFT-0","class":"QbftBesuControllerBuilder","message":"Imported #313 / 0 tx / 0 pending / 0 (0.0%) gas / (0xc81ec6fcdcd6988795be6bc6f08819c0748338362938995028f60b3962d4abfe)","throwable":""}
{"timestamp":"2025-11-07T16:04:29,011","container":"9ef00bd2fa1f","level":"INFO","thread":"EthScheduler-Workers-0","class":"PersistBlockTask","message":"Block 314 (0x7b8b745f3f44162139fa738aaa6e563e9df2ef5f12f9445266150046af6fb8e4) is already imported","throwable":""}
{"timestamp":"2025-11-07T16:04:29,011","container":"9ef00bd2fa1f","level":"INFO","thread":"BftProcessorExecutor-QBFT-0","class":"QbftBesuControllerBuilder","message":"Imported #314 / 0 tx / 0 pending / 0 (0.0%) gas / (0x7b8b745f3f44162139fa738aaa6e563e9df2ef5f12f9445266150046af6fb8e4)","throwable":""}
{"timestamp":"2025-11-07T16:04:37,008","container":"9ef00bd2fa1f","level":"INFO","thread":"BftProcessorExecutor-QBFT-0","class":"QbftBesuControllerBuilder","message":"Produced #315 / 0 tx / 0 pending / 0 (0.0%) gas / (0x9bbdcdbc35252428066da625428255fed34a0728aa5e70f628df3907d00c7dbd)","throwable":""}
{"timestamp":"2025-11-07T16:04:46,272","container":"9ef00bd2fa1f","level":"INFO","thread":"BftProcessorExecutor-QBFT-0","class":"QbftBesuControllerBuilder","message":"Imported #316 / 0 tx / 0 pending / 0 (0.0%) gas / (0x9d263edb9a8f4441427779c15946b41794628053340bca9f44b7efd4f6d6f69b)","throwable":""}
{"timestamp":"2025-11-07T16:04:54,008","container":"9ef00bd2fa1f","level":"INFO","thread":"BftProcessorExecutor-QBFT-0","class":"QbftBesuControllerBuilder","message":"Imported #317 / 0 tx / 0 pending / 0 (0.0%) gas / (0xdc82c240a9e26bf51c8c9d871d5e43e4f0159e759d1a81fbc82e839efd27003e)","throwable":""}
{"timestamp":"2025-11-07T16:05:02,011","container":"9ef00bd2fa1f","level":"INFO","thread":"BftProcessorExecutor-QBFT-0","class":"QbftBesuControllerBuilder","message":"Imported #318 / 0 tx / 0 pending / 0 (0.0%) gas / (0x8659129e07a890482193444f6ae14cf8d517c3c7f2997db55f7e0f33323b71a6)","throwable":""}
{"timestamp":"2025-11-07T16:05:10,009","container":"9ef00bd2fa1f","level":"INFO","thread":"BftProcessorExecutor-QBFT-0","class":"QbftBesuControllerBuilder","message":"Produced #319 / 0 tx / 0 pending / 0 (0.0%) gas / (0x8aadd9ebe3ad05264fcfe874a3397659b4ec1e15f83cd1b5636c636c6b3b5e7f)","throwable":""}
{"timestamp":"2025-11-07T16:05:19,366","container":"9ef00bd2fa1f","level":"INFO","thread":"EthScheduler-Workers-0","class":"PersistBlockTask","message":"Imported #320 / 0 tx / 0 om / 0 (0.0%) gas / (0x9397386a9344e445620bb40d07ca7dc031a06bdf03d6e39aefe5dd5f7ceb651a) in 0.001s. Peers: 5","throwable":""}
{"timestamp":"2025-11-07T16:05:27,009","container":"9ef00bd2fa1f","level":"INFO","thread":"BftProcessorExecutor-QBFT-0","class":"QbftBesuControllerBuilder","message":"Imported #321 / 0 tx / 0 pending / 0 (0.0%) gas / (0xc343e2139208daabeb4e746b392037bdaa1a555de3aac744677c5e60eaff4c31)","throwable":""}
{"timestamp":"2025-11-07T16:05:35,007","container":"9ef00bd2fa1f","level":"INFO","thread":"BftProcessorExecutor-QBFT-0","class":"QbftBesuControllerBuilder","message":"Imported #322 / 0 tx / 0 pending / 0 (0.0%) gas / (0x6206f74170a01c1ed25875a09489cf976c9c1a96747fc1fe68ca23f8788238b3)","throwable":""}
{"timestamp":"2025-11-07T16:05:43,012","container":"9ef00bd2fa1f","level":"INFO","thread":"EthScheduler-Workers-0","class":"PersistBlockTask","message":"Block 323 (0x56116ae655aa262c54a1e8ee53d03946910e27a3ecf88b18e33db0c6e7c9231c) is already imported","throwable":""}
{"timestamp":"2025-11-07T16:05:43,013","container":"9ef00bd2fa1f","level":"INFO","thread":"BftProcessorExecutor-QBFT-0","class":"QbftBesuControllerBuilder","message":"Produced #323 / 0 tx / 0 pending / 0 (0.0%) gas / (0x56116ae655aa262c54a1e8ee53d03946910e27a3ecf88b18e33db0c6e7c9231c)","throwable":""}
{"timestamp":"2025-11-07T16:05:52,313","container":"9ef00bd2fa1f","level":"INFO","thread":"BftProcessorExecutor-QBFT-0","class":"QbftBesuControllerBuilder","message":"Imported #324 / 0 tx / 0 pending / 0 (0.0%) gas / (0xe1a39c9035ac4e28f2c0554ac23f0040ef4935687de6c7586c757e0b3511280f)","throwable":""}
{"timestamp":"2025-11-07T16:06:00,009","container":"9ef00bd2fa1f","level":"INFO","thread":"BftProcessorExecutor-QBFT-0","class":"QbftBesuControllerBuilder","message":"Imported #325 / 0 tx / 0 pending / 0 (0.0%) gas / (0x12514e908a6d2e8cfe490d17f55adf4fcdcfc1f7aa804b5199556a80d1ba39f1)","throwable":""}
{"timestamp":"2025-11-07T16:06:08,010","container":"9ef00bd2fa1f","level":"INFO","thread":"EthScheduler-Workers-0","class":"PersistBlockTask","message":"Block 326 (0xb9dcbfd684f8918984884823f8bbf6511415f3b3ae4aa0782a60288e8ebd8262) is already imported","throwable":""}
{"timestamp":"2025-11-07T16:06:08,010","container":"9ef00bd2fa1f","level":"INFO","thread":"BftProcessorExecutor-QBFT-0","class":"QbftBesuControllerBuilder","message":"Imported #326 / 0 tx / 0 pending / 0 (0.0%) gas / (0xb9dcbfd684f8918984884823f8bbf6511415f3b3ae4aa0782a60288e8ebd8262)","throwable":""}
{"timestamp":"2025-11-07T16:06:16,010","container":"9ef00bd2fa1f","level":"INFO","thread":"BftProcessorExecutor-QBFT-0","class":"QbftBesuControllerBuilder","message":"Produced #327 / 0 tx / 0 pending / 0 (0.0%) gas / (0xae8c3a9b3e2b6edd611e790e86efb21a27ec66a013ebd1d67401b8e98e95079f)","throwable":""}
{"timestamp":"2025-11-07T16:06:24,010","container":"9ef00bd2fa1f","level":"INFO","thread":"BftProcessorExecutor-QBFT-0","class":"QbftBesuControllerBuilder","message":"Imported #328 / 0 tx / 0 pending / 0 (0.0%) gas / (0x3df147b63d156f72bee77504a1d2198a48b6913bffdadacc491bd7ca78c99d89)","throwable":""}
{"timestamp":"2025-11-07T16:06:33,291","container":"9ef00bd2fa1f","level":"INFO","thread":"BftProcessorExecutor-QBFT-0","class":"QbftBesuControllerBuilder","message":"Imported #329 / 0 tx / 0 pending / 0 (0.0%) gas / (0xb86d0d02deb69d7353972791aca8d890e211623aba0a46ff62e16da0900a70b9)","throwable":""}
{"timestamp":"2025-11-07T16:06:41,009","container":"9ef00bd2fa1f","level":"INFO","thread":"BftProcessorExecutor-QBFT-0","class":"QbftBesuControllerBuilder","message":"Imported #330 / 0 tx / 0 pending / 0 (0.0%) gas / (0x2c5e00de096c843e0414163fe9cfb4ff14bed2eb3cb51d0bba8cd8087a7aecb4)","throwable":""}
{"timestamp":"2025-11-07T16:06:49,007","container":"9ef00bd2fa1f","level":"INFO","thread":"BftProcessorExecutor-QBFT-0","class":"QbftBesuControllerBuilder","message":"Produced #331 / 0 tx / 0 pending / 0 (0.0%) gas / (0xc6a0d7d2b879a084cb5b5e6e025182c8cc534d0cb0fb7cc6a7e201456b45bf50)","throwable":""}
{"timestamp":"2025-11-07T16:06:57,007","container":"9ef00bd2fa1f","level":"INFO","thread":"BftProcessorExecutor-QBFT-0","class":"QbftBesuControllerBuilder","message":"Imported #332 / 0 tx / 0 pending / 0 (0.0%) gas / (0xafa1ad0f4f39f14974988419e20858479f0b645354a8f7d6ed7559b8d053c977)","throwable":""}
{"timestamp":"2025-11-07T16:07:06,379","container":"9ef00bd2fa1f","level":"INFO","thread":"EthScheduler-Workers-0","class":"PersistBlockTask","message":"Block 333 (0x86131885943b3028fce88e5b7d39c9f58f6368cab0beeed79380078f76f80eb8) is already imported","throwable":""}
{"timestamp":"2025-11-07T16:07:06,379","container":"9ef00bd2fa1f","level":"INFO","thread":"BftProcessorExecutor-QBFT-0","class":"QbftBesuControllerBuilder","message":"Imported #333 / 0 tx / 0 pending / 0 (0.0%) gas / (0x86131885943b3028fce88e5b7d39c9f58f6368cab0beeed79380078f76f80eb8)","throwable":""}
{"timestamp":"2025-11-07T16:07:14,011","container":"9ef00bd2fa1f","level":"INFO","thread":"EthScheduler-Workers-0","class":"PersistBlockTask","message":"Block 334 (0xbc2e74f17c3ce11b8096830372179bee13256621684277c877af8ced3c5787b5) is already imported","throwable":""}
{"timestamp":"2025-11-07T16:07:14,011","container":"9ef00bd2fa1f","level":"INFO","thread":"BftProcessorExecutor-QBFT-0","class":"QbftBesuControllerBuilder","message":"Imported #334 / 0 tx / 0 pending / 0 (0.0%) gas / (0xbc2e74f17c3ce11b8096830372179bee13256621684277c877af8ced3c5787b5)","throwable":""}
{"timestamp":"2025-11-07T16:07:22,009","container":"9ef00bd2fa1f","level":"INFO","thread":"EthScheduler-Workers-0","class":"PersistBlockTask","message":"Block 335 (0xa1df890275074970d0ea4a990a49cc7d2acff5fbb5300ce6291317e897c53021) is already imported","throwable":""}
{"timestamp":"2025-11-07T16:07:22,010","container":"9ef00bd2fa1f","level":"INFO","thread":"BftProcessorExecutor-QBFT-0","class":"QbftBesuControllerBuilder","message":"Produced #335 / 0 tx / 0 pending / 0 (0.0%) gas / (0xa1df890275074970d0ea4a990a49cc7d2acff5fbb5300ce6291317e897c53021)","throwable":""}
{"timestamp":"2025-11-07T16:07:30,009","container":"9ef00bd2fa1f","level":"INFO","thread":"BftProcessorExecutor-QBFT-0","class":"QbftBesuControllerBuilder","message":"Imported #336 / 0 tx / 0 pending / 0 (0.0%) gas / (0xd5021c9509a1b156d692518e380538c8033a9143badf042147f305f02bfaa579)","throwable":""}
{"timestamp":"2025-11-07T16:07:39,331","container":"9ef00bd2fa1f","level":"INFO","thread":"EthScheduler-Workers-0","class":"PersistBlockTask","message":"Block 337 (0x7649b69172eee8c61049a8a9cd51a60cd474a0a4854703de0c12a3c0a7d762a4) is already imported","throwable":""}
{"timestamp":"2025-11-07T16:07:39,331","container":"9ef00bd2fa1f","level":"INFO","thread":"BftProcessorExecutor-QBFT-0","class":"QbftBesuControllerBuilder","message":"Imported #337 / 0 tx / 0 pending / 0 (0.0%) gas / (0x7649b69172eee8c61049a8a9cd51a60cd474a0a4854703de0c12a3c0a7d762a4)","throwable":""}
{"timestamp":"2025-11-07T16:07:47,006","container":"9ef00bd2fa1f","level":"INFO","thread":"BftProcessorExecutor-QBFT-0","class":"QbftBesuControllerBuilder","message":"Imported #338 / 0 tx / 0 pending / 0 (0.0%) gas / (0xd4719991db7380ddb05451fe321bf4ec65732be238d226b85948f70d47e372e6)","throwable":""}
{"timestamp":"2025-11-07T16:07:55,007","container":"9ef00bd2fa1f","level":"INFO","thread":"BftProcessorExecutor-QBFT-0","class":"QbftBesuControllerBuilder","message":"Produced #339 / 0 tx / 0 pending / 0 (0.0%) gas / (0x5812fe13e34c10e5c2afa7bac24f7c886bf0170da259ea14d706cb2006861cb7)","throwable":""}
{"timestamp":"2025-11-07T16:08:03,010","container":"9ef00bd2fa1f","level":"INFO","thread":"EthScheduler-Workers-0","class":"PersistBlockTask","message":"Block 340 (0x23e9644f2076c978ba4d7c4272e7ce4e2e81bfa7feb3d61a04d1cb3abf4c3201) is already imported","throwable":""}
{"timestamp":"2025-11-07T16:08:03,010","container":"9ef00bd2fa1f","level":"INFO","thread":"BftProcessorExecutor-QBFT-0","class":"QbftBesuControllerBuilder","message":"Imported #340 / 0 tx / 0 pending / 0 (0.0%) gas / (0x23e9644f2076c978ba4d7c4272e7ce4e2e81bfa7feb3d61a04d1cb3abf4c3201)","throwable":""}
{"timestamp":"2025-11-07T16:08:12,282","container":"9ef00bd2fa1f","level":"INFO","thread":"BftProcessorExecutor-QBFT-0","class":"QbftBesuControllerBuilder","message":"Imported #341 / 0 tx / 0 pending / 0 (0.0%) gas / (0xd2047aa2d9e62d7c36f0e0477752e7da93af90413cbdaddb686c37ea84d80063)","throwable":""}
{"timestamp":"2025-11-07T16:08:20,008","container":"9ef00bd2fa1f","level":"INFO","thread":"BftProcessorExecutor-QBFT-0","class":"QbftBesuControllerBuilder","message":"Imported #342 / 0 tx / 0 pending / 0 (0.0%) gas / (0x1a229b3ddde32d950f3289caf5b2a8afa56811de5c2e6b3163783f0af05b2b9d)","throwable":""}
{"timestamp":"2025-11-07T16:08:28,009","container":"9ef00bd2fa1f","level":"INFO","thread":"BftProcessorExecutor-QBFT-0","class":"QbftBesuControllerBuilder","message":"Produced #343 / 0 tx / 0 pending / 0 (0.0%) gas / (0x7b2e8c4e155574a628ad82a6d94616f768e33d4daf144f7e6e0fc364acd1e13f)","throwable":""}
{"timestamp":"2025-11-07T16:08:36,008","container":"9ef00bd2fa1f","level":"INFO","thread":"BftProcessorExecutor-QBFT-0","class":"QbftBesuControllerBuilder","message":"Imported #344 / 0 tx / 0 pending / 0 (0.0%) gas / (0x0e4e680a09f28507abe98e3d7514cba9a5d8244cdf1adbc608e233c3b1b5d38f)","throwable":""}
{"timestamp":"2025-11-07T16:08:45,372","container":"9ef00bd2fa1f","level":"INFO","thread":"BftProcessorExecutor-QBFT-0","class":"QbftBesuControllerBuilder","message":"Imported #345 / 0 tx / 0 pending / 0 (0.0%) gas / (0xee265f6c7699e4132125939a28e23cce241d1d427216812411f2bd1137a8fe59)","throwable":""}
{"timestamp":"2025-11-07T16:08:53,008","container":"9ef00bd2fa1f","level":"INFO","thread":"BftProcessorExecutor-QBFT-0","class":"QbftBesuControllerBuilder","message":"Imported #346 / 0 tx / 0 pending / 0 (0.0%) gas / (0xc94f247da04c9d265fe0d8330ec20a23fae978127b3b69e91cb09bde774346f6)","throwable":""}
{"timestamp":"2025-11-07T16:09:01,008","container":"9ef00bd2fa1f","level":"INFO","thread":"BftProcessorExecutor-QBFT-0","class":"QbftBesuControllerBuilder","message":"Produced #347 / 0 tx / 0 pending / 0 (0.0%) gas / (0xbe2fd7c1341d631a384e84707ddb097ae466b524ecdc8963ef2cc30a8d556be7)","throwable":""}
{"timestamp":"2025-11-07T16:09:09,008","container":"9ef00bd2fa1f","level":"INFO","thread":"BftProcessorExecutor-QBFT-0","class":"QbftBesuControllerBuilder","message":"Imported #348 / 0 tx / 0 pending / 0 (0.0%) gas / (0xe0464771270c805998e80cfb96b1715fafa6135a69893709070624f3474515dd)","throwable":""}
{"timestamp":"2025-11-07T16:09:18,244","container":"9ef00bd2fa1f","level":"INFO","thread":"BftProcessorExecutor-QBFT-0","class":"QbftBesuControllerBuilder","message":"Imported #349 / 0 tx / 0 pending / 0 (0.0%) gas / (0x31ad347a24c9254046911193a20b08e5332df34622508930cc8d1020ea5e55de)","throwable":""}
{"timestamp":"2025-11-07T16:09:26,007","container":"9ef00bd2fa1f","level":"INFO","thread":"BftProcessorExecutor-QBFT-0","class":"QbftBesuControllerBuilder","message":"Imported #350 / 0 tx / 0 pending / 0 (0.0%) gas / (0x89cc954e987cc57246193b9d824f8cd73c2f68cd96d0c21ffe2e61ef7764394d)","throwable":""}
{"timestamp":"2025-11-07T16:09:34,006","container":"9ef00bd2fa1f","level":"INFO","thread":"BftProcessorExecutor-QBFT-0","class":"QbftBesuControllerBuilder","message":"Produced #351 / 0 tx / 0 pending / 0 (0.0%) gas / (0x0bac53f900a37fd9290be252e953a03fbefd34c7891ceb76ea326fb5a136a62d)","throwable":""}
{"timestamp":"2025-11-07T16:09:42,007","container":"9ef00bd2fa1f","level":"INFO","thread":"BftProcessorExecutor-QBFT-0","class":"QbftBesuControllerBuilder","message":"Imported #352 / 0 tx / 0 pending / 0 (0.0%) gas / (0x9ff2f3b60ab89d8263d1090d64bad0549c65609ae4860b1186e8a67502b9cb00)","throwable":""}
{"timestamp":"2025-11-07T16:09:51,183","container":"9ef00bd2fa1f","level":"INFO","thread":"EthScheduler-Workers-0","class":"PersistBlockTask","message":"Imported #353 / 0 tx / 0 om / 0 (0.0%) gas / (0x64e93360f483e0053b042d9041c0fb163f7f7ba590b10236356a605923243354) in 0.002s. Peers: 5","throwable":""}
{"timestamp":"2025-11-07T20:05:27,675","container":"9ef00bd2fa1f","level":"INFO","thread":"BftProcessorExecutor-QBFT-0","class":"QbftBesuControllerBuilder","message":"Imported #354 / 0 tx / 0 pending / 0 (0.0%) gas / (0x8e55b0dee79d51a894a74c6274fdef6201b5c2f0ba787588b864fee22860abec)","throwable":""}
{"timestamp":"2025-11-07T20:05:36,010","container":"9ef00bd2fa1f","level":"INFO","thread":"BftProcessorExecutor-QBFT-0","class":"QbftBesuControllerBuilder","message":"Produced #355 / 0 tx / 0 pending / 0 (0.0%) gas / (0x43d49d2d864dcafa499e230539b256b6079e1b1be2491c8860138419cec30c57)","throwable":""}
{"timestamp":"2025-11-07T20:05:44,579","container":"9ef00bd2fa1f","level":"INFO","thread":"BftProcessorExecutor-QBFT-0","class":"QbftBesuControllerBuilder","message":"Imported #356 / 0 tx / 0 pending / 0 (0.0%) gas / (0xaa768baca24f575720abe81631ad4dd464f96dc3e359c944457166866e5c3bae)","throwable":""}
{"timestamp":"2025-11-07T20:05:53,009","container":"9ef00bd2fa1f","level":"INFO","thread":"BftProcessorExecutor-QBFT-0","class":"QbftBesuControllerBuilder","message":"Imported #357 / 0 tx / 0 pending / 0 (0.0%) gas / (0x08b94e54a037155ba35298e1525076492fa4329ab767ac352e86dd36439c6dbe)","throwable":""}
{"timestamp":"2025-11-07T20:06:01,012","container":"9ef00bd2fa1f","level":"INFO","thread":"BftProcessorExecutor-QBFT-0","class":"QbftBesuControllerBuilder","message":"Imported #358 / 0 tx / 0 pending / 0 (0.0%) gas / (0xd93f8fabf0208ab7f7dbadef2b4f10fa0a7d346dea4456c43bc5ec564aa822d9)","throwable":""}
{"timestamp":"2025-11-07T20:06:09,010","container":"9ef00bd2fa1f","level":"INFO","thread":"EthScheduler-Workers-0","class":"PersistBlockTask","message":"Block 359 (0x69d64fbcf0aed7d3c90ce9b1573f670ec4a034f04096baee7f13efd3c77e70b8) is already imported","throwable":""}
{"timestamp":"2025-11-07T20:06:09,010","container":"9ef00bd2fa1f","level":"INFO","thread":"BftProcessorExecutor-QBFT-0","class":"QbftBesuControllerBuilder","message":"Produced #359 / 0 tx / 0 pending / 0 (0.0%) gas / (0x69d64fbcf0aed7d3c90ce9b1573f670ec4a034f04096baee7f13efd3c77e70b8)","throwable":""}
{"timestamp":"2025-11-07T20:06:17,711","container":"9ef00bd2fa1f","level":"INFO","thread":"BftProcessorExecutor-QBFT-0","class":"QbftBesuControllerBuilder","message":"Imported #360 / 0 tx / 0 pending / 0 (0.0%) gas / (0x9440a1e54ec4cc33f57371b20b44236edcf9b38fb9e7dbeade05c7df7b3bb20b)","throwable":""}
{"timestamp":"2025-11-07T20:06:26,006","container":"9ef00bd2fa1f","level":"INFO","thread":"BftProcessorExecutor-QBFT-0","class":"QbftBesuControllerBuilder","message":"Imported #361 / 0 tx / 0 pending / 0 (0.0%) gas / (0xb6bb80b36f3e113060de42151f3f601a4977f13787f2fa367369900694210ff1)","throwable":""}
{"timestamp":"2025-11-07T20:06:34,007","container":"9ef00bd2fa1f","level":"INFO","thread":"BftProcessorExecutor-QBFT-0","class":"QbftBesuControllerBuilder","message":"Imported #362 / 0 tx / 0 pending / 0 (0.0%) gas / (0x6bc1bccb51b4871bfed0f2b7c57d1d77506ee32c6ae2761ae47e144fd2845461)","throwable":""}
{"timestamp":"2025-11-07T20:06:42,006","container":"9ef00bd2fa1f","level":"INFO","thread":"BftProcessorExecutor-QBFT-0","class":"QbftBesuControllerBuilder","message":"Produced #363 / 0 tx / 0 pending / 0 (0.0%) gas / (0x5cc97e07ce6711588350b6020346fd572af6c3c37af5d0a81d1e207e188588a0)","throwable":""}
{"timestamp":"2025-11-07T20:06:50,572","container":"9ef00bd2fa1f","level":"INFO","thread":"EthScheduler-Workers-0","class":"PersistBlockTask","message":"Block 364 (0x9ff591c0b851d1ac4049f9acf56c4dba794fd8cb5d4d457c2753c2e0ff6a7218) is already imported","throwable":""}
{"timestamp":"2025-11-07T20:06:50,572","container":"9ef00bd2fa1f","level":"INFO","thread":"BftProcessorExecutor-QBFT-0","class":"QbftBesuControllerBuilder","message":"Imported #364 / 0 tx / 0 pending / 0 (0.0%) gas / (0x9ff591c0b851d1ac4049f9acf56c4dba794fd8cb5d4d457c2753c2e0ff6a7218)","throwable":""}
{"timestamp":"2025-11-07T20:06:59,007","container":"9ef00bd2fa1f","level":"INFO","thread":"BftProcessorExecutor-QBFT-0","class":"QbftBesuControllerBuilder","message":"Imported #365 / 0 tx / 0 pending / 0 (0.0%) gas / (0xb3005d1bf787e826c5024f8d78598ff65adf2f696eeff38b8a0c4389ea8c7b4b)","throwable":""}
{"timestamp":"2025-11-07T20:07:07,008","container":"9ef00bd2fa1f","level":"INFO","thread":"BftProcessorExecutor-QBFT-0","class":"QbftBesuControllerBuilder","message":"Imported #366 / 0 tx / 0 pending / 0 (0.0%) gas / (0xd1e48a94a670e823e1033904c37fbae26741162595ccfae1811b691c77daab99)","throwable":""}
{"timestamp":"2025-11-07T20:07:15,669","container":"9ef00bd2fa1f","level":"INFO","thread":"BftProcessorExecutor-QBFT-0","class":"QbftBesuControllerBuilder","message":"Produced #367 / 0 tx / 0 pending / 0 (0.0%) gas / (0x6ed1c66c5138bf775ca5385c03286d3d53964683718cab4ff6932e6ea68dafb7)","throwable":""}
{"timestamp":"2025-11-07T20:07:23,009","container":"9ef00bd2fa1f","level":"INFO","thread":"BftProcessorExecutor-QBFT-0","class":"QbftBesuControllerBuilder","message":"Imported #368 / 0 tx / 0 pending / 0 (0.0%) gas / (0x6a08fd51f68639bf73a2de6e4d78d10d21d24b2457edbf6fff637ff96a2f670d)","throwable":""}
{"timestamp":"2025-11-07T20:07:31,007","container":"9ef00bd2fa1f","level":"INFO","thread":"BftProcessorExecutor-QBFT-0","class":"QbftBesuControllerBuilder","message":"Imported #369 / 0 tx / 0 pending / 0 (0.0%) gas / (0x0d7c64f71ff6d431171700dbba26646e3a791cb9a579950d84fa959e94a059e5)","throwable":""}
{"timestamp":"2025-11-07T20:07:39,008","container":"9ef00bd2fa1f","level":"INFO","thread":"BftProcessorExecutor-QBFT-0","class":"QbftBesuControllerBuilder","message":"Imported #370 / 0 tx / 0 pending / 0 (0.0%) gas / (0x2d39704a3cc30e7d4892878b3614b830eebd8cd95c114b9142abcd2b1078a31b)","throwable":""}
{"timestamp":"2025-11-07T20:07:47,008","container":"9ef00bd2fa1f","level":"INFO","thread":"BftProcessorExecutor-QBFT-0","class":"QbftBesuControllerBuilder","message":"Produced #371 / 0 tx / 0 pending / 0 (0.0%) gas / (0xdd245e1544205111717fba22d291c3a06a84def5b664e52c3160f9f5da839e29)","throwable":""}
{"timestamp":"2025-11-07T20:07:55,608","container":"9ef00bd2fa1f","level":"INFO","thread":"EthScheduler-Workers-0","class":"PersistBlockTask","message":"Imported #372 / 0 tx / 0 om / 0 (0.0%) gas / (0x43593a27a768bdd617c9d92d2d6e96bdb8e5b4def818979e88894f09c42f888f) in 0.001s. Peers: 5","throwable":""}
{"timestamp":"2025-11-07T20:07:55,610","container":"9ef00bd2fa1f","level":"INFO","thread":"BftProcessorExecutor-QBFT-0","class":"QbftBesuControllerBuilder","message":"Imported #372 / 0 tx / 0 pending / 0 (0.0%) gas / (0x43593a27a768bdd617c9d92d2d6e96bdb8e5b4def818979e88894f09c42f888f)","throwable":""}
{"timestamp":"2025-11-07T20:08:04,014","container":"9ef00bd2fa1f","level":"INFO","thread":"BftProcessorExecutor-QBFT-0","class":"QbftBesuControllerBuilder","message":"Imported #373 / 0 tx / 0 pending / 0 (0.0%) gas / (0x8f81b2e5b5ce8a01c70c0588d32750d03ab76665c1b88185f01a9cf510bbbca2)","throwable":""}
{"timestamp":"2025-11-07T20:08:12,013","container":"9ef00bd2fa1f","level":"INFO","thread":"BftProcessorExecutor-QBFT-0","class":"QbftBesuControllerBuilder","message":"Imported #374 / 0 tx / 0 pending / 0 (0.0%) gas / (0x37fd4d4af74f25bb02e9dab0c10a41f87a3dfa441487245622017e2f1e710b50)","throwable":""}
{"timestamp":"2025-11-07T20:08:20,022","container":"9ef00bd2fa1f","level":"INFO","thread":"BftProcessorExecutor-QBFT-0","class":"QbftBesuControllerBuilder","message":"Produced #375 / 0 tx / 0 pending / 0 (0.0%) gas / (0xa48ae4076d867d9a1b1ccf47807fdda730c91f53c44e523af644a1751b8b4d2a)","throwable":""}
{"timestamp":"2025-11-07T20:08:28,641","container":"9ef00bd2fa1f","level":"INFO","thread":"BftProcessorExecutor-QBFT-0","class":"QbftBesuControllerBuilder","message":"Imported #376 / 0 tx / 0 pending / 0 (0.0%) gas / (0x48ebea180cb7001c4e6d822b6fce23eb69aaccf138ffd9f7717292f1a620dc36)","throwable":""}
{"timestamp":"2025-11-07T20:08:37,013","container":"9ef00bd2fa1f","level":"INFO","thread":"EthScheduler-Workers-0","class":"PersistBlockTask","message":"Block 377 (0xab21ec72a0a8f5e3e6cad088cfd96f3b511f0075f9d687949603343db8b9e35f) is already imported","throwable":""}
{"timestamp":"2025-11-07T20:08:37,014","container":"9ef00bd2fa1f","level":"INFO","thread":"BftProcessorExecutor-QBFT-0","class":"QbftBesuControllerBuilder","message":"Imported #377 / 0 tx / 0 pending / 0 (0.0%) gas / (0xab21ec72a0a8f5e3e6cad088cfd96f3b511f0075f9d687949603343db8b9e35f)","throwable":""}
{"timestamp":"2025-11-07T20:08:45,011","container":"9ef00bd2fa1f","level":"INFO","thread":"EthScheduler-Workers-0","class":"PersistBlockTask","message":"Block 378 (0x772a6b84e47e85a7715b7bb85f85087880aa89720f234f0f4ff805ccd575422a) is already imported","throwable":""}
{"timestamp":"2025-11-07T20:08:45,011","container":"9ef00bd2fa1f","level":"INFO","thread":"BftProcessorExecutor-QBFT-0","class":"QbftBesuControllerBuilder","message":"Imported #378 / 0 tx / 0 pending / 0 (0.0%) gas / (0x772a6b84e47e85a7715b7bb85f85087880aa89720f234f0f4ff805ccd575422a)","throwable":""}
{"timestamp":"2025-11-07T20:08:53,009","container":"9ef00bd2fa1f","level":"INFO","thread":"BftProcessorExecutor-QBFT-0","class":"QbftBesuControllerBuilder","message":"Produced #379 / 0 tx / 0 pending / 0 (0.0%) gas / (0xf685fb0a6fd85b3069c77f0004fa1b820df7e4f77df551962f0aea0a98cf086d)","throwable":""}
{"timestamp":"2025-11-07T20:09:01,652","container":"9ef00bd2fa1f","level":"INFO","thread":"BftProcessorExecutor-QBFT-0","class":"QbftBesuControllerBuilder","message":"Imported #380 / 0 tx / 0 pending / 0 (0.0%) gas / (0x0af1ff36536f51f2ce39936d2ded0728d152f208e24ea63bdaf6e2d6d9b06b88)","throwable":""}
{"timestamp":"2025-11-07T20:09:10,007","container":"9ef00bd2fa1f","level":"INFO","thread":"BftProcessorExecutor-QBFT-0","class":"QbftBesuControllerBuilder","message":"Imported #381 / 0 tx / 0 pending / 0 (0.0%) gas / (0xc61d83c9f2d41a1ceb4f14815a610d2eaaba8a06eb362761b0fd0a5aca807400)","throwable":""}
{"timestamp":"2025-11-07T20:09:18,022","container":"9ef00bd2fa1f","level":"INFO","thread":"BftProcessorExecutor-QBFT-0","class":"QbftBesuControllerBuilder","message":"Imported #382 / 0 tx / 0 pending / 0 (0.0%) gas / (0xbc757ae07eb64d19dc0a6d87df31567ed00af17c0d4d6cb7e19d7fb6e5defbcd)","throwable":""}
{"timestamp":"2025-11-07T20:09:18,023","container":"9ef00bd2fa1f","level":"INFO","thread":"EthScheduler-Workers-0","class":"PersistBlockTask","message":"Block 382 (0xbc757ae07eb64d19dc0a6d87df31567ed00af17c0d4d6cb7e19d7fb6e5defbcd) is already imported","throwable":""}
{"timestamp":"2025-11-07T20:09:26,008","container":"9ef00bd2fa1f","level":"INFO","thread":"BftProcessorExecutor-QBFT-0","class":"QbftBesuControllerBuilder","message":"Produced #383 / 0 tx / 0 pending / 0 (0.0%) gas / (0x657dad8b4e2840c8addf8b9982ad9b51872b6d8c278abc2d15b8d3badf9e1048)","throwable":""}
{"timestamp":"2025-11-07T20:09:34,658","container":"9ef00bd2fa1f","level":"INFO","thread":"BftProcessorExecutor-QBFT-0","class":"QbftBesuControllerBuilder","message":"Imported #384 / 0 tx / 0 pending / 0 (0.0%) gas / (0xf6bb3b8a37414c494559d7c5c49fbbee2a11a26449c43c0b07c300c799d542b5)","throwable":""}
{"timestamp":"2025-11-07T20:09:43,009","container":"9ef00bd2fa1f","level":"INFO","thread":"BftProcessorExecutor-QBFT-0","class":"QbftBesuControllerBuilder","message":"Imported #385 / 0 tx / 0 pending / 0 (0.0%) gas / (0x99a1c9396568dd1ed2b449b55efa1b18872b9248b5c25e9d75b34a911e855af0)","throwable":""}
{"timestamp":"2025-11-07T20:09:51,008","container":"9ef00bd2fa1f","level":"INFO","thread":"BftProcessorExecutor-QBFT-0","class":"QbftBesuControllerBuilder","message":"Imported #386 / 0 tx / 0 pending / 0 (0.0%) gas / (0x5609c1785f3e05d37f3e4fdc80482c303b1a11b1423a4c00e47260c8fc46e3d6)","throwable":""}
{"timestamp":"2025-11-07T20:09:59,010","container":"9ef00bd2fa1f","level":"INFO","thread":"EthScheduler-Workers-0","class":"PersistBlockTask","message":"Block 387 (0x73b70b9347bb40f646f6e581a89657a6f179caac7ab35472252c1076e88de150) is already imported","throwable":""}
{"timestamp":"2025-11-07T20:09:59,010","container":"9ef00bd2fa1f","level":"INFO","thread":"BftProcessorExecutor-QBFT-0","class":"QbftBesuControllerBuilder","message":"Produced #387 / 0 tx / 0 pending / 0 (0.0%) gas / (0x73b70b9347bb40f646f6e581a89657a6f179caac7ab35472252c1076e88de150)","throwable":""}
{"timestamp":"2025-11-07T20:10:07,639","container":"9ef00bd2fa1f","level":"INFO","thread":"EthScheduler-Workers-0","class":"PersistBlockTask","message":"Block 388 (0x501d54f58f346e148a85f0716abf075e02f414084ed81224040240427301c357) is already imported","throwable":""}
{"timestamp":"2025-11-07T20:10:07,639","container":"9ef00bd2fa1f","level":"INFO","thread":"BftProcessorExecutor-QBFT-0","class":"QbftBesuControllerBuilder","message":"Imported #388 / 0 tx / 0 pending / 0 (0.0%) gas / (0x501d54f58f346e148a85f0716abf075e02f414084ed81224040240427301c357)","throwable":""}
{"timestamp":"2025-11-07T20:10:16,010","container":"9ef00bd2fa1f","level":"INFO","thread":"EthScheduler-Workers-0","class":"PersistBlockTask","message":"Block 389 (0x08b995df19f9d1339d96fbfabccb7bf6e8865181d8ec85edd9952eee8b004bac) is already imported","throwable":""}
{"timestamp":"2025-11-07T20:10:16,010","container":"9ef00bd2fa1f","level":"INFO","thread":"BftProcessorExecutor-QBFT-0","class":"QbftBesuControllerBuilder","message":"Imported #389 / 0 tx / 0 pending / 0 (0.0%) gas / (0x08b995df19f9d1339d96fbfabccb7bf6e8865181d8ec85edd9952eee8b004bac)","throwable":""}
{"timestamp":"2025-11-07T20:10:24,008","container":"9ef00bd2fa1f","level":"INFO","thread":"BftProcessorExecutor-QBFT-0","class":"QbftBesuControllerBuilder","message":"Imported #390 / 0 tx / 0 pending / 0 (0.0%) gas / (0x265dc48e8d444303f6b7cd15f5dc5bfaf8b2b9ea46d2be3ea39797fc31d5998d)","throwable":""}
{"timestamp":"2025-11-07T20:10:32,007","container":"9ef00bd2fa1f","level":"INFO","thread":"BftProcessorExecutor-QBFT-0","class":"QbftBesuControllerBuilder","message":"Produced #391 / 0 tx / 0 pending / 0 (0.0%) gas / (0x80625b10a96dd404fe8ae1e768119e86df2a35a7a6a498aa2ff2f7fa11268fed)","throwable":""}
{"timestamp":"2025-11-07T20:10:40,633","container":"9ef00bd2fa1f","level":"INFO","thread":"BftProcessorExecutor-QBFT-0","class":"QbftBesuControllerBuilder","message":"Imported #392 / 0 tx / 0 pending / 0 (0.0%) gas / (0x55eefb1df456b75e2c973229295c6d62b0f10a9626174aa3f123c13b1ce491ef)","throwable":""}
{"timestamp":"2025-11-07T20:10:49,013","container":"9ef00bd2fa1f","level":"INFO","thread":"EthScheduler-Workers-0","class":"PersistBlockTask","message":"Block 393 (0x2b4c80e22977f5c7390942bec93e00b5ad207eca5ff8d7717fdf0f576e6c0f02) is already imported","throwable":""}
{"timestamp":"2025-11-07T20:10:49,013","container":"9ef00bd2fa1f","level":"INFO","thread":"BftProcessorExecutor-QBFT-0","class":"QbftBesuControllerBuilder","message":"Imported #393 / 0 tx / 0 pending / 0 (0.0%) gas / (0x2b4c80e22977f5c7390942bec93e00b5ad207eca5ff8d7717fdf0f576e6c0f02)","throwable":""}
{"timestamp":"2025-11-07T20:10:57,009","container":"9ef00bd2fa1f","level":"INFO","thread":"EthScheduler-Workers-0","class":"PersistBlockTask","message":"Block 394 (0x755ba1985d5810746bf1e31205c824affa1e5a7bc8b2f58b0ea83edb1cf488f7) is already imported","throwable":""}
{"timestamp":"2025-11-07T20:10:57,009","container":"9ef00bd2fa1f","level":"INFO","thread":"BftProcessorExecutor-QBFT-0","class":"QbftBesuControllerBuilder","message":"Imported #394 / 0 tx / 0 pending / 0 (0.0%) gas / (0x755ba1985d5810746bf1e31205c824affa1e5a7bc8b2f58b0ea83edb1cf488f7)","throwable":""}
{"timestamp":"2025-11-07T20:11:05,008","container":"9ef00bd2fa1f","level":"INFO","thread":"EthScheduler-Workers-0","class":"PersistBlockTask","message":"Block 395 (0x46453e64ff230c2f4855ea3dc500c2789357cde4d1860ce7e81d43fe9578c22f) is already imported","throwable":""}
{"timestamp":"2025-11-07T20:11:05,008","container":"9ef00bd2fa1f","level":"INFO","thread":"BftProcessorExecutor-QBFT-0","class":"QbftBesuControllerBuilder","message":"Produced #395 / 0 tx / 0 pending / 0 (0.0%) gas / (0x46453e64ff230c2f4855ea3dc500c2789357cde4d1860ce7e81d43fe9578c22f)","throwable":""}
{"timestamp":"2025-11-07T20:11:13,860","container":"9ef00bd2fa1f","level":"INFO","thread":"EthScheduler-Workers-0","class":"PersistBlockTask","message":"Block 396 (0x34a15a47c1886fd273b5394fc2e11197753a3bc4c45fd78a608011975ca17327) is already imported","throwable":""}
{"timestamp":"2025-11-07T20:11:13,860","container":"9ef00bd2fa1f","level":"INFO","thread":"BftProcessorExecutor-QBFT-0","class":"QbftBesuControllerBuilder","message":"Imported #396 / 0 tx / 0 pending / 0 (0.0%) gas / (0x34a15a47c1886fd273b5394fc2e11197753a3bc4c45fd78a608011975ca17327)","throwable":""}
{"timestamp":"2025-11-07T20:11:22,007","container":"9ef00bd2fa1f","level":"INFO","thread":"BftProcessorExecutor-QBFT-0","class":"QbftBesuControllerBuilder","message":"Imported #397 / 0 tx / 0 pending / 0 (0.0%) gas / (0x7a857061ed05e7baabf49cf971f7328c536a3e9479b463ce0f44dde00c0e5d06)","throwable":""}
{"timestamp":"2025-11-07T20:11:30,006","container":"9ef00bd2fa1f","level":"INFO","thread":"BftProcessorExecutor-QBFT-0","class":"QbftBesuControllerBuilder","message":"Imported #398 / 0 tx / 0 pending / 0 (0.0%) gas / (0xa3ba10e74069e38f5c65b59f9aaed54a280c8e8fbc9ca5cc1677e279cf7090c1)","throwable":""}
{"timestamp":"2025-11-07T20:11:38,006","container":"9ef00bd2fa1f","level":"INFO","thread":"BftProcessorExecutor-QBFT-0","class":"QbftBesuControllerBuilder","message":"Produced #399 / 0 tx / 0 pending / 0 (0.0%) gas / (0x7d6a6836d5d6b529711ea0015f6170f8d84763f3befbf3d0a1f78105dc5b8575)","throwable":""}
{"timestamp":"2025-11-07T20:11:46,710","container":"9ef00bd2fa1f","level":"INFO","thread":"BftProcessorExecutor-QBFT-0","class":"QbftBesuControllerBuilder","message":"Imported #400 / 0 tx / 0 pending / 0 (0.0%) gas / (0xa66013365bf568847bf75e582dc2095147840648311b64de664a5c24788f0932)","throwable":""}
{"timestamp":"2025-11-07T20:11:55,010","container":"9ef00bd2fa1f","level":"INFO","thread":"EthScheduler-Workers-0","class":"PersistBlockTask","message":"Block 401 (0x71f7ec794e7e0db227466d153bf174057988bc4ae97ce68fb176ae302baaf174) is already imported","throwable":""}
{"timestamp":"2025-11-07T20:11:55,011","container":"9ef00bd2fa1f","level":"INFO","thread":"BftProcessorExecutor-QBFT-0","class":"QbftBesuControllerBuilder","message":"Imported #401 / 0 tx / 0 pending / 0 (0.0%) gas / (0x71f7ec794e7e0db227466d153bf174057988bc4ae97ce68fb176ae302baaf174)","throwable":""}
{"timestamp":"2025-11-07T20:12:03,016","container":"9ef00bd2fa1f","level":"INFO","thread":"EthScheduler-Workers-0","class":"PersistBlockTask","message":"Block 402 (0x03fed47412dcdd713d834acb241a79b81a672c6195fe0885e9b5af81fe0ee0f7) is already imported","throwable":""}
{"timestamp":"2025-11-07T20:12:03,017","container":"9ef00bd2fa1f","level":"INFO","thread":"BftProcessorExecutor-QBFT-0","class":"QbftBesuControllerBuilder","message":"Imported #402 / 0 tx / 0 pending / 0 (0.0%) gas / (0x03fed47412dcdd713d834acb241a79b81a672c6195fe0885e9b5af81fe0ee0f7)","throwable":""}
{"timestamp":"2025-11-07T20:12:11,009","container":"9ef00bd2fa1f","level":"INFO","thread":"EthScheduler-Workers-0","class":"PersistBlockTask","message":"Block 403 (0x4f757fc4e79386711390922a43544732a5fc355d4b65e429c4bf091e1e794987) is already imported","throwable":""}
{"timestamp":"2025-11-07T20:12:11,009","container":"9ef00bd2fa1f","level":"INFO","thread":"BftProcessorExecutor-QBFT-0","class":"QbftBesuControllerBuilder","message":"Produced #403 / 0 tx / 0 pending / 0 (0.0%) gas / (0x4f757fc4e79386711390922a43544732a5fc355d4b65e429c4bf091e1e794987)","throwable":""}
{"timestamp":"2025-11-07T20:12:19,755","container":"9ef00bd2fa1f","level":"INFO","thread":"EthScheduler-Workers-0","class":"PersistBlockTask","message":"Block 404 (0x78885fcec950883c875a4d43c53773ee2d12eeab6a9bfd6f033a940cc9f543fa) is already imported","throwable":""}
{"timestamp":"2025-11-07T20:12:19,756","container":"9ef00bd2fa1f","level":"INFO","thread":"BftProcessorExecutor-QBFT-0","class":"QbftBesuControllerBuilder","message":"Imported #404 / 0 tx / 0 pending / 0 (0.0%) gas / (0x78885fcec950883c875a4d43c53773ee2d12eeab6a9bfd6f033a940cc9f543fa)","throwable":""}
{"timestamp":"2025-11-07T20:12:28,007","container":"9ef00bd2fa1f","level":"INFO","thread":"BftProcessorExecutor-QBFT-0","class":"QbftBesuControllerBuilder","message":"Imported #405 / 0 tx / 0 pending / 0 (0.0%) gas / (0x56682103fa5ad0cf5ca9b2a6b66419a88ee7f5de6908c55fcfc6b91a5c20d732)","throwable":""}
{"timestamp":"2025-11-07T20:12:36,008","container":"9ef00bd2fa1f","level":"INFO","thread":"BftProcessorExecutor-QBFT-0","class":"QbftBesuControllerBuilder","message":"Imported #406 / 0 tx / 0 pending / 0 (0.0%) gas / (0x22f88d739c547493e385ce01c62fe8ee722cbbdc03fdc8fe0574dd6a1151d384)","throwable":""}
{"timestamp":"2025-11-07T20:12:44,008","container":"9ef00bd2fa1f","level":"INFO","thread":"EthScheduler-Workers-0","class":"PersistBlockTask","message":"Imported #407 / 0 tx / 0 om / 0 (0.0%) gas / (0xd864d7c56c2b104b776fb6c4e38dbf64552dbee7ea125b0015020f5d7e7643f1) in 0.001s. Peers: 5","throwable":""}
{"timestamp":"2025-11-07T20:12:44,008","container":"9ef00bd2fa1f","level":"INFO","thread":"BftProcessorExecutor-QBFT-0","class":"QbftBesuControllerBuilder","message":"Produced #407 / 0 tx / 0 pending / 0 (0.0%) gas / (0xd864d7c56c2b104b776fb6c4e38dbf64552dbee7ea125b0015020f5d7e7643f1)","throwable":""}
{"timestamp":"2025-11-07T20:12:52,746","container":"9ef00bd2fa1f","level":"INFO","thread":"BftProcessorExecutor-QBFT-0","class":"QbftBesuControllerBuilder","message":"Imported #408 / 0 tx / 0 pending / 0 (0.0%) gas / (0x321c21fb6d3154a6976086689b53668d215c9631937572043dbb6f160abb9f7a)","throwable":""}
{"timestamp":"2025-11-07T20:13:01,006","container":"9ef00bd2fa1f","level":"INFO","thread":"BftProcessorExecutor-QBFT-0","class":"QbftBesuControllerBuilder","message":"Imported #409 / 0 tx / 0 pending / 0 (0.0%) gas / (0x46d819dfadf4423f7b3f62da3879185f9f40c456730d81ae837ccee948976204)","throwable":""}
{"timestamp":"2025-11-07T20:13:09,008","container":"9ef00bd2fa1f","level":"INFO","thread":"BftProcessorExecutor-QBFT-0","class":"QbftBesuControllerBuilder","message":"Imported #410 / 0 tx / 0 pending / 0 (0.0%) gas / (0xa5b64544cf5ac4a66035bb74a111651ef176e2490cf8e3f0b7988bdfabb3f28f)","throwable":""}
{"timestamp":"2025-11-07T20:13:17,008","container":"9ef00bd2fa1f","level":"INFO","thread":"BftProcessorExecutor-QBFT-0","class":"QbftBesuControllerBuilder","message":"Produced #411 / 0 tx / 0 pending / 0 (0.0%) gas / (0x3e2efacebb0d04d37f994e34a01c032566339e3f1b42ebd7c0d6dd14165bacc2)","throwable":""}
{"timestamp":"2025-11-07T20:13:25,725","container":"9ef00bd2fa1f","level":"INFO","thread":"BftProcessorExecutor-QBFT-0","class":"QbftBesuControllerBuilder","message":"Imported #412 / 0 tx / 0 pending / 0 (0.0%) gas / (0x94530d43d2929377c3b282144bae9eb9a6015c6445c863197893add1f850529a)","throwable":""}
{"timestamp":"2025-11-07T20:13:34,009","container":"9ef00bd2fa1f","level":"INFO","thread":"BftProcessorExecutor-QBFT-0","class":"QbftBesuControllerBuilder","message":"Imported #413 / 0 tx / 0 pending / 0 (0.0%) gas / (0xaa4a42683dfbf3201395953cb412236bf22cb7f77e40821d4e16752484bccc43)","throwable":""}
{"timestamp":"2025-11-07T20:13:42,007","container":"9ef00bd2fa1f","level":"INFO","thread":"BftProcessorExecutor-QBFT-0","class":"QbftBesuControllerBuilder","message":"Imported #414 / 0 tx / 0 pending / 0 (0.0%) gas / (0xa5e29a07159085064fcff9cd9871e0de0c1c177f104c7aeee076d3b5595565c6)","throwable":""}
{"timestamp":"2025-11-07T20:13:50,008","container":"9ef00bd2fa1f","level":"INFO","thread":"BftProcessorExecutor-QBFT-0","class":"QbftBesuControllerBuilder","message":"Produced #415 / 0 tx / 0 pending / 0 (0.0%) gas / (0x8b30fa2c17fef6636ac9de4ee8237c5bec27b610e844852c8f85493df1fdafd5)","throwable":""}
{"timestamp":"2025-11-07T20:13:58,744","container":"9ef00bd2fa1f","level":"INFO","thread":"BftProcessorExecutor-QBFT-0","class":"QbftBesuControllerBuilder","message":"Imported #416 / 0 tx / 0 pending / 0 (0.0%) gas / (0xc185d7426d89905ea1dc501697e81b019f39dbdb85cf7cbb3c71a2213c6a6485)","throwable":""}
{"timestamp":"2025-11-07T20:14:07,006","container":"9ef00bd2fa1f","level":"INFO","thread":"BftProcessorExecutor-QBFT-0","class":"QbftBesuControllerBuilder","message":"Imported #417 / 0 tx / 0 pending / 0 (0.0%) gas / (0x80858cac587cabf6519b1b954e3f7733ee6f252a8775b9d595df383774f27eaf)","throwable":""}
{"timestamp":"2025-11-07T20:14:15,008","container":"9ef00bd2fa1f","level":"INFO","thread":"BftProcessorExecutor-QBFT-0","class":"QbftBesuControllerBuilder","message":"Imported #418 / 0 tx / 0 pending / 0 (0.0%) gas / (0x988a18e8aaae2180e8631079375f33457c768108f9c98927afd4d62bb44d2476)","throwable":""}
{"timestamp":"2025-11-07T20:14:23,008","container":"9ef00bd2fa1f","level":"INFO","thread":"EthScheduler-Workers-0","class":"PersistBlockTask","message":"Imported #419 / 0 tx / 0 om / 0 (0.0%) gas / (0x4b4929c979d77ad4242fddf6126047ffc5d6824a38471b8b832f3e22b7876a40) in 0.001s. Peers: 5","throwable":""}
{"timestamp":"2025-11-07T20:14:23,008","container":"9ef00bd2fa1f","level":"INFO","thread":"BftProcessorExecutor-QBFT-0","class":"QbftBesuControllerBuilder","message":"Produced #419 / 0 tx / 0 pending / 0 (0.0%) gas / (0x4b4929c979d77ad4242fddf6126047ffc5d6824a38471b8b832f3e22b7876a40)","throwable":""}
{"timestamp":"2025-11-07T20:14:31,719","container":"9ef00bd2fa1f","level":"INFO","thread":"BftProcessorExecutor-QBFT-0","class":"QbftBesuControllerBuilder","message":"Imported #420 / 0 tx / 0 pending / 0 (0.0%) gas / (0x0aa5678f1322dff86096c9c0a42cbeb827871480c10c84f6db573b1fa146c2e1)","throwable":""}
{"timestamp":"2025-11-07T20:14:40,010","container":"9ef00bd2fa1f","level":"INFO","thread":"BftProcessorExecutor-QBFT-0","class":"QbftBesuControllerBuilder","message":"Imported #421 / 0 tx / 0 pending / 0 (0.0%) gas / (0xf74df6d874cf9d1cbe7dced9cae5220430b97217566f4061282582f19dc6808f)","throwable":""}
{"timestamp":"2025-11-07T20:14:48,007","container":"9ef00bd2fa1f","level":"INFO","thread":"BftProcessorExecutor-QBFT-0","class":"QbftBesuControllerBuilder","message":"Imported #422 / 0 tx / 0 pending / 0 (0.0%) gas / (0x9d48b5af0ab95bc1a6c4e0903a6cc10f1b936e78f9c16f6e8be3b3eec9c63893)","throwable":""}
{"timestamp":"2025-11-07T20:14:56,008","container":"9ef00bd2fa1f","level":"INFO","thread":"EthScheduler-Workers-0","class":"PersistBlockTask","message":"Block 423 (0xcfbf31619e0e27f33bdb1f1f725250df6dfa9dd1676692bc1aa063abc4575cbf) is already imported","throwable":""}
{"timestamp":"2025-11-07T20:14:56,008","container":"9ef00bd2fa1f","level":"INFO","thread":"BftProcessorExecutor-QBFT-0","class":"QbftBesuControllerBuilder","message":"Produced #423 / 0 tx / 0 pending / 0 (0.0%) gas / (0xcfbf31619e0e27f33bdb1f1f725250df6dfa9dd1676692bc1aa063abc4575cbf)","throwable":""}
{"timestamp":"2025-11-07T20:15:04,775","container":"9ef00bd2fa1f","level":"INFO","thread":"BftProcessorExecutor-QBFT-0","class":"QbftBesuControllerBuilder","message":"Imported #424 / 0 tx / 0 pending / 0 (0.0%) gas / (0x69f65a639bf498348456df59ad9583530e6e4229f2e9a1541077508e8b624da5)","throwable":""}
{"timestamp":"2025-11-07T20:15:13,005","container":"9ef00bd2fa1f","level":"INFO","thread":"BftProcessorExecutor-QBFT-0","class":"QbftBesuControllerBuilder","message":"Imported #425 / 0 tx / 0 pending / 0 (0.0%) gas / (0x4bf745d8bd7a8f1ff7ff5cb89860a0f923867a61ef78380fcd31321a4f03a3b7)","throwable":""}
{"timestamp":"2025-11-07T20:15:21,008","container":"9ef00bd2fa1f","level":"INFO","thread":"BftProcessorExecutor-QBFT-0","class":"QbftBesuControllerBuilder","message":"Imported #426 / 0 tx / 0 pending / 0 (0.0%) gas / (0x3c6574fed8d75c60f9229b171ac220c8dd34818871c2d26b7cfb251e3bbdc093)","throwable":""}
{"timestamp":"2025-11-07T20:15:29,007","container":"9ef00bd2fa1f","level":"INFO","thread":"BftProcessorExecutor-QBFT-0","class":"QbftBesuControllerBuilder","message":"Produced #427 / 0 tx / 0 pending / 0 (0.0%) gas / (0x0007cbf0dccf1ed214c6a0d5678c34fd9fbdd13e0794354c280b70b2860a9dc2)","throwable":""}
{"timestamp":"2025-11-07T20:15:37,911","container":"9ef00bd2fa1f","level":"INFO","thread":"BftProcessorExecutor-QBFT-0","class":"QbftBesuControllerBuilder","message":"Imported #428 / 0 tx / 0 pending / 0 (0.0%) gas / (0x5b0c791a21ba9df7ec2bb2226640869a2ffccc2d7de95f4eda66776f53f33537)","throwable":""}
{"timestamp":"2025-11-07T20:15:46,006","container":"9ef00bd2fa1f","level":"INFO","thread":"BftProcessorExecutor-QBFT-0","class":"QbftBesuControllerBuilder","message":"Imported #429 / 0 tx / 0 pending / 0 (0.0%) gas / (0x5dc89b9cf083f00fba22901c7e5e5855a70e0d7f4a628d96b2a1d8cca70b04d5)","throwable":""}
{"timestamp":"2025-11-07T20:15:54,010","container":"9ef00bd2fa1f","level":"INFO","thread":"BftProcessorExecutor-QBFT-0","class":"QbftBesuControllerBuilder","message":"Imported #430 / 0 tx / 0 pending / 0 (0.0%) gas / (0x8e77a86bde956631c6a51506f16b4e5d43407f559d9aa3e8758fdd2bf5dca0ac)","throwable":""}
{"timestamp":"2025-11-07T20:16:02,006","container":"9ef00bd2fa1f","level":"INFO","thread":"BftProcessorExecutor-QBFT-0","class":"QbftBesuControllerBuilder","message":"Produced #431 / 0 tx / 0 pending / 0 (0.0%) gas / (0xfe779d048785531f471363a505665fdb606e2f7ad63d7638a0b16ca4e89df8ec)","throwable":""}
{"timestamp":"2025-11-07T20:16:10,742","container":"9ef00bd2fa1f","level":"INFO","thread":"EthScheduler-Workers-0","class":"PersistBlockTask","message":"Block 432 (0x99e76fc004585903e4dcf8f35c980d2010881cb7e5ff4df753e9d9e9fe97182d) is already imported","throwable":""}
{"timestamp":"2025-11-07T20:16:10,742","container":"9ef00bd2fa1f","level":"INFO","thread":"BftProcessorExecutor-QBFT-0","class":"QbftBesuControllerBuilder","message":"Imported #432 / 0 tx / 0 pending / 0 (0.0%) gas / (0x99e76fc004585903e4dcf8f35c980d2010881cb7e5ff4df753e9d9e9fe97182d)","throwable":""}
{"timestamp":"2025-11-07T20:16:19,009","container":"9ef00bd2fa1f","level":"INFO","thread":"EthScheduler-Workers-0","class":"PersistBlockTask","message":"Block 433 (0xfcdf4541c8b35b2fffe2544a6dc46867618f61ac78513c6696c06813438fb5d4) is already imported","throwable":""}
{"timestamp":"2025-11-07T20:16:19,009","container":"9ef00bd2fa1f","level":"INFO","thread":"BftProcessorExecutor-QBFT-0","class":"QbftBesuControllerBuilder","message":"Imported #433 / 0 tx / 0 pending / 0 (0.0%) gas / (0xfcdf4541c8b35b2fffe2544a6dc46867618f61ac78513c6696c06813438fb5d4)","throwable":""}
{"timestamp":"2025-11-07T20:16:27,007","container":"9ef00bd2fa1f","level":"INFO","thread":"BftProcessorExecutor-QBFT-0","class":"QbftBesuControllerBuilder","message":"Imported #434 / 0 tx / 0 pending / 0 (0.0%) gas / (0x61de368882109329740838e7ac71b27c143577a3b54698dcf389e2a31a346341)","throwable":""}
{"timestamp":"2025-11-07T20:16:35,005","container":"9ef00bd2fa1f","level":"INFO","thread":"BftProcessorExecutor-QBFT-0","class":"QbftBesuControllerBuilder","message":"Produced #435 / 0 tx / 0 pending / 0 (0.0%) gas / (0x0feaccc10d1dc0be87ebc98b6644ffe693ab9918244b048daf922b4fbf59101e)","throwable":""}
{"timestamp":"2025-11-07T20:16:43,805","container":"9ef00bd2fa1f","level":"INFO","thread":"EthScheduler-Workers-0","class":"PersistBlockTask","message":"Block 436 (0x2b7c1837401e5a825e8efeefa3a226805ebd1d1c161e9f2dc9b91f33b42717a3) is already imported","throwable":""}
{"timestamp":"2025-11-07T20:16:43,806","container":"9ef00bd2fa1f","level":"INFO","thread":"BftProcessorExecutor-QBFT-0","class":"QbftBesuControllerBuilder","message":"Imported #436 / 0 tx / 0 pending / 0 (0.0%) gas / (0x2b7c1837401e5a825e8efeefa3a226805ebd1d1c161e9f2dc9b91f33b42717a3)","throwable":""}
{"timestamp":"2025-11-07T20:16:52,007","container":"9ef00bd2fa1f","level":"INFO","thread":"BftProcessorExecutor-QBFT-0","class":"QbftBesuControllerBuilder","message":"Imported #437 / 0 tx / 0 pending / 0 (0.0%) gas / (0x40b30b628d5d5685b8b9297e9d67eaeeb983bd92a13a7a3466d601e391176cfd)","throwable":""}
{"timestamp":"2025-11-07T20:17:00,006","container":"9ef00bd2fa1f","level":"INFO","thread":"BftProcessorExecutor-QBFT-0","class":"QbftBesuControllerBuilder","message":"Imported #438 / 0 tx / 0 pending / 0 (0.0%) gas / (0x9153ce09d6797ce152575b2fe641dd0bcea023bc06eceda0609e85167bd2f56e)","throwable":""}
{"timestamp":"2025-11-07T20:17:08,005","container":"9ef00bd2fa1f","level":"INFO","thread":"BftProcessorExecutor-QBFT-0","class":"QbftBesuControllerBuilder","message":"Produced #439 / 0 tx / 0 pending / 0 (0.0%) gas / (0xbf5d39dfe153e116127ab14aaede8cc0d7739b1200884147293c0fdfe97f516c)","throwable":""}
{"timestamp":"2025-11-07T20:17:16,930","container":"9ef00bd2fa1f","level":"INFO","thread":"BftProcessorExecutor-QBFT-0","class":"QbftBesuControllerBuilder","message":"Imported #440 / 0 tx / 0 pending / 0 (0.0%) gas / (0x9786e27599b65c4df8cda588e83c51acef25a2496b1103be6d0f593556f56ba8)","throwable":""}
{"timestamp":"2025-11-07T20:17:16,930","container":"9ef00bd2fa1f","level":"INFO","thread":"EthScheduler-Workers-0","class":"PersistBlockTask","message":"Imported #440 / 0 tx / 0 om / 0 (0.0%) gas / (0x9786e27599b65c4df8cda588e83c51acef25a2496b1103be6d0f593556f56ba8) in 0.001s. Peers: 5","throwable":""}
{"timestamp":"2025-11-07T20:17:25,011","container":"9ef00bd2fa1f","level":"INFO","thread":"BftProcessorExecutor-QBFT-0","class":"QbftBesuControllerBuilder","message":"Imported #441 / 0 tx / 0 pending / 0 (0.0%) gas / (0x959eb184449bf2db2779c49735a5048641065257edae54b4f33d57a41054f4b4)","throwable":""}
{"timestamp":"2025-11-07T20:17:33,006","container":"9ef00bd2fa1f","level":"INFO","thread":"BftProcessorExecutor-QBFT-0","class":"QbftBesuControllerBuilder","message":"Imported #442 / 0 tx / 0 pending / 0 (0.0%) gas / (0xa4fd45a5f6ca43cbdb57458ecbb01c82a1f00b4372ec8c8d80dec49c01a38911)","throwable":""}
{"timestamp":"2025-11-07T20:17:41,008","container":"9ef00bd2fa1f","level":"INFO","thread":"BftProcessorExecutor-QBFT-0","class":"QbftBesuControllerBuilder","message":"Produced #443 / 0 tx / 0 pending / 0 (0.0%) gas / (0x3c655616267c020805334c9fef5fc3476bcddd203e42b7d5b2fd3c67ea6ace73)","throwable":""}
{"timestamp":"2025-11-07T20:17:49,897","container":"9ef00bd2fa1f","level":"INFO","thread":"BftProcessorExecutor-QBFT-0","class":"QbftBesuControllerBuilder","message":"Imported #444 / 0 tx / 0 pending / 0 (0.0%) gas / (0xbb54b9774d6938ce4a0bbaf51da800fa0d2dba12e7ec9749bbc5fddd4438290e)","throwable":""}
{"timestamp":"2025-11-07T20:17:58,007","container":"9ef00bd2fa1f","level":"INFO","thread":"BftProcessorExecutor-QBFT-0","class":"QbftBesuControllerBuilder","message":"Imported #445 / 0 tx / 0 pending / 0 (0.0%) gas / (0x94874554d7a6e0a95eb9a6ebecb45a3f1ed4236bd0f5b7577086e6e5bb1dede6)","throwable":""}
{"timestamp":"2025-11-07T20:18:06,006","container":"9ef00bd2fa1f","level":"INFO","thread":"BftProcessorExecutor-QBFT-0","class":"QbftBesuControllerBuilder","message":"Imported #446 / 0 tx / 0 pending / 0 (0.0%) gas / (0x9a9d4b88f06618c7bf64415630403b5802312322a47c21b8a67677ad93d9a7d9)","throwable":""}
{"timestamp":"2025-11-07T20:18:14,009","container":"9ef00bd2fa1f","level":"INFO","thread":"BftProcessorExecutor-QBFT-0","class":"QbftBesuControllerBuilder","message":"Produced #447 / 0 tx / 0 pending / 0 (0.0%) gas / (0xc94b58b22b902b5439d35aa487a9d42689dece2b50c27046a4d57181233da3f2)","throwable":""}
{"timestamp":"2025-11-07T20:18:14,009","container":"9ef00bd2fa1f","level":"INFO","thread":"EthScheduler-Workers-0","class":"PersistBlockTask","message":"Block 447 (0xc94b58b22b902b5439d35aa487a9d42689dece2b50c27046a4d57181233da3f2) is already imported","throwable":""}
{"timestamp":"2025-11-07T20:18:22,948","container":"9ef00bd2fa1f","level":"INFO","thread":"BftProcessorExecutor-QBFT-0","class":"QbftBesuControllerBuilder","message":"Imported #448 / 0 tx / 0 pending / 0 (0.0%) gas / (0x6f44abb82c6d6ed617a29227368f707941a2cb28e3260c79986ef4d8e7c5089f)","throwable":""}
{"timestamp":"2025-11-07T20:18:31,009","container":"9ef00bd2fa1f","level":"INFO","thread":"EthScheduler-Workers-0","class":"PersistBlockTask","message":"Block 449 (0xa2b1f6c2edddc9cbde9ad784443c857e9e5484b79da5eed7e05836c318556e28) is already imported","throwable":""}
{"timestamp":"2025-11-07T20:18:31,009","container":"9ef00bd2fa1f","level":"INFO","thread":"BftProcessorExecutor-QBFT-0","class":"QbftBesuControllerBuilder","message":"Imported #449 / 0 tx / 0 pending / 0 (0.0%) gas / (0xa2b1f6c2edddc9cbde9ad784443c857e9e5484b79da5eed7e05836c318556e28)","throwable":""}
{"timestamp":"2025-11-07T20:18:39,007","container":"9ef00bd2fa1f","level":"INFO","thread":"BftProcessorExecutor-QBFT-0","class":"QbftBesuControllerBuilder","message":"Imported #450 / 0 tx / 0 pending / 0 (0.0%) gas / (0x7435fe77d0412b4337514252229fb2ba3e06c92984eea522cb2b32263f37dd6d)","throwable":""}
{"timestamp":"2025-11-07T20:18:47,007","container":"9ef00bd2fa1f","level":"INFO","thread":"BftProcessorExecutor-QBFT-0","class":"QbftBesuControllerBuilder","message":"Produced #451 / 0 tx / 0 pending / 0 (0.0%) gas / (0x3b3d65d46c3f2824af8d383f1d9c008434f0aa6d65a08e0e4c1983216bb04dbe)","throwable":""}
{"timestamp":"2025-11-07T20:18:55,938","container":"9ef00bd2fa1f","level":"INFO","thread":"BftProcessorExecutor-QBFT-0","class":"QbftBesuControllerBuilder","message":"Imported #452 / 0 tx / 0 pending / 0 (0.0%) gas / (0x38f83083c8366551956254a691ceb6116f0bd42cbcc20ec50d3eed29c81a566f)","throwable":""}
{"timestamp":"2025-11-07T20:19:04,006","container":"9ef00bd2fa1f","level":"INFO","thread":"BftProcessorExecutor-QBFT-0","class":"QbftBesuControllerBuilder","message":"Imported #453 / 0 tx / 0 pending / 0 (0.0%) gas / (0x9d1a8d987aedb6d73435c124a0a97ec9fec99f6b6606f1a8f65aaafd90776195)","throwable":""}
{"timestamp":"2025-11-07T20:19:12,006","container":"9ef00bd2fa1f","level":"INFO","thread":"BftProcessorExecutor-QBFT-0","class":"QbftBesuControllerBuilder","message":"Imported #454 / 0 tx / 0 pending / 0 (0.0%) gas / (0xddac5ed86c5fb2c4ea5dd63f21254f98d44cd8939e3b47cd1498c655ef9de84c)","throwable":""}
{"timestamp":"2025-11-07T20:19:20,011","container":"9ef00bd2fa1f","level":"INFO","thread":"EthScheduler-Workers-0","class":"PersistBlockTask","message":"Block 455 (0xee166a66093c5d1ab1fa64d1bd852c5bdb383ff5619f646823effbe1a4b7c8f1) is already imported","throwable":""}
{"timestamp":"2025-11-07T20:19:20,013","container":"9ef00bd2fa1f","level":"INFO","thread":"BftProcessorExecutor-QBFT-0","class":"QbftBesuControllerBuilder","message":"Produced #455 / 0 tx / 0 pending / 0 (0.0%) gas / (0xee166a66093c5d1ab1fa64d1bd852c5bdb383ff5619f646823effbe1a4b7c8f1)","throwable":""}
{"timestamp":"2025-11-07T20:19:28,961","container":"9ef00bd2fa1f","level":"INFO","thread":"BftProcessorExecutor-QBFT-0","class":"QbftBesuControllerBuilder","message":"Imported #456 / 0 tx / 0 pending / 0 (0.0%) gas / (0x206de3cd099033ca476415dfe6a5a48c538099a12e25d1b01d43aff4e992c835)","throwable":""}
{"timestamp":"2025-11-07T20:19:37,008","container":"9ef00bd2fa1f","level":"INFO","thread":"BftProcessorExecutor-QBFT-0","class":"QbftBesuControllerBuilder","message":"Imported #457 / 0 tx / 0 pending / 0 (0.0%) gas / (0x837ba999367513235cf38929ba9d3cd0d31d411f07aea0e06bbb4868f8a51b55)","throwable":""}
{"timestamp":"2025-11-07T20:19:37,008","container":"9ef00bd2fa1f","level":"INFO","thread":"EthScheduler-Workers-0","class":"PersistBlockTask","message":"Block 457 (0x837ba999367513235cf38929ba9d3cd0d31d411f07aea0e06bbb4868f8a51b55) is already imported","throwable":""}
{"timestamp":"2025-11-07T20:19:45,007","container":"9ef00bd2fa1f","level":"INFO","thread":"EthScheduler-Workers-0","class":"PersistBlockTask","message":"Block 458 (0xa0f2de930d9e7aef1bcc4623bdce7ec6ad0424e4bb98e46c1b8ec72a6081a513) is already imported","throwable":""}
{"timestamp":"2025-11-07T20:19:45,007","container":"9ef00bd2fa1f","level":"INFO","thread":"BftProcessorExecutor-QBFT-0","class":"QbftBesuControllerBuilder","message":"Imported #458 / 0 tx / 0 pending / 0 (0.0%) gas / (0xa0f2de930d9e7aef1bcc4623bdce7ec6ad0424e4bb98e46c1b8ec72a6081a513)","throwable":""}
{"timestamp":"2025-11-07T20:19:53,006","container":"9ef00bd2fa1f","level":"INFO","thread":"BftProcessorExecutor-QBFT-0","class":"QbftBesuControllerBuilder","message":"Produced #459 / 0 tx / 0 pending / 0 (0.0%) gas / (0xf3022edb0e9c6b23e400f4691d2a77d2f0175136ed1b8e5f91678c2f927fee0b)","throwable":""}
{"timestamp":"2025-11-07T20:20:01,916","container":"9ef00bd2fa1f","level":"INFO","thread":"BftProcessorExecutor-QBFT-0","class":"QbftBesuControllerBuilder","message":"Imported #460 / 0 tx / 0 pending / 0 (0.0%) gas / (0x4fdfbf8725a6e30923b1782293dace50e76cc52181d029c9be6a191e9f3af287)","throwable":""}
{"timestamp":"2025-11-07T20:20:10,006","container":"9ef00bd2fa1f","level":"INFO","thread":"BftProcessorExecutor-QBFT-0","class":"QbftBesuControllerBuilder","message":"Imported #461 / 0 tx / 0 pending / 0 (0.0%) gas / (0x9b34bad60c19c4c08e40be076f9e88c21555fcf1a9e2642dbb653ce9bffcdcdc)","throwable":""}
{"timestamp":"2025-11-07T20:20:18,005","container":"9ef00bd2fa1f","level":"INFO","thread":"BftProcessorExecutor-QBFT-0","class":"QbftBesuControllerBuilder","message":"Imported #462 / 0 tx / 0 pending / 0 (0.0%) gas / (0x93584a7e64cffabd1e2194bb78632902803f6759bf36f3e80a1ced599bc9c32c)","throwable":""}
{"timestamp":"2025-11-07T20:20:26,007","container":"9ef00bd2fa1f","level":"INFO","thread":"BftProcessorExecutor-QBFT-0","class":"QbftBesuControllerBuilder","message":"Produced #463 / 0 tx / 0 pending / 0 (0.0%) gas / (0xfa3e51c6c4449f20ab3540eddd106d9fc24ea7aa618a4ee8a59218b52d394c33)","throwable":""}
{"timestamp":"2025-11-07T20:20:34,958","container":"9ef00bd2fa1f","level":"INFO","thread":"BftProcessorExecutor-QBFT-0","class":"QbftBesuControllerBuilder","message":"Imported #464 / 0 tx / 0 pending / 0 (0.0%) gas / (0x905fe4d1480d63199fde6f291733945354e7454f38ebcb261d79be91c636e92f)","throwable":""}
{"timestamp":"2025-11-07T20:20:43,006","container":"9ef00bd2fa1f","level":"INFO","thread":"BftProcessorExecutor-QBFT-0","class":"QbftBesuControllerBuilder","message":"Imported #465 / 0 tx / 0 pending / 0 (0.0%) gas / (0x010b7f42dadd1f03b64e20a342dcd11801a1513110667edb07d91e0606f9ca47)","throwable":""}
{"timestamp":"2025-11-07T20:20:51,006","container":"9ef00bd2fa1f","level":"INFO","thread":"BftProcessorExecutor-QBFT-0","class":"QbftBesuControllerBuilder","message":"Imported #466 / 0 tx / 0 pending / 0 (0.0%) gas / (0xd16fd8bdd5f6c9481b7b0f0f860c39b892d2a2f5922f8f48027c8939975ea7d4)","throwable":""}
{"timestamp":"2025-11-07T20:20:59,007","container":"9ef00bd2fa1f","level":"INFO","thread":"BftProcessorExecutor-QBFT-0","class":"QbftBesuControllerBuilder","message":"Produced #467 / 0 tx / 0 pending / 0 (0.0%) gas / (0x1a235132a26318baab0d44f9d20f646f1373e670d9dc5fb8c3adaeca134aaccc)","throwable":""}
{"timestamp":"2025-11-07T20:21:07,852","container":"9ef00bd2fa1f","level":"INFO","thread":"EthScheduler-Workers-0","class":"PersistBlockTask","message":"Block 468 (0x06a9c15c0803eeafecfe76862105d20ee42163e6f59dfa1bf11e5482428082b9) is already imported","throwable":""}
{"timestamp":"2025-11-07T20:21:07,853","container":"9ef00bd2fa1f","level":"INFO","thread":"BftProcessorExecutor-QBFT-0","class":"QbftBesuControllerBuilder","message":"Imported #468 / 0 tx / 0 pending / 0 (0.0%) gas / (0x06a9c15c0803eeafecfe76862105d20ee42163e6f59dfa1bf11e5482428082b9)","throwable":""}
{"timestamp":"2025-11-07T20:21:16,007","container":"9ef00bd2fa1f","level":"INFO","thread":"BftProcessorExecutor-QBFT-0","class":"QbftBesuControllerBuilder","message":"Imported #469 / 0 tx / 0 pending / 0 (0.0%) gas / (0x83046e8087f98445846c27048cc56da6090a3ceb7c699ece720b8f9b1898b895)","throwable":""}
{"timestamp":"2025-11-07T20:21:20,008","container":"9ef00bd2fa1f","level":"INFO","thread":"BftProcessorExecutor-QBFT-0","class":"BftProcessor","message":"Shutting down BFT event processor","throwable":""}
{"timestamp":"2025-11-07T20:21:20,009","container":"9ef00bd2fa1f","level":"INFO","thread":"BesuCommand-Shutdown-Hook","class":"DefaultSynchronizer","message":"Stopping synchronizer","throwable":""}
{"timestamp":"2025-11-07T20:21:20,012","container":"9ef00bd2fa1f","level":"INFO","thread":"BesuCommand-Shutdown-Hook","class":"NetworkRunner","message":"Stopping Network.","throwable":""}
{"timestamp":"2025-11-07T20:21:20,020","container":"9ef00bd2fa1f","level":"INFO","thread":"BesuCommand-Shutdown-Hook","class":"EthProtocolManager","message":"Stopping eth Subprotocol.","throwable":""}
{"timestamp":"2025-11-07T20:21:20,024","container":"9ef00bd2fa1f","level":"INFO","thread":"BesuCommand-Shutdown-Hook","class":"EthProtocolManager","message":"eth Subprotocol stopped.","throwable":""}
{"timestamp":"2025-11-07T20:21:20,024","container":"9ef00bd2fa1f","level":"INFO","thread":"BesuCommand-Shutdown-Hook","class":"NetworkRunner","message":"Network stopped.","throwable":""}
{"timestamp":"2025-11-07T20:21:20,024","container":"9ef00bd2fa1f","level":"INFO","thread":"BesuCommand-Shutdown-Hook","class":"AutoTransactionLogBloomCachingService","message":"Shutting down Auto transaction logs caching service.","throwable":""}
{"timestamp":"2025-11-07T20:21:20,026","container":"9ef00bd2fa1f","level":"INFO","thread":"BesuCommand-Shutdown-Hook","class":"DockerNatManager","message":"Stopping docker NAT manager.","throwable":""}
