{"timestamp":"2025-07-03T18:07:59,855","container":"ebdffaae6f6b","level":"INFO","thread":"main","class":"Besu","message":"Starting Besu","throwable":""}
{"timestamp":"2025-07-03T18:08:01,346","container":"ebdffaae6f6b","level":"WARN","thread":"main","class":"Besu","message":"--min-gas-price has been ignored because --miner-enabled was not defined on the command line.","throwable":""}
{"timestamp":"2025-07-03T18:08:02,805","container":"ebdffaae6f6b","level":"INFO","thread":"main","class":"Besu","message":"
####################################################################################################
#                                                                                                  #
# Besu version 23.4.1                                                                              #
#                                                                                                  #
# Configuration:                                                                                   #
# Network: Custom genesis file specified                                                           #
# Network Id: 1337                                                                                 #
# Data storage: Forest                                                                             #
# Sync mode: Full                                                                                  #
# RPC HTTP APIs: EEA,WEB3,ETH,NET,TRACE,DEBUG,ADMIN,TXPOOL,PRIV,PERM,QBFT                          #
# RPC HTTP port: 8545                                                                              #
#                                                                                                  #
# Host:                                                                                            #
# Java: openjdk-java-17                                                                            #
# Maximum heap size: 3.87 GB                                                                       #
# OS: linux-x86_64                                                                                 #
# glibc: 2.35                                                                                      #
# jemalloc: 5.2.1-0-gea6b3e973b477b8061e0076bb257dbd7f3faa756                                      #
# Total memory: 15.48 GB                                                                           #
# CPU cores: 20                                                                                    #
#                                                                                                  #
####################################################################################################","throwable":""}
{"timestamp":"2025-07-03T18:08:02,806","container":"ebdffaae6f6b","level":"INFO","thread":"main","class":"Besu","message":"Connecting to 8 static nodes.","throwable":""}
{"timestamp":"2025-07-03T18:08:02,806","container":"ebdffaae6f6b","level":"INFO","thread":"main","class":"Besu","message":"Security Module: localfile","throwable":""}
{"timestamp":"2025-07-03T18:08:02,861","container":"ebdffaae6f6b","level":"INFO","thread":"main","class":"Besu","message":"Using the native implementation of alt bn128","throwable":""}
{"timestamp":"2025-07-03T18:08:02,898","container":"ebdffaae6f6b","level":"INFO","thread":"main","class":"Besu","message":"Using the native implementation of modexp","throwable":""}
{"timestamp":"2025-07-03T18:08:02,899","container":"ebdffaae6f6b","level":"INFO","thread":"main","class":"Besu","message":"Using the native implementation of the signature algorithm","throwable":""}
{"timestamp":"2025-07-03T18:08:02,903","container":"ebdffaae6f6b","level":"INFO","thread":"main","class":"Besu","message":"Using the native implementation of the blake2bf algorithm","throwable":""}
{"timestamp":"2025-07-03T18:08:02,925","container":"ebdffaae6f6b","level":"INFO","thread":"main","class":"RocksDBKeyValueStorageFactory","message":"No existing database detected at /opt/besu/data. Using version 1","throwable":""}
{"timestamp":"2025-07-03T18:08:04,242","container":"ebdffaae6f6b","level":"INFO","thread":"main","class":"KeyPairUtil","message":"Loaded public key 0x98496800174b3c73ae33cba59f8f5e686cd488f7897c2edb52e2cf46383d75cd03dbb58dde07185bc0953f98800ca9a89f4b5ef450c5e51292ea08ec6130ee0c from /opt/besu/keys/nodekey","throwable":""}
{"timestamp":"2025-07-03T18:08:04,274","container":"ebdffaae6f6b","level":"WARN","thread":"main","class":"Besu","message":"Privacy is disabled. Cannot use EEA/PRIV API methods when not using Privacy.","throwable":""}
{"timestamp":"2025-07-03T18:08:04,854","container":"ebdffaae6f6b","level":"INFO","thread":"main","class":"ProtocolScheduleBuilder","message":"Protocol schedule created with milestones: [GrayGlacier: 0]","throwable":""}
{"timestamp":"2025-07-03T18:08:05,071","container":"ebdffaae6f6b","level":"INFO","thread":"main","class":"TransactionPoolFactory","message":"Enabling transaction pool","throwable":""}
{"timestamp":"2025-07-03T18:08:05,091","container":"ebdffaae6f6b","level":"INFO","thread":"main","class":"BesuControllerBuilder","message":"TTD difficulty is not present, creating initial sync phase for PoW","throwable":""}
{"timestamp":"2025-07-03T18:08:05,199","container":"ebdffaae6f6b","level":"INFO","thread":"main","class":"RunnerBuilder","message":"Detecting NAT service.","throwable":""}
{"timestamp":"2025-07-03T18:08:06,789","container":"ebdffaae6f6b","level":"INFO","thread":"main","class":"Runner","message":"Starting external services ... ","throwable":""}
{"timestamp":"2025-07-03T18:08:06,789","container":"ebdffaae6f6b","level":"INFO","thread":"main","class":"MetricsHttpService","message":"Starting metrics http service on 0.0.0.0:9545","throwable":""}
{"timestamp":"2025-07-03T18:08:07,146","container":"ebdffaae6f6b","level":"INFO","thread":"vert.x-eventloop-thread-1","class":"MetricsHttpService","message":"Metrics service started and listening on 0.0.0.0:9545","throwable":""}
{"timestamp":"2025-07-03T18:08:07,148","container":"ebdffaae6f6b","level":"INFO","thread":"main","class":"JsonRpcHttpService","message":"Starting JSON-RPC service on 0.0.0.0:8545","throwable":""}
{"timestamp":"2025-07-03T18:08:07,193","container":"ebdffaae6f6b","level":"INFO","thread":"vert.x-eventloop-thread-1","class":"JsonRpcHttpService","message":"JSON-RPC service started and listening on 0.0.0.0:8545","throwable":""}
{"timestamp":"2025-07-03T18:08:07,202","container":"ebdffaae6f6b","level":"INFO","thread":"main","class":"GraphQLHttpService","message":"Starting GraphQL HTTP service on 0.0.0.0:8547","throwable":""}
{"timestamp":"2025-07-03T18:08:07,209","container":"ebdffaae6f6b","level":"INFO","thread":"vert.x-eventloop-thread-1","class":"GraphQLHttpService","message":"GraphQL HTTP service started and listening on 0.0.0.0:8547","throwable":""}
{"timestamp":"2025-07-03T18:08:07,209","container":"ebdffaae6f6b","level":"INFO","thread":"main","class":"WebSocketService","message":"Starting Websocket service on 0.0.0.0:8546","throwable":""}
{"timestamp":"2025-07-03T18:08:07,223","container":"ebdffaae6f6b","level":"INFO","thread":"vert.x-eventloop-thread-1","class":"WebSocketService","message":"Websocket service started and listening on 0.0.0.0:8546","throwable":""}
{"timestamp":"2025-07-03T18:08:07,238","container":"ebdffaae6f6b","level":"INFO","thread":"main","class":"AutoTransactionLogBloomCachingService","message":"Starting auto transaction log bloom caching service.","throwable":""}
{"timestamp":"2025-07-03T18:08:07,240","container":"ebdffaae6f6b","level":"INFO","thread":"main","class":"LogBloomCacheMetadata","message":"Lookup cache metadata file in data directory: /opt/besu/data/caches","throwable":""}
{"timestamp":"2025-07-03T18:08:07,300","container":"ebdffaae6f6b","level":"INFO","thread":"main","class":"Runner","message":"Starting Ethereum main loop ... ","throwable":""}
{"timestamp":"2025-07-03T18:08:07,300","container":"ebdffaae6f6b","level":"INFO","thread":"main","class":"DockerNatManager","message":"Starting docker NAT manager.","throwable":""}
{"timestamp":"2025-07-03T18:08:08,590","container":"ebdffaae6f6b","level":"INFO","thread":"main","class":"NetworkRunner","message":"Starting Network.","throwable":""}
{"timestamp":"2025-07-03T18:08:08,607","container":"ebdffaae6f6b","level":"INFO","thread":"nioEventLoopGroup-2-1","class":"RlpxAgent","message":"P2P RLPx agent started and listening on /[0:0:0:0:0:0:0:0]:30303.","throwable":""}
{"timestamp":"2025-07-03T18:08:08,609","container":"ebdffaae6f6b","level":"INFO","thread":"main","class":"PeerDiscoveryAgent","message":"Starting peer discovery agent on host=0.0.0.0, port=30303","throwable":""}
{"timestamp":"2025-07-03T18:08:08,629","container":"ebdffaae6f6b","level":"INFO","thread":"vert.x-eventloop-thread-1","class":"VertxPeerDiscoveryAgent","message":"Started peer discovery agent successfully, on effective host=0:0:0:0:0:0:0:0%0 and port=30303","throwable":""}
{"timestamp":"2025-07-03T18:08:08,630","container":"ebdffaae6f6b","level":"INFO","thread":"vert.x-eventloop-thread-1","class":"PeerDiscoveryAgent","message":"P2P peer discovery agent started and listening on /[0:0:0:0:0:0:0:0%0]:30303","throwable":""}
{"timestamp":"2025-07-03T18:08:08,671","container":"ebdffaae6f6b","level":"INFO","thread":"vert.x-eventloop-thread-1","class":"PeerDiscoveryAgent","message":"Writing node record to disk. NodeRecord{seq=1, publicKey=0x0298496800174b3c73ae33cba59f8f5e686cd488f7897c2edb52e2cf46383d75cd, udpAddress=Optional[/172.16.239.16:30303], tcpAddress=Optional[/172.16.239.16:30303], asBase64=-Je4QHF7OpFV_mDtqRTJ5D-1pW1Xx-4R1QWB8P6fVBabRl9RAuPE7TbPDBfvXziLQbDA0-uqrP3Psdj50o1zVWqkdlYBg2V0aMfGhGpSrW2AgmlkgnY0gmlwhKwQ7xCJc2VjcDI1NmsxoQKYSWgAF0s8c64zy6Wfj15obNSI94l8LttS4s9GOD11zYN0Y3CCdl-DdWRwgnZf, nodeId=0xa1f75939c4a4d5c1c5241a1913a52aab892e1322e8b52506276363d4754c122e, customFields={tcp=30303, udp=30303, ip=0xac10ef10, eth=[[0x6a52ad6d, 0x]], id=V4, secp256k1=0x0298496800174b3c73ae33cba59f8f5e686cd488f7897c2edb52e2cf46383d75cd}}","throwable":""}
{"timestamp":"2025-07-03T18:08:08,727","container":"ebdffaae6f6b","level":"INFO","thread":"main","class":"DefaultP2PNetwork","message":"Enode URL enode://98496800174b3c73ae33cba59f8f5e686cd488f7897c2edb52e2cf46383d75cd03dbb58dde07185bc0953f98800ca9a89f4b5ef450c5e51292ea08ec6130ee0c@172.16.239.16:30303","throwable":""}
{"timestamp":"2025-07-03T18:08:08,728","container":"ebdffaae6f6b","level":"INFO","thread":"main","class":"DefaultP2PNetwork","message":"Node address 0x13a52aab892e1322e8b52506276363d4754c122e","throwable":""}
{"timestamp":"2025-07-03T18:08:08,900","container":"ebdffaae6f6b","level":"INFO","thread":"main","class":"NetworkRunner","message":"Supported capabilities: [eth/62, eth/63, eth/64, eth/65, eth/66, eth/67, eth/68], [istanbul/100], [snap/1]","throwable":""}
{"timestamp":"2025-07-03T18:08:08,900","container":"ebdffaae6f6b","level":"INFO","thread":"main","class":"DefaultSynchronizer","message":"Starting synchronizer.","throwable":""}
{"timestamp":"2025-07-03T18:08:08,908","container":"ebdffaae6f6b","level":"INFO","thread":"main","class":"TransactionPoolFactory","message":"Enabling transaction handling following initial sync","throwable":""}
{"timestamp":"2025-07-03T18:08:08,910","container":"ebdffaae6f6b","level":"INFO","thread":"main","class":"FullSyncDownloader","message":"Starting full sync.","throwable":""}
{"timestamp":"2025-07-03T18:08:08,922","container":"ebdffaae6f6b","level":"INFO","thread":"main","class":"FullSyncTargetManager","message":"Unable to find sync target. Currently checking 0 peers for usefulness","throwable":""}
{"timestamp":"2025-07-03T18:08:09,130","container":"ebdffaae6f6b","level":"INFO","thread":"main","class":"Runner","message":"Ethereum main loop is up.","throwable":""}
{"timestamp":"2025-07-03T18:08:09,627","container":"ebdffaae6f6b","level":"INFO","thread":"nioEventLoopGroup-3-4","class":"FullSyncTargetManager","message":"Unable to find sync target. Currently checking 2 peers for usefulness","throwable":""}
{"timestamp":"2025-07-03T18:08:09,645","container":"ebdffaae6f6b","level":"INFO","thread":"nioEventLoopGroup-3-9","class":"FullSyncTargetManager","message":"Unable to find sync target. Currently checking 3 peers for usefulness","throwable":""}
{"timestamp":"2025-07-03T18:08:09,709","container":"ebdffaae6f6b","level":"INFO","thread":"nioEventLoopGroup-3-3","class":"FullSyncTargetManager","message":"Unable to find sync target. Currently checking 4 peers for usefulness","throwable":""}
{"timestamp":"2025-07-03T18:08:14,718","container":"ebdffaae6f6b","level":"INFO","thread":"EthScheduler-Timer-0","class":"FullSyncTargetManager","message":"Unable to find sync target. Currently checking 5 peers for usefulness","throwable":""}
{"timestamp":"2025-07-03T18:08:19,490","container":"ebdffaae6f6b","level":"INFO","thread":"EthScheduler-Workers-0","class":"PersistBlockTask","message":"Imported #1 / 0 tx / 0 om / 0 (0.0%) gas / (0x2fc26245e14597108b419a2ea63cee9f9e2f42b42db5f38cbb8ee209fd1a5a87) in 0.017s. Peers: 5","throwable":""}
{"timestamp":"2025-07-03T18:08:19,718","container":"ebdffaae6f6b","level":"INFO","thread":"EthScheduler-Timer-0","class":"FullSyncTargetManager","message":"Unable to find sync target. Currently checking 5 peers for usefulness","throwable":""}
{"timestamp":"2025-07-03T18:08:24,719","container":"ebdffaae6f6b","level":"INFO","thread":"EthScheduler-Timer-0","class":"FullSyncTargetManager","message":"Unable to find sync target. Currently checking 5 peers for usefulness","throwable":""}
{"timestamp":"2025-07-03T18:08:27,051","container":"ebdffaae6f6b","level":"INFO","thread":"EthScheduler-Workers-0","class":"PersistBlockTask","message":"Imported #2 / 0 tx / 0 om / 0 (0.0%) gas / (0x50c77cb32e470ec23fe08ae7335ced5d77cf4db00570039f0f0d480242c9d466) in 0.005s. Peers: 5","throwable":""}
{"timestamp":"2025-07-03T18:08:35,905","container":"ebdffaae6f6b","level":"INFO","thread":"EthScheduler-Workers-0","class":"PersistBlockTask","message":"Imported #3 / 0 tx / 0 om / 0 (0.0%) gas / (0x68e77d678cb7443eb5cd9527e3692ebe139602ad238bfd149474895bb32133ca) in 0.003s. Peers: 5","throwable":""}
{"timestamp":"2025-07-03T18:08:44,027","container":"ebdffaae6f6b","level":"INFO","thread":"EthScheduler-Workers-0","class":"PersistBlockTask","message":"Imported #4 / 0 tx / 0 om / 0 (0.0%) gas / (0x98f883a83da421ea9844a3cdcd34b5110da9ae7e4ee374c00dcf4feaea8ce6c6) in 0.003s. Peers: 5","throwable":""}
{"timestamp":"2025-07-03T18:08:52,028","container":"ebdffaae6f6b","level":"INFO","thread":"EthScheduler-Workers-0","class":"PersistBlockTask","message":"Imported #5 / 0 tx / 0 om / 0 (0.0%) gas / (0xbc2419d274d58033c5532f0b836998587316ad83ac48da8e09cbff49aee4c9c9) in 0.002s. Peers: 5","throwable":""}
{"timestamp":"2025-07-03T18:09:00,027","container":"ebdffaae6f6b","level":"INFO","thread":"EthScheduler-Workers-0","class":"PersistBlockTask","message":"Imported #6 / 0 tx / 0 om / 0 (0.0%) gas / (0x7d1b9af28026de7eea618577247b6de7f79a4c9ad65a7b3e2af9ee841762e30f) in 0.002s. Peers: 5","throwable":""}
{"timestamp":"2025-07-03T18:09:09,039","container":"ebdffaae6f6b","level":"INFO","thread":"EthScheduler-Workers-0","class":"PersistBlockTask","message":"Imported #7 / 0 tx / 0 om / 0 (0.0%) gas / (0x09bd23ea3489e869326a306874d58ce5f8a131c1e6d9950455e4e574895c653c) in 0.002s. Peers: 5","throwable":""}
{"timestamp":"2025-07-03T18:09:17,023","container":"ebdffaae6f6b","level":"INFO","thread":"EthScheduler-Workers-0","class":"PersistBlockTask","message":"Imported #8 / 0 tx / 0 om / 0 (0.0%) gas / (0x68df044bcb688df285f846bab21716ea3fdaca7736e8be3890feb061b1b724e0) in 0.002s. Peers: 5","throwable":""}
{"timestamp":"2025-07-03T18:09:25,027","container":"ebdffaae6f6b","level":"INFO","thread":"EthScheduler-Workers-0","class":"PersistBlockTask","message":"Imported #9 / 0 tx / 0 om / 0 (0.0%) gas / (0x802b3388a081ddc74995a370579bfd953d5845d58837366161c8d6473a3a1aa4) in 0.003s. Peers: 5","throwable":""}
{"timestamp":"2025-07-03T18:09:33,021","container":"ebdffaae6f6b","level":"INFO","thread":"EthScheduler-Workers-0","class":"PersistBlockTask","message":"Imported #10 / 0 tx / 0 om / 0 (0.0%) gas / (0x3bcb4ac6731ab3286fedb896607494f4a542135de38cfb79f669702024507300) in 0.002s. Peers: 5","throwable":""}
{"timestamp":"2025-07-03T18:09:42,002","container":"ebdffaae6f6b","level":"INFO","thread":"EthScheduler-Workers-0","class":"PersistBlockTask","message":"Imported #11 / 0 tx / 0 om / 0 (0.0%) gas / (0xc8dd0d45157665c2f23cec0c7c8bb2874294a37863ee0aeaf83979ae5c91345a) in 0.002s. Peers: 5","throwable":""}
{"timestamp":"2025-07-03T18:09:50,020","container":"ebdffaae6f6b","level":"INFO","thread":"EthScheduler-Workers-0","class":"PersistBlockTask","message":"Imported #12 / 0 tx / 0 om / 0 (0.0%) gas / (0x1c8179c48a2e1f3e67c8b0c73dc4e473589f6591628cd7b20e69a5226add8c2c) in 0.002s. Peers: 5","throwable":""}
{"timestamp":"2025-07-03T18:09:58,021","container":"ebdffaae6f6b","level":"INFO","thread":"EthScheduler-Workers-0","class":"PersistBlockTask","message":"Imported #13 / 0 tx / 0 om / 0 (0.0%) gas / (0x53fdb07187da1a8a02a98ba242929580811da77606f1b732157a2637289a792f) in 0.003s. Peers: 5","throwable":""}
{"timestamp":"2025-07-03T18:10:06,018","container":"ebdffaae6f6b","level":"INFO","thread":"EthScheduler-Workers-0","class":"PersistBlockTask","message":"Imported #14 / 0 tx / 0 om / 0 (0.0%) gas / (0x8ee7c662b588148bae8f56f72979601d6e14443deeeb0ec8d81555439b12c5a8) in 0.001s. Peers: 5","throwable":""}
{"timestamp":"2025-07-03T18:10:15,065","container":"ebdffaae6f6b","level":"INFO","thread":"EthScheduler-Workers-0","class":"PersistBlockTask","message":"Imported #15 / 0 tx / 0 om / 0 (0.0%) gas / (0xd23f15e5ffabe0a8c540bda4e7a79a94e93639feeb08fb13b30a6a81c03a4097) in 0.002s. Peers: 5","throwable":""}
{"timestamp":"2025-07-03T18:10:23,015","container":"ebdffaae6f6b","level":"INFO","thread":"EthScheduler-Workers-0","class":"PersistBlockTask","message":"Imported #16 / 0 tx / 0 om / 0 (0.0%) gas / (0x5a1244b38b76066e2e143f5c1ebec9af45ce648489f68cc85bb6d1bf677b8769) in 0.002s. Peers: 5","throwable":""}
{"timestamp":"2025-07-03T18:10:31,016","container":"ebdffaae6f6b","level":"INFO","thread":"EthScheduler-Workers-0","class":"PersistBlockTask","message":"Imported #17 / 0 tx / 0 om / 0 (0.0%) gas / (0x11066f1eedcc1ceea69511ea94a401bf852099aa32e1d0bf821553dcb1a41748) in 0.002s. Peers: 5","throwable":""}
{"timestamp":"2025-07-03T18:10:39,021","container":"ebdffaae6f6b","level":"INFO","thread":"EthScheduler-Workers-0","class":"PersistBlockTask","message":"Imported #18 / 0 tx / 0 om / 0 (0.0%) gas / (0xb6a0f4f28237a4c54b5d1c4598c6b79c4749ac93c4dc22eb7a8fe62bfdceb8a2) in 0.002s. Peers: 5","throwable":""}
{"timestamp":"2025-07-03T18:10:47,919","container":"ebdffaae6f6b","level":"INFO","thread":"EthScheduler-Workers-0","class":"PersistBlockTask","message":"Imported #19 / 0 tx / 0 om / 0 (0.0%) gas / (0xfead2e4fa2575aad62c076de336bfa5b02764bf45150548cfe3c2222508d2374) in 0.002s. Peers: 5","throwable":""}
{"timestamp":"2025-07-03T18:10:56,024","container":"ebdffaae6f6b","level":"INFO","thread":"EthScheduler-Workers-0","class":"PersistBlockTask","message":"Imported #20 / 0 tx / 0 om / 0 (0.0%) gas / (0xbe6dc84efae5cd1f25e6cc058abf434cbd4ecf024a4118abf7a1674dc80dc897) in 0.002s. Peers: 5","throwable":""}
{"timestamp":"2025-07-03T18:11:04,017","container":"ebdffaae6f6b","level":"INFO","thread":"EthScheduler-Workers-0","class":"PersistBlockTask","message":"Imported #21 / 0 tx / 0 om / 0 (0.0%) gas / (0x9504aaf9985fc97db3693f92c2f5749c9cf6a02b8c5d9b298d8623e2814dd0e1) in 0.002s. Peers: 5","throwable":""}
{"timestamp":"2025-07-03T18:11:12,014","container":"ebdffaae6f6b","level":"INFO","thread":"EthScheduler-Workers-0","class":"PersistBlockTask","message":"Imported #22 / 0 tx / 0 om / 0 (0.0%) gas / (0xad21c1f575aed3830dfc3f4be1ad59d769956ea5f5ece41b038eeb16e377d128) in 0.001s. Peers: 5","throwable":""}
{"timestamp":"2025-07-03T18:11:21,007","container":"ebdffaae6f6b","level":"INFO","thread":"EthScheduler-Workers-0","class":"PersistBlockTask","message":"Imported #23 / 0 tx / 0 om / 0 (0.0%) gas / (0x99944cdcb991a961660372cb546f2c155f10a19f0f0171cc833f1092f78ae058) in 0.001s. Peers: 5","throwable":""}
{"timestamp":"2025-07-03T18:11:29,014","container":"ebdffaae6f6b","level":"INFO","thread":"EthScheduler-Workers-0","class":"PersistBlockTask","message":"Imported #24 / 0 tx / 0 om / 0 (0.0%) gas / (0x664f3feb4fd88bad032ec88630dc7968ccfdc7dbe11d03e5b617bc5a3ac9cac0) in 0.001s. Peers: 5","throwable":""}
{"timestamp":"2025-07-03T18:11:37,020","container":"ebdffaae6f6b","level":"INFO","thread":"EthScheduler-Workers-0","class":"PersistBlockTask","message":"Imported #25 / 0 tx / 0 om / 0 (0.0%) gas / (0xa500caf1b4d2e4c70f3108f88199e244cab36571ab74c63e0ca2eb9a907c2557) in 0.003s. Peers: 5","throwable":""}
{"timestamp":"2025-07-03T18:11:45,019","container":"ebdffaae6f6b","level":"INFO","thread":"EthScheduler-Workers-0","class":"PersistBlockTask","message":"Imported #26 / 0 tx / 0 om / 0 (0.0%) gas / (0x4e1d513773b1543eaaf15b5e800dd4ce4f7f9f744d64fc591871fe2a4f4500f2) in 0.002s. Peers: 5","throwable":""}
{"timestamp":"2025-07-03T18:11:53,016","container":"ebdffaae6f6b","level":"INFO","thread":"EthScheduler-Workers-0","class":"PersistBlockTask","message":"Imported #27 / 0 tx / 0 om / 0 (0.0%) gas / (0x145bc9bfcf3850834679bf9bfc426cb37d1bef59f0df6a46744560524561fbd1) in 0.002s. Peers: 5","throwable":""}
{"timestamp":"2025-07-03T18:12:01,937","container":"ebdffaae6f6b","level":"INFO","thread":"EthScheduler-Workers-0","class":"PersistBlockTask","message":"Imported #28 / 0 tx / 0 om / 0 (0.0%) gas / (0xe66ff4682abc30340cb9a69b345f23a26af0046bb663a2714d0b346823c12752) in 0.003s. Peers: 5","throwable":""}
{"timestamp":"2025-07-03T18:12:10,018","container":"ebdffaae6f6b","level":"INFO","thread":"EthScheduler-Workers-0","class":"PersistBlockTask","message":"Imported #29 / 0 tx / 0 om / 0 (0.0%) gas / (0xbc28887532adc286eface318a9b88d5aba18c2e29d44c7b75461f7b2d86db450) in 0.002s. Peers: 5","throwable":""}
{"timestamp":"2025-07-03T18:12:18,018","container":"ebdffaae6f6b","level":"INFO","thread":"EthScheduler-Workers-0","class":"PersistBlockTask","message":"Imported #30 / 0 tx / 0 om / 0 (0.0%) gas / (0x4cd3c00fcc821cf701a9c90586e07a95d5deb34cc6b9fd82a4dbd8d7f36d1a89) in 0.002s. Peers: 5","throwable":""}
{"timestamp":"2025-07-03T18:12:26,015","container":"ebdffaae6f6b","level":"INFO","thread":"EthScheduler-Workers-0","class":"PersistBlockTask","message":"Imported #31 / 0 tx / 0 om / 0 (0.0%) gas / (0x08c4b3bbc22771b296a380364ab5e0c7230fcc2acf89107b70eb0180cc4e2802) in 0.002s. Peers: 5","throwable":""}
{"timestamp":"2025-07-03T18:12:35,071","container":"ebdffaae6f6b","level":"INFO","thread":"EthScheduler-Workers-0","class":"PersistBlockTask","message":"Imported #32 / 0 tx / 0 om / 0 (0.0%) gas / (0xc28fc4db66131a8b4d7596e27b917dd31e0c0e3af85b05ed25c51fe020476530) in 0.003s. Peers: 5","throwable":""}
{"timestamp":"2025-07-03T18:12:43,017","container":"ebdffaae6f6b","level":"INFO","thread":"EthScheduler-Workers-0","class":"PersistBlockTask","message":"Imported #33 / 0 tx / 0 om / 0 (0.0%) gas / (0xa1e346ddef456381db9fa36c971f62c3a63d6c8be963c0bb87618c90170aacc3) in 0.001s. Peers: 5","throwable":""}
{"timestamp":"2025-07-03T18:12:51,011","container":"ebdffaae6f6b","level":"INFO","thread":"EthScheduler-Workers-0","class":"PersistBlockTask","message":"Imported #34 / 0 tx / 0 om / 0 (0.0%) gas / (0x62020bd187c9496debb6344b5ee2581cef3cf37bb47bf0ecd9db03497f7467bc) in 0.001s. Peers: 5","throwable":""}
{"timestamp":"2025-07-03T18:12:59,018","container":"ebdffaae6f6b","level":"INFO","thread":"EthScheduler-Workers-0","class":"PersistBlockTask","message":"Imported #35 / 0 tx / 0 om / 0 (0.0%) gas / (0x3ff0c6ca668f302a6873c258474fe1a75afc3c1b82a8e1d09e7e0be31fa3ccb4) in 0.003s. Peers: 5","throwable":""}
{"timestamp":"2025-07-03T18:13:08,020","container":"ebdffaae6f6b","level":"INFO","thread":"EthScheduler-Workers-0","class":"PersistBlockTask","message":"Imported #36 / 0 tx / 0 om / 0 (0.0%) gas / (0x357709700cb3773de065efafb2679a9e26ae334ebee2cde4f87f1c40fba0bf1f) in 0.001s. Peers: 5","throwable":""}
{"timestamp":"2025-07-03T18:13:16,019","container":"ebdffaae6f6b","level":"INFO","thread":"EthScheduler-Workers-0","class":"PersistBlockTask","message":"Imported #37 / 0 tx / 0 om / 0 (0.0%) gas / (0x31cbf1c352caad97979ee01fda96c9444db26fad38a8ad56c98c461a0867c8bf) in 0.002s. Peers: 5","throwable":""}
{"timestamp":"2025-07-03T18:13:24,013","container":"ebdffaae6f6b","level":"INFO","thread":"EthScheduler-Workers-0","class":"PersistBlockTask","message":"Imported #38 / 0 tx / 0 om / 0 (0.0%) gas / (0x1a4aaa20ca07dd7ce60d53e91061266ead7a3b9d82724964cdce33e048c8025a) in 0.001s. Peers: 5","throwable":""}
{"timestamp":"2025-07-03T18:13:32,013","container":"ebdffaae6f6b","level":"INFO","thread":"EthScheduler-Workers-0","class":"PersistBlockTask","message":"Imported #39 / 0 tx / 0 om / 0 (0.0%) gas / (0xb9223cb158a30c43ec5e64ee203e80602c0bcadc2f537c6ba60b0abad3241fff) in 0.001s. Peers: 5","throwable":""}
{"timestamp":"2025-07-03T18:13:41,045","container":"ebdffaae6f6b","level":"INFO","thread":"EthScheduler-Workers-0","class":"PersistBlockTask","message":"Imported #40 / 0 tx / 0 om / 0 (0.0%) gas / (0x56753c306f6737beb0727927c4b1357af670de8e95c03451c2a89dcb73825fef) in 0.002s. Peers: 5","throwable":""}
{"timestamp":"2025-07-03T18:13:49,011","container":"ebdffaae6f6b","level":"INFO","thread":"EthScheduler-Workers-0","class":"PersistBlockTask","message":"Imported #41 / 0 tx / 0 om / 0 (0.0%) gas / (0x6202ea560be5bf90d47608dbbf5201fcfb05ab12d4953bb0bc44e1e0d2c7aba8) in 0.001s. Peers: 5","throwable":""}
{"timestamp":"2025-07-03T18:13:57,017","container":"ebdffaae6f6b","level":"INFO","thread":"EthScheduler-Workers-0","class":"PersistBlockTask","message":"Imported #42 / 0 tx / 0 om / 0 (0.0%) gas / (0xc6c7c6016a900b2f94f7de6e7c3d00cb1b9bf9d562cefd84d79f9e1e789bf79b) in 0.002s. Peers: 5","throwable":""}
{"timestamp":"2025-07-03T18:14:05,011","container":"ebdffaae6f6b","level":"INFO","thread":"EthScheduler-Workers-0","class":"PersistBlockTask","message":"Imported #43 / 0 tx / 0 om / 0 (0.0%) gas / (0x45d7f4dd38d77aace73e2229c09a382823a186e6e460062a19886a46a4a46a1e) in 0.001s. Peers: 5","throwable":""}
{"timestamp":"2025-07-03T18:14:14,123","container":"ebdffaae6f6b","level":"INFO","thread":"EthScheduler-Workers-0","class":"PersistBlockTask","message":"Imported #44 / 0 tx / 0 om / 0 (0.0%) gas / (0x318e7f9aa779ccc92a35dabd006f539aab3fc9a042b8613b6948400dd85908d9) in 0.002s. Peers: 5","throwable":""}
{"timestamp":"2025-07-03T18:14:22,014","container":"ebdffaae6f6b","level":"INFO","thread":"EthScheduler-Workers-0","class":"PersistBlockTask","message":"Imported #45 / 0 tx / 0 om / 0 (0.0%) gas / (0x4ddbe6fb646f14c775d3011b8048d432572f3934b7eaac791951b9a7c457a6ca) in 0.001s. Peers: 5","throwable":""}
{"timestamp":"2025-07-03T18:14:30,014","container":"ebdffaae6f6b","level":"INFO","thread":"EthScheduler-Workers-0","class":"PersistBlockTask","message":"Imported #46 / 0 tx / 0 om / 0 (0.0%) gas / (0x0ed4e6959b9754bce575534a6d83ae49dfc4511bd467af320d204445e5025a7a) in 0.001s. Peers: 5","throwable":""}
{"timestamp":"2025-07-03T18:14:38,012","container":"ebdffaae6f6b","level":"INFO","thread":"EthScheduler-Workers-0","class":"PersistBlockTask","message":"Imported #47 / 0 tx / 0 om / 0 (0.0%) gas / (0x4db0026b77e0ea3e06e0d9b782c0f828123a1ea428a0172ca0dfe2185c5dd723) in 0.001s. Peers: 5","throwable":""}
{"timestamp":"2025-07-03T18:14:47,142","container":"ebdffaae6f6b","level":"INFO","thread":"EthScheduler-Workers-0","class":"PersistBlockTask","message":"Imported #48 / 0 tx / 0 om / 0 (0.0%) gas / (0x8b9b713c349eacb77cef528f1957db5a574dd789ee4b6137320c1e76445c1445) in 0.001s. Peers: 5","throwable":""}
{"timestamp":"2025-07-03T18:14:55,012","container":"ebdffaae6f6b","level":"INFO","thread":"EthScheduler-Workers-0","class":"PersistBlockTask","message":"Imported #49 / 0 tx / 0 om / 0 (0.0%) gas / (0xc59daf45a458eeeffb47d2e58bab9a2673aaa9f4f15ed58faecbacf5035fac51) in 0.001s. Peers: 5","throwable":""}
{"timestamp":"2025-07-03T18:15:03,013","container":"ebdffaae6f6b","level":"INFO","thread":"EthScheduler-Workers-0","class":"PersistBlockTask","message":"Imported #50 / 0 tx / 0 om / 0 (0.0%) gas / (0x866ce4e503a72b68fb86a179d21583859c83ab33c0f2823ae19bffae8f90c704) in 0.001s. Peers: 5","throwable":""}
{"timestamp":"2025-07-03T18:15:11,012","container":"ebdffaae6f6b","level":"INFO","thread":"EthScheduler-Workers-0","class":"PersistBlockTask","message":"Imported #51 / 0 tx / 0 om / 0 (0.0%) gas / (0xff9a0e93050ba4c17eca9e7cbab847f99566b93a5971daa21737e950561d8b4d) in 0.002s. Peers: 5","throwable":""}
{"timestamp":"2025-07-03T18:15:20,163","container":"ebdffaae6f6b","level":"INFO","thread":"EthScheduler-Workers-0","class":"PersistBlockTask","message":"Imported #52 / 0 tx / 0 om / 0 (0.0%) gas / (0x5961a31e00c9d46251c7bd6d6ff071c488c3a7e703b9989481d10cf3291c4b05) in 0.002s. Peers: 5","throwable":""}
{"timestamp":"2025-07-03T18:15:28,010","container":"ebdffaae6f6b","level":"INFO","thread":"EthScheduler-Workers-0","class":"PersistBlockTask","message":"Imported #53 / 0 tx / 0 om / 0 (0.0%) gas / (0x53d3569ddde4b2462957fa73b892d21d3cdf5a6f6e9822c39d6687302f2563f4) in 0.001s. Peers: 5","throwable":""}
{"timestamp":"2025-07-03T18:15:36,015","container":"ebdffaae6f6b","level":"INFO","thread":"EthScheduler-Workers-0","class":"PersistBlockTask","message":"Imported #54 / 0 tx / 0 om / 0 (0.0%) gas / (0x4c24e0758ed94ad520d26f5ce82478f3585ae082c482880fa1cf4b75f650fc64) in 0.002s. Peers: 5","throwable":""}
{"timestamp":"2025-07-03T18:15:44,011","container":"ebdffaae6f6b","level":"INFO","thread":"EthScheduler-Workers-0","class":"PersistBlockTask","message":"Imported #55 / 0 tx / 0 om / 0 (0.0%) gas / (0xacdb240b97687da4a103a1d23bbb49f2b5b837f9873e635bd317d18c5f65c7d8) in 0.001s. Peers: 5","throwable":""}
{"timestamp":"2025-07-03T18:15:53,173","container":"ebdffaae6f6b","level":"INFO","thread":"EthScheduler-Workers-0","class":"PersistBlockTask","message":"Imported #56 / 0 tx / 0 om / 0 (0.0%) gas / (0xfc59c966c72e43670437277e3f7a06474cdc8cb01b87c4bccba36513fe1ba19c) in 0.001s. Peers: 5","throwable":""}
{"timestamp":"2025-07-03T18:16:01,011","container":"ebdffaae6f6b","level":"INFO","thread":"EthScheduler-Workers-0","class":"PersistBlockTask","message":"Imported #57 / 0 tx / 0 om / 0 (0.0%) gas / (0xde833e0fc09871034fb346511a47d13b2994e8b76fadc21312fa170d9de371e0) in 0.001s. Peers: 5","throwable":""}
{"timestamp":"2025-07-03T18:16:09,011","container":"ebdffaae6f6b","level":"INFO","thread":"EthScheduler-Workers-0","class":"PersistBlockTask","message":"Imported #58 / 0 tx / 0 om / 0 (0.0%) gas / (0xe7d5814cbf965505da4001425637c6109b0426f7f8ae377639a47c3c35025a47) in 0.001s. Peers: 5","throwable":""}
{"timestamp":"2025-07-03T18:16:17,009","container":"ebdffaae6f6b","level":"INFO","thread":"EthScheduler-Workers-0","class":"PersistBlockTask","message":"Imported #59 / 0 tx / 0 om / 0 (0.0%) gas / (0x687e030ebc82ba69913399c6b044686ed7d262764f773dda045f8b566dda98cd) in 0.001s. Peers: 5","throwable":""}
{"timestamp":"2025-07-03T18:16:26,122","container":"ebdffaae6f6b","level":"INFO","thread":"EthScheduler-Workers-0","class":"PersistBlockTask","message":"Imported #60 / 0 tx / 0 om / 0 (0.0%) gas / (0xf3190b4e526a27826b4d0402161ea24cac074a3b25fc6082d3a88d1c126c4a48) in 0.001s. Peers: 5","throwable":""}
{"timestamp":"2025-07-03T18:16:34,009","container":"ebdffaae6f6b","level":"INFO","thread":"EthScheduler-Workers-0","class":"PersistBlockTask","message":"Imported #61 / 0 tx / 0 om / 0 (0.0%) gas / (0x92d66b5b1f64ad0ed731ad21912214e337207d4b2dee9a110df00afd4e119427) in 0.001s. Peers: 5","throwable":""}
{"timestamp":"2025-07-03T18:16:42,009","container":"ebdffaae6f6b","level":"INFO","thread":"EthScheduler-Workers-0","class":"PersistBlockTask","message":"Imported #62 / 0 tx / 0 om / 0 (0.0%) gas / (0x42bd92985af21ae0629785fb385b1445c6fad4e49112933d2866e2115fc81b9c) in 0.001s. Peers: 5","throwable":""}
{"timestamp":"2025-07-03T18:16:50,009","container":"ebdffaae6f6b","level":"INFO","thread":"EthScheduler-Workers-0","class":"PersistBlockTask","message":"Imported #63 / 0 tx / 0 om / 0 (0.0%) gas / (0xd84308d9baa3193805c141820058cb656a863408f86372b91409e03b5918cf95) in 0.001s. Peers: 5","throwable":""}
{"timestamp":"2025-07-03T18:16:58,906","container":"ebdffaae6f6b","level":"INFO","thread":"EthScheduler-Workers-0","class":"PersistBlockTask","message":"Imported #64 / 0 tx / 0 om / 0 (0.0%) gas / (0x8f7631b10380cae99df9fbac68bd3aa2926a157b713bcfa09a3caea7dc5a4c0b) in 0.002s. Peers: 5","throwable":""}
{"timestamp":"2025-07-03T18:17:07,011","container":"ebdffaae6f6b","level":"INFO","thread":"EthScheduler-Workers-0","class":"PersistBlockTask","message":"Imported #65 / 0 tx / 0 om / 0 (0.0%) gas / (0xfeb3a15e05c70756ae88889e241676374d910e9e3efedc89c4b6dc9d7c2355d8) in 0.001s. Peers: 5","throwable":""}
{"timestamp":"2025-07-03T18:17:15,012","container":"ebdffaae6f6b","level":"INFO","thread":"EthScheduler-Workers-0","class":"PersistBlockTask","message":"Imported #66 / 0 tx / 0 om / 0 (0.0%) gas / (0xa9663ef6dd980fa2569076baaaca08e8eaca837ec14f7dd05a197e5964f46600) in 0.002s. Peers: 5","throwable":""}
{"timestamp":"2025-07-03T18:17:23,013","container":"ebdffaae6f6b","level":"INFO","thread":"EthScheduler-Workers-0","class":"PersistBlockTask","message":"Imported #67 / 0 tx / 0 om / 0 (0.0%) gas / (0x7806902b3523f0ed346ba671ee4095e826bb576553c3202d7eb4a296cd9e5912) in 0.001s. Peers: 5","throwable":""}
{"timestamp":"2025-07-03T18:17:31,900","container":"ebdffaae6f6b","level":"INFO","thread":"EthScheduler-Workers-0","class":"PersistBlockTask","message":"Imported #68 / 0 tx / 0 om / 0 (0.0%) gas / (0xdc74b2ba83eb75a6c681b2389f06fab6d7f7f75edadaaaa4d40ae507855f696c) in 0.001s. Peers: 5","throwable":""}
{"timestamp":"2025-07-03T18:17:40,008","container":"ebdffaae6f6b","level":"INFO","thread":"EthScheduler-Workers-0","class":"PersistBlockTask","message":"Imported #69 / 0 tx / 0 om / 0 (0.0%) gas / (0x9be3671c25be49d6524f9db30202717da5bb8ba1c401cc28ef2e074469d63b38) in 0.001s. Peers: 5","throwable":""}
{"timestamp":"2025-07-03T18:17:48,009","container":"ebdffaae6f6b","level":"INFO","thread":"EthScheduler-Workers-0","class":"PersistBlockTask","message":"Imported #70 / 0 tx / 0 om / 0 (0.0%) gas / (0x0596927d575216ac21b33ebf2304f679b0ae5ee437a86a26b1506a7850bdfdbe) in 0.001s. Peers: 5","throwable":""}
{"timestamp":"2025-07-03T18:17:56,009","container":"ebdffaae6f6b","level":"INFO","thread":"EthScheduler-Workers-0","class":"PersistBlockTask","message":"Imported #71 / 0 tx / 0 om / 0 (0.0%) gas / (0x1c1dc2fc7c129d4af6896ab56ccbdcd90fca9b2cfbcb287b296f82f63f704b23) in 0.001s. Peers: 5","throwable":""}
{"timestamp":"2025-07-03T18:18:05,048","container":"ebdffaae6f6b","level":"INFO","thread":"EthScheduler-Workers-0","class":"PersistBlockTask","message":"Imported #72 / 0 tx / 0 om / 0 (0.0%) gas / (0xf3ab5255442eefa56f9152877ea7ed575edb962c6c3831389957ae49fec7c5d3) in 0.003s. Peers: 5","throwable":""}
{"timestamp":"2025-07-03T18:18:13,011","container":"ebdffaae6f6b","level":"INFO","thread":"EthScheduler-Workers-0","class":"PersistBlockTask","message":"Imported #73 / 0 tx / 0 om / 0 (0.0%) gas / (0x6f4f75f2fdb8de3a25894b52e72ad6dc083c75cce67401212072ed24de36cac1) in 0.001s. Peers: 5","throwable":""}
{"timestamp":"2025-07-03T18:18:21,010","container":"ebdffaae6f6b","level":"INFO","thread":"EthScheduler-Workers-0","class":"PersistBlockTask","message":"Imported #74 / 0 tx / 0 om / 0 (0.0%) gas / (0xc281b66bed65a165a1c83ea3c49c93a3bd6860b871d0f3608043d4c20245fe4f) in 0.001s. Peers: 5","throwable":""}
{"timestamp":"2025-07-03T18:18:29,014","container":"ebdffaae6f6b","level":"INFO","thread":"EthScheduler-Workers-0","class":"PersistBlockTask","message":"Imported #75 / 0 tx / 0 om / 0 (0.0%) gas / (0x3453ac94ac15e9a21b8673d057f117616c96f774cac6d8e40dcfab3d7e9952a0) in 0.002s. Peers: 5","throwable":""}
{"timestamp":"2025-07-03T18:18:37,980","container":"ebdffaae6f6b","level":"INFO","thread":"EthScheduler-Workers-0","class":"PersistBlockTask","message":"Imported #76 / 0 tx / 0 om / 0 (0.0%) gas / (0x2288eb0c06f4e241413e34df0f4dff7ac30c05a139eaacd2e7fb7bbce1378e96) in 0.001s. Peers: 5","throwable":""}
{"timestamp":"2025-07-03T18:18:46,011","container":"ebdffaae6f6b","level":"INFO","thread":"EthScheduler-Workers-0","class":"PersistBlockTask","message":"Imported #77 / 0 tx / 0 om / 0 (0.0%) gas / (0x79473555e8893bd8e250abb16c0abd325f6ffbad5bc522bdfe0b4f1fb344f273) in 0.001s. Peers: 5","throwable":""}
{"timestamp":"2025-07-03T18:18:54,018","container":"ebdffaae6f6b","level":"INFO","thread":"EthScheduler-Workers-0","class":"PersistBlockTask","message":"Imported #78 / 0 tx / 0 om / 0 (0.0%) gas / (0x9bfe6458c39286af61738987fa8077090faffa329807d41d11971e89d2153729) in 0.003s. Peers: 5","throwable":""}
{"timestamp":"2025-07-03T18:19:02,015","container":"ebdffaae6f6b","level":"INFO","thread":"EthScheduler-Workers-0","class":"PersistBlockTask","message":"Imported #79 / 0 tx / 0 om / 0 (0.0%) gas / (0x116e67f307abf49d0caa12cd993ebc1cfde3817d235e122b5822ee6777f1abfc) in 0.002s. Peers: 5","throwable":""}
{"timestamp":"2025-07-03T18:19:10,949","container":"ebdffaae6f6b","level":"INFO","thread":"EthScheduler-Workers-0","class":"PersistBlockTask","message":"Imported #80 / 0 tx / 0 om / 0 (0.0%) gas / (0x60d7baf8241cc772dbba1a70450865707aeacd32f25a71459a0e722d5cd86307) in 0.001s. Peers: 5","throwable":""}
{"timestamp":"2025-07-03T18:19:19,010","container":"ebdffaae6f6b","level":"INFO","thread":"EthScheduler-Workers-0","class":"PersistBlockTask","message":"Imported #81 / 0 tx / 0 om / 0 (0.0%) gas / (0xcc5c48835b5c7da57d334e3d7e79d46aa2300887ed73aae8044faa380b1e05d3) in 0.001s. Peers: 5","throwable":""}
{"timestamp":"2025-07-03T18:19:27,010","container":"ebdffaae6f6b","level":"INFO","thread":"EthScheduler-Workers-0","class":"PersistBlockTask","message":"Imported #82 / 0 tx / 0 om / 0 (0.0%) gas / (0x15d8444d1446e3d50c68cdc1c9c719c0def0e496746365f260db6b3b6e6c3905) in 0.001s. Peers: 5","throwable":""}
{"timestamp":"2025-07-03T18:19:35,011","container":"ebdffaae6f6b","level":"INFO","thread":"EthScheduler-Workers-0","class":"PersistBlockTask","message":"Imported #83 / 0 tx / 0 om / 0 (0.0%) gas / (0x96358c073677c33c753633b7108d17c2d7cb3a8f0acc51f0dfa958809bd0f9c3) in 0.001s. Peers: 5","throwable":""}
{"timestamp":"2025-07-03T18:19:44,040","container":"ebdffaae6f6b","level":"INFO","thread":"EthScheduler-Workers-0","class":"PersistBlockTask","message":"Imported #84 / 0 tx / 0 om / 0 (0.0%) gas / (0x40a47e0f169ba367788c39cc7544a96253a6f7ca9ccd74920ebdc2c8e8cb2183) in 0.001s. Peers: 5","throwable":""}
{"timestamp":"2025-07-03T18:19:52,015","container":"ebdffaae6f6b","level":"INFO","thread":"EthScheduler-Workers-0","class":"PersistBlockTask","message":"Imported #85 / 0 tx / 0 om / 0 (0.0%) gas / (0x4768a5e6eb71348a3762bdf1dc5acf0f14fffcee840f302cbed817314f3ed8ca) in 0.002s. Peers: 5","throwable":""}
{"timestamp":"2025-07-03T18:20:00,011","container":"ebdffaae6f6b","level":"INFO","thread":"EthScheduler-Workers-0","class":"PersistBlockTask","message":"Imported #86 / 0 tx / 0 om / 0 (0.0%) gas / (0x0281a04e48dea397b0e1217b8f90889df0d9840549046d24f3b92324f1fdbf47) in 0.001s. Peers: 5","throwable":""}
{"timestamp":"2025-07-03T18:20:08,013","container":"ebdffaae6f6b","level":"INFO","thread":"EthScheduler-Workers-0","class":"PersistBlockTask","message":"Imported #87 / 0 tx / 0 om / 0 (0.0%) gas / (0xa25fed2927294cbdde227d69eefd44666a0c2f31629b2c4becb91f6222883afc) in 0.001s. Peers: 5","throwable":""}
{"timestamp":"2025-07-03T18:20:16,975","container":"ebdffaae6f6b","level":"INFO","thread":"EthScheduler-Workers-0","class":"PersistBlockTask","message":"Imported #88 / 0 tx / 0 om / 0 (0.0%) gas / (0xa5bf748bafaaac0e3b57ddbe3a3a2bb373fa7f2be4f1e7c7e628a4db537a21c9) in 0.002s. Peers: 5","throwable":""}
{"timestamp":"2025-07-03T18:20:25,010","container":"ebdffaae6f6b","level":"INFO","thread":"EthScheduler-Workers-0","class":"PersistBlockTask","message":"Imported #89 / 0 tx / 0 om / 0 (0.0%) gas / (0x34de5ae808bf9539fbb2cf2aa5f32b21c83290a8788814661d4ccc196351a275) in 0.001s. Peers: 5","throwable":""}
{"timestamp":"2025-07-03T18:20:33,013","container":"ebdffaae6f6b","level":"INFO","thread":"EthScheduler-Workers-0","class":"PersistBlockTask","message":"Imported #90 / 0 tx / 0 om / 0 (0.0%) gas / (0x16a11fb2607af07115ece60cc837bd2248e61f241e6fe6a9707d824d5a1aaba1) in 0.002s. Peers: 5","throwable":""}
{"timestamp":"2025-07-03T18:20:41,013","container":"ebdffaae6f6b","level":"INFO","thread":"EthScheduler-Workers-0","class":"PersistBlockTask","message":"Imported #91 / 0 tx / 0 om / 0 (0.0%) gas / (0xeb2324871c37e2d00bcd2980504ccb27c24ae8436730ed11c45dcaadf1f6d2c6) in 0.001s. Peers: 5","throwable":""}
{"timestamp":"2025-07-03T18:20:50,019","container":"ebdffaae6f6b","level":"INFO","thread":"EthScheduler-Workers-0","class":"PersistBlockTask","message":"Imported #92 / 0 tx / 0 om / 0 (0.0%) gas / (0xb273adfd3443f8581c12c8fe5edccb368adb1fafaa35e1997c4e9916e260905d) in 0.001s. Peers: 5","throwable":""}
{"timestamp":"2025-07-03T18:20:58,010","container":"ebdffaae6f6b","level":"INFO","thread":"EthScheduler-Workers-0","class":"PersistBlockTask","message":"Imported #93 / 0 tx / 0 om / 0 (0.0%) gas / (0x47a6c720dce7386df0d8093dfb9dccdfac3f131159c130bb087ddf2079ecbc7c) in 0.001s. Peers: 5","throwable":""}
{"timestamp":"2025-07-03T18:21:06,014","container":"ebdffaae6f6b","level":"INFO","thread":"EthScheduler-Workers-0","class":"PersistBlockTask","message":"Imported #94 / 0 tx / 0 om / 0 (0.0%) gas / (0x946a0e04f9956e7ea0d28822ce4e02d1ee2de5178bf8fd8c11ba48d89453c4c6) in 0.002s. Peers: 5","throwable":""}
{"timestamp":"2025-07-03T18:21:14,014","container":"ebdffaae6f6b","level":"INFO","thread":"EthScheduler-Workers-0","class":"PersistBlockTask","message":"Imported #95 / 0 tx / 0 om / 0 (0.0%) gas / (0x80fb98a45e6cab74410325270ea62fa7e04334742150d1609687d313efa63ded) in 0.002s. Peers: 5","throwable":""}
{"timestamp":"2025-07-03T18:21:22,994","container":"ebdffaae6f6b","level":"INFO","thread":"EthScheduler-Workers-0","class":"PersistBlockTask","message":"Imported #96 / 0 tx / 0 om / 0 (0.0%) gas / (0xefc5cf897f1eda9941b0966ecc198b2f2b6c1078cda90101622d07928068ef1f) in 0.001s. Peers: 5","throwable":""}
{"timestamp":"2025-07-03T18:21:31,009","container":"ebdffaae6f6b","level":"INFO","thread":"EthScheduler-Workers-0","class":"PersistBlockTask","message":"Imported #97 / 0 tx / 0 om / 0 (0.0%) gas / (0x7624d3f7265a63891a69b4c68441d8d0c14f33aa43a5c583b8a7590cc0a44d5b) in 0.001s. Peers: 5","throwable":""}
{"timestamp":"2025-07-03T18:21:39,012","container":"ebdffaae6f6b","level":"INFO","thread":"EthScheduler-Workers-0","class":"PersistBlockTask","message":"Imported #98 / 0 tx / 0 om / 0 (0.0%) gas / (0xc4e05415e37c469e8af5196c0ac5e56338262b204760719d698bc420fc97047d) in 0.002s. Peers: 5","throwable":""}
{"timestamp":"2025-07-03T18:21:47,013","container":"ebdffaae6f6b","level":"INFO","thread":"EthScheduler-Workers-0","class":"PersistBlockTask","message":"Imported #99 / 0 tx / 0 om / 0 (0.0%) gas / (0x8fba9044a71c99bb7658db174700ede1a80866e73662ba6f95c115ad458e9a77) in 0.002s. Peers: 5","throwable":""}
{"timestamp":"2025-07-03T18:21:55,994","container":"ebdffaae6f6b","level":"INFO","thread":"EthScheduler-Workers-0","class":"PersistBlockTask","message":"Imported #100 / 0 tx / 0 om / 0 (0.0%) gas / (0x0a0b4243d00d78927be147afc254ebfa1c2fbc852ffe81ecbc52ba3e77f87602) in 0.001s. Peers: 5","throwable":""}
{"timestamp":"2025-07-03T18:22:04,011","container":"ebdffaae6f6b","level":"INFO","thread":"EthScheduler-Workers-0","class":"PersistBlockTask","message":"Imported #101 / 0 tx / 0 om / 0 (0.0%) gas / (0x4ac1d32046e8ce44303871931e1af839f2d5c1d560524515b7ed7806af665ceb) in 0.001s. Peers: 5","throwable":""}
{"timestamp":"2025-07-03T18:22:12,014","container":"ebdffaae6f6b","level":"INFO","thread":"EthScheduler-Workers-0","class":"PersistBlockTask","message":"Imported #102 / 0 tx / 0 om / 0 (0.0%) gas / (0xc0c8681f50363ca82f40b5118b0d5a5b042c35020095e7ce93d55074558dc1a1) in 0.002s. Peers: 5","throwable":""}
{"timestamp":"2025-07-03T18:22:20,010","container":"ebdffaae6f6b","level":"INFO","thread":"EthScheduler-Workers-0","class":"PersistBlockTask","message":"Imported #103 / 0 tx / 0 om / 0 (0.0%) gas / (0x615fd39aa5cb604c4c6b6a8453ad54111151f7e5c76922b346af275fc6904ca6) in 0.001s. Peers: 5","throwable":""}
{"timestamp":"2025-07-03T18:22:28,998","container":"ebdffaae6f6b","level":"INFO","thread":"EthScheduler-Workers-0","class":"PersistBlockTask","message":"Imported #104 / 0 tx / 0 om / 0 (0.0%) gas / (0xcae1f5f8ab290e87385f8b52d7ad36af562916f0e70aa406ee09e25bbfca0462) in 0.003s. Peers: 5","throwable":""}
{"timestamp":"2025-07-03T18:22:37,011","container":"ebdffaae6f6b","level":"INFO","thread":"EthScheduler-Workers-0","class":"PersistBlockTask","message":"Imported #105 / 0 tx / 0 om / 0 (0.0%) gas / (0xb8189f33fddbb2ccb7f6b1b5a4a4ec8e9c384ab9f7c026d2c89d4ab09a6c5049) in 0.001s. Peers: 5","throwable":""}
{"timestamp":"2025-07-03T18:22:45,011","container":"ebdffaae6f6b","level":"INFO","thread":"EthScheduler-Workers-0","class":"PersistBlockTask","message":"Imported #106 / 0 tx / 0 om / 0 (0.0%) gas / (0x2a8135d726e105256ca3f1c869d7789802d7b4846524f0312aca127991b1f842) in 0.001s. Peers: 5","throwable":""}
{"timestamp":"2025-07-03T18:46:10,310","container":"ebdffaae6f6b","level":"INFO","thread":"EthScheduler-Workers-0","class":"PersistBlockTask","message":"Imported #107 / 0 tx / 0 om / 0 (0.0%) gas / (0xee8e37619dffe91ca22ebab0b8321540af9868cad549d19ff0f03fb2a6e8f30d) in 0.005s. Peers: 5","throwable":""}
{"timestamp":"2025-07-03T18:46:18,010","container":"ebdffaae6f6b","level":"INFO","thread":"EthScheduler-Workers-0","class":"PersistBlockTask","message":"Imported #108 / 0 tx / 0 om / 0 (0.0%) gas / (0xc94395904ecd68c7448e8440c322c3ac2b59fed5825806d2e077728e03e7a0ee) in 0.001s. Peers: 5","throwable":""}
{"timestamp":"2025-07-03T18:46:27,184","container":"ebdffaae6f6b","level":"INFO","thread":"EthScheduler-Workers-0","class":"PersistBlockTask","message":"Imported #109 / 0 tx / 0 om / 0 (0.0%) gas / (0xd1bd28631f609b2e62ea999070ca5ba45b26145711e01567218d664f82942025) in 0.003s. Peers: 5","throwable":""}
{"timestamp":"2025-07-03T18:46:35,012","container":"ebdffaae6f6b","level":"INFO","thread":"EthScheduler-Workers-0","class":"PersistBlockTask","message":"Imported #110 / 0 tx / 0 om / 0 (0.0%) gas / (0xffd9737ccbf2123cab8541fc420c950f55940142f96e088d8ea4cb7b97de1937) in 0.001s. Peers: 5","throwable":""}
{"timestamp":"2025-07-03T18:46:43,016","container":"ebdffaae6f6b","level":"INFO","thread":"EthScheduler-Workers-0","class":"PersistBlockTask","message":"Imported #111 / 0 tx / 0 om / 0 (0.0%) gas / (0x1b7344cad96571ce5ee87e08ebc8352e4073720a179a53398557a3acde334e55) in 0.001s. Peers: 5","throwable":""}
{"timestamp":"2025-07-03T18:46:51,013","container":"ebdffaae6f6b","level":"INFO","thread":"EthScheduler-Workers-0","class":"PersistBlockTask","message":"Imported #112 / 0 tx / 0 om / 0 (0.0%) gas / (0x1f87819e7ce92921cbe454d5d1e0f8147080309adcbdb0fc155cc807f590401d) in 0.003s. Peers: 5","throwable":""}
{"timestamp":"2025-07-03T18:47:00,428","container":"ebdffaae6f6b","level":"INFO","thread":"EthScheduler-Workers-0","class":"PersistBlockTask","message":"Imported #113 / 0 tx / 0 om / 0 (0.0%) gas / (0x10826747c98ddac75af841f215a50dba90e01eee441c955a11c255c4003773cf) in 0.001s. Peers: 5","throwable":""}
{"timestamp":"2025-07-03T18:47:08,021","container":"ebdffaae6f6b","level":"INFO","thread":"EthScheduler-Workers-0","class":"PersistBlockTask","message":"Imported #114 / 0 tx / 0 om / 0 (0.0%) gas / (0x0a03ad2a208da5a778f5bf5cf2bac2f21fff1666f2ac8d3be39fb88d8abfa45b) in 0.002s. Peers: 5","throwable":""}
{"timestamp":"2025-07-03T18:47:16,010","container":"ebdffaae6f6b","level":"INFO","thread":"EthScheduler-Workers-0","class":"PersistBlockTask","message":"Imported #115 / 0 tx / 0 om / 0 (0.0%) gas / (0xdb2c77eab774eaceb06f2571fef8d2fb6c97a93f7d09babc938f20393ece1a58) in 0.001s. Peers: 5","throwable":""}
{"timestamp":"2025-07-03T18:47:24,014","container":"ebdffaae6f6b","level":"INFO","thread":"EthScheduler-Workers-0","class":"PersistBlockTask","message":"Imported #116 / 0 tx / 0 om / 0 (0.0%) gas / (0xa58e2cb9d4f2ad13e7ebf50d0ad864d09ae2cbce7384719254dd9049c842db33) in 0.001s. Peers: 5","throwable":""}
{"timestamp":"2025-07-03T18:47:33,779","container":"ebdffaae6f6b","level":"INFO","thread":"EthScheduler-Workers-0","class":"PersistBlockTask","message":"Imported #117 / 0 tx / 0 om / 0 (0.0%) gas / (0x699934aeabd7cd5f149672e6aaaed33ddc778b6f04934f429ba969d2af763338) in 0.001s. Peers: 5","throwable":""}
{"timestamp":"2025-07-03T18:47:42,008","container":"ebdffaae6f6b","level":"INFO","thread":"EthScheduler-Workers-0","class":"PersistBlockTask","message":"Imported #118 / 0 tx / 0 om / 0 (0.0%) gas / (0x270c87f7a55051de9eda65412655261b6988659c68031e389aef325c3a2e114a) in 0.001s. Peers: 5","throwable":""}
{"timestamp":"2025-07-03T18:47:50,008","container":"ebdffaae6f6b","level":"INFO","thread":"EthScheduler-Workers-0","class":"PersistBlockTask","message":"Imported #119 / 0 tx / 0 om / 0 (0.0%) gas / (0x3c5b63fb9580379c7ced1bff8f8a8aabc2c406f1ea841c3c61f91fefea7ca5b9) in 0.001s. Peers: 5","throwable":""}
{"timestamp":"2025-07-03T18:47:58,009","container":"ebdffaae6f6b","level":"INFO","thread":"EthScheduler-Workers-0","class":"PersistBlockTask","message":"Imported #120 / 0 tx / 0 om / 0 (0.0%) gas / (0x58ac50ca9c973bdaad18fc52d649dd4b24e1ac80dab31889175a25bbbed35be7) in 0.001s. Peers: 5","throwable":""}
{"timestamp":"2025-07-03T18:48:07,793","container":"ebdffaae6f6b","level":"INFO","thread":"EthScheduler-Workers-0","class":"PersistBlockTask","message":"Imported #121 / 0 tx / 0 om / 0 (0.0%) gas / (0x63137fb8c3f211721268db16e26586bc5f318c2fee2fcf6477cb45ed8d7d8657) in 0.002s. Peers: 5","throwable":""}
{"timestamp":"2025-07-03T18:48:16,009","container":"ebdffaae6f6b","level":"INFO","thread":"EthScheduler-Workers-0","class":"PersistBlockTask","message":"Imported #122 / 0 tx / 0 om / 0 (0.0%) gas / (0x6bd2aa39422e2b25244e0976b82b5e92c9f08129624b4cf186f9285e1963e088) in 0.001s. Peers: 5","throwable":""}
{"timestamp":"2025-07-03T18:48:24,009","container":"ebdffaae6f6b","level":"INFO","thread":"EthScheduler-Workers-0","class":"PersistBlockTask","message":"Imported #123 / 0 tx / 0 om / 0 (0.0%) gas / (0x7355207e8874178d1d5d5dce06e3eea463cfd9badb528266e9a975a872589272) in 0.001s. Peers: 5","throwable":""}
{"timestamp":"2025-07-03T18:48:32,010","container":"ebdffaae6f6b","level":"INFO","thread":"EthScheduler-Workers-0","class":"PersistBlockTask","message":"Imported #124 / 0 tx / 0 om / 0 (0.0%) gas / (0xa77a18cd761cf6a9ecb5dc1420f20ef042d152d990604d14a308cc9bd37b4862) in 0.001s. Peers: 5","throwable":""}
{"timestamp":"2025-07-03T18:48:41,694","container":"ebdffaae6f6b","level":"INFO","thread":"EthScheduler-Workers-0","class":"PersistBlockTask","message":"Imported #125 / 0 tx / 0 om / 0 (0.0%) gas / (0x4e7e1559e066e9c22beb841a3bf82b7133964a20bd78b7c343b62b351a2bd64e) in 0.001s. Peers: 5","throwable":""}
{"timestamp":"2025-07-03T18:48:50,010","container":"ebdffaae6f6b","level":"INFO","thread":"EthScheduler-Workers-0","class":"PersistBlockTask","message":"Imported #126 / 0 tx / 0 om / 0 (0.0%) gas / (0xa62286cbefed4f2338ec9ee297a80d4d337ad336b3f3ce72093f0cfba397e126) in 0.001s. Peers: 5","throwable":""}
{"timestamp":"2025-07-03T18:48:58,012","container":"ebdffaae6f6b","level":"INFO","thread":"EthScheduler-Workers-0","class":"PersistBlockTask","message":"Imported #127 / 0 tx / 0 om / 0 (0.0%) gas / (0xaffb2734683654c6c486b80dedbfcdda5599ac8db7e1fe494c6b64ad7d441bb8) in 0.002s. Peers: 5","throwable":""}
{"timestamp":"2025-07-03T18:49:06,014","container":"ebdffaae6f6b","level":"INFO","thread":"EthScheduler-Workers-0","class":"PersistBlockTask","message":"Imported #128 / 0 tx / 0 om / 0 (0.0%) gas / (0x70674fd4596a5b348c1899ab419e2b0c506a48c9afacb0e29c10f77208989357) in 0.002s. Peers: 5","throwable":""}
{"timestamp":"2025-07-03T18:49:15,763","container":"ebdffaae6f6b","level":"INFO","thread":"EthScheduler-Workers-0","class":"PersistBlockTask","message":"Imported #129 / 0 tx / 0 om / 0 (0.0%) gas / (0x456d07038acdbdef488d30d8e6e206d31be4ea3507ec406b1adea44b5156c99c) in 0.001s. Peers: 5","throwable":""}
{"timestamp":"2025-07-03T18:49:24,009","container":"ebdffaae6f6b","level":"INFO","thread":"EthScheduler-Workers-0","class":"PersistBlockTask","message":"Imported #130 / 0 tx / 0 om / 0 (0.0%) gas / (0xf40ffed63888e949ea4b7255398b51ecb71054f177c736e41e2d99d5ad13f701) in 0.001s. Peers: 5","throwable":""}
{"timestamp":"2025-07-03T18:49:32,013","container":"ebdffaae6f6b","level":"INFO","thread":"EthScheduler-Workers-0","class":"PersistBlockTask","message":"Imported #131 / 0 tx / 0 om / 0 (0.0%) gas / (0x788af2703ff5960f6aa434e97a7a029e513e4721b7439f48fc5afad17edc3187) in 0.001s. Peers: 5","throwable":""}
{"timestamp":"2025-07-03T18:49:40,010","container":"ebdffaae6f6b","level":"INFO","thread":"EthScheduler-Workers-0","class":"PersistBlockTask","message":"Imported #132 / 0 tx / 0 om / 0 (0.0%) gas / (0x54e1235a08efd54a6327eb54fac61c5b13fb97a4cddca2e6973dfeda28753536) in 0.001s. Peers: 5","throwable":""}
{"timestamp":"2025-07-03T18:49:49,707","container":"ebdffaae6f6b","level":"INFO","thread":"EthScheduler-Workers-0","class":"PersistBlockTask","message":"Imported #133 / 0 tx / 0 om / 0 (0.0%) gas / (0x68060cfb966cd422690f3a41be65c4eb2b2293aae97adea0be926031103db7ba) in 0.001s. Peers: 5","throwable":""}
{"timestamp":"2025-07-03T18:49:58,009","container":"ebdffaae6f6b","level":"INFO","thread":"EthScheduler-Workers-0","class":"PersistBlockTask","message":"Imported #134 / 0 tx / 0 om / 0 (0.0%) gas / (0xd13ff3f4e86ab4bc6bfcebe84e69c145bd58cbe9e60bdf2c2a7510780c11bb6c) in 0.001s. Peers: 5","throwable":""}
{"timestamp":"2025-07-03T18:50:06,015","container":"ebdffaae6f6b","level":"INFO","thread":"EthScheduler-Workers-0","class":"PersistBlockTask","message":"Imported #135 / 0 tx / 0 om / 0 (0.0%) gas / (0x5a523bb8d3037b6871cc4847e155e1a4a20c57cc9c2d307cc0985da2bf0ee34b) in 0.001s. Peers: 5","throwable":""}
{"timestamp":"2025-07-03T18:50:14,010","container":"ebdffaae6f6b","level":"INFO","thread":"EthScheduler-Workers-0","class":"PersistBlockTask","message":"Imported #136 / 0 tx / 0 om / 0 (0.0%) gas / (0xa9db7d1383b18b5aaddf0d86498a402c894a117f9cdf2dd4fdfee6f580dfd5d1) in 0.001s. Peers: 5","throwable":""}
{"timestamp":"2025-07-03T18:50:23,745","container":"ebdffaae6f6b","level":"INFO","thread":"EthScheduler-Workers-0","class":"PersistBlockTask","message":"Imported #137 / 0 tx / 0 om / 0 (0.0%) gas / (0x6153d066486ddfab2d4cd548cfc783811ca9d1d56588e8f11effdfd7a954264e) in 0.001s. Peers: 5","throwable":""}
{"timestamp":"2025-07-03T18:50:32,010","container":"ebdffaae6f6b","level":"INFO","thread":"EthScheduler-Workers-0","class":"PersistBlockTask","message":"Imported #138 / 0 tx / 0 om / 0 (0.0%) gas / (0x96d682151d553bce25eb5451b7cfecedcae4811741b166e971c519644dfe5c27) in 0.001s. Peers: 5","throwable":""}
{"timestamp":"2025-07-03T18:50:40,010","container":"ebdffaae6f6b","level":"INFO","thread":"EthScheduler-Workers-0","class":"PersistBlockTask","message":"Imported #139 / 0 tx / 0 om / 0 (0.0%) gas / (0x6405b535f3ba918bb83b4963578984454f600c05cef6cb978666977e48b3f38d) in 0.001s. Peers: 5","throwable":""}
{"timestamp":"2025-07-03T18:50:48,010","container":"ebdffaae6f6b","level":"INFO","thread":"EthScheduler-Workers-0","class":"PersistBlockTask","message":"Imported #140 / 0 tx / 0 om / 0 (0.0%) gas / (0xa8108a7180c11b0bc908dc9567530d651ac9ca9359188e7d8981cc3272cfd676) in 0.001s. Peers: 5","throwable":""}
{"timestamp":"2025-07-03T18:50:57,397","container":"ebdffaae6f6b","level":"INFO","thread":"EthScheduler-Workers-0","class":"PersistBlockTask","message":"Imported #141 / 0 tx / 0 om / 0 (0.0%) gas / (0xdd47ff2261026e1f0a49aa244cb18d8e01269e8f79d5f309a4c2dad039f7bada) in 0.001s. Peers: 5","throwable":""}
{"timestamp":"2025-07-03T18:51:05,010","container":"ebdffaae6f6b","level":"INFO","thread":"EthScheduler-Workers-0","class":"PersistBlockTask","message":"Imported #142 / 0 tx / 0 om / 0 (0.0%) gas / (0xd195005d61193967d1d0d69cf5ca0db10a401a22e064e3aa1d47a70326a968de) in 0.001s. Peers: 5","throwable":""}
{"timestamp":"2025-07-03T18:51:13,008","container":"ebdffaae6f6b","level":"INFO","thread":"EthScheduler-Workers-0","class":"PersistBlockTask","message":"Imported #143 / 0 tx / 0 om / 0 (0.0%) gas / (0xddf390c87240169fd1a36a5a87d8e00e421dd9cc657202c664ee33166c6b0608) in 0.001s. Peers: 5","throwable":""}
{"timestamp":"2025-07-03T18:51:21,009","container":"ebdffaae6f6b","level":"INFO","thread":"EthScheduler-Workers-0","class":"PersistBlockTask","message":"Imported #144 / 0 tx / 0 om / 0 (0.0%) gas / (0xdef3f1603bb1c53e39fbd383422607831797b63ae4deba2b226e75274f368c3d) in 0.001s. Peers: 5","throwable":""}
{"timestamp":"2025-07-03T18:51:30,058","container":"ebdffaae6f6b","level":"INFO","thread":"EthScheduler-Workers-0","class":"PersistBlockTask","message":"Imported #145 / 0 tx / 0 om / 0 (0.0%) gas / (0xeddbb677ae142c7e0916df9e070254a7b94deee0164402298217ecb4cd04fd27) in 0.001s. Peers: 5","throwable":""}
{"timestamp":"2025-07-03T18:51:38,009","container":"ebdffaae6f6b","level":"INFO","thread":"EthScheduler-Workers-0","class":"PersistBlockTask","message":"Imported #146 / 0 tx / 0 om / 0 (0.0%) gas / (0x87374f92b31b7133471918f863e0010e98971ebe98ae23504d7d32dc17b015b5) in 0.001s. Peers: 5","throwable":""}
{"timestamp":"2025-07-03T18:51:46,010","container":"ebdffaae6f6b","level":"INFO","thread":"EthScheduler-Workers-0","class":"PersistBlockTask","message":"Imported #147 / 0 tx / 0 om / 0 (0.0%) gas / (0x5435927d1e2c69a1820a6ff397785622058f5c659a5d3c928ac15a1d09c2ec73) in 0.001s. Peers: 5","throwable":""}
{"timestamp":"2025-07-03T18:51:54,009","container":"ebdffaae6f6b","level":"INFO","thread":"EthScheduler-Workers-0","class":"PersistBlockTask","message":"Imported #148 / 0 tx / 0 om / 0 (0.0%) gas / (0x7e5905ff1ef4e9fc91091e5187d509ea9f9da221ff95e8beccd08f8350d2ab20) in 0.001s. Peers: 5","throwable":""}
{"timestamp":"2025-07-03T18:52:03,256","container":"ebdffaae6f6b","level":"INFO","thread":"EthScheduler-Workers-0","class":"PersistBlockTask","message":"Imported #149 / 0 tx / 0 om / 0 (0.0%) gas / (0x2487a08ebf1d558c14fd5ec6c72fd596ece625d8e7ce58da8e52fe089c53103e) in 0.001s. Peers: 5","throwable":""}
{"timestamp":"2025-07-03T18:52:11,009","container":"ebdffaae6f6b","level":"INFO","thread":"EthScheduler-Workers-0","class":"PersistBlockTask","message":"Imported #150 / 0 tx / 0 om / 0 (0.0%) gas / (0x49e3667dccd3e9081e35d123a364857dbef40365e8601fb20f58ebe209d71986) in 0.001s. Peers: 5","throwable":""}
{"timestamp":"2025-07-03T18:52:19,008","container":"ebdffaae6f6b","level":"INFO","thread":"EthScheduler-Workers-0","class":"PersistBlockTask","message":"Imported #151 / 0 tx / 0 om / 0 (0.0%) gas / (0x018ce0df87ecc6c8fc24b02f486ecbd6894dd61aad545bb947ccb50275ad948e) in 0.001s. Peers: 5","throwable":""}
{"timestamp":"2025-07-03T18:52:27,009","container":"ebdffaae6f6b","level":"INFO","thread":"EthScheduler-Workers-0","class":"PersistBlockTask","message":"Imported #152 / 0 tx / 0 om / 0 (0.0%) gas / (0xfbc9dab38168b8326580b650732d3dffdb1c203fb43f7d0ee84e23406a917a89) in 0.001s. Peers: 5","throwable":""}
{"timestamp":"2025-07-03T18:52:36,342","container":"ebdffaae6f6b","level":"INFO","thread":"EthScheduler-Workers-0","class":"PersistBlockTask","message":"Imported #153 / 0 tx / 0 om / 0 (0.0%) gas / (0x26d28c98fba76c0a0650b3113ac10fd66a9d42169a95fa434188d47cb0791a1d) in 0.001s. Peers: 5","throwable":""}
{"timestamp":"2025-07-03T18:52:44,009","container":"ebdffaae6f6b","level":"INFO","thread":"EthScheduler-Workers-0","class":"PersistBlockTask","message":"Imported #154 / 0 tx / 0 om / 0 (0.0%) gas / (0xb6b74a999dbd50166b92ce8057753ec2c4e1095bc3fdb006633c4ea160452547) in 0.001s. Peers: 5","throwable":""}
{"timestamp":"2025-07-03T18:52:52,008","container":"ebdffaae6f6b","level":"INFO","thread":"EthScheduler-Workers-0","class":"PersistBlockTask","message":"Imported #155 / 0 tx / 0 om / 0 (0.0%) gas / (0x50dad91de0b9ab22b63dcaebdfbe9b2fc0e8a2c42e9b4c4a5e1ba593d8cba034) in 0.001s. Peers: 5","throwable":""}
{"timestamp":"2025-07-03T18:53:00,008","container":"ebdffaae6f6b","level":"INFO","thread":"EthScheduler-Workers-0","class":"PersistBlockTask","message":"Imported #156 / 0 tx / 0 om / 0 (0.0%) gas / (0x09c63f4d3572609e6bf8872b3e167f1f29ee1b8398c21626efb9f0742a714c4f) in 0.001s. Peers: 5","throwable":""}
{"timestamp":"2025-07-03T18:53:09,281","container":"ebdffaae6f6b","level":"INFO","thread":"EthScheduler-Workers-0","class":"PersistBlockTask","message":"Imported #157 / 0 tx / 0 om / 0 (0.0%) gas / (0x6d8421707c9c372484bbb92f9758c40ab1ffce80fe0d050959b698e860f959ad) in 0.001s. Peers: 5","throwable":""}
{"timestamp":"2025-07-03T18:53:17,010","container":"ebdffaae6f6b","level":"INFO","thread":"EthScheduler-Workers-0","class":"PersistBlockTask","message":"Imported #158 / 0 tx / 0 om / 0 (0.0%) gas / (0x2b143ae29bf05898545923b9d8f8400074a85133141dfa4f314abfb1fe998a7e) in 0.001s. Peers: 5","throwable":""}
{"timestamp":"2025-07-03T18:53:25,008","container":"ebdffaae6f6b","level":"INFO","thread":"EthScheduler-Workers-0","class":"PersistBlockTask","message":"Imported #159 / 0 tx / 0 om / 0 (0.0%) gas / (0xd2f5f95bf314b17a84d5dd1c597fb7b2c4e4bef473b867f2754ad42d37798077) in 0.001s. Peers: 5","throwable":""}
{"timestamp":"2025-07-03T18:53:33,008","container":"ebdffaae6f6b","level":"INFO","thread":"EthScheduler-Workers-0","class":"PersistBlockTask","message":"Imported #160 / 0 tx / 0 om / 0 (0.0%) gas / (0x6e9dff15804c9b414fc69914b4f969df3d750faf6b090c32c02acf242704e671) in 0.001s. Peers: 5","throwable":""}
{"timestamp":"2025-07-03T18:53:42,312","container":"ebdffaae6f6b","level":"INFO","thread":"EthScheduler-Workers-0","class":"PersistBlockTask","message":"Imported #161 / 0 tx / 0 om / 0 (0.0%) gas / (0x85deb08919a3583260f03c7e31caef963216c62632f56f473bceb21baa79f9ea) in 0.001s. Peers: 5","throwable":""}
{"timestamp":"2025-07-03T18:53:50,009","container":"ebdffaae6f6b","level":"INFO","thread":"EthScheduler-Workers-0","class":"PersistBlockTask","message":"Imported #162 / 0 tx / 0 om / 0 (0.0%) gas / (0xd8204b372f2805e8e54ce8c421012955313b20ad1fd50ce99c2d88d9b53de484) in 0.001s. Peers: 5","throwable":""}
{"timestamp":"2025-07-03T18:53:58,009","container":"ebdffaae6f6b","level":"INFO","thread":"EthScheduler-Workers-0","class":"PersistBlockTask","message":"Imported #163 / 0 tx / 0 om / 0 (0.0%) gas / (0x26b07106a3649bbc3d9707fbe14ab1aed914204e3275e7a26e64eb474b56c173) in 0.001s. Peers: 5","throwable":""}
{"timestamp":"2025-07-03T18:54:06,010","container":"ebdffaae6f6b","level":"INFO","thread":"EthScheduler-Workers-0","class":"PersistBlockTask","message":"Imported #164 / 0 tx / 0 om / 0 (0.0%) gas / (0x2be3a34a641ab6454dccbe3e6920477e84e7863ac15de70ead1d50b7c8e8d910) in 0.002s. Peers: 5","throwable":""}
{"timestamp":"2025-07-03T18:54:15,297","container":"ebdffaae6f6b","level":"INFO","thread":"EthScheduler-Workers-0","class":"PersistBlockTask","message":"Imported #165 / 0 tx / 0 om / 0 (0.0%) gas / (0x9db153d1d451727641760c0191305f818776511e4f83d74e0b140db10cdf9ff4) in 0.001s. Peers: 5","throwable":""}
{"timestamp":"2025-07-03T18:54:23,011","container":"ebdffaae6f6b","level":"INFO","thread":"EthScheduler-Workers-0","class":"PersistBlockTask","message":"Imported #166 / 0 tx / 0 om / 0 (0.0%) gas / (0xb204214e935e0cb196d1c8ae6cd687396042dcd0a0e65009e145603b165505ef) in 0.001s. Peers: 5","throwable":""}
{"timestamp":"2025-07-03T18:54:31,009","container":"ebdffaae6f6b","level":"INFO","thread":"EthScheduler-Workers-0","class":"PersistBlockTask","message":"Imported #167 / 0 tx / 0 om / 0 (0.0%) gas / (0x82edeae259eb934a441b2c270d3d23b7800522b1838b8eb53a99931f3ad190d8) in 0.001s. Peers: 5","throwable":""}
{"timestamp":"2025-07-03T18:54:39,009","container":"ebdffaae6f6b","level":"INFO","thread":"EthScheduler-Workers-0","class":"PersistBlockTask","message":"Imported #168 / 0 tx / 0 om / 0 (0.0%) gas / (0x6b45c8e04f620c2975f453e924eabad86a7eefacc5c5a77bcee6374510f7cfc1) in 0.001s. Peers: 5","throwable":""}
{"timestamp":"2025-07-03T18:54:48,263","container":"ebdffaae6f6b","level":"INFO","thread":"EthScheduler-Workers-0","class":"PersistBlockTask","message":"Imported #169 / 0 tx / 0 om / 0 (0.0%) gas / (0x272dac480da69e4d51a160a5218b8ff60dd7c836cdc94cc13cbfeaf39cfdfb4c) in 0.001s. Peers: 5","throwable":""}
{"timestamp":"2025-07-03T18:54:56,008","container":"ebdffaae6f6b","level":"INFO","thread":"EthScheduler-Workers-0","class":"PersistBlockTask","message":"Imported #170 / 0 tx / 0 om / 0 (0.0%) gas / (0xe51400bf8d2fdfbceef18e043c4181f98973a7cfdf0565032dea805b772250c9) in 0.001s. Peers: 5","throwable":""}
{"timestamp":"2025-07-03T18:55:04,010","container":"ebdffaae6f6b","level":"INFO","thread":"EthScheduler-Workers-0","class":"PersistBlockTask","message":"Imported #171 / 0 tx / 0 om / 0 (0.0%) gas / (0x4921788475bbe913bd826bb3d315c1a795a94df50931a505b142f5b10f9a1e58) in 0.001s. Peers: 5","throwable":""}
{"timestamp":"2025-07-03T18:55:12,008","container":"ebdffaae6f6b","level":"INFO","thread":"EthScheduler-Workers-0","class":"PersistBlockTask","message":"Imported #172 / 0 tx / 0 om / 0 (0.0%) gas / (0x7d732fea5656243de6b218daeb507ae45d47993a3ed11ce83f0bae31fe951ea2) in 0.001s. Peers: 5","throwable":""}
{"timestamp":"2025-07-03T18:55:21,314","container":"ebdffaae6f6b","level":"INFO","thread":"EthScheduler-Workers-0","class":"PersistBlockTask","message":"Imported #173 / 0 tx / 0 om / 0 (0.0%) gas / (0x5ae1ed702579a58d3a8dae66413a6f73951d99e52ac36fb3eea886028ef3ca0f) in 0.001s. Peers: 5","throwable":""}
{"timestamp":"2025-07-03T18:55:29,008","container":"ebdffaae6f6b","level":"INFO","thread":"EthScheduler-Workers-0","class":"PersistBlockTask","message":"Imported #174 / 0 tx / 0 om / 0 (0.0%) gas / (0x88183c484121c563cce23c719c2c424f172b39eee8728194922d195128e7fee4) in 0.001s. Peers: 5","throwable":""}
{"timestamp":"2025-07-03T18:55:37,009","container":"ebdffaae6f6b","level":"INFO","thread":"EthScheduler-Workers-0","class":"PersistBlockTask","message":"Imported #175 / 0 tx / 0 om / 0 (0.0%) gas / (0x2619d324c6701dc18e700088068623e5932da6112d997441346da1deaf72da60) in 0.001s. Peers: 5","throwable":""}
{"timestamp":"2025-07-03T18:55:45,008","container":"ebdffaae6f6b","level":"INFO","thread":"EthScheduler-Workers-0","class":"PersistBlockTask","message":"Imported #176 / 0 tx / 0 om / 0 (0.0%) gas / (0x284f1af49cb97733b431258ea1cf891765420f3a3bbfd9034fc5a136c5755fca) in 0.001s. Peers: 5","throwable":""}
{"timestamp":"2025-07-03T18:55:53,010","container":"ebdffaae6f6b","level":"INFO","thread":"EthScheduler-Workers-0","class":"PersistBlockTask","message":"Imported #177 / 0 tx / 0 om / 0 (0.0%) gas / (0x2e1de8719429504e09b0129fc1cce857dde034866e4402fc560caa62eeacee37) in 0.001s. Peers: 5","throwable":""}
{"timestamp":"2025-07-03T18:56:02,298","container":"ebdffaae6f6b","level":"INFO","thread":"EthScheduler-Workers-0","class":"PersistBlockTask","message":"Imported #178 / 0 tx / 0 om / 0 (0.0%) gas / (0xd7e8f7b22f5be487367e52248f8c9a29681c2ef9316a9d9579f705302560354d) in 0.001s. Peers: 5","throwable":""}
{"timestamp":"2025-07-03T18:56:10,009","container":"ebdffaae6f6b","level":"INFO","thread":"EthScheduler-Workers-0","class":"PersistBlockTask","message":"Imported #179 / 0 tx / 0 om / 0 (0.0%) gas / (0x94e7b32643cf8a2bb29c24998907f739c7689aac0b40e350338921e4af54204f) in 0.001s. Peers: 5","throwable":""}
{"timestamp":"2025-07-03T18:56:18,009","container":"ebdffaae6f6b","level":"INFO","thread":"EthScheduler-Workers-0","class":"PersistBlockTask","message":"Imported #180 / 0 tx / 0 om / 0 (0.0%) gas / (0x38795cba6cd341aa5a1f6e92f6482b15242afbe5ed6da25c4a5dd137e0d8a89f) in 0.001s. Peers: 5","throwable":""}
{"timestamp":"2025-07-03T18:56:26,007","container":"ebdffaae6f6b","level":"INFO","thread":"EthScheduler-Workers-0","class":"PersistBlockTask","message":"Imported #181 / 0 tx / 0 om / 0 (0.0%) gas / (0x31dc4bb5bda0cb812eb02dfe9c3e04571b06b4c0073ef0ddae8ad2be9a8dde29) in 0.001s. Peers: 5","throwable":""}
{"timestamp":"2025-07-03T18:56:35,314","container":"ebdffaae6f6b","level":"INFO","thread":"EthScheduler-Workers-0","class":"PersistBlockTask","message":"Imported #182 / 0 tx / 0 om / 0 (0.0%) gas / (0x60256998ef1501360170d718eec1bf3f948d50b85182b721c5117a39e145306a) in 0.002s. Peers: 5","throwable":""}
{"timestamp":"2025-07-03T18:56:43,009","container":"ebdffaae6f6b","level":"INFO","thread":"EthScheduler-Workers-0","class":"PersistBlockTask","message":"Imported #183 / 0 tx / 0 om / 0 (0.0%) gas / (0xa81c01bc66abec30e37c86b0b3f9b7938d2911c6f06e5a42c02c5cd36b24815a) in 0.001s. Peers: 5","throwable":""}
{"timestamp":"2025-07-03T18:56:51,009","container":"ebdffaae6f6b","level":"INFO","thread":"EthScheduler-Workers-0","class":"PersistBlockTask","message":"Imported #184 / 0 tx / 0 om / 0 (0.0%) gas / (0xf8d6842243af31f906399ecc73b56bac590f0f957f766b937e6cd2d346d4a3f5) in 0.001s. Peers: 5","throwable":""}
{"timestamp":"2025-07-03T18:56:59,007","container":"ebdffaae6f6b","level":"INFO","thread":"EthScheduler-Workers-0","class":"PersistBlockTask","message":"Imported #185 / 0 tx / 0 om / 0 (0.0%) gas / (0x2d0be9df417b9b3492b565f45d279b41540d57ecb3d48d2195f905593d2733db) in 0.001s. Peers: 5","throwable":""}
{"timestamp":"2025-07-03T18:57:08,301","container":"ebdffaae6f6b","level":"INFO","thread":"EthScheduler-Workers-0","class":"PersistBlockTask","message":"Imported #186 / 0 tx / 0 om / 0 (0.0%) gas / (0x9dabe0f7ba31fbfb73c9b52a289dd6dfd41c8d311e8658dba89013b1e7ddba21) in 0.001s. Peers: 5","throwable":""}
{"timestamp":"2025-07-03T18:57:16,009","container":"ebdffaae6f6b","level":"INFO","thread":"EthScheduler-Workers-0","class":"PersistBlockTask","message":"Imported #187 / 0 tx / 0 om / 0 (0.0%) gas / (0x72f97940c28fd6821d1acbe8f83a3686858df35259dfef80f48a84181c6223eb) in 0.001s. Peers: 5","throwable":""}
{"timestamp":"2025-07-03T18:57:24,007","container":"ebdffaae6f6b","level":"INFO","thread":"EthScheduler-Workers-0","class":"PersistBlockTask","message":"Imported #188 / 0 tx / 0 om / 0 (0.0%) gas / (0x74ae59c70ff8a6ffd6a695161970c75f2a67347834d3c8e12b3814a3fbade6f7) in 0.001s. Peers: 5","throwable":""}
{"timestamp":"2025-07-03T18:57:32,008","container":"ebdffaae6f6b","level":"INFO","thread":"EthScheduler-Workers-0","class":"PersistBlockTask","message":"Imported #189 / 0 tx / 0 om / 0 (0.0%) gas / (0x36e7e6479540a603a4ccc66cec885db35f870d22446a3319630087b945afef86) in 0.001s. Peers: 5","throwable":""}
{"timestamp":"2025-07-03T18:57:41,334","container":"ebdffaae6f6b","level":"INFO","thread":"EthScheduler-Workers-0","class":"PersistBlockTask","message":"Imported #190 / 0 tx / 0 om / 0 (0.0%) gas / (0x7d4098702bcec50ef960c06fd623fe3228b662990fc758778938fdbb9c685186) in 0.001s. Peers: 5","throwable":""}
{"timestamp":"2025-07-03T18:57:49,009","container":"ebdffaae6f6b","level":"INFO","thread":"EthScheduler-Workers-0","class":"PersistBlockTask","message":"Imported #191 / 0 tx / 0 om / 0 (0.0%) gas / (0x5df36d23eb3d9ed32b843f7e5950d18f19af7c45b74cdac5a5d50903694a886b) in 0.002s. Peers: 5","throwable":""}
{"timestamp":"2025-07-03T18:57:57,012","container":"ebdffaae6f6b","level":"INFO","thread":"EthScheduler-Workers-0","class":"PersistBlockTask","message":"Imported #192 / 0 tx / 0 om / 0 (0.0%) gas / (0x9cfce3b2a0fa7cbac1eda59baf6c14d16d59c0815fef3fd32edf5cc19a98c223) in 0.003s. Peers: 5","throwable":""}
{"timestamp":"2025-07-03T18:58:05,009","container":"ebdffaae6f6b","level":"INFO","thread":"EthScheduler-Workers-0","class":"PersistBlockTask","message":"Imported #193 / 0 tx / 0 om / 0 (0.0%) gas / (0x5d49bc4e8b60d3155b5a6d3b800bc98f696c3c17424498a6197813d6b432bb9d) in 0.001s. Peers: 5","throwable":""}
{"timestamp":"2025-07-03T18:58:14,338","container":"ebdffaae6f6b","level":"INFO","thread":"EthScheduler-Workers-0","class":"PersistBlockTask","message":"Imported #194 / 0 tx / 0 om / 0 (0.0%) gas / (0x174137462e07ce1230e7dee747c9c00f011656c07aa23b663c4c01d216569f93) in 0.001s. Peers: 5","throwable":""}
{"timestamp":"2025-07-03T18:58:22,012","container":"ebdffaae6f6b","level":"INFO","thread":"EthScheduler-Workers-0","class":"PersistBlockTask","message":"Imported #195 / 0 tx / 0 om / 0 (0.0%) gas / (0x67a62cc80dd5ff4329a30b2862577f3f47ec6cc1a133c98cf8452adbdc173d22) in 0.001s. Peers: 5","throwable":""}
{"timestamp":"2025-07-03T18:58:30,012","container":"ebdffaae6f6b","level":"INFO","thread":"EthScheduler-Workers-0","class":"PersistBlockTask","message":"Imported #196 / 0 tx / 0 om / 0 (0.0%) gas / (0xf29cb97f4643166c52411f4a1e1f6465b04d0614156fd9a13bef3412a230a5bf) in 0.001s. Peers: 5","throwable":""}
{"timestamp":"2025-07-03T18:58:38,008","container":"ebdffaae6f6b","level":"INFO","thread":"EthScheduler-Workers-0","class":"PersistBlockTask","message":"Imported #197 / 0 tx / 0 om / 0 (0.0%) gas / (0xb8729b954677e1d706e8b20f926e7084c6d65e6ae1d7332858eca076695204cb) in 0.001s. Peers: 5","throwable":""}
{"timestamp":"2025-07-03T18:58:47,311","container":"ebdffaae6f6b","level":"INFO","thread":"EthScheduler-Workers-0","class":"PersistBlockTask","message":"Imported #198 / 0 tx / 0 om / 0 (0.0%) gas / (0x45ed40399e41005d84b963d9b13b63f799bc3194767e2c9db0fad3f1d5f60891) in 0.001s. Peers: 5","throwable":""}
{"timestamp":"2025-07-03T18:58:55,008","container":"ebdffaae6f6b","level":"INFO","thread":"EthScheduler-Workers-0","class":"PersistBlockTask","message":"Imported #199 / 0 tx / 0 om / 0 (0.0%) gas / (0x8ec264ad3162740b5b4ae1afe8e3a69a22ef4084518556fe5896478e736013db) in 0.001s. Peers: 5","throwable":""}
{"timestamp":"2025-07-03T18:59:03,009","container":"ebdffaae6f6b","level":"INFO","thread":"EthScheduler-Workers-0","class":"PersistBlockTask","message":"Imported #200 / 0 tx / 0 om / 0 (0.0%) gas / (0x2d02a76f5a295e360c2d082c8efdc7f04053b47d5f8306d90821545840dc1758) in 0.001s. Peers: 5","throwable":""}
{"timestamp":"2025-07-03T18:59:11,009","container":"ebdffaae6f6b","level":"INFO","thread":"EthScheduler-Workers-0","class":"PersistBlockTask","message":"Imported #201 / 0 tx / 0 om / 0 (0.0%) gas / (0xb20bd91636a9043c29d06b76eed2887d3f0ac348c0d778c17dc6b1a68045996f) in 0.001s. Peers: 5","throwable":""}
{"timestamp":"2025-07-03T18:59:20,190","container":"ebdffaae6f6b","level":"INFO","thread":"EthScheduler-Workers-0","class":"PersistBlockTask","message":"Imported #202 / 0 tx / 0 om / 0 (0.0%) gas / (0xa927035095eeecc21c24010595339531c74cdefbce0745bd5ff739fae56d4328) in 0.001s. Peers: 5","throwable":""}
{"timestamp":"2025-07-03T18:59:28,008","container":"ebdffaae6f6b","level":"INFO","thread":"EthScheduler-Workers-0","class":"PersistBlockTask","message":"Imported #203 / 0 tx / 0 om / 0 (0.0%) gas / (0x9367d9ef9034faca08ed990da511fb30618d63cf5da02af44477e01dc7bc5f23) in 0.001s. Peers: 5","throwable":""}
{"timestamp":"2025-07-03T18:59:36,007","container":"ebdffaae6f6b","level":"INFO","thread":"EthScheduler-Workers-0","class":"PersistBlockTask","message":"Imported #204 / 0 tx / 0 om / 0 (0.0%) gas / (0xa71b1198e1dd8ce978a5048486720fd8a150d218a437fc6e3da4814c786bc416) in 0.001s. Peers: 5","throwable":""}
{"timestamp":"2025-07-03T18:59:44,007","container":"ebdffaae6f6b","level":"INFO","thread":"EthScheduler-Workers-0","class":"PersistBlockTask","message":"Imported #205 / 0 tx / 0 om / 0 (0.0%) gas / (0x5045c66896adbfec539ebd669a0c6e9fd0325149491a099b3df4a70060a5bde9) in 0.001s. Peers: 5","throwable":""}
{"timestamp":"2025-07-03T18:59:53,724","container":"ebdffaae6f6b","level":"INFO","thread":"EthScheduler-Workers-0","class":"PersistBlockTask","message":"Imported #206 / 0 tx / 0 om / 0 (0.0%) gas / (0x99f9e5cdefc43cc9c2f133e9375fd8cd99930ac9324f5ae0b0ca424d0d9a6ba1) in 0.001s. Peers: 5","throwable":""}
{"timestamp":"2025-07-03T19:00:02,009","container":"ebdffaae6f6b","level":"INFO","thread":"EthScheduler-Workers-0","class":"PersistBlockTask","message":"Imported #207 / 0 tx / 0 om / 0 (0.0%) gas / (0xfe6ca033726674ea1fe8a0879c938627f0095818d7b4c7482782be2df5639de7) in 0.001s. Peers: 5","throwable":""}
{"timestamp":"2025-07-03T19:00:10,010","container":"ebdffaae6f6b","level":"INFO","thread":"EthScheduler-Workers-0","class":"PersistBlockTask","message":"Imported #208 / 0 tx / 0 om / 0 (0.0%) gas / (0xc72a0e13ea404e19095d64ff1c3637bea78b3bdea3ad52fe9ab491f170e9be0f) in 0.002s. Peers: 5","throwable":""}
{"timestamp":"2025-07-03T19:00:18,008","container":"ebdffaae6f6b","level":"INFO","thread":"EthScheduler-Workers-0","class":"PersistBlockTask","message":"Imported #209 / 0 tx / 0 om / 0 (0.0%) gas / (0x536243e10812801185d092cb686a36846b15458b6dd55984ec0f113b02fcf7f2) in 0.001s. Peers: 5","throwable":""}
{"timestamp":"2025-07-03T19:00:27,342","container":"ebdffaae6f6b","level":"INFO","thread":"EthScheduler-Workers-0","class":"PersistBlockTask","message":"Imported #210 / 0 tx / 0 om / 0 (0.0%) gas / (0x48cca6fc7760cd3740a75a8d94328d9900dab6805bb1869d98b763e8521b45db) in 0.001s. Peers: 5","throwable":""}
{"timestamp":"2025-07-03T19:00:35,008","container":"ebdffaae6f6b","level":"INFO","thread":"EthScheduler-Workers-0","class":"PersistBlockTask","message":"Imported #211 / 0 tx / 0 om / 0 (0.0%) gas / (0x486343de3bfbca2b7fedd48ab8fddc7c8f4263b429c7b51bae4bbe39255e42a2) in 0.001s. Peers: 5","throwable":""}
{"timestamp":"2025-07-03T19:00:43,009","container":"ebdffaae6f6b","level":"INFO","thread":"EthScheduler-Workers-0","class":"PersistBlockTask","message":"Imported #212 / 0 tx / 0 om / 0 (0.0%) gas / (0xab6eb18c87d75a55b8415f73bfbec0a0a82412ab72f3e976e22b007456c68149) in 0.001s. Peers: 5","throwable":""}
{"timestamp":"2025-07-03T19:00:51,009","container":"ebdffaae6f6b","level":"INFO","thread":"EthScheduler-Workers-0","class":"PersistBlockTask","message":"Imported #213 / 0 tx / 0 om / 0 (0.0%) gas / (0xfe1083a11166f1f4ca60d7d64da5e3225a1781f158042333091091f0dd38cf89) in 0.001s. Peers: 5","throwable":""}
{"timestamp":"2025-07-03T19:00:59,008","container":"ebdffaae6f6b","level":"INFO","thread":"EthScheduler-Workers-0","class":"PersistBlockTask","message":"Imported #214 / 0 tx / 0 om / 0 (0.0%) gas / (0x647b7c3602afd1cb663d247d0d1918da0c47306b6f0b800cd1f8d6ea683e8127) in 0.001s. Peers: 5","throwable":""}
{"timestamp":"2025-07-03T19:01:07,027","container":"ebdffaae6f6b","level":"INFO","thread":"EthScheduler-Workers-0","class":"PersistBlockTask","message":"Imported #215 / 0 tx / 0 om / 0 (0.0%) gas / (0x180bba6310a54ffc8b3e72f4fb49bf34724ea3d9091c327a03ed192dfdb176ef) in 0.001s. Peers: 5","throwable":""}
{"timestamp":"2025-07-03T19:01:15,008","container":"ebdffaae6f6b","level":"INFO","thread":"EthScheduler-Workers-0","class":"PersistBlockTask","message":"Imported #216 / 0 tx / 0 om / 0 (0.0%) gas / (0x43ab2572028a5b5390bb35607eeaf416a9e91cc6f20a8eeadd0cdb58279802f0) in 0.001s. Peers: 5","throwable":""}
{"timestamp":"2025-07-03T19:01:23,013","container":"ebdffaae6f6b","level":"INFO","thread":"EthScheduler-Workers-0","class":"PersistBlockTask","message":"Imported #217 / 0 tx / 0 om / 0 (0.0%) gas / (0x3bc018c98ac63a7e69fc115f57f27a57a999a1d0e82649a5bfd25e25ff9d960e) in 0.001s. Peers: 5","throwable":""}
{"timestamp":"2025-07-03T19:01:32,509","container":"ebdffaae6f6b","level":"INFO","thread":"EthScheduler-Workers-0","class":"PersistBlockTask","message":"Imported #218 / 0 tx / 0 om / 0 (0.0%) gas / (0x863a215132727ece247c31be29103132ce828cb7589c97cf26e6e1ee13be03bb) in 0.002s. Peers: 5","throwable":""}
{"timestamp":"2025-07-03T19:01:40,007","container":"ebdffaae6f6b","level":"INFO","thread":"EthScheduler-Workers-0","class":"PersistBlockTask","message":"Imported #219 / 0 tx / 0 om / 0 (0.0%) gas / (0xf74961145078dc885669e8d1557932b777a997036ec563607c53a1e0b683bb02) in 0.001s. Peers: 5","throwable":""}
{"timestamp":"2025-07-03T19:01:48,010","container":"ebdffaae6f6b","level":"INFO","thread":"EthScheduler-Workers-0","class":"PersistBlockTask","message":"Imported #220 / 0 tx / 0 om / 0 (0.0%) gas / (0x499436d6664977aec79ad73ac17e5febb8b0882e58535153105820c2e3b73804) in 0.001s. Peers: 5","throwable":""}
{"timestamp":"2025-07-03T19:01:56,009","container":"ebdffaae6f6b","level":"INFO","thread":"EthScheduler-Workers-0","class":"PersistBlockTask","message":"Imported #221 / 0 tx / 0 om / 0 (0.0%) gas / (0xdf2cbd65913542b1c0c6a5cedcc4873dbab2d3533ae7f1c6a310dc5bc72dab21) in 0.001s. Peers: 5","throwable":""}
{"timestamp":"2025-07-03T19:02:04,012","container":"ebdffaae6f6b","level":"INFO","thread":"EthScheduler-Workers-0","class":"PersistBlockTask","message":"Imported #222 / 0 tx / 0 om / 0 (0.0%) gas / (0x821fb17ec85819e6203a9cf369551e8b678b11a3ac1ffb68a31dd7ad9dd285aa) in 0.002s. Peers: 5","throwable":""}
{"timestamp":"2025-07-03T19:02:13,365","container":"ebdffaae6f6b","level":"INFO","thread":"EthScheduler-Workers-0","class":"PersistBlockTask","message":"Imported #223 / 0 tx / 0 om / 0 (0.0%) gas / (0x117845e2739ea92d48e83c249041815cee7c587f622363bb44aaab003b869adc) in 0.001s. Peers: 5","throwable":""}
{"timestamp":"2025-07-03T19:02:21,008","container":"ebdffaae6f6b","level":"INFO","thread":"EthScheduler-Workers-0","class":"PersistBlockTask","message":"Imported #224 / 0 tx / 0 om / 0 (0.0%) gas / (0xba5fb1cd97fb1c8ec2f5d1cf25078f1bf75c1b59a72707737b62c3d408b648d5) in 0.001s. Peers: 5","throwable":""}
{"timestamp":"2025-07-03T19:02:29,010","container":"ebdffaae6f6b","level":"INFO","thread":"EthScheduler-Workers-0","class":"PersistBlockTask","message":"Imported #225 / 0 tx / 0 om / 0 (0.0%) gas / (0xf920c9452d229461eeb3e2860fd5480a4cda270801fc3febf193d2aa5901b28b) in 0.001s. Peers: 5","throwable":""}
{"timestamp":"2025-07-03T19:02:37,014","container":"ebdffaae6f6b","level":"INFO","thread":"EthScheduler-Workers-0","class":"PersistBlockTask","message":"Imported #226 / 0 tx / 0 om / 0 (0.0%) gas / (0x3fcdba983dc95cee03a3887a25420ab76a5d39cd1dfa586dbdbd95fe4eab2440) in 0.002s. Peers: 5","throwable":""}
{"timestamp":"2025-07-03T19:02:46,559","container":"ebdffaae6f6b","level":"INFO","thread":"EthScheduler-Workers-0","class":"PersistBlockTask","message":"Imported #227 / 0 tx / 0 om / 0 (0.0%) gas / (0xfa4401f9277636c370dc0e385aadf4d4105231c5956e01d00d84d220f7bd46f8) in 0.001s. Peers: 5","throwable":""}
{"timestamp":"2025-07-03T19:02:55,009","container":"ebdffaae6f6b","level":"INFO","thread":"EthScheduler-Workers-0","class":"PersistBlockTask","message":"Imported #228 / 0 tx / 0 om / 0 (0.0%) gas / (0x92eb703ea16e561543a990e85b26096fb59c1a14b34eb0d5a24cf22fdcf2728f) in 0.001s. Peers: 5","throwable":""}
{"timestamp":"2025-07-03T19:03:03,013","container":"ebdffaae6f6b","level":"INFO","thread":"EthScheduler-Workers-0","class":"PersistBlockTask","message":"Imported #229 / 0 tx / 0 om / 0 (0.0%) gas / (0x29d3189fec4b2521fa83c73dd8a208cf491b908e128c0ff13452bcee9f182297) in 0.002s. Peers: 5","throwable":""}
{"timestamp":"2025-07-03T19:03:11,007","container":"ebdffaae6f6b","level":"INFO","thread":"EthScheduler-Workers-0","class":"PersistBlockTask","message":"Imported #230 / 0 tx / 0 om / 0 (0.0%) gas / (0x8368a588891848234ee6cda36e3b62e5b036cf0b6bcfeb3f3ecd28ccfe707174) in 0.001s. Peers: 5","throwable":""}
{"timestamp":"2025-07-03T19:03:19,008","container":"ebdffaae6f6b","level":"INFO","thread":"EthScheduler-Workers-0","class":"PersistBlockTask","message":"Imported #231 / 0 tx / 0 om / 0 (0.0%) gas / (0xc33f8bfe4243b9065a793df445227a479859eae104e1a0ca4046bdc8eb852aae) in 0.001s. Peers: 5","throwable":""}
{"timestamp":"2025-07-03T19:03:27,011","container":"ebdffaae6f6b","level":"INFO","thread":"EthScheduler-Workers-0","class":"PersistBlockTask","message":"Imported #232 / 0 tx / 0 om / 0 (0.0%) gas / (0x2d9c688814d45fa743d26ced4798224466c7789c43502d21f706144cd376ce3c) in 0.001s. Peers: 5","throwable":""}
{"timestamp":"2025-07-03T19:03:35,010","container":"ebdffaae6f6b","level":"INFO","thread":"EthScheduler-Workers-0","class":"PersistBlockTask","message":"Imported #233 / 0 tx / 0 om / 0 (0.0%) gas / (0x8c6bde6505caaed5bf30e6fbd2e19000152f71cd57e752cd0a73b1428968494b) in 0.001s. Peers: 5","throwable":""}
{"timestamp":"2025-07-03T19:03:43,008","container":"ebdffaae6f6b","level":"INFO","thread":"EthScheduler-Workers-0","class":"PersistBlockTask","message":"Imported #234 / 0 tx / 0 om / 0 (0.0%) gas / (0x6670273023d8d693478363bfe0ac90b94dd6d18930b849773df904e49184a923) in 0.001s. Peers: 5","throwable":""}
{"timestamp":"2025-07-03T19:03:52,225","container":"ebdffaae6f6b","level":"INFO","thread":"EthScheduler-Workers-0","class":"PersistBlockTask","message":"Imported #235 / 0 tx / 0 om / 0 (0.0%) gas / (0x4a59270e9be2820a42aaaab2b42a8d74661afe4471232a82c285ed8d55ba36a4) in 0.001s. Peers: 5","throwable":""}
{"timestamp":"2025-07-03T19:04:00,011","container":"ebdffaae6f6b","level":"INFO","thread":"EthScheduler-Workers-0","class":"PersistBlockTask","message":"Imported #236 / 0 tx / 0 om / 0 (0.0%) gas / (0x8c13c68fb76151d9056dce6c2393d44e3e8d9d6103ec4e0253e7a1d01fe61a25) in 0.001s. Peers: 5","throwable":""}
{"timestamp":"2025-07-03T19:04:08,010","container":"ebdffaae6f6b","level":"INFO","thread":"EthScheduler-Workers-0","class":"PersistBlockTask","message":"Imported #237 / 0 tx / 0 om / 0 (0.0%) gas / (0x2b42e8ae9849e1f95019a5a3ad8e10e46ba90f1adce77eba5d8665a44a1930d6) in 0.001s. Peers: 5","throwable":""}
{"timestamp":"2025-07-03T19:04:16,009","container":"ebdffaae6f6b","level":"INFO","thread":"EthScheduler-Workers-0","class":"PersistBlockTask","message":"Imported #238 / 0 tx / 0 om / 0 (0.0%) gas / (0x290ddb53d763877f7fe7fd6e96d8bc00515aafd9f7a645fdc70d40af0dd00fa8) in 0.001s. Peers: 5","throwable":""}
{"timestamp":"2025-07-03T19:04:24,860","container":"ebdffaae6f6b","level":"INFO","thread":"EthScheduler-Workers-0","class":"PersistBlockTask","message":"Imported #239 / 0 tx / 0 om / 0 (0.0%) gas / (0x7d47d102501f39a1cf788875c89b7ea86c90ed97bd7e479a941f873304d55c0c) in 0.001s. Peers: 5","throwable":""}
{"timestamp":"2025-07-03T19:04:33,010","container":"ebdffaae6f6b","level":"INFO","thread":"EthScheduler-Workers-0","class":"PersistBlockTask","message":"Imported #240 / 0 tx / 0 om / 0 (0.0%) gas / (0x14b09923e5d2bb866e8139f70b3eec723c400f02551832432d1dd7b8d70c76e1) in 0.002s. Peers: 5","throwable":""}
{"timestamp":"2025-07-03T19:04:41,008","container":"ebdffaae6f6b","level":"INFO","thread":"EthScheduler-Workers-0","class":"PersistBlockTask","message":"Imported #241 / 0 tx / 0 om / 0 (0.0%) gas / (0x84e1677f6fe34309d19b9aefd7f410b3793a01d28c25b301d725bb95166c6aba) in 0.001s. Peers: 5","throwable":""}
{"timestamp":"2025-07-03T19:04:49,009","container":"ebdffaae6f6b","level":"INFO","thread":"EthScheduler-Workers-0","class":"PersistBlockTask","message":"Imported #242 / 0 tx / 0 om / 0 (0.0%) gas / (0xd88c35865aba692bc5d29f971969eefd697c7dfdd9f2bcbe44b8027e85bf5ccd) in 0.001s. Peers: 5","throwable":""}
{"timestamp":"2025-07-03T19:04:58,375","container":"ebdffaae6f6b","level":"INFO","thread":"EthScheduler-Workers-0","class":"PersistBlockTask","message":"Imported #243 / 0 tx / 0 om / 0 (0.0%) gas / (0xd9a7aa1a64da68a722594e68c83cfec7bfd2ca2900cc5757fd089e1ed52d066e) in 0.001s. Peers: 5","throwable":""}
{"timestamp":"2025-07-03T19:05:06,008","container":"ebdffaae6f6b","level":"INFO","thread":"EthScheduler-Workers-0","class":"PersistBlockTask","message":"Imported #244 / 0 tx / 0 om / 0 (0.0%) gas / (0x8e36f287956b35c4d954fd76a46e6de0743d32f4babbe05133394254406925de) in 0.001s. Peers: 5","throwable":""}
{"timestamp":"2025-07-03T19:05:14,009","container":"ebdffaae6f6b","level":"INFO","thread":"EthScheduler-Workers-0","class":"PersistBlockTask","message":"Imported #245 / 0 tx / 0 om / 0 (0.0%) gas / (0x02ab702b35129803d05718f5d310aa9ccd36f287d1cc28e0973b1523372da645) in 0.001s. Peers: 5","throwable":""}
{"timestamp":"2025-07-03T19:05:22,007","container":"ebdffaae6f6b","level":"INFO","thread":"EthScheduler-Workers-0","class":"PersistBlockTask","message":"Imported #246 / 0 tx / 0 om / 0 (0.0%) gas / (0x85eed3200819df6f727312c625f3a623ef1e2c2d06a2719a7aa92de9060d6e0b) in 0.001s. Peers: 5","throwable":""}
{"timestamp":"2025-07-03T19:05:30,983","container":"ebdffaae6f6b","level":"INFO","thread":"EthScheduler-Workers-0","class":"PersistBlockTask","message":"Imported #247 / 0 tx / 0 om / 0 (0.0%) gas / (0xe204df5e90d5d5fb0aa34cee3f8b31ced71f2e33a41b91538a897939f890a4e7) in 0.001s. Peers: 5","throwable":""}
{"timestamp":"2025-07-03T19:05:39,009","container":"ebdffaae6f6b","level":"INFO","thread":"EthScheduler-Workers-0","class":"PersistBlockTask","message":"Imported #248 / 0 tx / 0 om / 0 (0.0%) gas / (0xc96b3586fb1d6a6f6a84ae784379776f89a1d4b162350ab2b70c08409390ae02) in 0.001s. Peers: 5","throwable":""}
{"timestamp":"2025-07-03T19:05:47,009","container":"ebdffaae6f6b","level":"INFO","thread":"EthScheduler-Workers-0","class":"PersistBlockTask","message":"Imported #249 / 0 tx / 0 om / 0 (0.0%) gas / (0x6966d40e04564dc900dc58d15e3d7594786aab11092666cecbeafcd7915b5a45) in 0.002s. Peers: 5","throwable":""}
{"timestamp":"2025-07-03T19:05:55,011","container":"ebdffaae6f6b","level":"INFO","thread":"EthScheduler-Workers-0","class":"PersistBlockTask","message":"Imported #250 / 0 tx / 0 om / 0 (0.0%) gas / (0x6ba7538d3c096ba694ecfd5059da0d757c01c4f88af9f9cc0a86b651dc461ed5) in 0.001s. Peers: 5","throwable":""}
{"timestamp":"2025-07-03T19:06:03,017","container":"ebdffaae6f6b","level":"INFO","thread":"EthScheduler-Workers-0","class":"PersistBlockTask","message":"Imported #251 / 0 tx / 0 om / 0 (0.0%) gas / (0xe47901d91ec1b63b4460b3edd53fcb5f3127a3cbe344c9b74a08e31dc561bc61) in 0.002s. Peers: 5","throwable":""}
{"timestamp":"2025-07-03T19:06:11,018","container":"ebdffaae6f6b","level":"INFO","thread":"EthScheduler-Workers-0","class":"PersistBlockTask","message":"Imported #252 / 0 tx / 0 om / 0 (0.0%) gas / (0xa9df0cbb6cfe777d8db4632a2f08beaac08f1ca2cbb7cbd060c9a6a4e3ea92ef) in 0.001s. Peers: 5","throwable":""}
{"timestamp":"2025-07-03T19:06:19,970","container":"ebdffaae6f6b","level":"INFO","thread":"EthScheduler-Workers-0","class":"PersistBlockTask","message":"Imported #253 / 0 tx / 0 om / 0 (0.0%) gas / (0xff3843bc9c0ead2e972b11fc22eba3f73f2b4036bf47237935b2f99a148e8a8d) in 0.001s. Peers: 5","throwable":""}
{"timestamp":"2025-07-03T19:06:28,008","container":"ebdffaae6f6b","level":"INFO","thread":"EthScheduler-Workers-0","class":"PersistBlockTask","message":"Imported #254 / 0 tx / 0 om / 0 (0.0%) gas / (0xda301dfe0921ad00f279312a8b0b05cab64947a2819844b9fd3da0bc5cbcbf54) in 0.001s. Peers: 5","throwable":""}
{"timestamp":"2025-07-03T19:06:36,017","container":"ebdffaae6f6b","level":"INFO","thread":"EthScheduler-Workers-0","class":"PersistBlockTask","message":"Imported #255 / 0 tx / 0 om / 0 (0.0%) gas / (0xd0f4ce204f63f63ff438536c3337c915db095243c90996d2979ff870fa60bc6b) in 0.003s. Peers: 5","throwable":""}
{"timestamp":"2025-07-03T19:06:44,011","container":"ebdffaae6f6b","level":"INFO","thread":"EthScheduler-Workers-0","class":"PersistBlockTask","message":"Imported #256 / 0 tx / 0 om / 0 (0.0%) gas / (0x1b8718f868d76b915fed9bc4dcba535ad65441ae610ee5977bf9b9b2eb0ff2d1) in 0.002s. Peers: 5","throwable":""}
{"timestamp":"2025-07-03T19:06:53,446","container":"ebdffaae6f6b","level":"INFO","thread":"EthScheduler-Workers-0","class":"PersistBlockTask","message":"Imported #257 / 0 tx / 0 om / 0 (0.0%) gas / (0x03d650977b008ea57d399dd59b9d24b7f3ae335e3aa73f3622b50748ff53995a) in 0.001s. Peers: 5","throwable":""}
{"timestamp":"2025-07-03T19:07:01,011","container":"ebdffaae6f6b","level":"INFO","thread":"EthScheduler-Workers-0","class":"PersistBlockTask","message":"Imported #258 / 0 tx / 0 om / 0 (0.0%) gas / (0x4a7e9c276172b3984e3c3d0f4220f8c0c2c0bdf7338155d39f197f704e579dcd) in 0.001s. Peers: 5","throwable":""}
{"timestamp":"2025-07-03T19:07:09,008","container":"ebdffaae6f6b","level":"INFO","thread":"EthScheduler-Workers-0","class":"PersistBlockTask","message":"Imported #259 / 0 tx / 0 om / 0 (0.0%) gas / (0x7978ab3eddc148b4bf6f102dbc87c7fe1aeb39c0ddffb7de1428eb616435189f) in 0.001s. Peers: 5","throwable":""}
{"timestamp":"2025-07-03T19:07:17,010","container":"ebdffaae6f6b","level":"INFO","thread":"EthScheduler-Workers-0","class":"PersistBlockTask","message":"Imported #260 / 0 tx / 0 om / 0 (0.0%) gas / (0x394d04ba391b524f7e262f3b4ccbbe8ffe6249f8b4f69693e220420e2b31506d) in 0.001s. Peers: 5","throwable":""}
{"timestamp":"2025-07-03T19:07:26,178","container":"ebdffaae6f6b","level":"INFO","thread":"EthScheduler-Workers-0","class":"PersistBlockTask","message":"Imported #261 / 0 tx / 0 om / 0 (0.0%) gas / (0xaa4c7022ba40f9d8909e0f94364cd184edc6ca4b6cd1002aaed1026c6ec109a2) in 0.002s. Peers: 5","throwable":""}
{"timestamp":"2025-07-03T19:07:34,015","container":"ebdffaae6f6b","level":"INFO","thread":"EthScheduler-Workers-0","class":"PersistBlockTask","message":"Imported #262 / 0 tx / 0 om / 0 (0.0%) gas / (0xd9535f0d03a3e6a9e228beb2e7ed51a6430ed101eb4002b79bd7996afc26a679) in 0.002s. Peers: 5","throwable":""}
{"timestamp":"2025-07-03T19:07:42,008","container":"ebdffaae6f6b","level":"INFO","thread":"EthScheduler-Workers-0","class":"PersistBlockTask","message":"Imported #263 / 0 tx / 0 om / 0 (0.0%) gas / (0x5b6dad987999c5d2bdbc4ae0db64b36f4bc443c3652b1b78e539ff174ba500a1) in 0.001s. Peers: 5","throwable":""}
{"timestamp":"2025-07-03T19:07:50,008","container":"ebdffaae6f6b","level":"INFO","thread":"EthScheduler-Workers-0","class":"PersistBlockTask","message":"Imported #264 / 0 tx / 0 om / 0 (0.0%) gas / (0xdaca12355d50d469bc3dd3dc96b43fefc60a242b67dc31f9616885977a80d700) in 0.001s. Peers: 5","throwable":""}
{"timestamp":"2025-07-03T19:07:59,212","container":"ebdffaae6f6b","level":"INFO","thread":"EthScheduler-Workers-0","class":"PersistBlockTask","message":"Imported #265 / 0 tx / 0 om / 0 (0.0%) gas / (0x9ff199ab57fb0df5e4761df24efbb288d6923cdb2cbbe4b2a4d57f67d08591b5) in 0.001s. Peers: 5","throwable":""}
{"timestamp":"2025-07-03T19:08:07,010","container":"ebdffaae6f6b","level":"INFO","thread":"EthScheduler-Workers-0","class":"PersistBlockTask","message":"Imported #266 / 0 tx / 0 om / 0 (0.0%) gas / (0xf0bb377f26c1a89d90a50bde140fe9089dad9758fa55db435c2bd9df0895f87d) in 0.001s. Peers: 5","throwable":""}
{"timestamp":"2025-07-03T19:08:15,009","container":"ebdffaae6f6b","level":"INFO","thread":"EthScheduler-Workers-0","class":"PersistBlockTask","message":"Imported #267 / 0 tx / 0 om / 0 (0.0%) gas / (0x6f8becaf3eba34ba46126ced03add1d37d3e1233d48cbc1bfb371a4b3fa13cc5) in 0.001s. Peers: 5","throwable":""}
{"timestamp":"2025-07-03T19:08:23,011","container":"ebdffaae6f6b","level":"INFO","thread":"EthScheduler-Workers-0","class":"PersistBlockTask","message":"Imported #268 / 0 tx / 0 om / 0 (0.0%) gas / (0xc7cdc1e9d27b30f6e6f1c042e029439bfff049db7b6c1423a5fba1c2ea452a60) in 0.002s. Peers: 5","throwable":""}
{"timestamp":"2025-07-03T19:08:32,003","container":"ebdffaae6f6b","level":"INFO","thread":"EthScheduler-Workers-0","class":"PersistBlockTask","message":"Imported #269 / 0 tx / 0 om / 0 (0.0%) gas / (0x065ceb7bd5f0fd90e1f5db5c53e00071ed1bdf507b2580d499db4a61a7e92d09) in 0.001s. Peers: 5","throwable":""}
{"timestamp":"2025-07-03T19:08:40,010","container":"ebdffaae6f6b","level":"INFO","thread":"EthScheduler-Workers-0","class":"PersistBlockTask","message":"Imported #270 / 0 tx / 0 om / 0 (0.0%) gas / (0x72b8b5dd388a94be51b373b583c9d23eba283f28b1bf5e9b452f0b86688bcd23) in 0.001s. Peers: 5","throwable":""}
{"timestamp":"2025-07-03T19:08:48,007","container":"ebdffaae6f6b","level":"INFO","thread":"EthScheduler-Workers-0","class":"PersistBlockTask","message":"Imported #271 / 0 tx / 0 om / 0 (0.0%) gas / (0x49bf27b16749499b30eb18d2bf1c2865239c246df4d12a2f3cf6f14a3094bd4f) in 0.001s. Peers: 5","throwable":""}
{"timestamp":"2025-07-03T19:08:56,009","container":"ebdffaae6f6b","level":"INFO","thread":"EthScheduler-Workers-0","class":"PersistBlockTask","message":"Imported #272 / 0 tx / 0 om / 0 (0.0%) gas / (0xfb0a67195943d5c15f924c80793a5d0299cc8084025962e41225291feeb3ca95) in 0.001s. Peers: 5","throwable":""}
{"timestamp":"2025-07-03T19:09:05,441","container":"ebdffaae6f6b","level":"INFO","thread":"EthScheduler-Workers-0","class":"PersistBlockTask","message":"Imported #273 / 0 tx / 0 om / 0 (0.0%) gas / (0x9230acc5d34b70484aeefa0b565c67d15a7f7bc614153f6bf6c90c20c32e69a6) in 0.001s. Peers: 5","throwable":""}
{"timestamp":"2025-07-03T19:09:13,016","container":"ebdffaae6f6b","level":"INFO","thread":"EthScheduler-Workers-0","class":"PersistBlockTask","message":"Imported #274 / 0 tx / 0 om / 0 (0.0%) gas / (0x0edfa3540cb542725f78ded344588d6617f2da515a8889ec5063e6e1f1a7d983) in 0.003s. Peers: 5","throwable":""}
{"timestamp":"2025-07-03T19:09:21,007","container":"ebdffaae6f6b","level":"INFO","thread":"EthScheduler-Workers-0","class":"PersistBlockTask","message":"Imported #275 / 0 tx / 0 om / 0 (0.0%) gas / (0xa3d4e9ad6bd3cfc251f8e1b22e23e4b4b31539658423aaf96cc9d6a196642013) in 0.001s. Peers: 5","throwable":""}
{"timestamp":"2025-07-03T19:09:29,011","container":"ebdffaae6f6b","level":"INFO","thread":"EthScheduler-Workers-0","class":"PersistBlockTask","message":"Imported #276 / 0 tx / 0 om / 0 (0.0%) gas / (0xeb5cf7aff5b1b2110f41aea6666fcaf26196ebd6b6856df0cc0a529e58f837b0) in 0.002s. Peers: 5","throwable":""}
{"timestamp":"2025-07-03T19:09:37,011","container":"ebdffaae6f6b","level":"INFO","thread":"EthScheduler-Workers-0","class":"PersistBlockTask","message":"Imported #277 / 0 tx / 0 om / 0 (0.0%) gas / (0x18454b9bc4ffd0adc8b6676c8c2c653455f203d3169b200bd5babd517ce5c43a) in 0.001s. Peers: 5","throwable":""}
{"timestamp":"2025-07-03T19:09:45,007","container":"ebdffaae6f6b","level":"INFO","thread":"EthScheduler-Workers-0","class":"PersistBlockTask","message":"Imported #278 / 0 tx / 0 om / 0 (0.0%) gas / (0x4f643e9f8cf0117f885346aa27bd182e20234d81c4df49d1857701ad709c6a4b) in 0.001s. Peers: 5","throwable":""}
{"timestamp":"2025-07-03T19:09:54,675","container":"ebdffaae6f6b","level":"INFO","thread":"EthScheduler-Workers-0","class":"PersistBlockTask","message":"Imported #279 / 0 tx / 0 om / 0 (0.0%) gas / (0x1e1ec560c22c9c4094d036021443dd430240f596de633fffce480041308dfc9c) in 0.001s. Peers: 5","throwable":""}
{"timestamp":"2025-07-03T19:10:03,012","container":"ebdffaae6f6b","level":"INFO","thread":"EthScheduler-Workers-0","class":"PersistBlockTask","message":"Imported #280 / 0 tx / 0 om / 0 (0.0%) gas / (0x2dc86ec07c417e0b9a1dca9f937397f82663439e435cd28c34fa3db048586d23) in 0.001s. Peers: 5","throwable":""}
{"timestamp":"2025-07-03T19:10:11,010","container":"ebdffaae6f6b","level":"INFO","thread":"EthScheduler-Workers-0","class":"PersistBlockTask","message":"Imported #281 / 0 tx / 0 om / 0 (0.0%) gas / (0xf3d6167e6ee67cebdef75ba560aabf3d2519a1a82847214aad6525885497a5f9) in 0.001s. Peers: 5","throwable":""}
{"timestamp":"2025-07-03T19:10:19,007","container":"ebdffaae6f6b","level":"INFO","thread":"EthScheduler-Workers-0","class":"PersistBlockTask","message":"Imported #282 / 0 tx / 0 om / 0 (0.0%) gas / (0xeccc5fc479b7d2c8c90bb9d9e722f945396a12d8471e0b15e31b64c199e59efb) in 0.001s. Peers: 5","throwable":""}
{"timestamp":"2025-07-03T19:10:28,317","container":"ebdffaae6f6b","level":"INFO","thread":"EthScheduler-Workers-0","class":"PersistBlockTask","message":"Imported #283 / 0 tx / 0 om / 0 (0.0%) gas / (0xc5f9036077a6e5f9149450c711fdfd29c80054583ae2f5f65d41e4bf45225447) in 0.001s. Peers: 5","throwable":""}
{"timestamp":"2025-07-03T19:10:36,008","container":"ebdffaae6f6b","level":"INFO","thread":"EthScheduler-Workers-0","class":"PersistBlockTask","message":"Imported #284 / 0 tx / 0 om / 0 (0.0%) gas / (0x73e1abb80df1f0c684f7885f16b03db17340140d6539b1d99ebd9dd7ec1391d7) in 0.001s. Peers: 5","throwable":""}
{"timestamp":"2025-07-03T19:10:44,007","container":"ebdffaae6f6b","level":"INFO","thread":"EthScheduler-Workers-0","class":"PersistBlockTask","message":"Imported #285 / 0 tx / 0 om / 0 (0.0%) gas / (0x2a20201887d7f162f4bd4dd72decf72e63055167f5f81610b59712595efc75da) in 0.002s. Peers: 5","throwable":""}
{"timestamp":"2025-07-03T19:10:52,021","container":"ebdffaae6f6b","level":"INFO","thread":"EthScheduler-Workers-0","class":"PersistBlockTask","message":"Imported #286 / 0 tx / 0 om / 0 (0.0%) gas / (0x5c7540527f514d2a2f1d38a782427129047b54fad3d5d1e155e67e6a04089cbd) in 0.002s. Peers: 5","throwable":""}
{"timestamp":"2025-07-03T19:11:00,008","container":"ebdffaae6f6b","level":"INFO","thread":"EthScheduler-Workers-0","class":"PersistBlockTask","message":"Imported #287 / 0 tx / 0 om / 0 (0.0%) gas / (0xf6420a33364723c336e873053175b710cf384310afcd860a99d5cffa11805cff) in 0.001s. Peers: 5","throwable":""}
{"timestamp":"2025-07-03T19:11:09,114","container":"ebdffaae6f6b","level":"INFO","thread":"EthScheduler-Workers-0","class":"PersistBlockTask","message":"Imported #288 / 0 tx / 0 om / 0 (0.0%) gas / (0x8b997cbe376ea5cbf97cccf34150f4074851212849c0b0990919af3845e6391a) in 0.001s. Peers: 5","throwable":""}
{"timestamp":"2025-07-03T19:11:17,009","container":"ebdffaae6f6b","level":"INFO","thread":"EthScheduler-Workers-0","class":"PersistBlockTask","message":"Imported #289 / 0 tx / 0 om / 0 (0.0%) gas / (0x528b9e40a2eddd43ce16b338c0d954452f195c0690e2d13d5986c0358e5d878c) in 0.001s. Peers: 5","throwable":""}
{"timestamp":"2025-07-03T19:11:25,008","container":"ebdffaae6f6b","level":"INFO","thread":"EthScheduler-Workers-0","class":"PersistBlockTask","message":"Imported #290 / 0 tx / 0 om / 0 (0.0%) gas / (0x985acbf4630dc06e1de7456bc582e2ea430c1f76662823bcb74a94739a28383c) in 0.001s. Peers: 5","throwable":""}
{"timestamp":"2025-07-03T19:11:33,009","container":"ebdffaae6f6b","level":"INFO","thread":"EthScheduler-Workers-0","class":"PersistBlockTask","message":"Imported #291 / 0 tx / 0 om / 0 (0.0%) gas / (0x90da2be6f09677e329706817af76cef05170dd4c81b95890afbf14dc26bb7849) in 0.002s. Peers: 5","throwable":""}
{"timestamp":"2025-07-03T19:11:42,368","container":"ebdffaae6f6b","level":"INFO","thread":"EthScheduler-Workers-0","class":"PersistBlockTask","message":"Imported #292 / 0 tx / 0 om / 0 (0.0%) gas / (0x7265a2be60f18009d35aa2e756850f3fe942fea2200d102073d8a9aa9141e32a) in 0.001s. Peers: 5","throwable":""}
{"timestamp":"2025-07-03T19:11:50,007","container":"ebdffaae6f6b","level":"INFO","thread":"EthScheduler-Workers-0","class":"PersistBlockTask","message":"Imported #293 / 0 tx / 0 om / 0 (0.0%) gas / (0x4d8567e730a238d27049a8d7471e8edecd91f3f1ac3c1a469c2a0e5e7b7585e1) in 0.001s. Peers: 5","throwable":""}
{"timestamp":"2025-07-03T19:11:58,006","container":"ebdffaae6f6b","level":"INFO","thread":"EthScheduler-Workers-0","class":"PersistBlockTask","message":"Imported #294 / 0 tx / 0 om / 0 (0.0%) gas / (0x97ddc7a73850c9f9cf51321887bcf6f08de1ae92bd254e1d653e7ccf4de1bd74) in 0.001s. Peers: 5","throwable":""}
{"timestamp":"2025-07-03T19:12:06,007","container":"ebdffaae6f6b","level":"INFO","thread":"EthScheduler-Workers-0","class":"PersistBlockTask","message":"Imported #295 / 0 tx / 0 om / 0 (0.0%) gas / (0x3a891cf430f3e8b8b8e0f24ba18a304afe23ab23c0f994aed2af467201ad8f77) in 0.001s. Peers: 5","throwable":""}
{"timestamp":"2025-07-03T19:12:15,255","container":"ebdffaae6f6b","level":"INFO","thread":"EthScheduler-Workers-0","class":"PersistBlockTask","message":"Imported #296 / 0 tx / 0 om / 0 (0.0%) gas / (0xb6c6c3f4f8246c8e5dcad788cd7c3fcd055428a1cbc8ca43200236175f09ba54) in 0.001s. Peers: 5","throwable":""}
{"timestamp":"2025-07-03T19:12:23,007","container":"ebdffaae6f6b","level":"INFO","thread":"EthScheduler-Workers-0","class":"PersistBlockTask","message":"Imported #297 / 0 tx / 0 om / 0 (0.0%) gas / (0xc17e513c48e88e897d2aa1a88b549c29688348ce97d8b1b3074c5cce05928064) in 0.001s. Peers: 5","throwable":""}
{"timestamp":"2025-07-03T19:12:31,008","container":"ebdffaae6f6b","level":"INFO","thread":"EthScheduler-Workers-0","class":"PersistBlockTask","message":"Imported #298 / 0 tx / 0 om / 0 (0.0%) gas / (0x8dd3f08b7273df62f712a4e5df84c21ae93aa32c25cba7cc469938ed1a82c00e) in 0.002s. Peers: 5","throwable":""}
{"timestamp":"2025-07-03T19:12:39,010","container":"ebdffaae6f6b","level":"INFO","thread":"EthScheduler-Workers-0","class":"PersistBlockTask","message":"Imported #299 / 0 tx / 0 om / 0 (0.0%) gas / (0x8613a33853bb9468157ca3ba7579b36441e5558b35db6d0c0ab0ac79677c7e3f) in 0.001s. Peers: 5","throwable":""}
{"timestamp":"2025-07-03T19:12:48,315","container":"ebdffaae6f6b","level":"INFO","thread":"EthScheduler-Workers-0","class":"PersistBlockTask","message":"Imported #300 / 0 tx / 0 om / 0 (0.0%) gas / (0x287262f6d7ac596101ee70da88f3ef6b3930aa3e9b0e1571233f08a5cba3af84) in 0.001s. Peers: 5","throwable":""}
{"timestamp":"2025-07-03T19:12:56,007","container":"ebdffaae6f6b","level":"INFO","thread":"EthScheduler-Workers-0","class":"PersistBlockTask","message":"Imported #301 / 0 tx / 0 om / 0 (0.0%) gas / (0xd029cd69d4b679eb3699b2aa39b66f93709d250c0aec2aad8bf81bf0776cfdcf) in 0.001s. Peers: 5","throwable":""}
{"timestamp":"2025-07-03T19:13:04,008","container":"ebdffaae6f6b","level":"INFO","thread":"EthScheduler-Workers-0","class":"PersistBlockTask","message":"Imported #302 / 0 tx / 0 om / 0 (0.0%) gas / (0x3f3eb3e7d2315304f2eff2975147036a25f8b0e34f0086484f4d355e7d9f5636) in 0.001s. Peers: 5","throwable":""}
{"timestamp":"2025-07-03T19:13:12,010","container":"ebdffaae6f6b","level":"INFO","thread":"EthScheduler-Workers-0","class":"PersistBlockTask","message":"Imported #303 / 0 tx / 0 om / 0 (0.0%) gas / (0xb311623303181a278a04312fb51805d758e7cdd56fdb7475064f36141cc6ee3f) in 0.001s. Peers: 5","throwable":""}
{"timestamp":"2025-07-03T19:13:21,404","container":"ebdffaae6f6b","level":"INFO","thread":"EthScheduler-Workers-0","class":"PersistBlockTask","message":"Imported #304 / 0 tx / 0 om / 0 (0.0%) gas / (0x51a3fd7dc2eeb7f572447cdd295457da8dd31277fa49c6f88814fad75544e1ca) in 0.001s. Peers: 5","throwable":""}
{"timestamp":"2025-07-03T19:13:29,006","container":"ebdffaae6f6b","level":"INFO","thread":"EthScheduler-Workers-0","class":"PersistBlockTask","message":"Imported #305 / 0 tx / 0 om / 0 (0.0%) gas / (0x25ef4b75610d9d71d15d2255e943a3c642f6ac7cff91749fc187119f39342497) in 0.001s. Peers: 5","throwable":""}
{"timestamp":"2025-07-03T19:13:37,007","container":"ebdffaae6f6b","level":"INFO","thread":"EthScheduler-Workers-0","class":"PersistBlockTask","message":"Imported #306 / 0 tx / 0 om / 0 (0.0%) gas / (0x91413f8c7c6ab95999975f85afc64ba6c1545ea0de1ff8d2c54c59270b6b27b1) in 0.001s. Peers: 5","throwable":""}
{"timestamp":"2025-07-03T19:13:45,007","container":"ebdffaae6f6b","level":"INFO","thread":"EthScheduler-Workers-0","class":"PersistBlockTask","message":"Imported #307 / 0 tx / 0 om / 0 (0.0%) gas / (0xcab5a74266012261cd593dd3591d141bd318710ab66af84ed775f5c33dfd7d21) in 0.001s. Peers: 5","throwable":""}
{"timestamp":"2025-07-03T19:13:54,547","container":"ebdffaae6f6b","level":"INFO","thread":"EthScheduler-Workers-0","class":"PersistBlockTask","message":"Imported #308 / 0 tx / 0 om / 0 (0.0%) gas / (0xa614a256d6c323910a6ff94fbd88887af44d23715c3b7cc2923a0448481bf073) in 0.001s. Peers: 5","throwable":""}
{"timestamp":"2025-07-03T19:14:03,009","container":"ebdffaae6f6b","level":"INFO","thread":"EthScheduler-Workers-0","class":"PersistBlockTask","message":"Imported #309 / 0 tx / 0 om / 0 (0.0%) gas / (0x5b936f242cdf234d5b172eb0239b9c6c4f881b55da2ee556facb98c48f91306e) in 0.001s. Peers: 5","throwable":""}
{"timestamp":"2025-07-03T19:14:11,007","container":"ebdffaae6f6b","level":"INFO","thread":"EthScheduler-Workers-0","class":"PersistBlockTask","message":"Imported #310 / 0 tx / 0 om / 0 (0.0%) gas / (0x01536d7fb3ed9cb71efdb4269522f55ee7371fddfbbaf20d541000c19d7b3b3e) in 0.001s. Peers: 5","throwable":""}
{"timestamp":"2025-07-03T19:14:19,009","container":"ebdffaae6f6b","level":"INFO","thread":"EthScheduler-Workers-0","class":"PersistBlockTask","message":"Imported #311 / 0 tx / 0 om / 0 (0.0%) gas / (0x23eb9230eaad5384618660d873fed6091cdff642f95385a43c2fb7d2646c20a3) in 0.001s. Peers: 5","throwable":""}
{"timestamp":"2025-07-03T19:14:28,600","container":"ebdffaae6f6b","level":"INFO","thread":"EthScheduler-Workers-0","class":"PersistBlockTask","message":"Imported #312 / 0 tx / 0 om / 0 (0.0%) gas / (0x8ab6b496b653392675955fb2b4fa08f0ea05fcd47a51e0883d0aa114582730eb) in 0.001s. Peers: 5","throwable":""}
{"timestamp":"2025-07-03T19:14:37,008","container":"ebdffaae6f6b","level":"INFO","thread":"EthScheduler-Workers-0","class":"PersistBlockTask","message":"Imported #313 / 0 tx / 0 om / 0 (0.0%) gas / (0xb2617435a5c291739740259a842cd3641bb15bbb8c5da1e0716b142fdb6aeaef) in 0.001s. Peers: 5","throwable":""}
{"timestamp":"2025-07-03T19:14:45,007","container":"ebdffaae6f6b","level":"INFO","thread":"EthScheduler-Workers-0","class":"PersistBlockTask","message":"Imported #314 / 0 tx / 0 om / 0 (0.0%) gas / (0x0319cc6c0b2c410f8a362d91afc0e2e88a80f9e79953caf98c5eb7b701d7b8b6) in 0.001s. Peers: 5","throwable":""}
{"timestamp":"2025-07-03T19:14:53,008","container":"ebdffaae6f6b","level":"INFO","thread":"EthScheduler-Workers-0","class":"PersistBlockTask","message":"Imported #315 / 0 tx / 0 om / 0 (0.0%) gas / (0x93fdf359cf241973bab9beec4b8f535e9d7c8efba592ac66f83bcd8c11b74f0d) in 0.001s. Peers: 5","throwable":""}
{"timestamp":"2025-07-03T19:15:02,756","container":"ebdffaae6f6b","level":"INFO","thread":"EthScheduler-Workers-0","class":"PersistBlockTask","message":"Imported #316 / 0 tx / 0 om / 0 (0.0%) gas / (0xae7d362977ac91294a6250754d3559723dc6f1afc31893523bf539602dff8913) in 0.001s. Peers: 5","throwable":""}
{"timestamp":"2025-07-03T19:15:11,007","container":"ebdffaae6f6b","level":"INFO","thread":"EthScheduler-Workers-0","class":"PersistBlockTask","message":"Imported #317 / 0 tx / 0 om / 0 (0.0%) gas / (0xe9caa87f4945334ec60b1563cc0c4c3ba3f57ed8733310003096fd464462adb8) in 0.001s. Peers: 5","throwable":""}
{"timestamp":"2025-07-03T19:15:19,008","container":"ebdffaae6f6b","level":"INFO","thread":"EthScheduler-Workers-0","class":"PersistBlockTask","message":"Imported #318 / 0 tx / 0 om / 0 (0.0%) gas / (0x30d1cb657393a7099be07d18dd2a39471914c49ea25c44df0f1e1e443822cc3f) in 0.001s. Peers: 5","throwable":""}
{"timestamp":"2025-07-03T19:15:27,009","container":"ebdffaae6f6b","level":"INFO","thread":"EthScheduler-Workers-0","class":"PersistBlockTask","message":"Imported #319 / 0 tx / 0 om / 0 (0.0%) gas / (0x7518ca647dc2220fe78d9810ae290398edb3ccb183b38c41b7b5604988b21f28) in 0.001s. Peers: 5","throwable":""}
{"timestamp":"2025-07-03T19:15:36,492","container":"ebdffaae6f6b","level":"INFO","thread":"EthScheduler-Workers-0","class":"PersistBlockTask","message":"Imported #320 / 0 tx / 0 om / 0 (0.0%) gas / (0x8c610558985ba48f67a8826258230a534ac6eb0e2a14d564fc8164d0927d6beb) in 0.001s. Peers: 5","throwable":""}
{"timestamp":"2025-07-03T19:15:44,008","container":"ebdffaae6f6b","level":"INFO","thread":"EthScheduler-Workers-0","class":"PersistBlockTask","message":"Imported #321 / 0 tx / 0 om / 0 (0.0%) gas / (0x8d11ee99d04dcae0f2c2faab02815e5c8cd491a9ad76466e12ff00d10b67106f) in 0.002s. Peers: 5","throwable":""}
{"timestamp":"2025-07-03T19:15:52,009","container":"ebdffaae6f6b","level":"INFO","thread":"EthScheduler-Workers-0","class":"PersistBlockTask","message":"Imported #322 / 0 tx / 0 om / 0 (0.0%) gas / (0xe2392adc0fda13f51eb5508c4ebe237d96296406bb131f408779e5031da0ef1f) in 0.001s. Peers: 5","throwable":""}
{"timestamp":"2025-07-03T19:16:00,007","container":"ebdffaae6f6b","level":"INFO","thread":"EthScheduler-Workers-0","class":"PersistBlockTask","message":"Imported #323 / 0 tx / 0 om / 0 (0.0%) gas / (0xd25978decb2720e1f418ae1809512a5fd40ddfb55c84bf22bae229f3756765a5) in 0.001s. Peers: 5","throwable":""}
{"timestamp":"2025-07-03T19:16:09,348","container":"ebdffaae6f6b","level":"INFO","thread":"EthScheduler-Workers-0","class":"PersistBlockTask","message":"Imported #324 / 0 tx / 0 om / 0 (0.0%) gas / (0x22279f27993db2a3ead8e747a309cc98d9b86bcebc9f944d8f225e01b95129c5) in 0.001s. Peers: 5","throwable":""}
{"timestamp":"2025-07-03T19:16:17,007","container":"ebdffaae6f6b","level":"INFO","thread":"EthScheduler-Workers-0","class":"PersistBlockTask","message":"Imported #325 / 0 tx / 0 om / 0 (0.0%) gas / (0x4b5fca2622fd24d284dd79c39b5945817f9b3e91ce3e6361c180c3bca26832d2) in 0.001s. Peers: 5","throwable":""}
{"timestamp":"2025-07-03T19:16:25,009","container":"ebdffaae6f6b","level":"INFO","thread":"EthScheduler-Workers-0","class":"PersistBlockTask","message":"Imported #326 / 0 tx / 0 om / 0 (0.0%) gas / (0x53824c40f654dc53a4d5e0d467a6758f8ae20e56966ea84b7286f6c5072b9a29) in 0.002s. Peers: 5","throwable":""}
{"timestamp":"2025-07-03T19:16:33,009","container":"ebdffaae6f6b","level":"INFO","thread":"EthScheduler-Workers-0","class":"PersistBlockTask","message":"Imported #327 / 0 tx / 0 om / 0 (0.0%) gas / (0x692d2e75fac73ab6a276f63cab6066087525d0aee879168e8f281b7a6d52d7d6) in 0.001s. Peers: 5","throwable":""}
{"timestamp":"2025-07-03T19:16:42,112","container":"ebdffaae6f6b","level":"INFO","thread":"EthScheduler-Workers-0","class":"PersistBlockTask","message":"Imported #328 / 0 tx / 0 om / 0 (0.0%) gas / (0xcdb2504bf49d3f759c563fab4063614955898929dfb2e62c41e12ae77122a36f) in 0.001s. Peers: 5","throwable":""}
{"timestamp":"2025-07-03T19:16:50,008","container":"ebdffaae6f6b","level":"INFO","thread":"EthScheduler-Workers-0","class":"PersistBlockTask","message":"Imported #329 / 0 tx / 0 om / 0 (0.0%) gas / (0x4ec33e84efa71d6d71294f4a6f2d8a649af3f5d731f895c2461fbcf74c48b42f) in 0.001s. Peers: 5","throwable":""}
{"timestamp":"2025-07-03T19:16:58,009","container":"ebdffaae6f6b","level":"INFO","thread":"EthScheduler-Workers-0","class":"PersistBlockTask","message":"Imported #330 / 0 tx / 0 om / 0 (0.0%) gas / (0x75f0b09a8b63deba77f0ca075bdd192d1d5a7f4c6efede6a277c8c15455b6a4a) in 0.001s. Peers: 5","throwable":""}
{"timestamp":"2025-07-03T19:17:06,009","container":"ebdffaae6f6b","level":"INFO","thread":"EthScheduler-Workers-0","class":"PersistBlockTask","message":"Imported #331 / 0 tx / 0 om / 0 (0.0%) gas / (0xc37a79bfc1fabc262e4d6912dc66b6cea68e5697dbf5c3b6a48fcf990907e573) in 0.001s. Peers: 5","throwable":""}
{"timestamp":"2025-07-03T19:17:15,177","container":"ebdffaae6f6b","level":"INFO","thread":"EthScheduler-Workers-0","class":"PersistBlockTask","message":"Imported #332 / 0 tx / 0 om / 0 (0.0%) gas / (0x7a65d0ba6e0f849af23881aae0cc276446d7e176cdca34b665b17f7b4239dc3a) in 0.001s. Peers: 5","throwable":""}
{"timestamp":"2025-07-03T19:17:23,010","container":"ebdffaae6f6b","level":"INFO","thread":"EthScheduler-Workers-0","class":"PersistBlockTask","message":"Imported #333 / 0 tx / 0 om / 0 (0.0%) gas / (0x41a99a8d5ec249a073a60da321e9fc89a3f4391e46b4182e1fecfbaf4c2ad980) in 0.001s. Peers: 5","throwable":""}
{"timestamp":"2025-07-03T19:17:31,007","container":"ebdffaae6f6b","level":"INFO","thread":"EthScheduler-Workers-0","class":"PersistBlockTask","message":"Imported #334 / 0 tx / 0 om / 0 (0.0%) gas / (0xe4c08850d094057694840da79400b098df738c59be46419eca21e1b510ad36cd) in 0.001s. Peers: 5","throwable":""}
{"timestamp":"2025-07-03T19:17:39,009","container":"ebdffaae6f6b","level":"INFO","thread":"EthScheduler-Workers-0","class":"PersistBlockTask","message":"Imported #335 / 0 tx / 0 om / 0 (0.0%) gas / (0x6206113ae2e2e6e46e1b660273f999d0d5c32ed790010ca89362482a64fb0745) in 0.001s. Peers: 5","throwable":""}
{"timestamp":"2025-07-03T19:17:48,195","container":"ebdffaae6f6b","level":"INFO","thread":"EthScheduler-Workers-0","class":"PersistBlockTask","message":"Imported #336 / 0 tx / 0 om / 0 (0.0%) gas / (0x15a4da27750c76e10f618d4b9d53583519a593fee8aa11bd571abc0a8bd87931) in 0.001s. Peers: 5","throwable":""}
{"timestamp":"2025-07-03T19:17:56,008","container":"ebdffaae6f6b","level":"INFO","thread":"EthScheduler-Workers-0","class":"PersistBlockTask","message":"Imported #337 / 0 tx / 0 om / 0 (0.0%) gas / (0x451669cccc02ab2c16cf82b6a85828d5f0ae971fd48ecaf8c4379afb0e7837ee) in 0.001s. Peers: 5","throwable":""}
{"timestamp":"2025-07-03T19:18:04,007","container":"ebdffaae6f6b","level":"INFO","thread":"EthScheduler-Workers-0","class":"PersistBlockTask","message":"Imported #338 / 0 tx / 0 om / 0 (0.0%) gas / (0xe7f2599a63626052cafeea7e5edc6c873faa5951cf6bba64978c126842bbb101) in 0.001s. Peers: 5","throwable":""}
{"timestamp":"2025-07-03T19:18:12,009","container":"ebdffaae6f6b","level":"INFO","thread":"EthScheduler-Workers-0","class":"PersistBlockTask","message":"Imported #339 / 0 tx / 0 om / 0 (0.0%) gas / (0xb632d2830053fc18129a470deb0e8c97c145a5c9d17e9fcd6eb7761037f104b8) in 0.001s. Peers: 5","throwable":""}
{"timestamp":"2025-07-03T19:18:21,215","container":"ebdffaae6f6b","level":"INFO","thread":"EthScheduler-Workers-0","class":"PersistBlockTask","message":"Imported #340 / 0 tx / 0 om / 0 (0.0%) gas / (0x189fd4a634d8dba2c070ab5b9a1cb026a8862320a6b4ac7fb62d732653270899) in 0.001s. Peers: 5","throwable":""}
{"timestamp":"2025-07-03T19:18:29,009","container":"ebdffaae6f6b","level":"INFO","thread":"EthScheduler-Workers-0","class":"PersistBlockTask","message":"Imported #341 / 0 tx / 0 om / 0 (0.0%) gas / (0x9dd3709c8532fe97172948c780e01e4ba2c59aef53001071e3e40d489e66e557) in 0.001s. Peers: 5","throwable":""}
{"timestamp":"2025-07-03T19:18:37,008","container":"ebdffaae6f6b","level":"INFO","thread":"EthScheduler-Workers-0","class":"PersistBlockTask","message":"Imported #342 / 0 tx / 0 om / 0 (0.0%) gas / (0xd6eca4ba483ad6d3bd1d2f070004633d341d015a193a65c23d89ea8d0e923bcc) in 0.001s. Peers: 5","throwable":""}
{"timestamp":"2025-07-03T19:18:45,007","container":"ebdffaae6f6b","level":"INFO","thread":"EthScheduler-Workers-0","class":"PersistBlockTask","message":"Imported #343 / 0 tx / 0 om / 0 (0.0%) gas / (0xd3883a078e98a31b8ea295242399f57f0be83d88859fd34a7788c09bb3d64e88) in 0.001s. Peers: 5","throwable":""}
{"timestamp":"2025-07-03T19:18:54,212","container":"ebdffaae6f6b","level":"INFO","thread":"EthScheduler-Workers-0","class":"PersistBlockTask","message":"Imported #344 / 0 tx / 0 om / 0 (0.0%) gas / (0xec26bc4eb7fbfccaa3ea40ed3c95b59609d5506fb5edce6036477de91e9cc4b9) in 0.001s. Peers: 5","throwable":""}
{"timestamp":"2025-07-03T19:19:02,009","container":"ebdffaae6f6b","level":"INFO","thread":"EthScheduler-Workers-0","class":"PersistBlockTask","message":"Imported #345 / 0 tx / 0 om / 0 (0.0%) gas / (0x064fd17f009621002cc203d677ddd8f81ab9cfde18f19023154afe62a9c79469) in 0.001s. Peers: 5","throwable":""}
{"timestamp":"2025-07-03T19:19:10,008","container":"ebdffaae6f6b","level":"INFO","thread":"EthScheduler-Workers-0","class":"PersistBlockTask","message":"Imported #346 / 0 tx / 0 om / 0 (0.0%) gas / (0x6f0c52c8220c77c20fb816687599a62a70546871c2e3162479cb1319c542ddd0) in 0.001s. Peers: 5","throwable":""}
{"timestamp":"2025-07-03T19:19:18,008","container":"ebdffaae6f6b","level":"INFO","thread":"EthScheduler-Workers-0","class":"PersistBlockTask","message":"Imported #347 / 0 tx / 0 om / 0 (0.0%) gas / (0x576aa89c77befc894b3f52bed7003c95f9ec3e19da4d189a5aebd8c426f236bd) in 0.001s. Peers: 5","throwable":""}
{"timestamp":"2025-07-03T19:19:27,220","container":"ebdffaae6f6b","level":"INFO","thread":"EthScheduler-Workers-0","class":"PersistBlockTask","message":"Imported #348 / 0 tx / 0 om / 0 (0.0%) gas / (0x64ac612a55e17f47547c04ce213722edaf6ca3f2237fa5501f49ac6a120843c0) in 0.001s. Peers: 5","throwable":""}
{"timestamp":"2025-07-03T19:19:35,010","container":"ebdffaae6f6b","level":"INFO","thread":"EthScheduler-Workers-0","class":"PersistBlockTask","message":"Imported #349 / 0 tx / 0 om / 0 (0.0%) gas / (0xe1c606fe277b069ec1b501b4e814021490d0fd6f42b6f9de4c12050def33bf1c) in 0.002s. Peers: 5","throwable":""}
{"timestamp":"2025-07-03T19:19:43,009","container":"ebdffaae6f6b","level":"INFO","thread":"EthScheduler-Workers-0","class":"PersistBlockTask","message":"Imported #350 / 0 tx / 0 om / 0 (0.0%) gas / (0xbc553719e291368b45f4d544da5ad7ada2c019b103874666c3a159e2c7f01b36) in 0.001s. Peers: 5","throwable":""}
{"timestamp":"2025-07-03T19:19:51,008","container":"ebdffaae6f6b","level":"INFO","thread":"EthScheduler-Workers-0","class":"PersistBlockTask","message":"Imported #351 / 0 tx / 0 om / 0 (0.0%) gas / (0xa415757f5875b49f28ae1a988742850a9234ce3a80ab5b3bbc027bd8c285dd42) in 0.001s. Peers: 5","throwable":""}
{"timestamp":"2025-07-03T19:20:00,187","container":"ebdffaae6f6b","level":"INFO","thread":"EthScheduler-Workers-0","class":"PersistBlockTask","message":"Imported #352 / 0 tx / 0 om / 0 (0.0%) gas / (0x2f4c12f20f315ebfc3de84c64f1403bffa66ea6c5b28db03ef75bf25616f1a53) in 0.001s. Peers: 5","throwable":""}
{"timestamp":"2025-07-03T19:20:08,007","container":"ebdffaae6f6b","level":"INFO","thread":"EthScheduler-Workers-0","class":"PersistBlockTask","message":"Imported #353 / 0 tx / 0 om / 0 (0.0%) gas / (0xce1926814c94eb883769d563ca1743ac5bab12305609cf244c2fac28c35b41df) in 0.001s. Peers: 5","throwable":""}
{"timestamp":"2025-07-03T19:20:16,009","container":"ebdffaae6f6b","level":"INFO","thread":"EthScheduler-Workers-0","class":"PersistBlockTask","message":"Imported #354 / 0 tx / 0 om / 0 (0.0%) gas / (0x084f66426dc05ce9131b532bf5120c2329de139da387ae0c853534b8170c6da2) in 0.001s. Peers: 5","throwable":""}
{"timestamp":"2025-07-03T19:20:24,010","container":"ebdffaae6f6b","level":"INFO","thread":"EthScheduler-Workers-0","class":"PersistBlockTask","message":"Imported #355 / 0 tx / 0 om / 0 (0.0%) gas / (0xe39f01dff38c413959430c5a1de6e43d214e9327459bc2d3f5c881ebc9971033) in 0.002s. Peers: 5","throwable":""}
{"timestamp":"2025-07-03T19:20:32,010","container":"ebdffaae6f6b","level":"INFO","thread":"EthScheduler-Workers-0","class":"PersistBlockTask","message":"Imported #356 / 0 tx / 0 om / 0 (0.0%) gas / (0x4dde40079fc708354cc9e3c8955786ecc8df7c46953abcb837d44573b550fa4b) in 0.001s. Peers: 5","throwable":""}
{"timestamp":"2025-07-03T19:20:41,282","container":"ebdffaae6f6b","level":"INFO","thread":"EthScheduler-Workers-0","class":"PersistBlockTask","message":"Imported #357 / 0 tx / 0 om / 0 (0.0%) gas / (0x38d36f63f1a003b290db456def866e9e1993c848dbace4fddbc340f55beb95b7) in 0.003s. Peers: 5","throwable":""}
{"timestamp":"2025-07-03T19:20:49,009","container":"ebdffaae6f6b","level":"INFO","thread":"EthScheduler-Workers-0","class":"PersistBlockTask","message":"Imported #358 / 0 tx / 0 om / 0 (0.0%) gas / (0x6f8e632b1d3aff7ca45ace5235a96c260acb3521e76c9647e08ddbdf6ea94192) in 0.001s. Peers: 5","throwable":""}
{"timestamp":"2025-07-03T19:20:57,008","container":"ebdffaae6f6b","level":"INFO","thread":"EthScheduler-Workers-0","class":"PersistBlockTask","message":"Imported #359 / 0 tx / 0 om / 0 (0.0%) gas / (0x6521192ddb7f932bc9d237eb01a932d6aa17f5ab4f87e21fc539ce405be7ab3a) in 0.001s. Peers: 5","throwable":""}
{"timestamp":"2025-07-03T19:21:05,010","container":"ebdffaae6f6b","level":"INFO","thread":"EthScheduler-Workers-0","class":"PersistBlockTask","message":"Imported #360 / 0 tx / 0 om / 0 (0.0%) gas / (0xebeae727f0aac6cf53ac9753e0147025eb5db13c564ce0ddf9727afe55ca2ee3) in 0.002s. Peers: 5","throwable":""}
{"timestamp":"2025-07-03T19:21:14,275","container":"ebdffaae6f6b","level":"INFO","thread":"EthScheduler-Workers-0","class":"PersistBlockTask","message":"Imported #361 / 0 tx / 0 om / 0 (0.0%) gas / (0x72c7e4d89888787f5c335d62aaa03964038b32e4243c13e5c53ad32c65d2747e) in 0.001s. Peers: 5","throwable":""}
{"timestamp":"2025-07-03T19:21:22,010","container":"ebdffaae6f6b","level":"INFO","thread":"EthScheduler-Workers-0","class":"PersistBlockTask","message":"Imported #362 / 0 tx / 0 om / 0 (0.0%) gas / (0x7a0103106a90158904d805ddb56444fb12445123bc9abb6a1c8c71ffeb6e0d0b) in 0.002s. Peers: 5","throwable":""}
{"timestamp":"2025-07-03T19:21:30,009","container":"ebdffaae6f6b","level":"INFO","thread":"EthScheduler-Workers-0","class":"PersistBlockTask","message":"Imported #363 / 0 tx / 0 om / 0 (0.0%) gas / (0x3c5cf934935cc7a65b988368c23685e9f996ff6bac503f82bc024bc1d4456894) in 0.002s. Peers: 5","throwable":""}
{"timestamp":"2025-07-03T19:21:38,011","container":"ebdffaae6f6b","level":"INFO","thread":"EthScheduler-Workers-0","class":"PersistBlockTask","message":"Imported #364 / 0 tx / 0 om / 0 (0.0%) gas / (0xd4c76f569c46b3b7e25e850ed3b14b7f0bb0077dcbee46d3d8bf9678bb8fb95c) in 0.002s. Peers: 5","throwable":""}
{"timestamp":"2025-07-03T19:21:47,211","container":"ebdffaae6f6b","level":"INFO","thread":"EthScheduler-Workers-0","class":"PersistBlockTask","message":"Imported #365 / 0 tx / 0 om / 0 (0.0%) gas / (0xe5be14620fea1ea2e440e23218109acba96af8ecae6c518843fb23308b6721c8) in 0.001s. Peers: 5","throwable":""}
{"timestamp":"2025-07-03T19:21:55,008","container":"ebdffaae6f6b","level":"INFO","thread":"EthScheduler-Workers-0","class":"PersistBlockTask","message":"Imported #366 / 0 tx / 0 om / 0 (0.0%) gas / (0x196de9fceb293e2a9582b2deb31bfac146702bc048421ace50f110f0d2e5a9e6) in 0.001s. Peers: 5","throwable":""}
{"timestamp":"2025-07-03T19:22:03,012","container":"ebdffaae6f6b","level":"INFO","thread":"EthScheduler-Workers-0","class":"PersistBlockTask","message":"Imported #367 / 0 tx / 0 om / 0 (0.0%) gas / (0xb47e0dc9ee094748b7ff7d5129db396f5cca298bbc49ef5e0720fc6dd9684299) in 0.001s. Peers: 5","throwable":""}
{"timestamp":"2025-07-03T19:22:11,010","container":"ebdffaae6f6b","level":"INFO","thread":"EthScheduler-Workers-0","class":"PersistBlockTask","message":"Imported #368 / 0 tx / 0 om / 0 (0.0%) gas / (0x3085a13b3f3c715ef8b4dfde1fc5725c2c994537f511e3351514e9a4d4fd602a) in 0.001s. Peers: 5","throwable":""}
{"timestamp":"2025-07-03T19:22:20,245","container":"ebdffaae6f6b","level":"INFO","thread":"EthScheduler-Workers-0","class":"PersistBlockTask","message":"Imported #369 / 0 tx / 0 om / 0 (0.0%) gas / (0x5387955ea2f8970e1d40b18bb8f200269f1dd00a6175be82ab161bd84a3f5edb) in 0.001s. Peers: 5","throwable":""}
{"timestamp":"2025-07-03T19:22:28,011","container":"ebdffaae6f6b","level":"INFO","thread":"EthScheduler-Workers-0","class":"PersistBlockTask","message":"Imported #370 / 0 tx / 0 om / 0 (0.0%) gas / (0xc191e6c31a180d9c7d08cc3cccf6da8a3a1791b31be5ca1d400b1f3be01ca961) in 0.002s. Peers: 5","throwable":""}
{"timestamp":"2025-07-03T19:22:36,006","container":"ebdffaae6f6b","level":"INFO","thread":"EthScheduler-Workers-0","class":"PersistBlockTask","message":"Imported #371 / 0 tx / 0 om / 0 (0.0%) gas / (0x0c757995a35c0703b0893e4980a2bc18bebda9174a9f9c85790d65c75b163bb4) in 0.001s. Peers: 5","throwable":""}
{"timestamp":"2025-07-03T19:22:44,010","container":"ebdffaae6f6b","level":"INFO","thread":"EthScheduler-Workers-0","class":"PersistBlockTask","message":"Imported #372 / 0 tx / 0 om / 0 (0.0%) gas / (0xd9c79b56ada21184caeccaef7c9a190f26307a171e6986cdef3a0e6adae855a2) in 0.002s. Peers: 5","throwable":""}
{"timestamp":"2025-07-03T19:22:53,199","container":"ebdffaae6f6b","level":"INFO","thread":"EthScheduler-Workers-0","class":"PersistBlockTask","message":"Imported #373 / 0 tx / 0 om / 0 (0.0%) gas / (0x672a39879ebd00d2b00b53046a41e17781485859bb756f77497a829cc0081c85) in 0.001s. Peers: 5","throwable":""}
{"timestamp":"2025-07-03T19:23:01,010","container":"ebdffaae6f6b","level":"INFO","thread":"EthScheduler-Workers-0","class":"PersistBlockTask","message":"Imported #374 / 0 tx / 0 om / 0 (0.0%) gas / (0xdde59f85288a8cf7dc139bc716dac13302befdfa84577bc8f4cf64a4656ce154) in 0.001s. Peers: 5","throwable":""}
{"timestamp":"2025-07-03T19:23:09,007","container":"ebdffaae6f6b","level":"INFO","thread":"EthScheduler-Workers-0","class":"PersistBlockTask","message":"Imported #375 / 0 tx / 0 om / 0 (0.0%) gas / (0x8c1ccb5cc0dfe5126a320e945c231069fb4fc79a84da7d8e49b55e3ca0411188) in 0.001s. Peers: 5","throwable":""}
{"timestamp":"2025-07-03T19:23:17,008","container":"ebdffaae6f6b","level":"INFO","thread":"EthScheduler-Workers-0","class":"PersistBlockTask","message":"Imported #376 / 0 tx / 0 om / 0 (0.0%) gas / (0xe4d44ff4626af51c5dd5efe8f33a1147bb1a38310caed4e465636141537061da) in 0.001s. Peers: 5","throwable":""}
{"timestamp":"2025-07-03T19:23:26,279","container":"ebdffaae6f6b","level":"INFO","thread":"EthScheduler-Workers-0","class":"PersistBlockTask","message":"Imported #377 / 0 tx / 0 om / 0 (0.0%) gas / (0x37814f386addbc0b5821283bfbd7ebdc57ecaf687362d134864f79c03dfaa86a) in 0.001s. Peers: 5","throwable":""}
{"timestamp":"2025-07-03T19:23:34,006","container":"ebdffaae6f6b","level":"INFO","thread":"EthScheduler-Workers-0","class":"PersistBlockTask","message":"Imported #378 / 0 tx / 0 om / 0 (0.0%) gas / (0x91c1d558318bc8c8bd208ca190facbd33085086c53f676d7926ff6d68a4207f5) in 0.001s. Peers: 5","throwable":""}
{"timestamp":"2025-07-03T19:23:42,008","container":"ebdffaae6f6b","level":"INFO","thread":"EthScheduler-Workers-0","class":"PersistBlockTask","message":"Imported #379 / 0 tx / 0 om / 0 (0.0%) gas / (0x0b981d4bf0cdb7aab7925b665cbb5fe96cb4b7c2a824cd15edc2d4cfb64a5946) in 0.001s. Peers: 5","throwable":""}
{"timestamp":"2025-07-03T19:23:50,011","container":"ebdffaae6f6b","level":"INFO","thread":"EthScheduler-Workers-0","class":"PersistBlockTask","message":"Imported #380 / 0 tx / 0 om / 0 (0.0%) gas / (0xe87eb5f24641dfb5494297130d2abdb627c1208afeb7b7a3143be7d1f526f071) in 0.001s. Peers: 5","throwable":""}
{"timestamp":"2025-07-03T19:23:59,240","container":"ebdffaae6f6b","level":"INFO","thread":"EthScheduler-Workers-0","class":"PersistBlockTask","message":"Imported #381 / 0 tx / 0 om / 0 (0.0%) gas / (0x63d46a76c534993f36004a95e7f80596c5f93a85d2e794b33b4e9fca09ee7835) in 0.001s. Peers: 5","throwable":""}
{"timestamp":"2025-07-03T19:24:07,007","container":"ebdffaae6f6b","level":"INFO","thread":"EthScheduler-Workers-0","class":"PersistBlockTask","message":"Imported #382 / 0 tx / 0 om / 0 (0.0%) gas / (0xf0e174cc9e57590740184b41ac9c221cf764c6b18feec11948cb06b537ae3e80) in 0.001s. Peers: 5","throwable":""}
{"timestamp":"2025-07-03T19:24:15,012","container":"ebdffaae6f6b","level":"INFO","thread":"EthScheduler-Workers-0","class":"PersistBlockTask","message":"Imported #383 / 0 tx / 0 om / 0 (0.0%) gas / (0xa230092ddd3d76ec27caa994796ca63ace3d4616f4baaa1a9fe5f49b8f87e585) in 0.002s. Peers: 5","throwable":""}
{"timestamp":"2025-07-03T19:24:23,012","container":"ebdffaae6f6b","level":"INFO","thread":"EthScheduler-Workers-0","class":"PersistBlockTask","message":"Imported #384 / 0 tx / 0 om / 0 (0.0%) gas / (0x47fb5ef8b58364628f605ace544957932ca6c6275dac84eace14964d16dd3f70) in 0.005s. Peers: 5","throwable":""}
{"timestamp":"2025-07-03T19:24:32,344","container":"ebdffaae6f6b","level":"INFO","thread":"EthScheduler-Workers-0","class":"PersistBlockTask","message":"Imported #385 / 0 tx / 0 om / 0 (0.0%) gas / (0x9f1c2944f643091de551cfcfd30cb5c72731a2b28a1f72baeadc5d433c9786f3) in 0.001s. Peers: 5","throwable":""}
{"timestamp":"2025-07-03T19:24:40,011","container":"ebdffaae6f6b","level":"INFO","thread":"EthScheduler-Workers-0","class":"PersistBlockTask","message":"Imported #386 / 0 tx / 0 om / 0 (0.0%) gas / (0xed989b970e47d85806311958380285be70cc45bf3864bed4f9edf56f8a3b7fb7) in 0.002s. Peers: 5","throwable":""}
{"timestamp":"2025-07-03T19:24:48,009","container":"ebdffaae6f6b","level":"INFO","thread":"EthScheduler-Workers-0","class":"PersistBlockTask","message":"Imported #387 / 0 tx / 0 om / 0 (0.0%) gas / (0x997380eb96d92eceee2f7393e554ed9e85fa7a918e695c4f1691c0bfb2a9a01d) in 0.001s. Peers: 5","throwable":""}
{"timestamp":"2025-07-03T19:24:56,010","container":"ebdffaae6f6b","level":"INFO","thread":"EthScheduler-Workers-0","class":"PersistBlockTask","message":"Imported #388 / 0 tx / 0 om / 0 (0.0%) gas / (0xeb732c5d885689e446e44705b0872b69699413106947fecde4980271b3b3d89b) in 0.002s. Peers: 5","throwable":""}
{"timestamp":"2025-07-03T19:25:05,498","container":"ebdffaae6f6b","level":"INFO","thread":"EthScheduler-Workers-0","class":"PersistBlockTask","message":"Imported #389 / 0 tx / 0 om / 0 (0.0%) gas / (0x12569f101625e929413639ef97fcfc7c0914e35dbfbfa0d24674d4dd78a8abbe) in 0.001s. Peers: 5","throwable":""}
{"timestamp":"2025-07-03T19:25:13,008","container":"ebdffaae6f6b","level":"INFO","thread":"EthScheduler-Workers-0","class":"PersistBlockTask","message":"Imported #390 / 0 tx / 0 om / 0 (0.0%) gas / (0x4dc059bd1e32ab3024a632d9bd771a0d93e8a3f0386c90e1bed0d6a27a25bf1f) in 0.001s. Peers: 5","throwable":""}
{"timestamp":"2025-07-03T19:25:21,008","container":"ebdffaae6f6b","level":"INFO","thread":"EthScheduler-Workers-0","class":"PersistBlockTask","message":"Imported #391 / 0 tx / 0 om / 0 (0.0%) gas / (0x38ac97b5fe9d8ac6d2c62570bf20b520b2cb94bd6f77c6fe4b69825c0e674cd3) in 0.001s. Peers: 5","throwable":""}
{"timestamp":"2025-07-03T19:25:29,009","container":"ebdffaae6f6b","level":"INFO","thread":"EthScheduler-Workers-0","class":"PersistBlockTask","message":"Imported #392 / 0 tx / 0 om / 0 (0.0%) gas / (0x973472a1d6d31c9a8270826397f09c7ee6b7f9ff27819c918763e58ba4e75163) in 0.002s. Peers: 5","throwable":""}
{"timestamp":"2025-07-03T19:25:38,555","container":"ebdffaae6f6b","level":"INFO","thread":"EthScheduler-Workers-0","class":"PersistBlockTask","message":"Imported #393 / 0 tx / 0 om / 0 (0.0%) gas / (0x59fc4c40d54f2b4793e01aeb0e570867d7510b0dd72a0d4ea77917b7e0e13054) in 0.001s. Peers: 5","throwable":""}
{"timestamp":"2025-07-03T19:25:47,009","container":"ebdffaae6f6b","level":"INFO","thread":"EthScheduler-Workers-0","class":"PersistBlockTask","message":"Imported #394 / 0 tx / 0 om / 0 (0.0%) gas / (0xd90767b86bdfd311393c5f20138ccda640910a8d019d4b390543f5603bbfe1ec) in 0.001s. Peers: 5","throwable":""}
{"timestamp":"2025-07-03T19:25:55,006","container":"ebdffaae6f6b","level":"INFO","thread":"EthScheduler-Workers-0","class":"PersistBlockTask","message":"Imported #395 / 0 tx / 0 om / 0 (0.0%) gas / (0x72d93b16a8c9e9361e9a168a75f8feef3121d3414db1f6f38311a9085e0f69b9) in 0.001s. Peers: 5","throwable":""}
{"timestamp":"2025-07-03T19:26:03,009","container":"ebdffaae6f6b","level":"INFO","thread":"EthScheduler-Workers-0","class":"PersistBlockTask","message":"Imported #396 / 0 tx / 0 om / 0 (0.0%) gas / (0x82a48b169a477e50e36d58f583355d21b8af951e7783c261fa9ce54ec754c23c) in 0.001s. Peers: 5","throwable":""}
{"timestamp":"2025-07-03T19:26:12,841","container":"ebdffaae6f6b","level":"INFO","thread":"EthScheduler-Workers-0","class":"PersistBlockTask","message":"Imported #397 / 0 tx / 0 om / 0 (0.0%) gas / (0x4b0b5bb3c1b584511f89aba0bde9ee692d1a324a160149a8cead84c5ee9bd335) in 0.001s. Peers: 5","throwable":""}
{"timestamp":"2025-07-03T19:26:21,008","container":"ebdffaae6f6b","level":"INFO","thread":"EthScheduler-Workers-0","class":"PersistBlockTask","message":"Imported #398 / 0 tx / 0 om / 0 (0.0%) gas / (0xcaa49b471a48b1d566b5890555af8d234c22f64af7880ba13a65bb74b6059307) in 0.001s. Peers: 5","throwable":""}
{"timestamp":"2025-07-03T19:26:29,005","container":"ebdffaae6f6b","level":"INFO","thread":"EthScheduler-Workers-0","class":"PersistBlockTask","message":"Imported #399 / 0 tx / 0 om / 0 (0.0%) gas / (0x80e9b9933ae63b9ee867d0bc015f6238a204dd6a1f8f7b92a5604e0c8e3c67f2) in 0.001s. Peers: 5","throwable":""}
{"timestamp":"2025-07-03T19:26:37,006","container":"ebdffaae6f6b","level":"INFO","thread":"EthScheduler-Workers-0","class":"PersistBlockTask","message":"Imported #400 / 0 tx / 0 om / 0 (0.0%) gas / (0x18d37169483b41057a2c6cf4f50ab2bc485b1bf72ea0ddce9f5db0c5b7a608b3) in 0.001s. Peers: 5","throwable":""}
{"timestamp":"2025-07-03T19:26:47,023","container":"ebdffaae6f6b","level":"INFO","thread":"EthScheduler-Workers-0","class":"PersistBlockTask","message":"Imported #401 / 0 tx / 0 om / 0 (0.0%) gas / (0x4b884d878079451dec88779bf3ce8ea87a827d72dcbcecadac6985b59e4d31fd) in 0.002s. Peers: 5","throwable":""}
{"timestamp":"2025-07-03T19:26:55,009","container":"ebdffaae6f6b","level":"INFO","thread":"EthScheduler-Workers-0","class":"PersistBlockTask","message":"Imported #402 / 0 tx / 0 om / 0 (0.0%) gas / (0x432769420c8ff162d4b535d1793d982d6f58ad3ce629795a56f2ed74d025915f) in 0.001s. Peers: 5","throwable":""}
{"timestamp":"2025-07-03T19:27:03,007","container":"ebdffaae6f6b","level":"INFO","thread":"EthScheduler-Workers-0","class":"PersistBlockTask","message":"Imported #403 / 0 tx / 0 om / 0 (0.0%) gas / (0xc907824ec7b93dac77198c639f87c276cc029ee947086e543e2df7f7c23241a3) in 0.001s. Peers: 5","throwable":""}
{"timestamp":"2025-07-03T19:27:11,009","container":"ebdffaae6f6b","level":"INFO","thread":"EthScheduler-Workers-0","class":"PersistBlockTask","message":"Imported #404 / 0 tx / 0 om / 0 (0.0%) gas / (0x2b0699a7f73fbd94846ce347600a4dad83cb22476959d64dcee5b9e825bae9b2) in 0.002s. Peers: 5","throwable":""}
{"timestamp":"2025-07-03T19:27:21,033","container":"ebdffaae6f6b","level":"INFO","thread":"EthScheduler-Workers-0","class":"PersistBlockTask","message":"Imported #405 / 0 tx / 0 om / 0 (0.0%) gas / (0x4b614e37994891fb2a502f2f409abb508f32eee242e5f6268970dd86edbe1bf6) in 0.001s. Peers: 5","throwable":""}
{"timestamp":"2025-07-03T19:27:29,006","container":"ebdffaae6f6b","level":"INFO","thread":"EthScheduler-Workers-0","class":"PersistBlockTask","message":"Imported #406 / 0 tx / 0 om / 0 (0.0%) gas / (0x43bd44c2899e9bf247c4303b49e8f483242bf87389137bfd1f760919f838c5c4) in 0.001s. Peers: 5","throwable":""}
{"timestamp":"2025-07-03T19:27:37,008","container":"ebdffaae6f6b","level":"INFO","thread":"EthScheduler-Workers-0","class":"PersistBlockTask","message":"Imported #407 / 0 tx / 0 om / 0 (0.0%) gas / (0xce871c403ead38103d14028cef2416264cb8aaab9f39fb4b9d9d247f30b25039) in 0.001s. Peers: 5","throwable":""}
{"timestamp":"2025-07-03T19:27:45,009","container":"ebdffaae6f6b","level":"INFO","thread":"EthScheduler-Workers-0","class":"PersistBlockTask","message":"Imported #408 / 0 tx / 0 om / 0 (0.0%) gas / (0xcb5a7d8fba72a9863761c31ed14a3d275adc5dc5bf2adafe7769c14de3c7af8d) in 0.001s. Peers: 5","throwable":""}
{"timestamp":"2025-07-03T19:27:55,025","container":"ebdffaae6f6b","level":"INFO","thread":"EthScheduler-Workers-0","class":"PersistBlockTask","message":"Imported #409 / 0 tx / 0 om / 0 (0.0%) gas / (0x64683f079639e6c5a4866c46303dc6964aa66a5fb202d43099055421d664e00c) in 0.001s. Peers: 5","throwable":""}
{"timestamp":"2025-07-03T19:28:03,008","container":"ebdffaae6f6b","level":"INFO","thread":"EthScheduler-Workers-0","class":"PersistBlockTask","message":"Imported #410 / 0 tx / 0 om / 0 (0.0%) gas / (0x8be5ffb02e804aa6da107950779159d5ed853831c64889299bd417c674459d46) in 0.001s. Peers: 5","throwable":""}
{"timestamp":"2025-07-03T19:28:11,008","container":"ebdffaae6f6b","level":"INFO","thread":"EthScheduler-Workers-0","class":"PersistBlockTask","message":"Imported #411 / 0 tx / 0 om / 0 (0.0%) gas / (0xdb7d55056ae792542730fdf5b6e2cb19710dd4d60bf8893619bc34344aad3373) in 0.001s. Peers: 5","throwable":""}
{"timestamp":"2025-07-03T19:28:19,007","container":"ebdffaae6f6b","level":"INFO","thread":"EthScheduler-Workers-0","class":"PersistBlockTask","message":"Imported #412 / 0 tx / 0 om / 0 (0.0%) gas / (0x51d17ed7e470dc5b95e404c6c7f34223ca1e719c81c0086e817cb77f487d26ff) in 0.001s. Peers: 5","throwable":""}
{"timestamp":"2025-07-03T19:28:29,159","container":"ebdffaae6f6b","level":"INFO","thread":"EthScheduler-Workers-0","class":"PersistBlockTask","message":"Imported #413 / 0 tx / 0 om / 0 (0.0%) gas / (0x76b9fa6300b4ce26a4dcdf16b1bd5447f0a9ddf57d83f084d18dbcede418284e) in 0.001s. Peers: 5","throwable":""}
{"timestamp":"2025-07-03T19:28:37,006","container":"ebdffaae6f6b","level":"INFO","thread":"EthScheduler-Workers-0","class":"PersistBlockTask","message":"Imported #414 / 0 tx / 0 om / 0 (0.0%) gas / (0x87ff614e9b6f86eddc78fc219a712b91bfc17f42150535dd38c4c34c1e64f762) in 0.001s. Peers: 5","throwable":""}
{"timestamp":"2025-07-03T19:28:45,008","container":"ebdffaae6f6b","level":"INFO","thread":"EthScheduler-Workers-0","class":"PersistBlockTask","message":"Imported #415 / 0 tx / 0 om / 0 (0.0%) gas / (0x8bf4e835458f84718ef96c5720591a775e1b0e74365308c6d117dbde4db285d5) in 0.001s. Peers: 5","throwable":""}
{"timestamp":"2025-07-03T19:28:53,007","container":"ebdffaae6f6b","level":"INFO","thread":"EthScheduler-Workers-0","class":"PersistBlockTask","message":"Imported #416 / 0 tx / 0 om / 0 (0.0%) gas / (0xb75c980ccfb125ed3ae9265133a086fb8527bedd166d380678ce6e60191a6508) in 0.001s. Peers: 5","throwable":""}
{"timestamp":"2025-07-03T19:29:02,708","container":"ebdffaae6f6b","level":"INFO","thread":"EthScheduler-Workers-0","class":"PersistBlockTask","message":"Imported #417 / 0 tx / 0 om / 0 (0.0%) gas / (0x976539df52b2938790ba867cd4fd5471848ce29ac25eedef98d0b519da1fd4a9) in 0.001s. Peers: 5","throwable":""}
{"timestamp":"2025-07-03T19:29:11,006","container":"ebdffaae6f6b","level":"INFO","thread":"EthScheduler-Workers-0","class":"PersistBlockTask","message":"Imported #418 / 0 tx / 0 om / 0 (0.0%) gas / (0x6084380e090a6a614d933a45dff727f0746f8f5331adcd5ebfd44fb5708543af) in 0.001s. Peers: 5","throwable":""}
{"timestamp":"2025-07-03T19:29:19,009","container":"ebdffaae6f6b","level":"INFO","thread":"EthScheduler-Workers-0","class":"PersistBlockTask","message":"Imported #419 / 0 tx / 0 om / 0 (0.0%) gas / (0x67e3970f78f919d4f21a598a5e20dd1e5b5054c8d91616a9fba8a5d6ca2d3009) in 0.001s. Peers: 5","throwable":""}
{"timestamp":"2025-07-03T19:29:27,006","container":"ebdffaae6f6b","level":"INFO","thread":"EthScheduler-Workers-0","class":"PersistBlockTask","message":"Imported #420 / 0 tx / 0 om / 0 (0.0%) gas / (0xa0d1ec86e0b8a9acd8af0966ef199e15337c88f26c77e5b807afef23503baac4) in 0.001s. Peers: 5","throwable":""}
{"timestamp":"2025-07-03T19:29:37,014","container":"ebdffaae6f6b","level":"INFO","thread":"EthScheduler-Workers-0","class":"PersistBlockTask","message":"Imported #421 / 0 tx / 0 om / 0 (0.0%) gas / (0x51b5c6d509463c9a70321d3bc352db7a3ed6a9f6b1f80c63771339983cf8c0d1) in 0.001s. Peers: 5","throwable":""}
{"timestamp":"2025-07-03T19:29:45,006","container":"ebdffaae6f6b","level":"INFO","thread":"EthScheduler-Workers-0","class":"PersistBlockTask","message":"Imported #422 / 0 tx / 0 om / 0 (0.0%) gas / (0x8212580881bb1b216034b5560b43d4a4336040184230f4b46f0ad9cb2b29ed78) in 0.001s. Peers: 5","throwable":""}
{"timestamp":"2025-07-03T19:29:53,008","container":"ebdffaae6f6b","level":"INFO","thread":"EthScheduler-Workers-0","class":"PersistBlockTask","message":"Imported #423 / 0 tx / 0 om / 0 (0.0%) gas / (0x604ac5cf836180b6baad37329a2c3b06a409d71cf100393733f630c78e2e499c) in 0.001s. Peers: 5","throwable":""}
{"timestamp":"2025-07-03T19:30:01,009","container":"ebdffaae6f6b","level":"INFO","thread":"EthScheduler-Workers-0","class":"PersistBlockTask","message":"Imported #424 / 0 tx / 0 om / 0 (0.0%) gas / (0x34e0ca895c00784325895824178799e9a2ca139b579ffe4f9da4dd4b150845a3) in 0.001s. Peers: 5","throwable":""}
{"timestamp":"2025-07-03T19:30:10,980","container":"ebdffaae6f6b","level":"INFO","thread":"EthScheduler-Workers-0","class":"PersistBlockTask","message":"Imported #425 / 0 tx / 0 om / 0 (0.0%) gas / (0x2f54aba029c6339b0b028640cb3a1fe2805dfa153bbf543949efd310c2cbc7c9) in 0.001s. Peers: 5","throwable":""}
{"timestamp":"2025-07-03T19:30:19,008","container":"ebdffaae6f6b","level":"INFO","thread":"EthScheduler-Workers-0","class":"PersistBlockTask","message":"Imported #426 / 0 tx / 0 om / 0 (0.0%) gas / (0x63328fd7926e5a1afc918cdf47f54d2cfc4e7f742bfd355e0a814bde14f13612) in 0.002s. Peers: 5","throwable":""}
{"timestamp":"2025-07-03T19:30:27,006","container":"ebdffaae6f6b","level":"INFO","thread":"EthScheduler-Workers-0","class":"PersistBlockTask","message":"Imported #427 / 0 tx / 0 om / 0 (0.0%) gas / (0x7445d6b345edb9dcb768c37119a9066f10bb69b4af1968b9c6a26f1bbb8a4420) in 0.001s. Peers: 5","throwable":""}
{"timestamp":"2025-07-03T19:30:35,009","container":"ebdffaae6f6b","level":"INFO","thread":"EthScheduler-Workers-0","class":"PersistBlockTask","message":"Imported #428 / 0 tx / 0 om / 0 (0.0%) gas / (0x82c09c18458ae518b2b0a6a7cb540f24a4849eebceade3f4fd18955d94adac17) in 0.001s. Peers: 5","throwable":""}
{"timestamp":"2025-07-03T19:30:43,008","container":"ebdffaae6f6b","level":"INFO","thread":"EthScheduler-Workers-0","class":"PersistBlockTask","message":"Imported #429 / 0 tx / 0 om / 0 (0.0%) gas / (0x8a8d9b0216a856b5ee7534583c09696de304053d614a66f1b6d5410c6a168049) in 0.001s. Peers: 5","throwable":""}
{"timestamp":"2025-07-03T19:30:53,064","container":"ebdffaae6f6b","level":"INFO","thread":"EthScheduler-Workers-0","class":"PersistBlockTask","message":"Imported #430 / 0 tx / 0 om / 0 (0.0%) gas / (0x85e60b5a2dd534b0c528dc311be4ad2af2870a8eac5b3fb060f5e04108a29cb3) in 0.001s. Peers: 5","throwable":""}
{"timestamp":"2025-07-03T19:31:01,005","container":"ebdffaae6f6b","level":"INFO","thread":"EthScheduler-Workers-0","class":"PersistBlockTask","message":"Imported #431 / 0 tx / 0 om / 0 (0.0%) gas / (0x237acb182a168ae2cb83964827a3f69541a567d5a3509f54556c7506ca571e34) in 0.001s. Peers: 5","throwable":""}
{"timestamp":"2025-07-03T19:31:09,008","container":"ebdffaae6f6b","level":"INFO","thread":"EthScheduler-Workers-0","class":"PersistBlockTask","message":"Imported #432 / 0 tx / 0 om / 0 (0.0%) gas / (0x571664e8d85f06307f06b88b4c113dbcb3b04b4a5f62b7c43207b93e1b77ab0b) in 0.001s. Peers: 5","throwable":""}
{"timestamp":"2025-07-03T19:31:17,008","container":"ebdffaae6f6b","level":"INFO","thread":"EthScheduler-Workers-0","class":"PersistBlockTask","message":"Imported #433 / 0 tx / 0 om / 0 (0.0%) gas / (0xd21180122f84acdae12bd053d8ae6ff17572d2deacb71657a59f978b9d4a771d) in 0.001s. Peers: 5","throwable":""}
{"timestamp":"2025-07-03T19:31:26,353","container":"ebdffaae6f6b","level":"INFO","thread":"EthScheduler-Workers-0","class":"PersistBlockTask","message":"Imported #434 / 0 tx / 0 om / 0 (0.0%) gas / (0x38663d8a868b1ddb78d9b91a7e130622adf99f4b95e55d449d4292de6966b65d) in 0.001s. Peers: 5","throwable":""}
{"timestamp":"2025-07-03T19:31:34,009","container":"ebdffaae6f6b","level":"INFO","thread":"EthScheduler-Workers-0","class":"PersistBlockTask","message":"Imported #435 / 0 tx / 0 om / 0 (0.0%) gas / (0x880f17402a9733a135d4bc76aafa7a94eafe0af0b4968589d149c43427ef3382) in 0.001s. Peers: 5","throwable":""}
{"timestamp":"2025-07-03T19:31:42,007","container":"ebdffaae6f6b","level":"INFO","thread":"EthScheduler-Workers-0","class":"PersistBlockTask","message":"Imported #436 / 0 tx / 0 om / 0 (0.0%) gas / (0xec101d1523ff3e13269be5cb43051e39ad8bd7cc507fc0486360f7a1778247f0) in 0.001s. Peers: 5","throwable":""}
{"timestamp":"2025-07-03T19:31:50,009","container":"ebdffaae6f6b","level":"INFO","thread":"EthScheduler-Workers-0","class":"PersistBlockTask","message":"Imported #437 / 0 tx / 0 om / 0 (0.0%) gas / (0x8e75e31823ec364b4e162503e3cd52117c5d817f7074f39d94acbb515f250091) in 0.001s. Peers: 5","throwable":""}
{"timestamp":"2025-07-03T19:31:59,832","container":"ebdffaae6f6b","level":"INFO","thread":"EthScheduler-Workers-0","class":"PersistBlockTask","message":"Imported #438 / 0 tx / 0 om / 0 (0.0%) gas / (0x9b8380a74921ad8c071e5741549cb7f30f95394818845887e92e88999ec456fa) in 0.002s. Peers: 5","throwable":""}
{"timestamp":"2025-07-03T19:32:08,009","container":"ebdffaae6f6b","level":"INFO","thread":"EthScheduler-Workers-0","class":"PersistBlockTask","message":"Imported #439 / 0 tx / 0 om / 0 (0.0%) gas / (0x4a7b94818e0ecde5fb7f87f13388ece9eaccd90ace576bdb5edf30a29a3835ba) in 0.001s. Peers: 5","throwable":""}
{"timestamp":"2025-07-03T19:32:16,007","container":"ebdffaae6f6b","level":"INFO","thread":"EthScheduler-Workers-0","class":"PersistBlockTask","message":"Imported #440 / 0 tx / 0 om / 0 (0.0%) gas / (0xc14af95858aa02b2f50f212ba10477d904ba6550a388b4b131d7d3bd5679bcdf) in 0.001s. Peers: 5","throwable":""}
{"timestamp":"2025-07-03T19:32:24,012","container":"ebdffaae6f6b","level":"INFO","thread":"EthScheduler-Workers-0","class":"PersistBlockTask","message":"Imported #441 / 0 tx / 0 om / 0 (0.0%) gas / (0x793335b56f089f2ffa13d89a18ccbeecfb228118042de36b0ccc28ecdb039895) in 0.001s. Peers: 5","throwable":""}
{"timestamp":"2025-07-03T19:32:33,524","container":"ebdffaae6f6b","level":"INFO","thread":"EthScheduler-Workers-0","class":"PersistBlockTask","message":"Imported #442 / 0 tx / 0 om / 0 (0.0%) gas / (0xff4d5455b8f25ae1b6c76e6bfee32aebbdabf54878409698eeaa4d9371606773) in 0.001s. Peers: 5","throwable":""}
{"timestamp":"2025-07-03T19:32:42,010","container":"ebdffaae6f6b","level":"INFO","thread":"EthScheduler-Workers-0","class":"PersistBlockTask","message":"Imported #443 / 0 tx / 0 om / 0 (0.0%) gas / (0xa09f91a335193f9d29c75b75640016b6e51223e028e78079a41f445bd0c44824) in 0.001s. Peers: 5","throwable":""}
{"timestamp":"2025-07-03T19:32:50,006","container":"ebdffaae6f6b","level":"INFO","thread":"EthScheduler-Workers-0","class":"PersistBlockTask","message":"Imported #444 / 0 tx / 0 om / 0 (0.0%) gas / (0xf39ef7ec484736ba20f9d7b66849c95d6f56fff54429f5c2524d2b1bed6c8d94) in 0.001s. Peers: 5","throwable":""}
{"timestamp":"2025-07-03T19:32:58,010","container":"ebdffaae6f6b","level":"INFO","thread":"EthScheduler-Workers-0","class":"PersistBlockTask","message":"Imported #445 / 0 tx / 0 om / 0 (0.0%) gas / (0xc996d16e88033eb3bc7daae5d4680c00eb659a8d4322a9370a562c5beac5b629) in 0.001s. Peers: 5","throwable":""}
{"timestamp":"2025-07-03T19:33:07,670","container":"ebdffaae6f6b","level":"INFO","thread":"EthScheduler-Workers-0","class":"PersistBlockTask","message":"Imported #446 / 0 tx / 0 om / 0 (0.0%) gas / (0x0f3c13279875f05fc0353cb586b70271ad0ee1b9db825b41fa67ef9d6785d52a) in 0.001s. Peers: 5","throwable":""}
{"timestamp":"2025-07-03T19:33:16,008","container":"ebdffaae6f6b","level":"INFO","thread":"EthScheduler-Workers-0","class":"PersistBlockTask","message":"Imported #447 / 0 tx / 0 om / 0 (0.0%) gas / (0xbd2f6693fbe4cd0491acf38372809e5f5442acc9aa4fef1fb15bfcef5f377f09) in 0.001s. Peers: 5","throwable":""}
{"timestamp":"2025-07-03T19:33:24,010","container":"ebdffaae6f6b","level":"INFO","thread":"EthScheduler-Workers-0","class":"PersistBlockTask","message":"Imported #448 / 0 tx / 0 om / 0 (0.0%) gas / (0x3639bbf2055bce16bf98f45eb7300c9bee32870a70434970ff7e999b4593ac82) in 0.001s. Peers: 5","throwable":""}
{"timestamp":"2025-07-03T19:33:32,007","container":"ebdffaae6f6b","level":"INFO","thread":"EthScheduler-Workers-0","class":"PersistBlockTask","message":"Imported #449 / 0 tx / 0 om / 0 (0.0%) gas / (0x6e6519c5539e37604a0bcb4d80563c590764a0e247f619c15bdd6218cabe7db3) in 0.001s. Peers: 5","throwable":""}
{"timestamp":"2025-07-03T19:33:41,616","container":"ebdffaae6f6b","level":"INFO","thread":"EthScheduler-Workers-0","class":"PersistBlockTask","message":"Imported #450 / 0 tx / 0 om / 0 (0.0%) gas / (0x7385bb174d00c4eb2e3d2e92db082bdb46c4496065d48a3e2d519adcd665a34d) in 0.001s. Peers: 5","throwable":""}
{"timestamp":"2025-07-03T19:33:50,006","container":"ebdffaae6f6b","level":"INFO","thread":"EthScheduler-Workers-0","class":"PersistBlockTask","message":"Imported #451 / 0 tx / 0 om / 0 (0.0%) gas / (0x64ced606d00bdb2800dd8902c1314a6e0c4a0e612171b9967ee6809318d685eb) in 0.001s. Peers: 5","throwable":""}
{"timestamp":"2025-07-03T19:33:58,008","container":"ebdffaae6f6b","level":"INFO","thread":"EthScheduler-Workers-0","class":"PersistBlockTask","message":"Imported #452 / 0 tx / 0 om / 0 (0.0%) gas / (0x532b10a6486c022a971e5c6ff67ddb9e051a89d30c94b30ad690e4c608ad6764) in 0.001s. Peers: 5","throwable":""}
{"timestamp":"2025-07-03T19:34:06,009","container":"ebdffaae6f6b","level":"INFO","thread":"EthScheduler-Workers-0","class":"PersistBlockTask","message":"Imported #453 / 0 tx / 0 om / 0 (0.0%) gas / (0x3b1f401f6ff1ae0de20f657a1c49b9557e331da55764e6bc7dae4475c35bddf0) in 0.001s. Peers: 5","throwable":""}
{"timestamp":"2025-07-03T19:34:15,725","container":"ebdffaae6f6b","level":"INFO","thread":"EthScheduler-Workers-0","class":"PersistBlockTask","message":"Imported #454 / 0 tx / 0 om / 0 (0.0%) gas / (0x2c2685d306f14662b3c097c4ab16e5db9d0c461d7cea0d718f070fbb1070abc3) in 0.001s. Peers: 5","throwable":""}
{"timestamp":"2025-07-03T19:34:24,009","container":"ebdffaae6f6b","level":"INFO","thread":"EthScheduler-Workers-0","class":"PersistBlockTask","message":"Imported #455 / 0 tx / 0 om / 0 (0.0%) gas / (0x423a1fca0ef3c4e09a30bc592775d8034492325f5daf171afabe3606617cb8c4) in 0.001s. Peers: 5","throwable":""}
{"timestamp":"2025-07-03T19:34:32,007","container":"ebdffaae6f6b","level":"INFO","thread":"EthScheduler-Workers-0","class":"PersistBlockTask","message":"Imported #456 / 0 tx / 0 om / 0 (0.0%) gas / (0x288d32faabcd9b9646988ea083ac2456e00d0ead2d168d886c52c761f0f7c393) in 0.001s. Peers: 5","throwable":""}
{"timestamp":"2025-07-03T19:34:40,008","container":"ebdffaae6f6b","level":"INFO","thread":"EthScheduler-Workers-0","class":"PersistBlockTask","message":"Imported #457 / 0 tx / 0 om / 0 (0.0%) gas / (0xf51ec2da8f8642948fef838886f5f5147b039547d904c33ed58adc291f8e4a5d) in 0.001s. Peers: 5","throwable":""}
{"timestamp":"2025-07-03T19:34:49,676","container":"ebdffaae6f6b","level":"INFO","thread":"EthScheduler-Workers-0","class":"PersistBlockTask","message":"Imported #458 / 0 tx / 0 om / 0 (0.0%) gas / (0x8c99f58339d8ef3ad0f97463727f9524d7296d3155c4fa0a915cffa3dd809d66) in 0.001s. Peers: 5","throwable":""}
{"timestamp":"2025-07-03T19:34:58,007","container":"ebdffaae6f6b","level":"INFO","thread":"EthScheduler-Workers-0","class":"PersistBlockTask","message":"Imported #459 / 0 tx / 0 om / 0 (0.0%) gas / (0xbec4571610008d597d54f1fda3f387840dbde70f49b2114ae7789bea6bf99528) in 0.001s. Peers: 5","throwable":""}
{"timestamp":"2025-07-03T19:35:06,010","container":"ebdffaae6f6b","level":"INFO","thread":"EthScheduler-Workers-0","class":"PersistBlockTask","message":"Imported #460 / 0 tx / 0 om / 0 (0.0%) gas / (0xe88dcb790a8da4490ea607fad778f733963e489a809cddb7f3b57bae3a6b58e4) in 0.002s. Peers: 5","throwable":""}
{"timestamp":"2025-07-03T19:35:14,008","container":"ebdffaae6f6b","level":"INFO","thread":"EthScheduler-Workers-0","class":"PersistBlockTask","message":"Imported #461 / 0 tx / 0 om / 0 (0.0%) gas / (0x63bc7171c1540f839f0767ba22cd640440f1283429562553c5bf6c10f8929446) in 0.001s. Peers: 5","throwable":""}
{"timestamp":"2025-07-03T19:35:23,652","container":"ebdffaae6f6b","level":"INFO","thread":"EthScheduler-Workers-0","class":"PersistBlockTask","message":"Imported #462 / 0 tx / 0 om / 0 (0.0%) gas / (0x7e66fde88e0d9c79ddf6786111ad23790051aa52b9b330c2fbb71a7e3e3a0877) in 0.001s. Peers: 5","throwable":""}
{"timestamp":"2025-07-03T19:35:32,009","container":"ebdffaae6f6b","level":"INFO","thread":"EthScheduler-Workers-0","class":"PersistBlockTask","message":"Imported #463 / 0 tx / 0 om / 0 (0.0%) gas / (0x20b4721c73574629a7974215347dcb3d9f063747b170289d4177bd69ddc665cd) in 0.001s. Peers: 5","throwable":""}
{"timestamp":"2025-07-03T19:35:40,006","container":"ebdffaae6f6b","level":"INFO","thread":"EthScheduler-Workers-0","class":"PersistBlockTask","message":"Imported #464 / 0 tx / 0 om / 0 (0.0%) gas / (0x1b900621f40f61b25e50802c477ae20676f58527facfbc4a2236934d973a6e7f) in 0.001s. Peers: 5","throwable":""}
{"timestamp":"2025-07-03T19:35:48,008","container":"ebdffaae6f6b","level":"INFO","thread":"EthScheduler-Workers-0","class":"PersistBlockTask","message":"Imported #465 / 0 tx / 0 om / 0 (0.0%) gas / (0x5855917403f68d84fa0437c1735888ff29949e4b1454f8792efeb2729af5d32e) in 0.001s. Peers: 5","throwable":""}
{"timestamp":"2025-07-03T19:35:57,719","container":"ebdffaae6f6b","level":"INFO","thread":"EthScheduler-Workers-0","class":"PersistBlockTask","message":"Imported #466 / 0 tx / 0 om / 0 (0.0%) gas / (0x9a92c698ae7c69fd1043c2faa203215e650863638a73844ee2243fe1f309ee1d) in 0.001s. Peers: 5","throwable":""}
{"timestamp":"2025-07-03T19:36:06,010","container":"ebdffaae6f6b","level":"INFO","thread":"EthScheduler-Workers-0","class":"PersistBlockTask","message":"Imported #467 / 0 tx / 0 om / 0 (0.0%) gas / (0x9427f6870e6aeaf50d56edab06c14e0deaef0a7b556a838ed4f3fdce0fe47674) in 0.001s. Peers: 5","throwable":""}
{"timestamp":"2025-07-03T19:36:14,008","container":"ebdffaae6f6b","level":"INFO","thread":"EthScheduler-Workers-0","class":"PersistBlockTask","message":"Imported #468 / 0 tx / 0 om / 0 (0.0%) gas / (0x31b9eaa40fae4cbd5c3215b872c64bc3004fce7cd160b07090f89e935cb2a4d0) in 0.001s. Peers: 5","throwable":""}
{"timestamp":"2025-07-03T19:36:22,008","container":"ebdffaae6f6b","level":"INFO","thread":"EthScheduler-Workers-0","class":"PersistBlockTask","message":"Imported #469 / 0 tx / 0 om / 0 (0.0%) gas / (0xd690214c71daf3fc70d98a040431fa8beca01941ad1cd15569dea83b1d3897f0) in 0.001s. Peers: 5","throwable":""}
{"timestamp":"2025-07-03T19:36:31,619","container":"ebdffaae6f6b","level":"INFO","thread":"EthScheduler-Workers-0","class":"PersistBlockTask","message":"Imported #470 / 0 tx / 0 om / 0 (0.0%) gas / (0x0e0479945265aa58378fadc0f27377bd7408fc682ce6894e8b3535b3a95e1ca5) in 0.001s. Peers: 5","throwable":""}
{"timestamp":"2025-07-03T19:36:40,009","container":"ebdffaae6f6b","level":"INFO","thread":"EthScheduler-Workers-0","class":"PersistBlockTask","message":"Imported #471 / 0 tx / 0 om / 0 (0.0%) gas / (0xfcfe0b39518c216668080aed979baa051e4a05c500536c9bb3b8a2fe67185238) in 0.001s. Peers: 5","throwable":""}
{"timestamp":"2025-07-03T19:36:48,007","container":"ebdffaae6f6b","level":"INFO","thread":"EthScheduler-Workers-0","class":"PersistBlockTask","message":"Imported #472 / 0 tx / 0 om / 0 (0.0%) gas / (0x49457f37a20344ffe71fee30612c1b3d01b123f4915a42a1c3501bfd60e21bea) in 0.001s. Peers: 5","throwable":""}
{"timestamp":"2025-07-03T19:36:56,007","container":"ebdffaae6f6b","level":"INFO","thread":"EthScheduler-Workers-0","class":"PersistBlockTask","message":"Imported #473 / 0 tx / 0 om / 0 (0.0%) gas / (0xe682c937de694ba5aa0b35c63c7d289f528f712fca1b19be453631d5b630b690) in 0.001s. Peers: 5","throwable":""}
{"timestamp":"2025-07-03T19:37:05,695","container":"ebdffaae6f6b","level":"INFO","thread":"EthScheduler-Workers-0","class":"PersistBlockTask","message":"Imported #474 / 0 tx / 0 om / 0 (0.0%) gas / (0x53321ab6f3658be0a84eab97a396258d40e59e4563284886f6526740f5f8344f) in 0.001s. Peers: 5","throwable":""}
{"timestamp":"2025-07-03T19:37:14,007","container":"ebdffaae6f6b","level":"INFO","thread":"EthScheduler-Workers-0","class":"PersistBlockTask","message":"Imported #475 / 0 tx / 0 om / 0 (0.0%) gas / (0x5b06238e79630deb73f7b6873e783a523972aa2d685a33482a6af66dcd430a19) in 0.001s. Peers: 5","throwable":""}
{"timestamp":"2025-07-03T19:37:22,008","container":"ebdffaae6f6b","level":"INFO","thread":"EthScheduler-Workers-0","class":"PersistBlockTask","message":"Imported #476 / 0 tx / 0 om / 0 (0.0%) gas / (0xbf91c5ac7facec207e6016bfbbb9f2728b4838f5abf85a18556800d23691874c) in 0.001s. Peers: 5","throwable":""}
{"timestamp":"2025-07-03T19:37:30,008","container":"ebdffaae6f6b","level":"INFO","thread":"EthScheduler-Workers-0","class":"PersistBlockTask","message":"Imported #477 / 0 tx / 0 om / 0 (0.0%) gas / (0xd5f5e4a0adc546a1c88e536600ea075e9ecd3290d626030a2bc3cf8a941d44d8) in 0.001s. Peers: 5","throwable":""}
{"timestamp":"2025-07-03T19:37:39,707","container":"ebdffaae6f6b","level":"INFO","thread":"EthScheduler-Workers-0","class":"PersistBlockTask","message":"Imported #478 / 0 tx / 0 om / 0 (0.0%) gas / (0x69c6765a568cf62f02cb691a0a8722e735ee9bc899101386ad1dce33f2cfa2e2) in 0.001s. Peers: 5","throwable":""}
{"timestamp":"2025-07-03T19:37:48,008","container":"ebdffaae6f6b","level":"INFO","thread":"EthScheduler-Workers-0","class":"PersistBlockTask","message":"Imported #479 / 0 tx / 0 om / 0 (0.0%) gas / (0x5d57ce1a63851409a805271cb3d959fdf43a02a74dcbacd136f4a9c1a54ed3cf) in 0.001s. Peers: 5","throwable":""}
{"timestamp":"2025-07-03T19:37:56,006","container":"ebdffaae6f6b","level":"INFO","thread":"EthScheduler-Workers-0","class":"PersistBlockTask","message":"Imported #480 / 0 tx / 0 om / 0 (0.0%) gas / (0x6b565cdab0cbb566d7c09b82f91ac67ec291e01451fffab85dac999b02865037) in 0.001s. Peers: 5","throwable":""}
{"timestamp":"2025-07-03T19:38:04,008","container":"ebdffaae6f6b","level":"INFO","thread":"EthScheduler-Workers-0","class":"PersistBlockTask","message":"Imported #481 / 0 tx / 0 om / 0 (0.0%) gas / (0x6c089dcaf26723246f176004287ea06d7ae2d406a10bd2b3657a46b7a7b5071d) in 0.001s. Peers: 5","throwable":""}
{"timestamp":"2025-07-03T19:38:13,593","container":"ebdffaae6f6b","level":"INFO","thread":"EthScheduler-Workers-0","class":"PersistBlockTask","message":"Imported #482 / 0 tx / 0 om / 0 (0.0%) gas / (0x12ba8425e19b44210528c21d653397ebfa5cea3ab3983ce6aefd02ac77c78741) in 0.001s. Peers: 5","throwable":""}
{"timestamp":"2025-07-03T19:38:22,008","container":"ebdffaae6f6b","level":"INFO","thread":"EthScheduler-Workers-0","class":"PersistBlockTask","message":"Imported #483 / 0 tx / 0 om / 0 (0.0%) gas / (0xfa09e5688dad5814c1520a78251be18573e8b86d579146cdc8f132c3e817f0eb) in 0.001s. Peers: 5","throwable":""}
{"timestamp":"2025-07-03T19:38:30,008","container":"ebdffaae6f6b","level":"INFO","thread":"EthScheduler-Workers-0","class":"PersistBlockTask","message":"Imported #484 / 0 tx / 0 om / 0 (0.0%) gas / (0x927275442f754ce16623fd916461d8bc2837cf62b90de72aecfeeaa8935e444f) in 0.001s. Peers: 5","throwable":""}
{"timestamp":"2025-07-03T19:38:38,008","container":"ebdffaae6f6b","level":"INFO","thread":"EthScheduler-Workers-0","class":"PersistBlockTask","message":"Imported #485 / 0 tx / 0 om / 0 (0.0%) gas / (0x81689b5272f1e85fdfcf8180ede7a287b1e3ab55ff6a54eb6e78a998565c67cf) in 0.001s. Peers: 5","throwable":""}
{"timestamp":"2025-07-03T19:38:47,847","container":"ebdffaae6f6b","level":"INFO","thread":"EthScheduler-Workers-0","class":"PersistBlockTask","message":"Imported #486 / 0 tx / 0 om / 0 (0.0%) gas / (0x8831c7def2782a014b68beffb3bbd2527e073eb56246c8da3eb88cee3157886e) in 0.001s. Peers: 5","throwable":""}
{"timestamp":"2025-07-03T19:38:56,010","container":"ebdffaae6f6b","level":"INFO","thread":"EthScheduler-Workers-0","class":"PersistBlockTask","message":"Imported #487 / 0 tx / 0 om / 0 (0.0%) gas / (0x65e01ae3add819e6480af2e4dcf608d1649dde9f22c47622e32d3630999b0cb5) in 0.003s. Peers: 5","throwable":""}
{"timestamp":"2025-07-03T19:39:04,008","container":"ebdffaae6f6b","level":"INFO","thread":"EthScheduler-Workers-0","class":"PersistBlockTask","message":"Imported #488 / 0 tx / 0 om / 0 (0.0%) gas / (0xd1ebb6c36c96c1da19ad29bcab090bfef0bac603a188f883830fb2c97f549d42) in 0.001s. Peers: 5","throwable":""}
{"timestamp":"2025-07-03T19:39:12,006","container":"ebdffaae6f6b","level":"INFO","thread":"EthScheduler-Workers-0","class":"PersistBlockTask","message":"Imported #489 / 0 tx / 0 om / 0 (0.0%) gas / (0x5830b44587f55cfad98d5b1dcd98b045a8a1535d9274207d002bd45a38e7680c) in 0.001s. Peers: 5","throwable":""}
{"timestamp":"2025-07-03T19:39:21,649","container":"ebdffaae6f6b","level":"INFO","thread":"EthScheduler-Workers-0","class":"PersistBlockTask","message":"Imported #490 / 0 tx / 0 om / 0 (0.0%) gas / (0x6fbedc0317e0ef824380b605ace6c40e37d4d1dbc115cc556be06bacedbb2f39) in 0.001s. Peers: 5","throwable":""}
{"timestamp":"2025-07-03T19:39:30,007","container":"ebdffaae6f6b","level":"INFO","thread":"EthScheduler-Workers-0","class":"PersistBlockTask","message":"Imported #491 / 0 tx / 0 om / 0 (0.0%) gas / (0x2d4dfbb631e58230a2588d30f8d4c8aa57a87cb22ac42060f3391bf4d11e2e50) in 0.001s. Peers: 5","throwable":""}
{"timestamp":"2025-07-03T19:39:38,009","container":"ebdffaae6f6b","level":"INFO","thread":"EthScheduler-Workers-0","class":"PersistBlockTask","message":"Imported #492 / 0 tx / 0 om / 0 (0.0%) gas / (0x7bbfcd9de4971126aca6279fd041459f459329672d91c1407cc496c93f7a2b5f) in 0.001s. Peers: 5","throwable":""}
{"timestamp":"2025-07-03T19:39:46,010","container":"ebdffaae6f6b","level":"INFO","thread":"EthScheduler-Workers-0","class":"PersistBlockTask","message":"Imported #493 / 0 tx / 0 om / 0 (0.0%) gas / (0x2d8ce6348d14216ce5277d787edd3d192851484355c067e5eb4cce64b1101860) in 0.001s. Peers: 5","throwable":""}
{"timestamp":"2025-07-03T19:39:55,688","container":"ebdffaae6f6b","level":"INFO","thread":"EthScheduler-Workers-0","class":"PersistBlockTask","message":"Imported #494 / 0 tx / 0 om / 0 (0.0%) gas / (0x10b0fcbd31c7935d4f1b05b86a1f7e14ce72d76ed565357af2876797dd7b2c99) in 0.001s. Peers: 5","throwable":""}
{"timestamp":"2025-07-03T19:40:04,008","container":"ebdffaae6f6b","level":"INFO","thread":"EthScheduler-Workers-0","class":"PersistBlockTask","message":"Imported #495 / 0 tx / 0 om / 0 (0.0%) gas / (0x5bff4fd112dd694ccba1d18cf42135f1bc71bae4622a09f0c80ce58f1a1f9057) in 0.001s. Peers: 5","throwable":""}
{"timestamp":"2025-07-03T19:40:12,008","container":"ebdffaae6f6b","level":"INFO","thread":"EthScheduler-Workers-0","class":"PersistBlockTask","message":"Imported #496 / 0 tx / 0 om / 0 (0.0%) gas / (0x05a31d267a8c2e3ed02fdc06bcf87459836286bb86df8e188668f639fb4a00df) in 0.001s. Peers: 5","throwable":""}
{"timestamp":"2025-07-03T19:40:20,009","container":"ebdffaae6f6b","level":"INFO","thread":"EthScheduler-Workers-0","class":"PersistBlockTask","message":"Imported #497 / 0 tx / 0 om / 0 (0.0%) gas / (0xe07cdb8e8de53c83499dd5aa40ea4fc24cee86df9c99ba81ad38642c86676bc3) in 0.002s. Peers: 5","throwable":""}
{"timestamp":"2025-07-03T19:40:29,826","container":"ebdffaae6f6b","level":"INFO","thread":"EthScheduler-Workers-0","class":"PersistBlockTask","message":"Imported #498 / 0 tx / 0 om / 0 (0.0%) gas / (0xa9798d30b9713b775f0d81d97d443335f612711e4d1676ab07aaaa545731a2ea) in 0.001s. Peers: 5","throwable":""}
{"timestamp":"2025-07-03T19:40:38,006","container":"ebdffaae6f6b","level":"INFO","thread":"EthScheduler-Workers-0","class":"PersistBlockTask","message":"Imported #499 / 0 tx / 0 om / 0 (0.0%) gas / (0x01d7288dd95690377774fa3d5266e6f61fa2bc510003ff34f8a6a380539677b0) in 0.001s. Peers: 5","throwable":""}
{"timestamp":"2025-07-03T19:40:46,007","container":"ebdffaae6f6b","level":"INFO","thread":"EthScheduler-Workers-0","class":"PersistBlockTask","message":"Imported #500 / 0 tx / 0 om / 0 (0.0%) gas / (0xe3359d1f9dab0b0c2276a988815ec158d250fba38c74400b5cd1a4d451e7bd87) in 0.001s. Peers: 5","throwable":""}
{"timestamp":"2025-07-03T19:40:54,009","container":"ebdffaae6f6b","level":"INFO","thread":"EthScheduler-Workers-0","class":"PersistBlockTask","message":"Imported #501 / 0 tx / 0 om / 0 (0.0%) gas / (0x4e0de2001133093196f372ec6b65b3a191019a87ecaabf0b4aa9d6082707819b) in 0.001s. Peers: 5","throwable":""}
{"timestamp":"2025-07-03T19:41:03,822","container":"ebdffaae6f6b","level":"INFO","thread":"EthScheduler-Workers-0","class":"PersistBlockTask","message":"Imported #502 / 0 tx / 0 om / 0 (0.0%) gas / (0xf441b853a49b99c6bfd7d546f1d3a37e41dd866af4d4f20c79b3718f40b31377) in 0.001s. Peers: 5","throwable":""}
{"timestamp":"2025-07-03T19:41:12,006","container":"ebdffaae6f6b","level":"INFO","thread":"EthScheduler-Workers-0","class":"PersistBlockTask","message":"Imported #503 / 0 tx / 0 om / 0 (0.0%) gas / (0xecc7fdf94d157f166b4900cd0fdc10140a7890a7d7536aebb981280829444ae3) in 0.001s. Peers: 5","throwable":""}
{"timestamp":"2025-07-03T19:41:20,008","container":"ebdffaae6f6b","level":"INFO","thread":"EthScheduler-Workers-0","class":"PersistBlockTask","message":"Imported #504 / 0 tx / 0 om / 0 (0.0%) gas / (0xc67600aea36577656cf02de2b1f1bbd0b9bc080d7540a17c18d9074805340b2e) in 0.001s. Peers: 5","throwable":""}
{"timestamp":"2025-07-03T19:41:28,008","container":"ebdffaae6f6b","level":"INFO","thread":"EthScheduler-Workers-0","class":"PersistBlockTask","message":"Imported #505 / 0 tx / 0 om / 0 (0.0%) gas / (0x5b4b0b2bf65e3fdf0a95751207efab777214549b405824064279762c82485ecc) in 0.001s. Peers: 5","throwable":""}
{"timestamp":"2025-07-03T19:41:37,823","container":"ebdffaae6f6b","level":"INFO","thread":"EthScheduler-Workers-0","class":"PersistBlockTask","message":"Imported #506 / 0 tx / 0 om / 0 (0.0%) gas / (0x2f6f93d3624f6543ad4ceec942c48fce9ac49fda98e3ce8c971dd9567f23e4b0) in 0.001s. Peers: 5","throwable":""}
{"timestamp":"2025-07-03T19:41:46,011","container":"ebdffaae6f6b","level":"INFO","thread":"EthScheduler-Workers-0","class":"PersistBlockTask","message":"Imported #507 / 0 tx / 0 om / 0 (0.0%) gas / (0x1846db88ddc9b87731af09de715118b155f1f3046dfd709ea42beceff0720b8f) in 0.001s. Peers: 5","throwable":""}
{"timestamp":"2025-07-03T19:41:54,009","container":"ebdffaae6f6b","level":"INFO","thread":"EthScheduler-Workers-0","class":"PersistBlockTask","message":"Imported #508 / 0 tx / 0 om / 0 (0.0%) gas / (0x6529879c470cffccd76b9053c3cfa5157fdc4ae1eadeed58247100479d3c66d3) in 0.001s. Peers: 5","throwable":""}
{"timestamp":"2025-07-03T19:42:02,010","container":"ebdffaae6f6b","level":"INFO","thread":"EthScheduler-Workers-0","class":"PersistBlockTask","message":"Imported #509 / 0 tx / 0 om / 0 (0.0%) gas / (0xee6df2b940abb67c7bf876a94f324bca0a901e20bf4d85100cfef057b60fbd86) in 0.001s. Peers: 5","throwable":""}
{"timestamp":"2025-07-03T19:42:12,082","container":"ebdffaae6f6b","level":"INFO","thread":"EthScheduler-Workers-0","class":"PersistBlockTask","message":"Imported #510 / 0 tx / 0 om / 0 (0.0%) gas / (0x7424fe650e5ed8b2bbd5cd7f30dbe7a0d3c69dd28f6a01e752003c3593f85eca) in 0.001s. Peers: 5","throwable":""}
{"timestamp":"2025-07-03T19:42:20,009","container":"ebdffaae6f6b","level":"INFO","thread":"EthScheduler-Workers-0","class":"PersistBlockTask","message":"Imported #511 / 0 tx / 0 om / 0 (0.0%) gas / (0x8bd76cf1186f2afc8ae65f6b694c9092d96263cb89046b35c1a3607e9880fc49) in 0.001s. Peers: 5","throwable":""}
{"timestamp":"2025-07-03T19:42:28,011","container":"ebdffaae6f6b","level":"INFO","thread":"EthScheduler-Workers-0","class":"PersistBlockTask","message":"Imported #512 / 0 tx / 0 om / 0 (0.0%) gas / (0xd3d2da0f66b3c7c62434f6fdf6169df3f2c839a2ba6315baa89f8a416ed40d54) in 0.002s. Peers: 5","throwable":""}
{"timestamp":"2025-07-03T19:42:36,008","container":"ebdffaae6f6b","level":"INFO","thread":"EthScheduler-Workers-0","class":"PersistBlockTask","message":"Imported #513 / 0 tx / 0 om / 0 (0.0%) gas / (0xa824618842d30660391ee006a1877e09592c13e953829440d517752073115a3b) in 0.001s. Peers: 5","throwable":""}
{"timestamp":"2025-07-03T19:42:46,097","container":"ebdffaae6f6b","level":"INFO","thread":"EthScheduler-Workers-0","class":"PersistBlockTask","message":"Imported #514 / 0 tx / 0 om / 0 (0.0%) gas / (0x954fafd85f49d86572e67f2c03412763256796003b0c0b2f2e416691170d37ca) in 0.001s. Peers: 5","throwable":""}
{"timestamp":"2025-07-03T19:42:54,007","container":"ebdffaae6f6b","level":"INFO","thread":"EthScheduler-Workers-0","class":"PersistBlockTask","message":"Imported #515 / 0 tx / 0 om / 0 (0.0%) gas / (0x0b14fe5535a78475defdd020eb13eb721fd19eb02c81b2d05d0027772d90a9e7) in 0.001s. Peers: 5","throwable":""}
{"timestamp":"2025-07-03T19:43:02,007","container":"ebdffaae6f6b","level":"INFO","thread":"EthScheduler-Workers-0","class":"PersistBlockTask","message":"Imported #516 / 0 tx / 0 om / 0 (0.0%) gas / (0x1f3113b1b25f958e2cd1b1d1a4297838870ff0f97b8196b8f5ee6a4dc1af2c7f) in 0.001s. Peers: 5","throwable":""}
{"timestamp":"2025-07-03T19:43:10,006","container":"ebdffaae6f6b","level":"INFO","thread":"EthScheduler-Workers-0","class":"PersistBlockTask","message":"Imported #517 / 0 tx / 0 om / 0 (0.0%) gas / (0x1e69946716eec6ec562c941b967438c70430411bc6ebc35f4a7720ba1bf057ec) in 0.000s. Peers: 5","throwable":""}
{"timestamp":"2025-07-03T19:43:20,040","container":"ebdffaae6f6b","level":"INFO","thread":"EthScheduler-Workers-0","class":"PersistBlockTask","message":"Imported #518 / 0 tx / 0 om / 0 (0.0%) gas / (0x99365941f14212719aaf5bfe82dad88e9a4ba4b95efc14135213b0df7ac91797) in 0.001s. Peers: 5","throwable":""}
{"timestamp":"2025-07-03T19:43:28,006","container":"ebdffaae6f6b","level":"INFO","thread":"EthScheduler-Workers-0","class":"PersistBlockTask","message":"Imported #519 / 0 tx / 0 om / 0 (0.0%) gas / (0x98fa5c0142b6a2ff605e1afe7cfed9f737621812570ee27bfeb3136464440f9b) in 0.001s. Peers: 5","throwable":""}
{"timestamp":"2025-07-03T19:43:36,008","container":"ebdffaae6f6b","level":"INFO","thread":"EthScheduler-Workers-0","class":"PersistBlockTask","message":"Imported #520 / 0 tx / 0 om / 0 (0.0%) gas / (0x47d50ca689b2a133443594075e2151cfeb3e88687ca0d11a1f22289ff7b6d11c) in 0.001s. Peers: 5","throwable":""}
{"timestamp":"2025-07-03T19:43:44,009","container":"ebdffaae6f6b","level":"INFO","thread":"EthScheduler-Workers-0","class":"PersistBlockTask","message":"Imported #521 / 0 tx / 0 om / 0 (0.0%) gas / (0x73124a40b87bf408d132a3562fc0ba93ad4fcc1db897f7f7ca6d055b54bb04ab) in 0.001s. Peers: 5","throwable":""}
{"timestamp":"2025-07-03T19:43:54,031","container":"ebdffaae6f6b","level":"INFO","thread":"EthScheduler-Workers-0","class":"PersistBlockTask","message":"Imported #522 / 0 tx / 0 om / 0 (0.0%) gas / (0xf76a651c1d346e3c73aaf53461d8c1d3d1c282341d5c7515fee7651d3b5d5066) in 0.000s. Peers: 5","throwable":""}
{"timestamp":"2025-07-03T19:44:02,006","container":"ebdffaae6f6b","level":"INFO","thread":"EthScheduler-Workers-0","class":"PersistBlockTask","message":"Imported #523 / 0 tx / 0 om / 0 (0.0%) gas / (0x6a73715d8d7e3bae2a45ae99580717f51f76184285adbd7dd22956e2de2bcf8e) in 0.001s. Peers: 5","throwable":""}
{"timestamp":"2025-07-03T19:44:10,008","container":"ebdffaae6f6b","level":"INFO","thread":"EthScheduler-Workers-0","class":"PersistBlockTask","message":"Imported #524 / 0 tx / 0 om / 0 (0.0%) gas / (0x5f5b17aef58679e0ee249f15dd12c835319b1dc02266f6beab9a911aa30e7d7e) in 0.001s. Peers: 5","throwable":""}
{"timestamp":"2025-07-03T19:44:18,009","container":"ebdffaae6f6b","level":"INFO","thread":"EthScheduler-Workers-0","class":"PersistBlockTask","message":"Imported #525 / 0 tx / 0 om / 0 (0.0%) gas / (0xe6ef7b37d0be3022793ff0ae261337d85411a763cd576bf51d93595c98b28349) in 0.001s. Peers: 5","throwable":""}
{"timestamp":"2025-07-03T19:44:28,159","container":"ebdffaae6f6b","level":"INFO","thread":"EthScheduler-Workers-0","class":"PersistBlockTask","message":"Imported #526 / 0 tx / 0 om / 0 (0.0%) gas / (0xbc8ec05b2bc3c77202c76e604d20530b1bced694b76a724b73c300bf0ec7271d) in 0.001s. Peers: 5","throwable":""}
{"timestamp":"2025-07-03T19:44:36,006","container":"ebdffaae6f6b","level":"INFO","thread":"EthScheduler-Workers-0","class":"PersistBlockTask","message":"Imported #527 / 0 tx / 0 om / 0 (0.0%) gas / (0xbf58314573a6321d91240783aad8c717b4eafa277c9642073608ce85c3f98081) in 0.001s. Peers: 5","throwable":""}
{"timestamp":"2025-07-03T19:44:44,006","container":"ebdffaae6f6b","level":"INFO","thread":"EthScheduler-Workers-0","class":"PersistBlockTask","message":"Imported #528 / 0 tx / 0 om / 0 (0.0%) gas / (0x03913effaf2850e625a7d43d0f2ab5450c991e95d63675fd2d3724b38f9c5701) in 0.001s. Peers: 5","throwable":""}
{"timestamp":"2025-07-03T19:44:52,007","container":"ebdffaae6f6b","level":"INFO","thread":"EthScheduler-Workers-0","class":"PersistBlockTask","message":"Imported #529 / 0 tx / 0 om / 0 (0.0%) gas / (0x48e205208de50659c8676ff079a5a71c2b2ce62ee0c75864da5c9f772874bf99) in 0.001s. Peers: 5","throwable":""}
{"timestamp":"2025-07-03T19:45:02,046","container":"ebdffaae6f6b","level":"INFO","thread":"EthScheduler-Workers-0","class":"PersistBlockTask","message":"Imported #530 / 0 tx / 0 om / 0 (0.0%) gas / (0xa102f4368cd31e95f1161b788b8302c4b39317dfe025cc49c9edba777e886291) in 0.001s. Peers: 5","throwable":""}
{"timestamp":"2025-07-03T19:45:10,007","container":"ebdffaae6f6b","level":"INFO","thread":"EthScheduler-Workers-0","class":"PersistBlockTask","message":"Imported #531 / 0 tx / 0 om / 0 (0.0%) gas / (0x58ad73db4835d77a5dc1bb88c831439c5ba7bf0c5d603bc9462e0f60b54eee86) in 0.001s. Peers: 5","throwable":""}
{"timestamp":"2025-07-03T19:45:18,008","container":"ebdffaae6f6b","level":"INFO","thread":"EthScheduler-Workers-0","class":"PersistBlockTask","message":"Imported #532 / 0 tx / 0 om / 0 (0.0%) gas / (0x8f01bac937d319ecb6eba165f072195eca5fc5be583bb27b8bb298d7ffdf9516) in 0.001s. Peers: 5","throwable":""}
{"timestamp":"2025-07-03T19:45:26,007","container":"ebdffaae6f6b","level":"INFO","thread":"EthScheduler-Workers-0","class":"PersistBlockTask","message":"Imported #533 / 0 tx / 0 om / 0 (0.0%) gas / (0xec027fef7b3f91d805734398772ddb5426061a751747fc231e9d2fc3dda39162) in 0.001s. Peers: 5","throwable":""}
{"timestamp":"2025-07-03T19:45:36,131","container":"ebdffaae6f6b","level":"INFO","thread":"EthScheduler-Workers-0","class":"PersistBlockTask","message":"Imported #534 / 0 tx / 0 om / 0 (0.0%) gas / (0x53df76c74173d6efe3969ed68e365d31275563278e12928871c086910dc36de6) in 0.000s. Peers: 5","throwable":""}
{"timestamp":"2025-07-03T19:45:44,008","container":"ebdffaae6f6b","level":"INFO","thread":"EthScheduler-Workers-0","class":"PersistBlockTask","message":"Imported #535 / 0 tx / 0 om / 0 (0.0%) gas / (0x70e1db1d5db45f1eb86fc2d35cb96f31ad9214f94fb604127367ed4b1886abbe) in 0.001s. Peers: 5","throwable":""}
{"timestamp":"2025-07-03T19:45:52,007","container":"ebdffaae6f6b","level":"INFO","thread":"EthScheduler-Workers-0","class":"PersistBlockTask","message":"Imported #536 / 0 tx / 0 om / 0 (0.0%) gas / (0xa00d8550d9425876294b7837f383aa09da1f341c877961ab111d81b5641855ce) in 0.001s. Peers: 5","throwable":""}
{"timestamp":"2025-07-03T19:46:00,007","container":"ebdffaae6f6b","level":"INFO","thread":"EthScheduler-Workers-0","class":"PersistBlockTask","message":"Imported #537 / 0 tx / 0 om / 0 (0.0%) gas / (0x25c926e76d243978ed9a328142b5e189127192029ffc653db670ca01751434c7) in 0.001s. Peers: 5","throwable":""}
{"timestamp":"2025-07-03T19:46:09,905","container":"ebdffaae6f6b","level":"INFO","thread":"EthScheduler-Workers-0","class":"PersistBlockTask","message":"Imported #538 / 0 tx / 0 om / 0 (0.0%) gas / (0x97defd82cb28e369523507dd59c97e22edd5ca507c23e15394bffb1e0613779e) in 0.000s. Peers: 5","throwable":""}
{"timestamp":"2025-07-03T19:46:18,009","container":"ebdffaae6f6b","level":"INFO","thread":"EthScheduler-Workers-0","class":"PersistBlockTask","message":"Imported #539 / 0 tx / 0 om / 0 (0.0%) gas / (0x8328e920ca8a3fd72d9ded89a285d4c9f4c8e17fbb990bda8cc3237b6bd0218b) in 0.001s. Peers: 5","throwable":""}
{"timestamp":"2025-07-03T19:46:26,006","container":"ebdffaae6f6b","level":"INFO","thread":"EthScheduler-Workers-0","class":"PersistBlockTask","message":"Imported #540 / 0 tx / 0 om / 0 (0.0%) gas / (0xcddb7f05fd4cf9dd7f3f39d2c23b455787a2eb5925fe93dda4a7b7e36cf7b674) in 0.000s. Peers: 5","throwable":""}
{"timestamp":"2025-07-03T19:46:34,007","container":"ebdffaae6f6b","level":"INFO","thread":"EthScheduler-Workers-0","class":"PersistBlockTask","message":"Imported #541 / 0 tx / 0 om / 0 (0.0%) gas / (0xae54e1d5fceb02835a41b6cb465139e80b6d79ebf7c4368591b7a4d3f9ef7dee) in 0.001s. Peers: 5","throwable":""}
{"timestamp":"2025-07-03T19:46:43,698","container":"ebdffaae6f6b","level":"INFO","thread":"EthScheduler-Workers-0","class":"PersistBlockTask","message":"Imported #542 / 0 tx / 0 om / 0 (0.0%) gas / (0x2827186be4c56edc779d860f2ec8cc76739f1eaf26af3112bdab11daa7c801ec) in 0.000s. Peers: 5","throwable":""}
{"timestamp":"2025-07-03T19:46:52,007","container":"ebdffaae6f6b","level":"INFO","thread":"EthScheduler-Workers-0","class":"PersistBlockTask","message":"Imported #543 / 0 tx / 0 om / 0 (0.0%) gas / (0xf87abc256a2526ef1359e1936a6698e9e854cdac0a5f8015b9489f5b02a2d38a) in 0.001s. Peers: 5","throwable":""}
{"timestamp":"2025-07-03T19:47:00,007","container":"ebdffaae6f6b","level":"INFO","thread":"EthScheduler-Workers-0","class":"PersistBlockTask","message":"Imported #544 / 0 tx / 0 om / 0 (0.0%) gas / (0x08496030d5ffca23bf2b6d18fbd0b74ca1ca24f1f9808a15eaca6db0defb1900) in 0.001s. Peers: 5","throwable":""}
{"timestamp":"2025-07-03T19:47:08,008","container":"ebdffaae6f6b","level":"INFO","thread":"EthScheduler-Workers-0","class":"PersistBlockTask","message":"Imported #545 / 0 tx / 0 om / 0 (0.0%) gas / (0x9783c303dbc6389efc7963f8d823dcf7073452be780a24c18f36a61cd132ff91) in 0.001s. Peers: 5","throwable":""}
{"timestamp":"2025-07-03T19:47:17,925","container":"ebdffaae6f6b","level":"INFO","thread":"EthScheduler-Workers-0","class":"PersistBlockTask","message":"Imported #546 / 0 tx / 0 om / 0 (0.0%) gas / (0x3c0f2b3cde7362cf57eb92ce6eed2c3e1ae75f645ec8a2140b0d8330c4da99f4) in 0.001s. Peers: 5","throwable":""}
{"timestamp":"2025-07-03T19:47:26,006","container":"ebdffaae6f6b","level":"INFO","thread":"EthScheduler-Workers-0","class":"PersistBlockTask","message":"Imported #547 / 0 tx / 0 om / 0 (0.0%) gas / (0xa5e81c89958cd42a159c3123c4b96598995390ac256a029de97df148438275fd) in 0.001s. Peers: 5","throwable":""}
{"timestamp":"2025-07-03T19:47:34,007","container":"ebdffaae6f6b","level":"INFO","thread":"EthScheduler-Workers-0","class":"PersistBlockTask","message":"Imported #548 / 0 tx / 0 om / 0 (0.0%) gas / (0xdd173e8ef56a5953bd5bf79ec052ae0840e307f8e14ca33eacac8c960d963d00) in 0.001s. Peers: 5","throwable":""}
{"timestamp":"2025-07-03T19:47:42,006","container":"ebdffaae6f6b","level":"INFO","thread":"EthScheduler-Workers-0","class":"PersistBlockTask","message":"Imported #549 / 0 tx / 0 om / 0 (0.0%) gas / (0x98dda8144e6c761849c6930873af9e6d36ee8c196ac765c7b09fca005e0f8e31) in 0.001s. Peers: 5","throwable":""}
{"timestamp":"2025-07-03T19:47:51,907","container":"ebdffaae6f6b","level":"INFO","thread":"EthScheduler-Workers-0","class":"PersistBlockTask","message":"Imported #550 / 0 tx / 0 om / 0 (0.0%) gas / (0x81df3a4961f00eb55c668c8e705672423160c7179db9a1d74142fcbe2aa7a542) in 0.001s. Peers: 5","throwable":""}
{"timestamp":"2025-07-03T19:48:00,007","container":"ebdffaae6f6b","level":"INFO","thread":"EthScheduler-Workers-0","class":"PersistBlockTask","message":"Imported #551 / 0 tx / 0 om / 0 (0.0%) gas / (0x3f4772625118fd30b7bd3417b19075b11e0bb201496fdc17349a3e81cd0a334d) in 0.001s. Peers: 5","throwable":""}
{"timestamp":"2025-07-03T19:48:08,007","container":"ebdffaae6f6b","level":"INFO","thread":"EthScheduler-Workers-0","class":"PersistBlockTask","message":"Imported #552 / 0 tx / 0 om / 0 (0.0%) gas / (0x89f03bb70b184fe62ceffd01d865289ab7459f27dd539331d184b110a07f7b6b) in 0.001s. Peers: 5","throwable":""}
{"timestamp":"2025-07-03T19:48:16,007","container":"ebdffaae6f6b","level":"INFO","thread":"EthScheduler-Workers-0","class":"PersistBlockTask","message":"Imported #553 / 0 tx / 0 om / 0 (0.0%) gas / (0xb588e1a05ba7d294735d5dd3df43ddee02a3b2cddd4670f0682f1258c17bbd21) in 0.001s. Peers: 5","throwable":""}
{"timestamp":"2025-07-03T19:48:25,817","container":"ebdffaae6f6b","level":"INFO","thread":"EthScheduler-Workers-0","class":"PersistBlockTask","message":"Imported #554 / 0 tx / 0 om / 0 (0.0%) gas / (0x5dbcc03a239b772ff15af4fda94125d6d05c4e3c80bfe6d3f61b9eef9351ffae) in 0.001s. Peers: 5","throwable":""}
{"timestamp":"2025-07-03T19:48:34,008","container":"ebdffaae6f6b","level":"INFO","thread":"EthScheduler-Workers-0","class":"PersistBlockTask","message":"Imported #555 / 0 tx / 0 om / 0 (0.0%) gas / (0x00e5ad963353c8a5641b7b9ecd7f67f6af7f99ce2f566560a6ad7d6fc8ddbad0) in 0.001s. Peers: 5","throwable":""}
{"timestamp":"2025-07-03T19:48:42,007","container":"ebdffaae6f6b","level":"INFO","thread":"EthScheduler-Workers-0","class":"PersistBlockTask","message":"Imported #556 / 0 tx / 0 om / 0 (0.0%) gas / (0x3415e6d8be8d886b7e7b06bbaf0ddccca823feca97554a8e64e501b0beb12a56) in 0.001s. Peers: 5","throwable":""}
{"timestamp":"2025-07-03T19:48:50,008","container":"ebdffaae6f6b","level":"INFO","thread":"EthScheduler-Workers-0","class":"PersistBlockTask","message":"Imported #557 / 0 tx / 0 om / 0 (0.0%) gas / (0xeaa09f2fdb629e1d8ddec42897a2ee95e2a84abd41bd9960e48428b9f0ad44dc) in 0.001s. Peers: 5","throwable":""}
{"timestamp":"2025-07-03T19:48:59,958","container":"ebdffaae6f6b","level":"INFO","thread":"EthScheduler-Workers-0","class":"PersistBlockTask","message":"Imported #558 / 0 tx / 0 om / 0 (0.0%) gas / (0x1c0953f74c2630d7b802ea80ad288523115fdca57fd94cca51dc21a3c7d2f544) in 0.001s. Peers: 5","throwable":""}
{"timestamp":"2025-07-03T19:49:08,008","container":"ebdffaae6f6b","level":"INFO","thread":"EthScheduler-Workers-0","class":"PersistBlockTask","message":"Imported #559 / 0 tx / 0 om / 0 (0.0%) gas / (0x6d41ec057260f0607d7b738ada944c905abba6674ff45693d3be204c698a5ca2) in 0.001s. Peers: 5","throwable":""}
{"timestamp":"2025-07-03T19:49:16,008","container":"ebdffaae6f6b","level":"INFO","thread":"EthScheduler-Workers-0","class":"PersistBlockTask","message":"Imported #560 / 0 tx / 0 om / 0 (0.0%) gas / (0x7ab05f4b29bad234ca1d5eb1a04cf62506659a4680fb6a57592cd7e485b51e14) in 0.001s. Peers: 5","throwable":""}
{"timestamp":"2025-07-03T19:49:24,008","container":"ebdffaae6f6b","level":"INFO","thread":"EthScheduler-Workers-0","class":"PersistBlockTask","message":"Imported #561 / 0 tx / 0 om / 0 (0.0%) gas / (0xf8e943bc7328bbc3f12cc7ca3aaaa420da80651b32b1d554550d5520089d94ba) in 0.001s. Peers: 5","throwable":""}
{"timestamp":"2025-07-03T19:49:33,892","container":"ebdffaae6f6b","level":"INFO","thread":"EthScheduler-Workers-0","class":"PersistBlockTask","message":"Imported #562 / 0 tx / 0 om / 0 (0.0%) gas / (0x6e1f5f3535de47ae6a46e544525ea3a2f245d3c71979e019dc9f45bd362b91df) in 0.001s. Peers: 5","throwable":""}
{"timestamp":"2025-07-03T19:49:42,006","container":"ebdffaae6f6b","level":"INFO","thread":"EthScheduler-Workers-0","class":"PersistBlockTask","message":"Imported #563 / 0 tx / 0 om / 0 (0.0%) gas / (0xba6d9e882c5bcef04ff4637871846f0a4e58f0d6c01acea535cf6d2e03d3ad50) in 0.001s. Peers: 5","throwable":""}
{"timestamp":"2025-07-03T19:49:50,008","container":"ebdffaae6f6b","level":"INFO","thread":"EthScheduler-Workers-0","class":"PersistBlockTask","message":"Imported #564 / 0 tx / 0 om / 0 (0.0%) gas / (0xd74958dd3d1916150022e0208755c73deceaee40b76eea98825544e46e89e6a3) in 0.001s. Peers: 5","throwable":""}
{"timestamp":"2025-07-03T19:49:58,007","container":"ebdffaae6f6b","level":"INFO","thread":"EthScheduler-Workers-0","class":"PersistBlockTask","message":"Imported #565 / 0 tx / 0 om / 0 (0.0%) gas / (0xabc85d0c6a1598ab2892e1bbec1c4dc302504c04049d9500a7dc5d063bb3b74d) in 0.001s. Peers: 5","throwable":""}
{"timestamp":"2025-07-03T19:50:07,852","container":"ebdffaae6f6b","level":"INFO","thread":"EthScheduler-Workers-0","class":"PersistBlockTask","message":"Imported #566 / 0 tx / 0 om / 0 (0.0%) gas / (0x3dded07877eaa1519438bcb7435485805e5b66082d236482eaa3b86ce8676868) in 0.001s. Peers: 5","throwable":""}
{"timestamp":"2025-07-03T19:50:16,007","container":"ebdffaae6f6b","level":"INFO","thread":"EthScheduler-Workers-0","class":"PersistBlockTask","message":"Imported #567 / 0 tx / 0 om / 0 (0.0%) gas / (0xc03d12b0b37e581782f22587137fe3f7af2a11fbba28760f74dd2271fd1fc852) in 0.001s. Peers: 5","throwable":""}
{"timestamp":"2025-07-03T19:50:24,007","container":"ebdffaae6f6b","level":"INFO","thread":"EthScheduler-Workers-0","class":"PersistBlockTask","message":"Imported #568 / 0 tx / 0 om / 0 (0.0%) gas / (0x167bcd486395fc1daa6e9954e3fcd72d70cf9f822f93c36a817bba4e81b08062) in 0.001s. Peers: 5","throwable":""}
{"timestamp":"2025-07-03T19:50:32,007","container":"ebdffaae6f6b","level":"INFO","thread":"EthScheduler-Workers-0","class":"PersistBlockTask","message":"Imported #569 / 0 tx / 0 om / 0 (0.0%) gas / (0x10ceb78fb123d28731d351e83a15661348f55a869ac51dbbd535a81f5763df22) in 0.001s. Peers: 5","throwable":""}
{"timestamp":"2025-07-03T19:50:41,870","container":"ebdffaae6f6b","level":"INFO","thread":"EthScheduler-Workers-0","class":"PersistBlockTask","message":"Imported #570 / 0 tx / 0 om / 0 (0.0%) gas / (0xbaf3bc683efc68a79ce95d7078b2c2fcef6305681f57d67885cd23039e2854e8) in 0.001s. Peers: 5","throwable":""}
{"timestamp":"2025-07-03T19:50:50,007","container":"ebdffaae6f6b","level":"INFO","thread":"EthScheduler-Workers-0","class":"PersistBlockTask","message":"Imported #571 / 0 tx / 0 om / 0 (0.0%) gas / (0xfc89d11db081beb27f2d71c8fbfa43a6c4a3166a45f2980ebe15468943626e28) in 0.001s. Peers: 5","throwable":""}
{"timestamp":"2025-07-03T19:50:58,006","container":"ebdffaae6f6b","level":"INFO","thread":"EthScheduler-Workers-0","class":"PersistBlockTask","message":"Imported #572 / 0 tx / 0 om / 0 (0.0%) gas / (0x5024c1263660363b96981470b60456305e2a002054d09ea1b8c3aeb8c54cc2fe) in 0.000s. Peers: 5","throwable":""}
{"timestamp":"2025-07-03T19:51:06,009","container":"ebdffaae6f6b","level":"INFO","thread":"EthScheduler-Workers-0","class":"PersistBlockTask","message":"Imported #573 / 0 tx / 0 om / 0 (0.0%) gas / (0xfe1d8fdae469a0b1e482932f4a3e2908fae2b82391f204a91197643f2f0e6896) in 0.001s. Peers: 5","throwable":""}
{"timestamp":"2025-07-03T19:51:15,926","container":"ebdffaae6f6b","level":"INFO","thread":"EthScheduler-Workers-0","class":"PersistBlockTask","message":"Imported #574 / 0 tx / 0 om / 0 (0.0%) gas / (0xd5b6b0366529038bd234656c8564a749db37eded2a7237ec06d306cdf6feeee5) in 0.001s. Peers: 5","throwable":""}
{"timestamp":"2025-07-03T19:51:24,008","container":"ebdffaae6f6b","level":"INFO","thread":"EthScheduler-Workers-0","class":"PersistBlockTask","message":"Imported #575 / 0 tx / 0 om / 0 (0.0%) gas / (0x87d8f70cd1019171f754426edbcafec9f366dbbe94446d115333d976aa00cc68) in 0.001s. Peers: 5","throwable":""}
{"timestamp":"2025-07-03T19:51:32,007","container":"ebdffaae6f6b","level":"INFO","thread":"EthScheduler-Workers-0","class":"PersistBlockTask","message":"Imported #576 / 0 tx / 0 om / 0 (0.0%) gas / (0x00194c9b4aee0666d10e21266d53d2ce0310cf9c920d136c885e77dd73ce0929) in 0.001s. Peers: 5","throwable":""}
{"timestamp":"2025-07-03T19:51:40,005","container":"ebdffaae6f6b","level":"INFO","thread":"EthScheduler-Workers-0","class":"PersistBlockTask","message":"Imported #577 / 0 tx / 0 om / 0 (0.0%) gas / (0xe3e02462c345427ddf9601ab4eccb14bd3ae7737324422fccaec4b63fa2f1678) in 0.001s. Peers: 5","throwable":""}
{"timestamp":"2025-07-03T19:51:48,007","container":"ebdffaae6f6b","level":"INFO","thread":"EthScheduler-Workers-0","class":"PersistBlockTask","message":"Imported #578 / 0 tx / 0 om / 0 (0.0%) gas / (0x3406e0ca3e6556d24a4352b3d7dfd16171fd6162841e5b15cbc60eb90105dfb1) in 0.001s. Peers: 5","throwable":""}
{"timestamp":"2025-07-03T19:51:56,006","container":"ebdffaae6f6b","level":"INFO","thread":"EthScheduler-Workers-0","class":"PersistBlockTask","message":"Imported #579 / 0 tx / 0 om / 0 (0.0%) gas / (0xc391c9f443da5022a1b82633129ece50f707f866371fa22ef241c0f26d85ba0a) in 0.000s. Peers: 5","throwable":""}
{"timestamp":"2025-07-03T19:52:06,667","container":"ebdffaae6f6b","level":"INFO","thread":"EthScheduler-Workers-0","class":"PersistBlockTask","message":"Imported #580 / 0 tx / 0 om / 0 (0.0%) gas / (0xfecee75841226e6d76be65903277d8b241238f00d49def5591680017516920ad) in 0.001s. Peers: 5","throwable":""}
{"timestamp":"2025-07-03T19:52:15,007","container":"ebdffaae6f6b","level":"INFO","thread":"EthScheduler-Workers-0","class":"PersistBlockTask","message":"Imported #581 / 0 tx / 0 om / 0 (0.0%) gas / (0xae440df9a286d6baaf01cda08dbf2fcf005e6e2c24ecedec984dd530e94b87e3) in 0.001s. Peers: 5","throwable":""}
{"timestamp":"2025-07-03T19:52:23,007","container":"ebdffaae6f6b","level":"INFO","thread":"EthScheduler-Workers-0","class":"PersistBlockTask","message":"Imported #582 / 0 tx / 0 om / 0 (0.0%) gas / (0x5b9030a76739a11b7ce4660be289c1e6c1d16121d52c4bf042e54a86a57f8d1a) in 0.001s. Peers: 5","throwable":""}
{"timestamp":"2025-07-03T19:52:31,008","container":"ebdffaae6f6b","level":"INFO","thread":"EthScheduler-Workers-0","class":"PersistBlockTask","message":"Imported #583 / 0 tx / 0 om / 0 (0.0%) gas / (0x8d1aa0524a218b75fa1740385c2a2e04ff476f25ce121c2e7628ee5453030334) in 0.001s. Peers: 5","throwable":""}
{"timestamp":"2025-07-03T19:52:40,660","container":"ebdffaae6f6b","level":"INFO","thread":"EthScheduler-Workers-0","class":"PersistBlockTask","message":"Imported #584 / 0 tx / 0 om / 0 (0.0%) gas / (0x4a15fb265d503e2d54927077643785e2c39f135f47f7e87dd91b9312280f0764) in 0.000s. Peers: 5","throwable":""}
{"timestamp":"2025-07-03T19:52:49,008","container":"ebdffaae6f6b","level":"INFO","thread":"EthScheduler-Workers-0","class":"PersistBlockTask","message":"Imported #585 / 0 tx / 0 om / 0 (0.0%) gas / (0x0306fad3484b41bf6dc4c652f13d5a106d5d310231e9b70bb636a8f0ffe4526c) in 0.001s. Peers: 5","throwable":""}
{"timestamp":"2025-07-03T19:52:57,006","container":"ebdffaae6f6b","level":"INFO","thread":"EthScheduler-Workers-0","class":"PersistBlockTask","message":"Imported #586 / 0 tx / 0 om / 0 (0.0%) gas / (0xd987ac2766d1933e9642e74bdf055dea14cdd5350f3c6d8328bbdb41a5325809) in 0.001s. Peers: 5","throwable":""}
{"timestamp":"2025-07-03T19:53:05,008","container":"ebdffaae6f6b","level":"INFO","thread":"EthScheduler-Workers-0","class":"PersistBlockTask","message":"Imported #587 / 0 tx / 0 om / 0 (0.0%) gas / (0x132910fe25c9f28b67a3f430aa4bdd64e3e8af16ac588d405dc64145ee4677d3) in 0.001s. Peers: 5","throwable":""}
{"timestamp":"2025-07-03T19:53:15,120","container":"ebdffaae6f6b","level":"INFO","thread":"EthScheduler-Workers-0","class":"PersistBlockTask","message":"Imported #588 / 0 tx / 0 om / 0 (0.0%) gas / (0xb9d29dac177a2393fddab3b445327ce1ae74f230661e3280f3d1ed471568bdb9) in 0.001s. Peers: 5","throwable":""}
{"timestamp":"2025-07-03T19:53:23,007","container":"ebdffaae6f6b","level":"INFO","thread":"EthScheduler-Workers-0","class":"PersistBlockTask","message":"Imported #589 / 0 tx / 0 om / 0 (0.0%) gas / (0xb650ee61765e9750e294b28725411e7ef895ead1f39a203c9501933e978c1197) in 0.001s. Peers: 5","throwable":""}
{"timestamp":"2025-07-03T19:53:31,006","container":"ebdffaae6f6b","level":"INFO","thread":"EthScheduler-Workers-0","class":"PersistBlockTask","message":"Imported #590 / 0 tx / 0 om / 0 (0.0%) gas / (0xff3d0a4d0efd53ea88e003e4ba1e1533d8f95f9de5f7b4cc85194819939cc8cf) in 0.001s. Peers: 5","throwable":""}
{"timestamp":"2025-07-03T19:53:39,006","container":"ebdffaae6f6b","level":"INFO","thread":"EthScheduler-Workers-0","class":"PersistBlockTask","message":"Imported #591 / 0 tx / 0 om / 0 (0.0%) gas / (0xa8cf3db539139ee17971d43aefa61d2b8e7bd3e8abc6c6daa6759c850be1b8f6) in 0.001s. Peers: 5","throwable":""}
{"timestamp":"2025-07-03T19:53:48,952","container":"ebdffaae6f6b","level":"INFO","thread":"EthScheduler-Workers-0","class":"PersistBlockTask","message":"Imported #592 / 0 tx / 0 om / 0 (0.0%) gas / (0x3eff7bb4b6b3fa23d5ca3ec5a589099b1e913d611bbbb6bd64d73289e42f8211) in 0.001s. Peers: 5","throwable":""}
{"timestamp":"2025-07-03T19:53:57,005","container":"ebdffaae6f6b","level":"INFO","thread":"EthScheduler-Workers-0","class":"PersistBlockTask","message":"Imported #593 / 0 tx / 0 om / 0 (0.0%) gas / (0x7bbeb149b54c0dffaab81d224f70507097ac1659ee287000b46c55e6dd84b2d9) in 0.000s. Peers: 5","throwable":""}
{"timestamp":"2025-07-03T19:54:05,008","container":"ebdffaae6f6b","level":"INFO","thread":"EthScheduler-Workers-0","class":"PersistBlockTask","message":"Imported #594 / 0 tx / 0 om / 0 (0.0%) gas / (0x6a436b4bc41b45bcb880355e42ae2dd8296c14904c7742462819d5f5b9d08bb0) in 0.001s. Peers: 5","throwable":""}
{"timestamp":"2025-07-03T19:54:13,008","container":"ebdffaae6f6b","level":"INFO","thread":"EthScheduler-Workers-0","class":"PersistBlockTask","message":"Imported #595 / 0 tx / 0 om / 0 (0.0%) gas / (0x401e0ac6107ff8534ae76591b62db3f62557aa6460aae7217927e7777c32fbad) in 0.001s. Peers: 5","throwable":""}
{"timestamp":"2025-07-03T19:54:22,889","container":"ebdffaae6f6b","level":"INFO","thread":"EthScheduler-Workers-0","class":"PersistBlockTask","message":"Imported #596 / 0 tx / 0 om / 0 (0.0%) gas / (0xf26843c42b3aeaad3e1f92b46e04994a2c693a9e1efac6c3c22bb00d369123ac) in 0.000s. Peers: 5","throwable":""}
{"timestamp":"2025-07-03T19:54:31,007","container":"ebdffaae6f6b","level":"INFO","thread":"EthScheduler-Workers-0","class":"PersistBlockTask","message":"Imported #597 / 0 tx / 0 om / 0 (0.0%) gas / (0xced54027c5d9c00fd0d4879e849a9f2b2dc461e17aa25926f313b2ef6f7524ca) in 0.001s. Peers: 5","throwable":""}
{"timestamp":"2025-07-03T19:54:39,005","container":"ebdffaae6f6b","level":"INFO","thread":"EthScheduler-Workers-0","class":"PersistBlockTask","message":"Imported #598 / 0 tx / 0 om / 0 (0.0%) gas / (0xb5e13b50748819e50434d139b3d9d21505e7eaa5213a7e0ab95da918c95e5c7e) in 0.001s. Peers: 5","throwable":""}
{"timestamp":"2025-07-03T19:54:47,008","container":"ebdffaae6f6b","level":"INFO","thread":"EthScheduler-Workers-0","class":"PersistBlockTask","message":"Imported #599 / 0 tx / 0 om / 0 (0.0%) gas / (0x428ca82a4d54cc87b4d6a14d62c9b7d192d5b4d194e898a4e2a711e61259332d) in 0.001s. Peers: 5","throwable":""}
{"timestamp":"2025-07-03T19:54:56,967","container":"ebdffaae6f6b","level":"INFO","thread":"EthScheduler-Workers-0","class":"PersistBlockTask","message":"Imported #600 / 0 tx / 0 om / 0 (0.0%) gas / (0x9db461cd2a8dad48f08b6a9d8fbf1452f4c6a1114cc12daf16672a9579013450) in 0.001s. Peers: 5","throwable":""}
{"timestamp":"2025-07-03T19:55:05,007","container":"ebdffaae6f6b","level":"INFO","thread":"EthScheduler-Workers-0","class":"PersistBlockTask","message":"Imported #601 / 0 tx / 0 om / 0 (0.0%) gas / (0x735703909031ebf06adb644a2c6732ada224f2eff76cc4056dd9d409f24d6669) in 0.000s. Peers: 5","throwable":""}
{"timestamp":"2025-07-03T19:55:13,008","container":"ebdffaae6f6b","level":"INFO","thread":"EthScheduler-Workers-0","class":"PersistBlockTask","message":"Imported #602 / 0 tx / 0 om / 0 (0.0%) gas / (0x1bafa34299729c1964ff6151d2d04bf85471886ac95c89efff9d11bb2a141178) in 0.001s. Peers: 5","throwable":""}
{"timestamp":"2025-07-03T19:55:21,006","container":"ebdffaae6f6b","level":"INFO","thread":"EthScheduler-Workers-0","class":"PersistBlockTask","message":"Imported #603 / 0 tx / 0 om / 0 (0.0%) gas / (0x3a6731714a2d289972a1ad20e50b0bfe2ff1820218744a1d27bb8e38c72b9222) in 0.001s. Peers: 5","throwable":""}
{"timestamp":"2025-07-03T19:55:30,737","container":"ebdffaae6f6b","level":"INFO","thread":"EthScheduler-Workers-0","class":"PersistBlockTask","message":"Imported #604 / 0 tx / 0 om / 0 (0.0%) gas / (0x4da4dc39f7868d7918cd66fcbf604bd97dc443c1305cfafa31d7147d7ec67287) in 0.001s. Peers: 5","throwable":""}
{"timestamp":"2025-07-03T19:55:39,007","container":"ebdffaae6f6b","level":"INFO","thread":"EthScheduler-Workers-0","class":"PersistBlockTask","message":"Imported #605 / 0 tx / 0 om / 0 (0.0%) gas / (0x7533cb50b5d809b33a2594858cafad2a0ecadca1c47c1bcb997be72395bf2a1c) in 0.001s. Peers: 5","throwable":""}
{"timestamp":"2025-07-03T19:55:47,007","container":"ebdffaae6f6b","level":"INFO","thread":"EthScheduler-Workers-0","class":"PersistBlockTask","message":"Imported #606 / 0 tx / 0 om / 0 (0.0%) gas / (0x3fb3e20df5498943a1e5d6284840db0abbe0e3d88f49a66529543ba125cde28b) in 0.000s. Peers: 5","throwable":""}
{"timestamp":"2025-07-03T19:55:55,007","container":"ebdffaae6f6b","level":"INFO","thread":"EthScheduler-Workers-0","class":"PersistBlockTask","message":"Imported #607 / 0 tx / 0 om / 0 (0.0%) gas / (0x94f60717f1db74bda43e9e9f0cb228eb0b4b1c00e7f5649c0dd5b90352c7ff5f) in 0.001s. Peers: 5","throwable":""}
{"timestamp":"2025-07-03T19:56:04,909","container":"ebdffaae6f6b","level":"INFO","thread":"EthScheduler-Workers-0","class":"PersistBlockTask","message":"Imported #608 / 0 tx / 0 om / 0 (0.0%) gas / (0x20dfb06ec08f50a964502d638bf1006e378b0bfcf6f9a307123e6d7a47d1732b) in 0.001s. Peers: 5","throwable":""}
{"timestamp":"2025-07-03T19:56:13,008","container":"ebdffaae6f6b","level":"INFO","thread":"EthScheduler-Workers-0","class":"PersistBlockTask","message":"Imported #609 / 0 tx / 0 om / 0 (0.0%) gas / (0xca902c5c544ea9677894dac8b8779197f283c1a9ed14dc5458d8d6e01eb276b8) in 0.001s. Peers: 5","throwable":""}
{"timestamp":"2025-07-03T19:56:21,005","container":"ebdffaae6f6b","level":"INFO","thread":"EthScheduler-Workers-0","class":"PersistBlockTask","message":"Imported #610 / 0 tx / 0 om / 0 (0.0%) gas / (0xdf431d9a3ffd825794cf4708fd864375ecc8388c56fc5feb4c532f9667c436a0) in 0.000s. Peers: 5","throwable":""}
{"timestamp":"2025-07-03T19:56:29,008","container":"ebdffaae6f6b","level":"INFO","thread":"EthScheduler-Workers-0","class":"PersistBlockTask","message":"Imported #611 / 0 tx / 0 om / 0 (0.0%) gas / (0x0731fa9b4a0d598b46220d4efeb341e92a075b3f55f822a7deb443b881b94045) in 0.001s. Peers: 5","throwable":""}
{"timestamp":"2025-07-03T19:56:37,008","container":"ebdffaae6f6b","level":"INFO","thread":"EthScheduler-Workers-0","class":"PersistBlockTask","message":"Imported #612 / 0 tx / 0 om / 0 (0.0%) gas / (0x27ede56873c7f883a5b6cbc757aae78f689dfbe63859ea31e481e5fd92e9227f) in 0.001s. Peers: 5","throwable":""}
{"timestamp":"2025-07-03T19:56:46,867","container":"ebdffaae6f6b","level":"INFO","thread":"EthScheduler-Workers-0","class":"PersistBlockTask","message":"Imported #613 / 0 tx / 0 om / 0 (0.0%) gas / (0x9172b2c7fcc62deb7d9629af3398525d89f8d54452cc2cd70f0600f9d521c4da) in 0.001s. Peers: 5","throwable":""}
{"timestamp":"2025-07-03T19:56:55,009","container":"ebdffaae6f6b","level":"INFO","thread":"EthScheduler-Workers-0","class":"PersistBlockTask","message":"Imported #614 / 0 tx / 0 om / 0 (0.0%) gas / (0x30a760887e4ca3635187ee7c1bef2a2cb9f30be5cbff9bcaa0b4560529e72db4) in 0.001s. Peers: 5","throwable":""}
{"timestamp":"2025-07-03T19:57:03,008","container":"ebdffaae6f6b","level":"INFO","thread":"EthScheduler-Workers-0","class":"PersistBlockTask","message":"Imported #615 / 0 tx / 0 om / 0 (0.0%) gas / (0xafc740d0c1d91754d81078dd7dc027397b1eaf570bbb031601527e253d923ab6) in 0.001s. Peers: 5","throwable":""}
{"timestamp":"2025-07-03T19:57:11,007","container":"ebdffaae6f6b","level":"INFO","thread":"EthScheduler-Workers-0","class":"PersistBlockTask","message":"Imported #616 / 0 tx / 0 om / 0 (0.0%) gas / (0x8fbc4e28e6f6c78f4cb03edc2f59c4d8dc289fbf9f0c8d412fd6147ba1859f94) in 0.001s. Peers: 5","throwable":""}
{"timestamp":"2025-07-03T19:57:21,016","container":"ebdffaae6f6b","level":"INFO","thread":"EthScheduler-Workers-0","class":"PersistBlockTask","message":"Imported #617 / 0 tx / 0 om / 0 (0.0%) gas / (0x5ea2a826c991d8e062b7973746241c7c6839ada3896d0da00caf07fba04453d5) in 0.001s. Peers: 5","throwable":""}
{"timestamp":"2025-07-03T19:57:29,006","container":"ebdffaae6f6b","level":"INFO","thread":"EthScheduler-Workers-0","class":"PersistBlockTask","message":"Imported #618 / 0 tx / 0 om / 0 (0.0%) gas / (0x8b1f37e319ee7a8c1266a83bff26d76b4a5e829e223526639283098c80fba0b4) in 0.000s. Peers: 5","throwable":""}
{"timestamp":"2025-07-03T19:57:37,008","container":"ebdffaae6f6b","level":"INFO","thread":"EthScheduler-Workers-0","class":"PersistBlockTask","message":"Imported #619 / 0 tx / 0 om / 0 (0.0%) gas / (0x0d41a5fe1edec3bb00ccf90f6522f8f4e38bbecae423e35a4ef5eb384b27b909) in 0.001s. Peers: 5","throwable":""}
{"timestamp":"2025-07-03T19:57:45,006","container":"ebdffaae6f6b","level":"INFO","thread":"EthScheduler-Workers-0","class":"PersistBlockTask","message":"Imported #620 / 0 tx / 0 om / 0 (0.0%) gas / (0x858b08938ac8a4d7cd4f021abd64df7c41d8db31d3c3eda5258a1e3e589c91c3) in 0.001s. Peers: 5","throwable":""}
{"timestamp":"2025-07-03T19:57:54,986","container":"ebdffaae6f6b","level":"INFO","thread":"EthScheduler-Workers-0","class":"PersistBlockTask","message":"Imported #621 / 0 tx / 0 om / 0 (0.0%) gas / (0x08f698dd882ba603d28b5f4f9192c972f511eff9cc4f8eb98d9b40198d2e2056) in 0.000s. Peers: 5","throwable":""}
{"timestamp":"2025-07-03T19:58:03,008","container":"ebdffaae6f6b","level":"INFO","thread":"EthScheduler-Workers-0","class":"PersistBlockTask","message":"Imported #622 / 0 tx / 0 om / 0 (0.0%) gas / (0x2a2fbe84924031f9499a1353cb1f31360dff274713fb9160900969be2e2d1ee3) in 0.001s. Peers: 5","throwable":""}
{"timestamp":"2025-07-03T19:58:11,007","container":"ebdffaae6f6b","level":"INFO","thread":"EthScheduler-Workers-0","class":"PersistBlockTask","message":"Imported #623 / 0 tx / 0 om / 0 (0.0%) gas / (0x5b2a5115db66ceb05f5f66fc1e2fad3ee63b582cb59bbbadd1d40fe254ae2b1c) in 0.001s. Peers: 5","throwable":""}
{"timestamp":"2025-07-03T19:58:19,006","container":"ebdffaae6f6b","level":"INFO","thread":"EthScheduler-Workers-0","class":"PersistBlockTask","message":"Imported #624 / 0 tx / 0 om / 0 (0.0%) gas / (0x2eae4d8f4ce983400b32001653a1e359f9cacbacfe6db4047f98e18efcf0499a) in 0.001s. Peers: 5","throwable":""}
{"timestamp":"2025-07-03T19:58:28,886","container":"ebdffaae6f6b","level":"INFO","thread":"EthScheduler-Workers-0","class":"PersistBlockTask","message":"Imported #625 / 0 tx / 0 om / 0 (0.0%) gas / (0xe7693bf33f9e72bdb1c9fd00b8ffd378341a66ab364133027e28165f5cd51293) in 0.001s. Peers: 5","throwable":""}
{"timestamp":"2025-07-03T19:58:37,006","container":"ebdffaae6f6b","level":"INFO","thread":"EthScheduler-Workers-0","class":"PersistBlockTask","message":"Imported #626 / 0 tx / 0 om / 0 (0.0%) gas / (0x7cc93109963deabbd76eff558b1e7dabb718424e6ad354ae9afbf9ffb0ac8bb4) in 0.001s. Peers: 5","throwable":""}
{"timestamp":"2025-07-03T19:58:45,008","container":"ebdffaae6f6b","level":"INFO","thread":"EthScheduler-Workers-0","class":"PersistBlockTask","message":"Imported #627 / 0 tx / 0 om / 0 (0.0%) gas / (0x1df82121dc7c09d18264b1bdf2c4081331757bc4701aaa189f19cb0aaed241b6) in 0.001s. Peers: 5","throwable":""}
{"timestamp":"2025-07-03T19:58:53,006","container":"ebdffaae6f6b","level":"INFO","thread":"EthScheduler-Workers-0","class":"PersistBlockTask","message":"Imported #628 / 0 tx / 0 om / 0 (0.0%) gas / (0x84da53090df5e13d39113f2b3ae3806704155baf47a8c89202fd5164685691fc) in 0.001s. Peers: 5","throwable":""}
{"timestamp":"2025-07-03T19:59:02,913","container":"ebdffaae6f6b","level":"INFO","thread":"EthScheduler-Workers-0","class":"PersistBlockTask","message":"Imported #629 / 0 tx / 0 om / 0 (0.0%) gas / (0x8683150388aa2dc99482c6073ea8ec6afbfde1fcab24eca285ad632281e71268) in 0.001s. Peers: 5","throwable":""}
{"timestamp":"2025-07-03T19:59:11,007","container":"ebdffaae6f6b","level":"INFO","thread":"EthScheduler-Workers-0","class":"PersistBlockTask","message":"Imported #630 / 0 tx / 0 om / 0 (0.0%) gas / (0x1ca76edd55440a348a6e833acab7bc9fcf803abc55f45cfdae8e32e7951b7ca7) in 0.001s. Peers: 5","throwable":""}
{"timestamp":"2025-07-03T19:59:19,006","container":"ebdffaae6f6b","level":"INFO","thread":"EthScheduler-Workers-0","class":"PersistBlockTask","message":"Imported #631 / 0 tx / 0 om / 0 (0.0%) gas / (0x04d49072dda54fed891318dc1a5237ede28d4b640af08081be7f8c268a3bcebd) in 0.001s. Peers: 5","throwable":""}
{"timestamp":"2025-07-03T19:59:27,008","container":"ebdffaae6f6b","level":"INFO","thread":"EthScheduler-Workers-0","class":"PersistBlockTask","message":"Imported #632 / 0 tx / 0 om / 0 (0.0%) gas / (0xfd946e5594fec1b7194aaf6101a05bff1e0b253fc5de2804f7f1734adfe4fec6) in 0.001s. Peers: 5","throwable":""}
{"timestamp":"2025-07-03T19:59:37,045","container":"ebdffaae6f6b","level":"INFO","thread":"EthScheduler-Workers-0","class":"PersistBlockTask","message":"Imported #633 / 0 tx / 0 om / 0 (0.0%) gas / (0xeea8e2ff9f435e86feda107ea75606fb5b5e604325edd561d6bdce1589863972) in 0.001s. Peers: 5","throwable":""}
{"timestamp":"2025-07-03T19:59:45,008","container":"ebdffaae6f6b","level":"INFO","thread":"EthScheduler-Workers-0","class":"PersistBlockTask","message":"Imported #634 / 0 tx / 0 om / 0 (0.0%) gas / (0x1db7d57f7f0ad080927f4dfdf8d262ae67ab3b4a485ebc0418dc8a855fe1a7f8) in 0.001s. Peers: 5","throwable":""}
{"timestamp":"2025-07-03T19:59:53,006","container":"ebdffaae6f6b","level":"INFO","thread":"EthScheduler-Workers-0","class":"PersistBlockTask","message":"Imported #635 / 0 tx / 0 om / 0 (0.0%) gas / (0x719cc731a41d37a20400fa1d49d2b473be0eb8bdad088870c12992c678265b6a) in 0.000s. Peers: 5","throwable":""}
{"timestamp":"2025-07-03T20:00:01,008","container":"ebdffaae6f6b","level":"INFO","thread":"EthScheduler-Workers-0","class":"PersistBlockTask","message":"Imported #636 / 0 tx / 0 om / 0 (0.0%) gas / (0x5b1c7252833fd239de7353763e5420efd916f40be2bf79c8f4bd624d6dfbd64a) in 0.001s. Peers: 5","throwable":""}
{"timestamp":"2025-07-03T20:00:11,078","container":"ebdffaae6f6b","level":"INFO","thread":"EthScheduler-Workers-0","class":"PersistBlockTask","message":"Imported #637 / 0 tx / 0 om / 0 (0.0%) gas / (0xd2c06eeb1a24c58aa94bf4ab1a1804a677a077db38f438c344f13018f3857af6) in 0.001s. Peers: 5","throwable":""}
{"timestamp":"2025-07-03T20:00:19,007","container":"ebdffaae6f6b","level":"INFO","thread":"EthScheduler-Workers-0","class":"PersistBlockTask","message":"Imported #638 / 0 tx / 0 om / 0 (0.0%) gas / (0xbf58703a5360f316bd2a476bfe9103eb1afcae1170efc28a114ecba7beaa21aa) in 0.001s. Peers: 5","throwable":""}
{"timestamp":"2025-07-03T20:00:27,008","container":"ebdffaae6f6b","level":"INFO","thread":"EthScheduler-Workers-0","class":"PersistBlockTask","message":"Imported #639 / 0 tx / 0 om / 0 (0.0%) gas / (0x1fce9ff9b2bd63207d2a8cd1372820f07f1376e5d216d50f56f306f650e007a5) in 0.001s. Peers: 5","throwable":""}
{"timestamp":"2025-07-03T20:00:35,007","container":"ebdffaae6f6b","level":"INFO","thread":"EthScheduler-Workers-0","class":"PersistBlockTask","message":"Imported #640 / 0 tx / 0 om / 0 (0.0%) gas / (0x1a5c132dd921b6e721738a88f5793dc963bd59e76070c4a5d6ff136957d6665e) in 0.001s. Peers: 5","throwable":""}
{"timestamp":"2025-07-03T20:00:45,109","container":"ebdffaae6f6b","level":"INFO","thread":"EthScheduler-Workers-0","class":"PersistBlockTask","message":"Imported #641 / 0 tx / 0 om / 0 (0.0%) gas / (0xe07996aab1adcddef4541dd1c2f17865adcc97ea504dc60b74d6cd56f348a0de) in 0.001s. Peers: 5","throwable":""}
{"timestamp":"2025-07-03T20:00:53,007","container":"ebdffaae6f6b","level":"INFO","thread":"EthScheduler-Workers-0","class":"PersistBlockTask","message":"Imported #642 / 0 tx / 0 om / 0 (0.0%) gas / (0x396b0d3598cd0e0f8f22ac1d4ff6e66a562a23673a011a59a8873a122957b887) in 0.001s. Peers: 5","throwable":""}
{"timestamp":"2025-07-03T20:01:01,008","container":"ebdffaae6f6b","level":"INFO","thread":"EthScheduler-Workers-0","class":"PersistBlockTask","message":"Imported #643 / 0 tx / 0 om / 0 (0.0%) gas / (0x2d1ee3a88cfb9ee9982f43316520aeb590b0544635ccf4e1d840fa482b48cf02) in 0.001s. Peers: 5","throwable":""}
{"timestamp":"2025-07-03T20:01:09,007","container":"ebdffaae6f6b","level":"INFO","thread":"EthScheduler-Workers-0","class":"PersistBlockTask","message":"Imported #644 / 0 tx / 0 om / 0 (0.0%) gas / (0x3605d5c5e9531ab720cb630dcd85aa995fb835eea8984f2a4bd9c888db3f1afb) in 0.001s. Peers: 5","throwable":""}
{"timestamp":"2025-07-03T20:01:19,031","container":"ebdffaae6f6b","level":"INFO","thread":"EthScheduler-Workers-0","class":"PersistBlockTask","message":"Imported #645 / 0 tx / 0 om / 0 (0.0%) gas / (0xdef44dd0e8c10b6d0daa7cd7c43b86268721f5a2fd833c926c7704df568c638b) in 0.001s. Peers: 5","throwable":""}
{"timestamp":"2025-07-03T20:01:27,008","container":"ebdffaae6f6b","level":"INFO","thread":"EthScheduler-Workers-0","class":"PersistBlockTask","message":"Imported #646 / 0 tx / 0 om / 0 (0.0%) gas / (0x764a8da0903c9d2340e5d46a70990214612875ddee46a79246d5dfbfeafc9733) in 0.001s. Peers: 5","throwable":""}
{"timestamp":"2025-07-03T20:01:35,006","container":"ebdffaae6f6b","level":"INFO","thread":"EthScheduler-Workers-0","class":"PersistBlockTask","message":"Imported #647 / 0 tx / 0 om / 0 (0.0%) gas / (0x3a5e2aaf8bdd1d401810776a1e36fd8c3f4848bdc238d387082b447897efa1aa) in 0.000s. Peers: 5","throwable":""}
{"timestamp":"2025-07-03T20:01:43,007","container":"ebdffaae6f6b","level":"INFO","thread":"EthScheduler-Workers-0","class":"PersistBlockTask","message":"Imported #648 / 0 tx / 0 om / 0 (0.0%) gas / (0x6a4f00c85dd7af3b55e37bc0190f686fb6abb791c0a09a80ef086853a2a1af48) in 0.001s. Peers: 5","throwable":""}
{"timestamp":"2025-07-03T20:01:53,086","container":"ebdffaae6f6b","level":"INFO","thread":"EthScheduler-Workers-0","class":"PersistBlockTask","message":"Imported #649 / 0 tx / 0 om / 0 (0.0%) gas / (0x9101c1fca27e11458556f54f6f74940d8351de42fa08cc02179897187a57ac13) in 0.001s. Peers: 5","throwable":""}
{"timestamp":"2025-07-03T20:02:01,007","container":"ebdffaae6f6b","level":"INFO","thread":"EthScheduler-Workers-0","class":"PersistBlockTask","message":"Imported #650 / 0 tx / 0 om / 0 (0.0%) gas / (0x14774827a222de318ca7e437d8aef34416de500a77ca783a2da3aa4105e2c8f1) in 0.001s. Peers: 5","throwable":""}
{"timestamp":"2025-07-03T20:02:09,009","container":"ebdffaae6f6b","level":"INFO","thread":"EthScheduler-Workers-0","class":"PersistBlockTask","message":"Imported #651 / 0 tx / 0 om / 0 (0.0%) gas / (0xb9b8d85795b3a9f4d6433bae58c5ed9c694412d8e42453752bab2af8d17d3d98) in 0.001s. Peers: 5","throwable":""}
{"timestamp":"2025-07-03T20:02:17,008","container":"ebdffaae6f6b","level":"INFO","thread":"EthScheduler-Workers-0","class":"PersistBlockTask","message":"Imported #652 / 0 tx / 0 om / 0 (0.0%) gas / (0xfa5b7cbdf3250ef5722680a9bb8b9e06bcf0cde312a73e068e2807f5dc577c7f) in 0.001s. Peers: 5","throwable":""}
{"timestamp":"2025-07-03T20:02:27,062","container":"ebdffaae6f6b","level":"INFO","thread":"EthScheduler-Workers-0","class":"PersistBlockTask","message":"Imported #653 / 0 tx / 0 om / 0 (0.0%) gas / (0x90723c990b748777c660c8d6cae09d0b32b94d81a33ab8b1bf0c5bf50a03bed6) in 0.001s. Peers: 5","throwable":""}
{"timestamp":"2025-07-03T20:02:35,008","container":"ebdffaae6f6b","level":"INFO","thread":"EthScheduler-Workers-0","class":"PersistBlockTask","message":"Imported #654 / 0 tx / 0 om / 0 (0.0%) gas / (0xfe28695674e3ce8c3b029a6de1dc5e5867326794bda476fd125ac1efd97ae576) in 0.001s. Peers: 5","throwable":""}
{"timestamp":"2025-07-03T20:02:43,006","container":"ebdffaae6f6b","level":"INFO","thread":"EthScheduler-Workers-0","class":"PersistBlockTask","message":"Imported #655 / 0 tx / 0 om / 0 (0.0%) gas / (0x9d23b8f5e659bb2e6ad38d7ab34d115b11e3f5cc70b9fbbede6864459aa4aa7b) in 0.001s. Peers: 5","throwable":""}
{"timestamp":"2025-07-03T20:02:51,008","container":"ebdffaae6f6b","level":"INFO","thread":"EthScheduler-Workers-0","class":"PersistBlockTask","message":"Imported #656 / 0 tx / 0 om / 0 (0.0%) gas / (0x2aae862544e794cc8b5dbf7f435d8f0439145332603f62ae2edaa5c1cd5fe3b0) in 0.001s. Peers: 5","throwable":""}
{"timestamp":"2025-07-03T20:03:01,147","container":"ebdffaae6f6b","level":"INFO","thread":"EthScheduler-Workers-0","class":"PersistBlockTask","message":"Imported #657 / 0 tx / 0 om / 0 (0.0%) gas / (0x19cff4dc696fa375c0d0fb0d2fd1463750e8006141d96d515eecf2a5caaab71a) in 0.001s. Peers: 5","throwable":""}
{"timestamp":"2025-07-03T20:03:09,005","container":"ebdffaae6f6b","level":"INFO","thread":"EthScheduler-Workers-0","class":"PersistBlockTask","message":"Imported #658 / 0 tx / 0 om / 0 (0.0%) gas / (0xacebaf367c35dcd3e0cdc89c3fa7f07e0bb6a17be9f272a219ce228e9edcd00a) in 0.000s. Peers: 5","throwable":""}
{"timestamp":"2025-07-03T20:03:17,008","container":"ebdffaae6f6b","level":"INFO","thread":"EthScheduler-Workers-0","class":"PersistBlockTask","message":"Imported #659 / 0 tx / 0 om / 0 (0.0%) gas / (0xa8faf0291a379d92417f7fc5da1eb9cfdb3890a020175c62a4e3fb3a6fe81a15) in 0.001s. Peers: 5","throwable":""}
{"timestamp":"2025-07-03T20:03:25,006","container":"ebdffaae6f6b","level":"INFO","thread":"EthScheduler-Workers-0","class":"PersistBlockTask","message":"Imported #660 / 0 tx / 0 om / 0 (0.0%) gas / (0xadac44e49ce257a45b081d310a5eadce4703c93fdf9227caaed0e4f3da83107a) in 0.001s. Peers: 5","throwable":""}
{"timestamp":"2025-07-03T20:03:34,896","container":"ebdffaae6f6b","level":"INFO","thread":"EthScheduler-Workers-0","class":"PersistBlockTask","message":"Imported #661 / 0 tx / 0 om / 0 (0.0%) gas / (0xe1a35e7d04b0390056ed096a49a424aa53f95376fb5731aa1185504842606c57) in 0.001s. Peers: 5","throwable":""}
{"timestamp":"2025-07-03T20:03:43,006","container":"ebdffaae6f6b","level":"INFO","thread":"EthScheduler-Workers-0","class":"PersistBlockTask","message":"Imported #662 / 0 tx / 0 om / 0 (0.0%) gas / (0x9c20ec16c373185944e7a8455334aeea9d76e46277a366673bc5607eca9c440a) in 0.000s. Peers: 5","throwable":""}
{"timestamp":"2025-07-03T20:03:51,008","container":"ebdffaae6f6b","level":"INFO","thread":"EthScheduler-Workers-0","class":"PersistBlockTask","message":"Imported #663 / 0 tx / 0 om / 0 (0.0%) gas / (0x8cbf318667c69933a5c95b62be6ab864885ddb021e09cc24611ba2cdd7ca4e7d) in 0.001s. Peers: 5","throwable":""}
{"timestamp":"2025-07-03T20:03:59,008","container":"ebdffaae6f6b","level":"INFO","thread":"EthScheduler-Workers-0","class":"PersistBlockTask","message":"Imported #664 / 0 tx / 0 om / 0 (0.0%) gas / (0x3704103208b62cea2a395741dd97de58565d687c4143435fb5d4533cf745d4d6) in 0.000s. Peers: 5","throwable":""}
{"timestamp":"2025-07-03T20:04:08,939","container":"ebdffaae6f6b","level":"INFO","thread":"EthScheduler-Workers-0","class":"PersistBlockTask","message":"Imported #665 / 0 tx / 0 om / 0 (0.0%) gas / (0xce456d5a286c262cb2d6709ccfa63b762c56857826e7544c13ed7e80d09bc532) in 0.001s. Peers: 5","throwable":""}
{"timestamp":"2025-07-03T20:04:17,008","container":"ebdffaae6f6b","level":"INFO","thread":"EthScheduler-Workers-0","class":"PersistBlockTask","message":"Imported #666 / 0 tx / 0 om / 0 (0.0%) gas / (0x5401d9ebbc153f37c516a998e6145cc1e3b80d5fb9c3f8390fd651bcf8e17434) in 0.001s. Peers: 5","throwable":""}
{"timestamp":"2025-07-03T20:04:25,008","container":"ebdffaae6f6b","level":"INFO","thread":"EthScheduler-Workers-0","class":"PersistBlockTask","message":"Imported #667 / 0 tx / 0 om / 0 (0.0%) gas / (0xc50466977c69005e8640a1d892dc722f10d9a1bf4fd8a9a24a91ff289c9a73db) in 0.001s. Peers: 5","throwable":""}
{"timestamp":"2025-07-03T20:04:33,006","container":"ebdffaae6f6b","level":"INFO","thread":"EthScheduler-Workers-0","class":"PersistBlockTask","message":"Imported #668 / 0 tx / 0 om / 0 (0.0%) gas / (0x3bb86ec3e8a49b651e3af285a95b2ec24b8a0db0817c3dfe621732ed549074cc) in 0.001s. Peers: 5","throwable":""}
{"timestamp":"2025-07-03T20:04:42,788","container":"ebdffaae6f6b","level":"INFO","thread":"EthScheduler-Workers-0","class":"PersistBlockTask","message":"Imported #669 / 0 tx / 0 om / 0 (0.0%) gas / (0xd123d70b1e4522bb0a0daf28dc42433094ad16c4adf5624a0b67d3970f120f5c) in 0.001s. Peers: 5","throwable":""}
{"timestamp":"2025-07-03T20:04:51,006","container":"ebdffaae6f6b","level":"INFO","thread":"EthScheduler-Workers-0","class":"PersistBlockTask","message":"Imported #670 / 0 tx / 0 om / 0 (0.0%) gas / (0xe768aa3721ede7418c78b75f3bfd46ed24776e70902f48d16591a8656469c5d2) in 0.000s. Peers: 5","throwable":""}
{"timestamp":"2025-07-03T20:04:59,008","container":"ebdffaae6f6b","level":"INFO","thread":"EthScheduler-Workers-0","class":"PersistBlockTask","message":"Imported #671 / 0 tx / 0 om / 0 (0.0%) gas / (0xdebf0127581a8569aa77f9e530fb8acb46707db97ccbe548907be1691c7e1cad) in 0.001s. Peers: 5","throwable":""}
{"timestamp":"2025-07-03T20:05:07,006","container":"ebdffaae6f6b","level":"INFO","thread":"EthScheduler-Workers-0","class":"PersistBlockTask","message":"Imported #672 / 0 tx / 0 om / 0 (0.0%) gas / (0x1f397228cfd9cb5813b1aad4822ee59e2280dbc7cd1999ab934a45fad129d86c) in 0.000s. Peers: 5","throwable":""}
{"timestamp":"2025-07-03T20:05:17,036","container":"ebdffaae6f6b","level":"INFO","thread":"EthScheduler-Workers-0","class":"PersistBlockTask","message":"Imported #673 / 0 tx / 0 om / 0 (0.0%) gas / (0x7599190af613492f49f3c25529f5b0965898f204bdd3b84bbbfd5de326df2ed6) in 0.001s. Peers: 5","throwable":""}
{"timestamp":"2025-07-03T20:05:25,008","container":"ebdffaae6f6b","level":"INFO","thread":"EthScheduler-Workers-0","class":"PersistBlockTask","message":"Imported #674 / 0 tx / 0 om / 0 (0.0%) gas / (0xadefa2c113eabc90248f7815cadc717a0461c0aad56aba27a5225a69e75d8709) in 0.001s. Peers: 5","throwable":""}
{"timestamp":"2025-07-03T20:05:33,007","container":"ebdffaae6f6b","level":"INFO","thread":"EthScheduler-Workers-0","class":"PersistBlockTask","message":"Imported #675 / 0 tx / 0 om / 0 (0.0%) gas / (0x92d47ee835cf51392aafd303c2baf24f84664af0a1f555dad4a5be1c0747cf65) in 0.001s. Peers: 5","throwable":""}
{"timestamp":"2025-07-03T20:05:41,008","container":"ebdffaae6f6b","level":"INFO","thread":"EthScheduler-Workers-0","class":"PersistBlockTask","message":"Imported #676 / 0 tx / 0 om / 0 (0.0%) gas / (0x3f6837a7adc0188de442a6a5c92b1926066c232bdc0c7aca2c1c2f99983ac488) in 0.001s. Peers: 5","throwable":""}
{"timestamp":"2025-07-03T20:05:50,870","container":"ebdffaae6f6b","level":"INFO","thread":"EthScheduler-Workers-0","class":"PersistBlockTask","message":"Imported #677 / 0 tx / 0 om / 0 (0.0%) gas / (0xa73f5df595744e5f53606c8feb80ab708a29d5a4ab1bcb509efb72815930827f) in 0.001s. Peers: 5","throwable":""}
{"timestamp":"2025-07-03T20:05:59,008","container":"ebdffaae6f6b","level":"INFO","thread":"EthScheduler-Workers-0","class":"PersistBlockTask","message":"Imported #678 / 0 tx / 0 om / 0 (0.0%) gas / (0x2479f907297785498a549163481b4025d0ecc89011b25a4d767726911f1715aa) in 0.001s. Peers: 5","throwable":""}
{"timestamp":"2025-07-03T20:06:07,006","container":"ebdffaae6f6b","level":"INFO","thread":"EthScheduler-Workers-0","class":"PersistBlockTask","message":"Imported #679 / 0 tx / 0 om / 0 (0.0%) gas / (0x4d2f80319832dc194837d5b2fca70d7e557e263113bd5d4ee4b208a69a787db8) in 0.001s. Peers: 5","throwable":""}
{"timestamp":"2025-07-03T20:06:15,010","container":"ebdffaae6f6b","level":"INFO","thread":"EthScheduler-Workers-0","class":"PersistBlockTask","message":"Imported #680 / 0 tx / 0 om / 0 (0.0%) gas / (0x588829a0e1cdf43b552777eeadc75ea30b5518465356bf9e7fe362a4abf5890b) in 0.001s. Peers: 5","throwable":""}
{"timestamp":"2025-07-03T20:06:24,948","container":"ebdffaae6f6b","level":"INFO","thread":"EthScheduler-Workers-0","class":"PersistBlockTask","message":"Imported #681 / 0 tx / 0 om / 0 (0.0%) gas / (0x8459eace4c62b9a3e39421f8682a5cf81092bb1ef6a6aa4b448fe24be910a5b2) in 0.001s. Peers: 5","throwable":""}
{"timestamp":"2025-07-03T20:06:33,008","container":"ebdffaae6f6b","level":"INFO","thread":"EthScheduler-Workers-0","class":"PersistBlockTask","message":"Imported #682 / 0 tx / 0 om / 0 (0.0%) gas / (0xd4d3ace6c7a29b1bfe3ef2c4f149722b3f71baf0b3d3a3c5453cd242041e5bf7) in 0.001s. Peers: 5","throwable":""}
{"timestamp":"2025-07-03T20:06:41,007","container":"ebdffaae6f6b","level":"INFO","thread":"EthScheduler-Workers-0","class":"PersistBlockTask","message":"Imported #683 / 0 tx / 0 om / 0 (0.0%) gas / (0x8ffb11b3fe5194754532da7dc723c5c77dc76b43c7e61e9ed19e4ad5b8a93b51) in 0.001s. Peers: 5","throwable":""}
{"timestamp":"2025-07-03T20:06:49,009","container":"ebdffaae6f6b","level":"INFO","thread":"EthScheduler-Workers-0","class":"PersistBlockTask","message":"Imported #684 / 0 tx / 0 om / 0 (0.0%) gas / (0x6704db9e25ab924ab070970f4025e1938d7c63edb40175bff56b9f1b25a7ce84) in 0.001s. Peers: 5","throwable":""}
{"timestamp":"2025-07-03T20:06:58,913","container":"ebdffaae6f6b","level":"INFO","thread":"EthScheduler-Workers-0","class":"PersistBlockTask","message":"Imported #685 / 0 tx / 0 om / 0 (0.0%) gas / (0xea5bc4ab745eadc9c56810cf215fe6ba7b8f9f49d680ecd15a6800cab509993e) in 0.001s. Peers: 5","throwable":""}
{"timestamp":"2025-07-03T20:07:07,009","container":"ebdffaae6f6b","level":"INFO","thread":"EthScheduler-Workers-0","class":"PersistBlockTask","message":"Imported #686 / 0 tx / 0 om / 0 (0.0%) gas / (0xc948d37697bccfea315e50700db7490a9cd1fd16c77ee0a774345d8bf5482359) in 0.002s. Peers: 5","throwable":""}
{"timestamp":"2025-07-03T20:07:15,007","container":"ebdffaae6f6b","level":"INFO","thread":"EthScheduler-Workers-0","class":"PersistBlockTask","message":"Imported #687 / 0 tx / 0 om / 0 (0.0%) gas / (0xfad28c867b19e0217c665e36a9e17cc1058f0cfecd1e050ddf74036c9d1ae0b2) in 0.001s. Peers: 5","throwable":""}
{"timestamp":"2025-07-03T20:07:23,008","container":"ebdffaae6f6b","level":"INFO","thread":"EthScheduler-Workers-0","class":"PersistBlockTask","message":"Imported #688 / 0 tx / 0 om / 0 (0.0%) gas / (0xa6d03d66ccba31e6da6e44caadb26aa61ca3d6a0a9be6169d12f47e5c24bed6a) in 0.001s. Peers: 5","throwable":""}
{"timestamp":"2025-07-03T20:07:32,923","container":"ebdffaae6f6b","level":"INFO","thread":"EthScheduler-Workers-0","class":"PersistBlockTask","message":"Imported #689 / 0 tx / 0 om / 0 (0.0%) gas / (0xfc358add1972f587345e4017d5661d3172dff5d498b964445d59372c658ced40) in 0.000s. Peers: 5","throwable":""}
{"timestamp":"2025-07-03T20:07:41,007","container":"ebdffaae6f6b","level":"INFO","thread":"EthScheduler-Workers-0","class":"PersistBlockTask","message":"Imported #690 / 0 tx / 0 om / 0 (0.0%) gas / (0x5bf1999fa5d5279086868bb17d420758f11293d6ce92ec52e3ca9ecc2d9bc158) in 0.000s. Peers: 5","throwable":""}
{"timestamp":"2025-07-03T20:07:49,006","container":"ebdffaae6f6b","level":"INFO","thread":"EthScheduler-Workers-0","class":"PersistBlockTask","message":"Imported #691 / 0 tx / 0 om / 0 (0.0%) gas / (0x0c3a505bc304d70622ca665aa6f94d45530568bedd3cd950caefabbb4890d554) in 0.000s. Peers: 5","throwable":""}
{"timestamp":"2025-07-03T20:07:57,007","container":"ebdffaae6f6b","level":"INFO","thread":"EthScheduler-Workers-0","class":"PersistBlockTask","message":"Imported #692 / 0 tx / 0 om / 0 (0.0%) gas / (0x8915ccf6118ce5355149a6efe4036387fb696feded0a3498fb9cecc5a035fab5) in 0.001s. Peers: 5","throwable":""}
{"timestamp":"2025-07-03T20:08:06,904","container":"ebdffaae6f6b","level":"INFO","thread":"EthScheduler-Workers-0","class":"PersistBlockTask","message":"Imported #693 / 0 tx / 0 om / 0 (0.0%) gas / (0x35741291b2ada195331edd3e62f1fd03fc250b1b64f8de4ab3609e4049af0987) in 0.001s. Peers: 5","throwable":""}
{"timestamp":"2025-07-03T20:08:15,007","container":"ebdffaae6f6b","level":"INFO","thread":"EthScheduler-Workers-0","class":"PersistBlockTask","message":"Imported #694 / 0 tx / 0 om / 0 (0.0%) gas / (0xe87a84cfba976c899c33217ac726b97560c06da0000b2f2f910c6f8cfb8d7238) in 0.001s. Peers: 5","throwable":""}
{"timestamp":"2025-07-03T20:08:23,006","container":"ebdffaae6f6b","level":"INFO","thread":"EthScheduler-Workers-0","class":"PersistBlockTask","message":"Imported #695 / 0 tx / 0 om / 0 (0.0%) gas / (0x32006719055cf7b19f4639c05c0b3e437c06ba420c7229d14013d61e3a01e4f6) in 0.001s. Peers: 5","throwable":""}
{"timestamp":"2025-07-03T20:08:31,008","container":"ebdffaae6f6b","level":"INFO","thread":"EthScheduler-Workers-0","class":"PersistBlockTask","message":"Imported #696 / 0 tx / 0 om / 0 (0.0%) gas / (0xe2e582531a0441d565281315ad44c10480af8d5e65bd8c92503c97e415050569) in 0.001s. Peers: 5","throwable":""}
{"timestamp":"2025-07-03T20:08:40,941","container":"ebdffaae6f6b","level":"INFO","thread":"EthScheduler-Workers-0","class":"PersistBlockTask","message":"Imported #697 / 0 tx / 0 om / 0 (0.0%) gas / (0x4f02a7f5878ff796fce1f1aca705030b7a9596a6782978f85c6db0ac74f747c0) in 0.001s. Peers: 5","throwable":""}
{"timestamp":"2025-07-03T20:08:49,006","container":"ebdffaae6f6b","level":"INFO","thread":"EthScheduler-Workers-0","class":"PersistBlockTask","message":"Imported #698 / 0 tx / 0 om / 0 (0.0%) gas / (0x126a878c560bc7f7687c49c83b3c58232bb58f23294dcc4b53027faa8109f389) in 0.000s. Peers: 5","throwable":""}
{"timestamp":"2025-07-03T20:08:57,009","container":"ebdffaae6f6b","level":"INFO","thread":"EthScheduler-Workers-0","class":"PersistBlockTask","message":"Imported #699 / 0 tx / 0 om / 0 (0.0%) gas / (0xece5439bb44c3a4f8166506adad698b1020f7402715e0e9e655cfd9f8bc948b1) in 0.001s. Peers: 5","throwable":""}
{"timestamp":"2025-07-03T20:09:05,007","container":"ebdffaae6f6b","level":"INFO","thread":"EthScheduler-Workers-0","class":"PersistBlockTask","message":"Imported #700 / 0 tx / 0 om / 0 (0.0%) gas / (0x6c0c28185772042eaddd80e705af2c54618c82c3ff9c3e31afcc36ba055794a3) in 0.001s. Peers: 5","throwable":""}
{"timestamp":"2025-07-03T20:09:14,866","container":"ebdffaae6f6b","level":"INFO","thread":"EthScheduler-Workers-0","class":"PersistBlockTask","message":"Imported #701 / 0 tx / 0 om / 0 (0.0%) gas / (0x7773b115815a8180413daacafb3c1b33af40a7c940af947446acc6686c2926a2) in 0.001s. Peers: 5","throwable":""}
{"timestamp":"2025-07-03T20:09:23,008","container":"ebdffaae6f6b","level":"INFO","thread":"EthScheduler-Workers-0","class":"PersistBlockTask","message":"Imported #702 / 0 tx / 0 om / 0 (0.0%) gas / (0x2645cc10eec4e816bc9771e830d05694330c15862718df5f02c7b37522c743a9) in 0.001s. Peers: 5","throwable":""}
{"timestamp":"2025-07-03T20:09:31,006","container":"ebdffaae6f6b","level":"INFO","thread":"EthScheduler-Workers-0","class":"PersistBlockTask","message":"Imported #703 / 0 tx / 0 om / 0 (0.0%) gas / (0xa8341e89cf12ae7160acf38ad9e5da3662b2df43be623d69c8bc06d1aeaeb878) in 0.000s. Peers: 5","throwable":""}
{"timestamp":"2025-07-03T20:09:39,006","container":"ebdffaae6f6b","level":"INFO","thread":"EthScheduler-Workers-0","class":"PersistBlockTask","message":"Imported #704 / 0 tx / 0 om / 0 (0.0%) gas / (0x370d86a59b8199042a454fa387b991d8986f24073dec07e3d61321fd75355279) in 0.000s. Peers: 5","throwable":""}
{"timestamp":"2025-07-03T20:09:48,939","container":"ebdffaae6f6b","level":"INFO","thread":"EthScheduler-Workers-0","class":"PersistBlockTask","message":"Imported #705 / 0 tx / 0 om / 0 (0.0%) gas / (0xa01e3e953aa34722adbb4a5f1d2f76983fbccadffc3f62c90bf7dd5d9727508d) in 0.001s. Peers: 5","throwable":""}
{"timestamp":"2025-07-03T20:09:57,007","container":"ebdffaae6f6b","level":"INFO","thread":"EthScheduler-Workers-0","class":"PersistBlockTask","message":"Imported #706 / 0 tx / 0 om / 0 (0.0%) gas / (0x6c76587fc38b8f0bfcea2dfabe4c92e61b695dfeb21216214099df58f6fa65f8) in 0.001s. Peers: 5","throwable":""}
{"timestamp":"2025-07-03T20:10:05,006","container":"ebdffaae6f6b","level":"INFO","thread":"EthScheduler-Workers-0","class":"PersistBlockTask","message":"Imported #707 / 0 tx / 0 om / 0 (0.0%) gas / (0x17bbf1fe6f1bf79dfb6ffaab84379c72abab79ca4e0d2053870136eb83788a47) in 0.000s. Peers: 5","throwable":""}
{"timestamp":"2025-07-03T20:10:13,006","container":"ebdffaae6f6b","level":"INFO","thread":"EthScheduler-Workers-0","class":"PersistBlockTask","message":"Imported #708 / 0 tx / 0 om / 0 (0.0%) gas / (0xa30d3eac0db0c801d62b6fd47ccf6d5039652c66b77582193db8e7dc02dc1112) in 0.001s. Peers: 5","throwable":""}
{"timestamp":"2025-07-03T20:10:23,066","container":"ebdffaae6f6b","level":"INFO","thread":"EthScheduler-Workers-0","class":"PersistBlockTask","message":"Imported #709 / 0 tx / 0 om / 0 (0.0%) gas / (0x2ffbc06492496702a54378d7a933da82069fb976f0cc2658cddd2fe80fdd75e0) in 0.001s. Peers: 5","throwable":""}
{"timestamp":"2025-07-03T20:10:31,008","container":"ebdffaae6f6b","level":"INFO","thread":"EthScheduler-Workers-0","class":"PersistBlockTask","message":"Imported #710 / 0 tx / 0 om / 0 (0.0%) gas / (0x3a4035be230f276b7f39595e43cde4456da5e4cb61c5c24b4ca66e29fcc92f9a) in 0.001s. Peers: 5","throwable":""}
{"timestamp":"2025-07-03T20:10:39,006","container":"ebdffaae6f6b","level":"INFO","thread":"EthScheduler-Workers-0","class":"PersistBlockTask","message":"Imported #711 / 0 tx / 0 om / 0 (0.0%) gas / (0x1d072bbb4ce9767fb717563b4e60f83010c6ea202d6b07aaa9dd9861b8ccd9c3) in 0.000s. Peers: 5","throwable":""}
{"timestamp":"2025-07-03T20:10:47,008","container":"ebdffaae6f6b","level":"INFO","thread":"EthScheduler-Workers-0","class":"PersistBlockTask","message":"Imported #712 / 0 tx / 0 om / 0 (0.0%) gas / (0xa81976e9e6a83b484392bffecc7143dc4787e638885d44bb39de602e9d01688f) in 0.001s. Peers: 5","throwable":""}
{"timestamp":"2025-07-03T20:10:55,006","container":"ebdffaae6f6b","level":"INFO","thread":"EthScheduler-Workers-0","class":"PersistBlockTask","message":"Imported #713 / 0 tx / 0 om / 0 (0.0%) gas / (0xb68150abb23bc5bb40142d643d7207b9ef85c822b77d81347c6bd0f59402ebdd) in 0.000s. Peers: 5","throwable":""}
{"timestamp":"2025-07-03T20:11:04,848","container":"ebdffaae6f6b","level":"INFO","thread":"EthScheduler-Workers-0","class":"PersistBlockTask","message":"Imported #714 / 0 tx / 0 om / 0 (0.0%) gas / (0x20e3e3ebfa278d3ad7b7ab4b0dcb2bc62813442352ae99dbf84ee47d4c372828) in 0.001s. Peers: 5","throwable":""}
{"timestamp":"2025-07-03T20:11:13,006","container":"ebdffaae6f6b","level":"INFO","thread":"EthScheduler-Workers-0","class":"PersistBlockTask","message":"Imported #715 / 0 tx / 0 om / 0 (0.0%) gas / (0xcb1e48e5346b1de695c122bffa6714c4699abbedf958bb7ffd1dc71684f7ab39) in 0.000s. Peers: 5","throwable":""}
{"timestamp":"2025-07-03T20:11:21,007","container":"ebdffaae6f6b","level":"INFO","thread":"EthScheduler-Workers-0","class":"PersistBlockTask","message":"Imported #716 / 0 tx / 0 om / 0 (0.0%) gas / (0xe69750ee0707aa810bd588d58f13f075f4f40c1776e41dd91e6a35aae6137adc) in 0.001s. Peers: 5","throwable":""}
{"timestamp":"2025-07-03T20:11:29,008","container":"ebdffaae6f6b","level":"INFO","thread":"EthScheduler-Workers-0","class":"PersistBlockTask","message":"Imported #717 / 0 tx / 0 om / 0 (0.0%) gas / (0x2922b88711fd86290a3581ad05f783ccae2c1db296f567e9a67a04b77c1b0f11) in 0.001s. Peers: 5","throwable":""}
{"timestamp":"2025-07-03T20:11:39,037","container":"ebdffaae6f6b","level":"INFO","thread":"EthScheduler-Workers-0","class":"PersistBlockTask","message":"Imported #718 / 0 tx / 0 om / 0 (0.0%) gas / (0x274fa4a202dc6e8bdd63668dd81d79dcf7eb9c1604d4756b9ffd7fab6cbb257c) in 0.001s. Peers: 5","throwable":""}
{"timestamp":"2025-07-03T20:11:47,009","container":"ebdffaae6f6b","level":"INFO","thread":"EthScheduler-Workers-0","class":"PersistBlockTask","message":"Imported #719 / 0 tx / 0 om / 0 (0.0%) gas / (0x0a893ff08c4a028f3011f20a4957978a5019ce6f8fbadd3c15a9035a1c5803c7) in 0.001s. Peers: 5","throwable":""}
{"timestamp":"2025-07-03T20:11:55,006","container":"ebdffaae6f6b","level":"INFO","thread":"EthScheduler-Workers-0","class":"PersistBlockTask","message":"Imported #720 / 0 tx / 0 om / 0 (0.0%) gas / (0x41093cfd62caa7d8c567736fd64a2de5f464503a9e73412fe85ea6e181785bb2) in 0.000s. Peers: 5","throwable":""}
{"timestamp":"2025-07-03T20:12:03,006","container":"ebdffaae6f6b","level":"INFO","thread":"EthScheduler-Workers-0","class":"PersistBlockTask","message":"Imported #721 / 0 tx / 0 om / 0 (0.0%) gas / (0xaf76b4949cc5b3f50e1b1af8796ab262a806f60d281762c18af2d4d28aa254b4) in 0.001s. Peers: 5","throwable":""}
{"timestamp":"2025-07-03T20:12:12,978","container":"ebdffaae6f6b","level":"INFO","thread":"EthScheduler-Workers-0","class":"PersistBlockTask","message":"Imported #722 / 0 tx / 0 om / 0 (0.0%) gas / (0x2983386fedc2a4e3ebb8ecccb6a85b9ccbf9163dc842f31a6e970e9339fb5b08) in 0.000s. Peers: 5","throwable":""}
{"timestamp":"2025-07-03T20:12:21,009","container":"ebdffaae6f6b","level":"INFO","thread":"EthScheduler-Workers-0","class":"PersistBlockTask","message":"Imported #723 / 0 tx / 0 om / 0 (0.0%) gas / (0x0c0bd3c1e9d68b2ad59965b8da411641cc08a7c0497ac79b84fa00c92f0b4a1a) in 0.001s. Peers: 5","throwable":""}
{"timestamp":"2025-07-03T20:12:29,006","container":"ebdffaae6f6b","level":"INFO","thread":"EthScheduler-Workers-0","class":"PersistBlockTask","message":"Imported #724 / 0 tx / 0 om / 0 (0.0%) gas / (0x74f693c82aa7e7968b1b6e627df98b545dde3bc65637f9a0661356d7a6d7e0d2) in 0.001s. Peers: 5","throwable":""}
{"timestamp":"2025-07-03T20:12:37,005","container":"ebdffaae6f6b","level":"INFO","thread":"EthScheduler-Workers-0","class":"PersistBlockTask","message":"Imported #725 / 0 tx / 0 om / 0 (0.0%) gas / (0xe7ad91ac0bd9817da3f0b16161579386c444c3642a7ef746e21dcb2113fc11c4) in 0.000s. Peers: 5","throwable":""}
{"timestamp":"2025-07-03T20:12:46,923","container":"ebdffaae6f6b","level":"INFO","thread":"EthScheduler-Workers-0","class":"PersistBlockTask","message":"Imported #726 / 0 tx / 0 om / 0 (0.0%) gas / (0x750c5e03b053dd492b3a056cb3811c794a14d5fda23f7eaee34dc9b3ff78d300) in 0.001s. Peers: 5","throwable":""}
{"timestamp":"2025-07-03T20:12:55,008","container":"ebdffaae6f6b","level":"INFO","thread":"EthScheduler-Workers-0","class":"PersistBlockTask","message":"Imported #727 / 0 tx / 0 om / 0 (0.0%) gas / (0x53ef8bd054d976c1b32c319690326401562bed2200d714cb0d978db627eae0db) in 0.001s. Peers: 5","throwable":""}
{"timestamp":"2025-07-03T20:13:03,005","container":"ebdffaae6f6b","level":"INFO","thread":"EthScheduler-Workers-0","class":"PersistBlockTask","message":"Imported #728 / 0 tx / 0 om / 0 (0.0%) gas / (0x1060d8bb818266a5bb4fcd3da53cf6a00f00eec3e50146996dc574d2deba2678) in 0.001s. Peers: 5","throwable":""}
{"timestamp":"2025-07-03T20:13:11,007","container":"ebdffaae6f6b","level":"INFO","thread":"EthScheduler-Workers-0","class":"PersistBlockTask","message":"Imported #729 / 0 tx / 0 om / 0 (0.0%) gas / (0xb2778a3a8f2c5736537b31f0a3914513775b6ebcd2eb0c555e21d043aa7d3e09) in 0.001s. Peers: 5","throwable":""}
{"timestamp":"2025-07-03T20:13:20,973","container":"ebdffaae6f6b","level":"INFO","thread":"EthScheduler-Workers-0","class":"PersistBlockTask","message":"Imported #730 / 0 tx / 0 om / 0 (0.0%) gas / (0x8660d18fe9e81b9986697ba0475741f71fadf5b3071c21d29b4c0aad9b723e2b) in 0.001s. Peers: 5","throwable":""}
{"timestamp":"2025-07-03T20:13:29,006","container":"ebdffaae6f6b","level":"INFO","thread":"EthScheduler-Workers-0","class":"PersistBlockTask","message":"Imported #731 / 0 tx / 0 om / 0 (0.0%) gas / (0x59e2db709a362914215dca37a347bdf8bcf06eb69af1914e292eb884cac06fa6) in 0.000s. Peers: 5","throwable":""}
{"timestamp":"2025-07-03T20:13:37,006","container":"ebdffaae6f6b","level":"INFO","thread":"EthScheduler-Workers-0","class":"PersistBlockTask","message":"Imported #732 / 0 tx / 0 om / 0 (0.0%) gas / (0x84b51a846df6d887becabf33636d84526fd009b1612b90f39e277b6e118d0499) in 0.000s. Peers: 5","throwable":""}
{"timestamp":"2025-07-03T20:13:45,009","container":"ebdffaae6f6b","level":"INFO","thread":"EthScheduler-Workers-0","class":"PersistBlockTask","message":"Imported #733 / 0 tx / 0 om / 0 (0.0%) gas / (0xf7c288a9554fd1080f31a397cae1239bbcc869f28bd71d8eb0a5c9a99dcad5b9) in 0.001s. Peers: 5","throwable":""}
{"timestamp":"2025-07-03T20:13:54,970","container":"ebdffaae6f6b","level":"INFO","thread":"EthScheduler-Workers-0","class":"PersistBlockTask","message":"Imported #734 / 0 tx / 0 om / 0 (0.0%) gas / (0x486f9f620af9a64753b6881531ea378bbdcb962b4c7cced3211ec72c53989930) in 0.000s. Peers: 5","throwable":""}
{"timestamp":"2025-07-03T20:14:03,006","container":"ebdffaae6f6b","level":"INFO","thread":"EthScheduler-Workers-0","class":"PersistBlockTask","message":"Imported #735 / 0 tx / 0 om / 0 (0.0%) gas / (0x17e34b00c071fddfdcf6e7caf7aebd942e1174ae64a9b83e97dac94d3fc2af06) in 0.000s. Peers: 5","throwable":""}
{"timestamp":"2025-07-03T20:14:11,007","container":"ebdffaae6f6b","level":"INFO","thread":"EthScheduler-Workers-0","class":"PersistBlockTask","message":"Imported #736 / 0 tx / 0 om / 0 (0.0%) gas / (0x7fa02402eeb0e67fb2db4e860702041443075df01fcc9411bc64a50c3bcdf7b4) in 0.001s. Peers: 5","throwable":""}
{"timestamp":"2025-07-03T20:14:19,008","container":"ebdffaae6f6b","level":"INFO","thread":"EthScheduler-Workers-0","class":"PersistBlockTask","message":"Imported #737 / 0 tx / 0 om / 0 (0.0%) gas / (0x89f4de52fc61ff341832f3ee5464918b91772a2029df5ddbecd2c34a0a977bc4) in 0.001s. Peers: 5","throwable":""}
{"timestamp":"2025-07-03T20:14:29,143","container":"ebdffaae6f6b","level":"INFO","thread":"EthScheduler-Workers-0","class":"PersistBlockTask","message":"Imported #738 / 0 tx / 0 om / 0 (0.0%) gas / (0x291cb5a72173796556876db1c99c5251a5af13a6d5ef182755a30a351d724dd1) in 0.001s. Peers: 5","throwable":""}
{"timestamp":"2025-07-03T20:14:37,007","container":"ebdffaae6f6b","level":"INFO","thread":"EthScheduler-Workers-0","class":"PersistBlockTask","message":"Imported #739 / 0 tx / 0 om / 0 (0.0%) gas / (0xe27bc7958e1ea2a1ee61f1b55a42a977e81adacb632d825a7fa4691ca3843467) in 0.001s. Peers: 5","throwable":""}
{"timestamp":"2025-07-03T20:14:45,005","container":"ebdffaae6f6b","level":"INFO","thread":"EthScheduler-Workers-0","class":"PersistBlockTask","message":"Imported #740 / 0 tx / 0 om / 0 (0.0%) gas / (0x0105e70773b7043c57b90dc9b28691b747ff1b8a18f4d666dd936b9ca5b843e7) in 0.000s. Peers: 5","throwable":""}
{"timestamp":"2025-07-03T20:14:53,007","container":"ebdffaae6f6b","level":"INFO","thread":"EthScheduler-Workers-0","class":"PersistBlockTask","message":"Imported #741 / 0 tx / 0 om / 0 (0.0%) gas / (0xc3cfac4e3e6d79f69bdbb6b83ae005d8a323b130fd6801c30e3f6686a102429d) in 0.000s. Peers: 5","throwable":""}
{"timestamp":"2025-07-03T20:15:03,138","container":"ebdffaae6f6b","level":"INFO","thread":"EthScheduler-Workers-0","class":"PersistBlockTask","message":"Imported #742 / 0 tx / 0 om / 0 (0.0%) gas / (0x2ee02551eb1b8e6dfd765a89cb9c8bfa9a45369cebc42bc92eaf8fa309290777) in 0.001s. Peers: 5","throwable":""}
{"timestamp":"2025-07-03T20:15:11,006","container":"ebdffaae6f6b","level":"INFO","thread":"EthScheduler-Workers-0","class":"PersistBlockTask","message":"Imported #743 / 0 tx / 0 om / 0 (0.0%) gas / (0x56ec2783e0a97ac0ff580f0bc0e6c96711a7c2b6cd3586e963f091211d0a12a3) in 0.000s. Peers: 5","throwable":""}
{"timestamp":"2025-07-03T20:15:19,009","container":"ebdffaae6f6b","level":"INFO","thread":"EthScheduler-Workers-0","class":"PersistBlockTask","message":"Imported #744 / 0 tx / 0 om / 0 (0.0%) gas / (0x7cbb212a349c83a0991c3c249d06c488b06180dc6f04c646f70887bc5dcea780) in 0.001s. Peers: 5","throwable":""}
{"timestamp":"2025-07-03T20:15:27,006","container":"ebdffaae6f6b","level":"INFO","thread":"EthScheduler-Workers-0","class":"PersistBlockTask","message":"Imported #745 / 0 tx / 0 om / 0 (0.0%) gas / (0x3f5d54894f1e1fdf9047abacd2de23d30384ed2fa6009f5144564dbfaa3ed4b6) in 0.001s. Peers: 5","throwable":""}
{"timestamp":"2025-07-03T20:15:37,080","container":"ebdffaae6f6b","level":"INFO","thread":"EthScheduler-Workers-0","class":"PersistBlockTask","message":"Imported #746 / 0 tx / 0 om / 0 (0.0%) gas / (0x6b1dc3ae070fc031ea4e58ac4beba36f86a9a94505de3911ba333ae4ba6c1b67) in 0.001s. Peers: 5","throwable":""}
{"timestamp":"2025-07-03T20:15:45,008","container":"ebdffaae6f6b","level":"INFO","thread":"EthScheduler-Workers-0","class":"PersistBlockTask","message":"Imported #747 / 0 tx / 0 om / 0 (0.0%) gas / (0x15cbf462c17ac07b901ea6af65bad0064742f1c2061b6b837afd792c72027ec9) in 0.001s. Peers: 5","throwable":""}
{"timestamp":"2025-07-03T20:15:53,007","container":"ebdffaae6f6b","level":"INFO","thread":"EthScheduler-Workers-0","class":"PersistBlockTask","message":"Imported #748 / 0 tx / 0 om / 0 (0.0%) gas / (0x65d0a6717b7d648a8b5185dc0786ebba80bb29c2422a7a3e24102fe1e7c4e912) in 0.001s. Peers: 5","throwable":""}
{"timestamp":"2025-07-03T20:16:01,008","container":"ebdffaae6f6b","level":"INFO","thread":"EthScheduler-Workers-0","class":"PersistBlockTask","message":"Imported #749 / 0 tx / 0 om / 0 (0.0%) gas / (0x5a9eef74ebe2bc85862d1b936a947c4116218ce0dbdfc98a8aa99e5767d062b2) in 0.001s. Peers: 5","throwable":""}
{"timestamp":"2025-07-03T20:16:11,096","container":"ebdffaae6f6b","level":"INFO","thread":"EthScheduler-Workers-0","class":"PersistBlockTask","message":"Imported #750 / 0 tx / 0 om / 0 (0.0%) gas / (0x7a872a55725509e1eb963bbfe62588ca5af961737724aef42c8c82976a220f04) in 0.001s. Peers: 5","throwable":""}
{"timestamp":"2025-07-03T20:16:19,008","container":"ebdffaae6f6b","level":"INFO","thread":"EthScheduler-Workers-0","class":"PersistBlockTask","message":"Imported #751 / 0 tx / 0 om / 0 (0.0%) gas / (0x0afded363fb5665225d05fd9807db82dbaf72869da2da66ffa50f8b2659ec4d3) in 0.001s. Peers: 5","throwable":""}
{"timestamp":"2025-07-03T20:16:27,006","container":"ebdffaae6f6b","level":"INFO","thread":"EthScheduler-Workers-0","class":"PersistBlockTask","message":"Imported #752 / 0 tx / 0 om / 0 (0.0%) gas / (0x38a4e521b13d762adf04ca27dc999bc55788e00c7c4ec7c1f1f5cf68ca5f770b) in 0.001s. Peers: 5","throwable":""}
{"timestamp":"2025-07-03T20:16:35,008","container":"ebdffaae6f6b","level":"INFO","thread":"EthScheduler-Workers-0","class":"PersistBlockTask","message":"Imported #753 / 0 tx / 0 om / 0 (0.0%) gas / (0xeee4bb9c6caa0488b79d43a98607b60c10cd48985a2a4463ce5017d3f178f149) in 0.001s. Peers: 5","throwable":""}
{"timestamp":"2025-07-03T20:16:45,123","container":"ebdffaae6f6b","level":"INFO","thread":"EthScheduler-Workers-0","class":"PersistBlockTask","message":"Imported #754 / 0 tx / 0 om / 0 (0.0%) gas / (0x2eed7853bd2b1c7130024c07d69549d78c02120b636a552395a10f137248df60) in 0.001s. Peers: 5","throwable":""}
{"timestamp":"2025-07-03T20:16:53,008","container":"ebdffaae6f6b","level":"INFO","thread":"EthScheduler-Workers-0","class":"PersistBlockTask","message":"Imported #755 / 0 tx / 0 om / 0 (0.0%) gas / (0x2a12fe4954aceaaacb344578cef0240199b2511cf58b9359f5e4d160913a37e2) in 0.001s. Peers: 5","throwable":""}
{"timestamp":"2025-07-03T20:17:01,009","container":"ebdffaae6f6b","level":"INFO","thread":"EthScheduler-Workers-0","class":"PersistBlockTask","message":"Imported #756 / 0 tx / 0 om / 0 (0.0%) gas / (0xd2388cf64149a6bc7f696dc4f023fa79c99e0637f739d0cf1125d626cdd9a8ee) in 0.001s. Peers: 5","throwable":""}
{"timestamp":"2025-07-03T20:17:09,008","container":"ebdffaae6f6b","level":"INFO","thread":"EthScheduler-Workers-0","class":"PersistBlockTask","message":"Imported #757 / 0 tx / 0 om / 0 (0.0%) gas / (0x03b27475af69c7769472f134aee8c27458539f54d2aa990249a286facef7f10e) in 0.001s. Peers: 5","throwable":""}
{"timestamp":"2025-07-03T20:17:19,094","container":"ebdffaae6f6b","level":"INFO","thread":"EthScheduler-Workers-0","class":"PersistBlockTask","message":"Imported #758 / 0 tx / 0 om / 0 (0.0%) gas / (0x736a0106e2b1163c7f1b61a8cc568449059fe0b33aef19bd5c18a1266a82cef0) in 0.001s. Peers: 5","throwable":""}
{"timestamp":"2025-07-03T20:17:27,005","container":"ebdffaae6f6b","level":"INFO","thread":"EthScheduler-Workers-0","class":"PersistBlockTask","message":"Imported #759 / 0 tx / 0 om / 0 (0.0%) gas / (0xe6cdd1f0461b5f1998cbbe14b5b4d097dc984b18edef063fb77c906263ab663d) in 0.001s. Peers: 5","throwable":""}
{"timestamp":"2025-07-03T20:17:35,007","container":"ebdffaae6f6b","level":"INFO","thread":"EthScheduler-Workers-0","class":"PersistBlockTask","message":"Imported #760 / 0 tx / 0 om / 0 (0.0%) gas / (0x14c680f250a7ab35f556b50b4520de9d1235bdd33d17e3573489d3a2fa9043df) in 0.000s. Peers: 5","throwable":""}
{"timestamp":"2025-07-03T20:17:43,006","container":"ebdffaae6f6b","level":"INFO","thread":"EthScheduler-Workers-0","class":"PersistBlockTask","message":"Imported #761 / 0 tx / 0 om / 0 (0.0%) gas / (0xfe248c474d276f95c78b9d33895a12d3a1063995c8a6dd84bfc74925d12d7d5e) in 0.001s. Peers: 5","throwable":""}
{"timestamp":"2025-07-03T20:17:53,083","container":"ebdffaae6f6b","level":"INFO","thread":"EthScheduler-Workers-0","class":"PersistBlockTask","message":"Imported #762 / 0 tx / 0 om / 0 (0.0%) gas / (0xde3712d39cbce5dd37c7ff9824fbca1566d204101c0d60c33f17e0792295b376) in 0.001s. Peers: 5","throwable":""}
{"timestamp":"2025-07-03T20:18:01,008","container":"ebdffaae6f6b","level":"INFO","thread":"EthScheduler-Workers-0","class":"PersistBlockTask","message":"Imported #763 / 0 tx / 0 om / 0 (0.0%) gas / (0xaba7a36876d4e791bf7d0ee0f9733921ee52f47114cf24a68a6291ff48c8d1b9) in 0.001s. Peers: 5","throwable":""}
{"timestamp":"2025-07-03T20:18:09,006","container":"ebdffaae6f6b","level":"INFO","thread":"EthScheduler-Workers-0","class":"PersistBlockTask","message":"Imported #764 / 0 tx / 0 om / 0 (0.0%) gas / (0xce9bdc3a517645fe3e4d8079fd441b6faa1c8ab98a7a358702ff1a12512c3034) in 0.001s. Peers: 5","throwable":""}
{"timestamp":"2025-07-03T20:18:17,008","container":"ebdffaae6f6b","level":"INFO","thread":"EthScheduler-Workers-0","class":"PersistBlockTask","message":"Imported #765 / 0 tx / 0 om / 0 (0.0%) gas / (0x2c01da13298e54a2b7d15776107fc11a36f77f742d5c32a6f808b17aa1f56ccf) in 0.001s. Peers: 5","throwable":""}
{"timestamp":"2025-07-03T20:18:27,065","container":"ebdffaae6f6b","level":"INFO","thread":"EthScheduler-Workers-0","class":"PersistBlockTask","message":"Imported #766 / 0 tx / 0 om / 0 (0.0%) gas / (0xac31953302fd1ab022a435ad3064b4574b9fbe0eef29051e0f03dd0790c0038b) in 0.001s. Peers: 5","throwable":""}
{"timestamp":"2025-07-03T20:18:35,007","container":"ebdffaae6f6b","level":"INFO","thread":"EthScheduler-Workers-0","class":"PersistBlockTask","message":"Imported #767 / 0 tx / 0 om / 0 (0.0%) gas / (0xf92f56daa6513b18ff5e81843904c293a5518cf11c315c179976d0caa7076505) in 0.001s. Peers: 5","throwable":""}
{"timestamp":"2025-07-03T20:18:43,007","container":"ebdffaae6f6b","level":"INFO","thread":"EthScheduler-Workers-0","class":"PersistBlockTask","message":"Imported #768 / 0 tx / 0 om / 0 (0.0%) gas / (0x622b6dc9bb415903c3a75f68143ebba5a1359293b4646e4b506f904bf66519fa) in 0.001s. Peers: 5","throwable":""}
{"timestamp":"2025-07-03T20:18:51,007","container":"ebdffaae6f6b","level":"INFO","thread":"EthScheduler-Workers-0","class":"PersistBlockTask","message":"Imported #769 / 0 tx / 0 om / 0 (0.0%) gas / (0x5ee22d4be79ba52fa5c8eb9520deae82334e27ea11b5aa276d105d92b1b8151c) in 0.001s. Peers: 5","throwable":""}
{"timestamp":"2025-07-03T20:19:01,071","container":"ebdffaae6f6b","level":"INFO","thread":"EthScheduler-Workers-0","class":"PersistBlockTask","message":"Imported #770 / 0 tx / 0 om / 0 (0.0%) gas / (0x083a1596499864c61d1c49b107d26f616d684429d8e476c54c19dfb1590c1224) in 0.001s. Peers: 5","throwable":""}
{"timestamp":"2025-07-03T20:19:09,008","container":"ebdffaae6f6b","level":"INFO","thread":"EthScheduler-Workers-0","class":"PersistBlockTask","message":"Imported #771 / 0 tx / 0 om / 0 (0.0%) gas / (0x5081562d992182668ca520ee06aa84ac4ac1f03289f5e4b3285f1c9ed88c148c) in 0.001s. Peers: 5","throwable":""}
{"timestamp":"2025-07-03T20:19:17,006","container":"ebdffaae6f6b","level":"INFO","thread":"EthScheduler-Workers-0","class":"PersistBlockTask","message":"Imported #772 / 0 tx / 0 om / 0 (0.0%) gas / (0xdb0b3dc565e64f7d4676c32fab28a609557edb4ec05ecd1201b197496747bec4) in 0.001s. Peers: 5","throwable":""}
{"timestamp":"2025-07-03T20:19:25,008","container":"ebdffaae6f6b","level":"INFO","thread":"EthScheduler-Workers-0","class":"PersistBlockTask","message":"Imported #773 / 0 tx / 0 om / 0 (0.0%) gas / (0xea79a919d6824b233071b2eb100fa35f1f75b924960db13d1a31632aa9436e5a) in 0.001s. Peers: 5","throwable":""}
{"timestamp":"2025-07-03T20:19:35,026","container":"ebdffaae6f6b","level":"INFO","thread":"EthScheduler-Workers-0","class":"PersistBlockTask","message":"Imported #774 / 0 tx / 0 om / 0 (0.0%) gas / (0x3d48d79c6d228a67bb2d0dee6d5c84bf60cb6d710db5efc5f3f063b407f9d137) in 0.001s. Peers: 5","throwable":""}
{"timestamp":"2025-07-03T20:19:43,005","container":"ebdffaae6f6b","level":"INFO","thread":"EthScheduler-Workers-0","class":"PersistBlockTask","message":"Imported #775 / 0 tx / 0 om / 0 (0.0%) gas / (0xb192306268df03236ccce8e264303f89fd04235073868fa88ce2582a854af861) in 0.000s. Peers: 5","throwable":""}
{"timestamp":"2025-07-03T20:19:51,009","container":"ebdffaae6f6b","level":"INFO","thread":"EthScheduler-Workers-0","class":"PersistBlockTask","message":"Imported #776 / 0 tx / 0 om / 0 (0.0%) gas / (0x39269071c0b2812e8cf9284fd05810840327494f8f038facd69c46c63fe449f0) in 0.001s. Peers: 5","throwable":""}
{"timestamp":"2025-07-03T20:19:59,009","container":"ebdffaae6f6b","level":"INFO","thread":"EthScheduler-Workers-0","class":"PersistBlockTask","message":"Imported #777 / 0 tx / 0 om / 0 (0.0%) gas / (0x65508d1237dceefd433d7e0c7908a5978fe1bb9a1f586eb424a1233e361f478a) in 0.001s. Peers: 5","throwable":""}
{"timestamp":"2025-07-03T20:20:08,976","container":"ebdffaae6f6b","level":"INFO","thread":"EthScheduler-Workers-0","class":"PersistBlockTask","message":"Imported #778 / 0 tx / 0 om / 0 (0.0%) gas / (0xb3ba1792fd4b8230fdc33a48a81ad3c0828d1d864d57feda35c99b0242d552c4) in 0.001s. Peers: 5","throwable":""}
{"timestamp":"2025-07-03T20:20:17,007","container":"ebdffaae6f6b","level":"INFO","thread":"EthScheduler-Workers-0","class":"PersistBlockTask","message":"Imported #779 / 0 tx / 0 om / 0 (0.0%) gas / (0x98b6f7df46b27288744b97f388dbcc37cbc57ea3f02752f09196dd236ef71744) in 0.001s. Peers: 5","throwable":""}
{"timestamp":"2025-07-03T20:20:25,006","container":"ebdffaae6f6b","level":"INFO","thread":"EthScheduler-Workers-0","class":"PersistBlockTask","message":"Imported #780 / 0 tx / 0 om / 0 (0.0%) gas / (0x08cad80a502222a345c3511b6900fe7ffa1b2bf5d7ddc2bf56196ebfb5d71da4) in 0.001s. Peers: 5","throwable":""}
{"timestamp":"2025-07-03T20:20:33,008","container":"ebdffaae6f6b","level":"INFO","thread":"EthScheduler-Workers-0","class":"PersistBlockTask","message":"Imported #781 / 0 tx / 0 om / 0 (0.0%) gas / (0x579a59b1c417cc96ab0e475a550e74fedf73a9e1832d972be7000ea8de0aa2fe) in 0.001s. Peers: 5","throwable":""}
{"timestamp":"2025-07-03T20:20:43,020","container":"ebdffaae6f6b","level":"INFO","thread":"EthScheduler-Workers-0","class":"PersistBlockTask","message":"Imported #782 / 0 tx / 0 om / 0 (0.0%) gas / (0xe7cef271b737cdfde224bc4f58607e44d6182a392e6f0ea196f16c7b7cdbcbe4) in 0.001s. Peers: 5","throwable":""}
{"timestamp":"2025-07-03T20:20:51,007","container":"ebdffaae6f6b","level":"INFO","thread":"EthScheduler-Workers-0","class":"PersistBlockTask","message":"Imported #783 / 0 tx / 0 om / 0 (0.0%) gas / (0xb6df4eba290b04cf93b648c28d54e27b6256e74629053d42c3e420cae58dfc12) in 0.001s. Peers: 5","throwable":""}
{"timestamp":"2025-07-03T20:20:59,007","container":"ebdffaae6f6b","level":"INFO","thread":"EthScheduler-Workers-0","class":"PersistBlockTask","message":"Imported #784 / 0 tx / 0 om / 0 (0.0%) gas / (0xec658385128caf7ee62291b059c1db3d47538510160d692b053bc35d5c267f75) in 0.001s. Peers: 5","throwable":""}
{"timestamp":"2025-07-03T20:21:07,006","container":"ebdffaae6f6b","level":"INFO","thread":"EthScheduler-Workers-0","class":"PersistBlockTask","message":"Imported #785 / 0 tx / 0 om / 0 (0.0%) gas / (0x5394befbbe628547e31063ab3a7ad9e65bf4150f8ab6cb2d1b8965eadd0f4896) in 0.001s. Peers: 5","throwable":""}
{"timestamp":"2025-07-03T20:21:16,902","container":"ebdffaae6f6b","level":"INFO","thread":"EthScheduler-Workers-0","class":"PersistBlockTask","message":"Imported #786 / 0 tx / 0 om / 0 (0.0%) gas / (0x2d323435deb7f628a86fadb14ce5179ea229929ecfdb9965d84631bc29c8b8aa) in 0.001s. Peers: 5","throwable":""}
{"timestamp":"2025-07-03T20:21:25,008","container":"ebdffaae6f6b","level":"INFO","thread":"EthScheduler-Workers-0","class":"PersistBlockTask","message":"Imported #787 / 0 tx / 0 om / 0 (0.0%) gas / (0x2ef112dade170844a369348995aa4a86c6393b5e7bc6d08ad20622dda1618e2a) in 0.001s. Peers: 5","throwable":""}
{"timestamp":"2025-07-03T20:21:33,005","container":"ebdffaae6f6b","level":"INFO","thread":"EthScheduler-Workers-0","class":"PersistBlockTask","message":"Imported #788 / 0 tx / 0 om / 0 (0.0%) gas / (0xc6da661fb17ac625f9efdd741faa3440fe2b26fc6135412a63bbf012c802b9cc) in 0.000s. Peers: 5","throwable":""}
{"timestamp":"2025-07-03T20:21:41,008","container":"ebdffaae6f6b","level":"INFO","thread":"EthScheduler-Workers-0","class":"PersistBlockTask","message":"Imported #789 / 0 tx / 0 om / 0 (0.0%) gas / (0x8472c616402c68f1831d4cab61bc7cfc238a46c61b400ceaa1ee80774d8e0652) in 0.001s. Peers: 5","throwable":""}
{"timestamp":"2025-07-03T20:21:50,856","container":"ebdffaae6f6b","level":"INFO","thread":"EthScheduler-Workers-0","class":"PersistBlockTask","message":"Imported #790 / 0 tx / 0 om / 0 (0.0%) gas / (0xb3d9ced7fa25fdbf61cbda383a5520d6c1efd3e5bbd021d51a2bd91d2f7bb6cc) in 0.001s. Peers: 5","throwable":""}
{"timestamp":"2025-07-03T20:21:59,007","container":"ebdffaae6f6b","level":"INFO","thread":"EthScheduler-Workers-0","class":"PersistBlockTask","message":"Imported #791 / 0 tx / 0 om / 0 (0.0%) gas / (0xf6a5192e1a4908454fe1909b8c27e0047703af168efe5664b1c8862f36246067) in 0.001s. Peers: 5","throwable":""}
{"timestamp":"2025-07-03T20:22:07,008","container":"ebdffaae6f6b","level":"INFO","thread":"EthScheduler-Workers-0","class":"PersistBlockTask","message":"Imported #792 / 0 tx / 0 om / 0 (0.0%) gas / (0x542d66966c4e1645868c7e96e971ff625d51db17ed67a152d0f55e9fcad6bca3) in 0.001s. Peers: 5","throwable":""}
{"timestamp":"2025-07-03T20:22:15,007","container":"ebdffaae6f6b","level":"INFO","thread":"EthScheduler-Workers-0","class":"PersistBlockTask","message":"Imported #793 / 0 tx / 0 om / 0 (0.0%) gas / (0xceeb380a554c9def6284018292580c8abb68bc14b6996e18c626ffd214879688) in 0.001s. Peers: 5","throwable":""}
{"timestamp":"2025-07-03T20:22:24,861","container":"ebdffaae6f6b","level":"INFO","thread":"EthScheduler-Workers-0","class":"PersistBlockTask","message":"Imported #794 / 0 tx / 0 om / 0 (0.0%) gas / (0x46e8a04f506d98075ea2a48ed3c969430fb06d89af37c006e1ea4d3eb44c547d) in 0.001s. Peers: 5","throwable":""}
{"timestamp":"2025-07-03T20:22:33,008","container":"ebdffaae6f6b","level":"INFO","thread":"EthScheduler-Workers-0","class":"PersistBlockTask","message":"Imported #795 / 0 tx / 0 om / 0 (0.0%) gas / (0x14e5fdc83f5cd43b714b1cb6cde7340dfd4e059bab80032e77e0ed41335e409e) in 0.001s. Peers: 5","throwable":""}
{"timestamp":"2025-07-03T20:22:41,010","container":"ebdffaae6f6b","level":"INFO","thread":"EthScheduler-Workers-0","class":"PersistBlockTask","message":"Imported #796 / 0 tx / 0 om / 0 (0.0%) gas / (0x13bb99b2175f7c24c263d21e94d62c6b156a7d43c03606a3a472432328f4c29d) in 0.001s. Peers: 5","throwable":""}
{"timestamp":"2025-07-03T20:22:49,008","container":"ebdffaae6f6b","level":"INFO","thread":"EthScheduler-Workers-0","class":"PersistBlockTask","message":"Imported #797 / 0 tx / 0 om / 0 (0.0%) gas / (0xd9cfa2647733f34949087b9c4fef6566fe4c594ecfc4cc53797c6886eb3405a2) in 0.001s. Peers: 5","throwable":""}
{"timestamp":"2025-07-03T20:22:57,007","container":"ebdffaae6f6b","level":"INFO","thread":"EthScheduler-Workers-0","class":"PersistBlockTask","message":"Imported #798 / 0 tx / 0 om / 0 (0.0%) gas / (0x01f84a6c79c4ec21e2b808aa8cfc4482d580d1d4b402c2e9e900c88f861dadb3) in 0.001s. Peers: 5","throwable":""}
{"timestamp":"2025-07-03T20:23:05,008","container":"ebdffaae6f6b","level":"INFO","thread":"EthScheduler-Workers-0","class":"PersistBlockTask","message":"Imported #799 / 0 tx / 0 om / 0 (0.0%) gas / (0xeee4e0ad398253fab3ca680bfbf487f01f702af18c2f83f26c3b61edd9455b07) in 0.001s. Peers: 5","throwable":""}
{"timestamp":"2025-07-03T20:23:13,006","container":"ebdffaae6f6b","level":"INFO","thread":"EthScheduler-Workers-0","class":"PersistBlockTask","message":"Imported #800 / 0 tx / 0 om / 0 (0.0%) gas / (0x82383dc313de78abfb39a4e3b78ebc0af28a62ad9d7a3f0f7803413d7a2624f5) in 0.001s. Peers: 5","throwable":""}
{"timestamp":"2025-07-03T20:23:21,008","container":"ebdffaae6f6b","level":"INFO","thread":"EthScheduler-Workers-0","class":"PersistBlockTask","message":"Imported #801 / 0 tx / 0 om / 0 (0.0%) gas / (0x9c4fdd608c2bc1128643ec18c0cc4ff345852708186f072e4ed642db501877d1) in 0.001s. Peers: 5","throwable":""}
{"timestamp":"2025-07-03T20:23:31,060","container":"ebdffaae6f6b","level":"INFO","thread":"EthScheduler-Workers-0","class":"PersistBlockTask","message":"Imported #802 / 0 tx / 0 om / 0 (0.0%) gas / (0x4644cde967bc92d2bc313787076132d62e77eac83895e9c66a17768ea828fab7) in 0.000s. Peers: 5","throwable":""}
{"timestamp":"2025-07-03T20:23:39,009","container":"ebdffaae6f6b","level":"INFO","thread":"EthScheduler-Workers-0","class":"PersistBlockTask","message":"Imported #803 / 0 tx / 0 om / 0 (0.0%) gas / (0x63cc3071c31986e3b70f41124bc0e7a3a410e974ea43a7ef287204e58b7ce360) in 0.001s. Peers: 5","throwable":""}
{"timestamp":"2025-07-03T20:23:47,007","container":"ebdffaae6f6b","level":"INFO","thread":"EthScheduler-Workers-0","class":"PersistBlockTask","message":"Imported #804 / 0 tx / 0 om / 0 (0.0%) gas / (0xd2424678d1697681744d4ed5afee4a1e67f7bd77dd1c5cdda0de77dd6f1796e9) in 0.001s. Peers: 5","throwable":""}
{"timestamp":"2025-07-03T20:23:55,006","container":"ebdffaae6f6b","level":"INFO","thread":"EthScheduler-Workers-0","class":"PersistBlockTask","message":"Imported #805 / 0 tx / 0 om / 0 (0.0%) gas / (0x84e2498a935b2ece869976f77ef9361b071280f07fc2154621655f4d0eee266b) in 0.001s. Peers: 5","throwable":""}
{"timestamp":"2025-07-03T20:24:03,008","container":"ebdffaae6f6b","level":"INFO","thread":"EthScheduler-Workers-0","class":"PersistBlockTask","message":"Imported #806 / 0 tx / 0 om / 0 (0.0%) gas / (0xffcde6b13b5bd654159fe4be7b13ad041ac69599c4ff5a13c88c833aa5c41103) in 0.001s. Peers: 5","throwable":""}
{"timestamp":"2025-07-03T20:24:12,876","container":"ebdffaae6f6b","level":"INFO","thread":"EthScheduler-Workers-0","class":"PersistBlockTask","message":"Imported #807 / 0 tx / 0 om / 0 (0.0%) gas / (0x226a8ec391bd08ab13c20ee868c3545b767d8f6429f2c795a53dcc63e6f35c9f) in 0.000s. Peers: 5","throwable":""}
{"timestamp":"2025-07-03T20:24:21,009","container":"ebdffaae6f6b","level":"INFO","thread":"EthScheduler-Workers-0","class":"PersistBlockTask","message":"Imported #808 / 0 tx / 0 om / 0 (0.0%) gas / (0xb46107f0d05ffe11bd674ccc47f5677a0577f76677ce509bdf1f847cc4527df5) in 0.001s. Peers: 5","throwable":""}
{"timestamp":"2025-07-03T20:24:29,007","container":"ebdffaae6f6b","level":"INFO","thread":"EthScheduler-Workers-0","class":"PersistBlockTask","message":"Imported #809 / 0 tx / 0 om / 0 (0.0%) gas / (0x575457a72a2b8f8b7a5d155e09b338805f0f4f865f1c505f0076728f921ab692) in 0.000s. Peers: 5","throwable":""}
{"timestamp":"2025-07-03T20:24:37,008","container":"ebdffaae6f6b","level":"INFO","thread":"EthScheduler-Workers-0","class":"PersistBlockTask","message":"Imported #810 / 0 tx / 0 om / 0 (0.0%) gas / (0xba0b6420cb4964de2ce7983009dacb87bf77a2bb96457e8cfca9d56797409506) in 0.001s. Peers: 5","throwable":""}
{"timestamp":"2025-07-03T20:24:46,962","container":"ebdffaae6f6b","level":"INFO","thread":"EthScheduler-Workers-0","class":"PersistBlockTask","message":"Imported #811 / 0 tx / 0 om / 0 (0.0%) gas / (0x5f0a93c3bfe024ed44380cd583d3e851512a7c9915a1e4054ff1a844fd51e7ca) in 0.001s. Peers: 5","throwable":""}
{"timestamp":"2025-07-03T20:24:55,007","container":"ebdffaae6f6b","level":"INFO","thread":"EthScheduler-Workers-0","class":"PersistBlockTask","message":"Imported #812 / 0 tx / 0 om / 0 (0.0%) gas / (0x5c5fa132069608ab51448d811183cd0da1fd57f007bc9eeb60748f8137a2e9ee) in 0.001s. Peers: 5","throwable":""}
{"timestamp":"2025-07-03T20:25:03,007","container":"ebdffaae6f6b","level":"INFO","thread":"EthScheduler-Workers-0","class":"PersistBlockTask","message":"Imported #813 / 0 tx / 0 om / 0 (0.0%) gas / (0xdd7dbdd7b5bcfe130ea3c7bff3da3fce42869d6492195e24ded66bbf285532aa) in 0.001s. Peers: 5","throwable":""}
{"timestamp":"2025-07-03T20:25:11,006","container":"ebdffaae6f6b","level":"INFO","thread":"EthScheduler-Workers-0","class":"PersistBlockTask","message":"Imported #814 / 0 tx / 0 om / 0 (0.0%) gas / (0xe6a54716ae506f65f15fe77d8a27876ad28eb3cd216eef170bda0e74327b0549) in 0.001s. Peers: 5","throwable":""}
{"timestamp":"2025-07-03T20:25:20,917","container":"ebdffaae6f6b","level":"INFO","thread":"EthScheduler-Workers-0","class":"PersistBlockTask","message":"Imported #815 / 0 tx / 0 om / 0 (0.0%) gas / (0xf0a81876af63ba1676df0f564b9295ba118377918a93afd372b1362ae8accd18) in 0.001s. Peers: 5","throwable":""}
{"timestamp":"2025-07-03T20:25:29,006","container":"ebdffaae6f6b","level":"INFO","thread":"EthScheduler-Workers-0","class":"PersistBlockTask","message":"Imported #816 / 0 tx / 0 om / 0 (0.0%) gas / (0x4870109e1436963ff70f18d4b131fcdc1491f1d942940cff3f65377a2ec90ab5) in 0.001s. Peers: 5","throwable":""}
{"timestamp":"2025-07-03T20:25:37,007","container":"ebdffaae6f6b","level":"INFO","thread":"EthScheduler-Workers-0","class":"PersistBlockTask","message":"Imported #817 / 0 tx / 0 om / 0 (0.0%) gas / (0x89cfb72bd0777751dbb3a2c1cdf98c3c933e6b21bedff725f5ce69c568ea7216) in 0.001s. Peers: 5","throwable":""}
{"timestamp":"2025-07-03T20:25:45,006","container":"ebdffaae6f6b","level":"INFO","thread":"EthScheduler-Workers-0","class":"PersistBlockTask","message":"Imported #818 / 0 tx / 0 om / 0 (0.0%) gas / (0x2486d5035ffc455c28b6bec3451cd9fccb54be96afd7301e55f9377375d9640d) in 0.001s. Peers: 5","throwable":""}
{"timestamp":"2025-07-03T20:25:55,513","container":"ebdffaae6f6b","level":"INFO","thread":"EthScheduler-Workers-0","class":"PersistBlockTask","message":"Imported #819 / 0 tx / 0 om / 0 (0.0%) gas / (0xd0e5487fcbaffdd6f888ac9706354ae2dd66dcb3303be3556c10f4616608a2b4) in 0.001s. Peers: 5","throwable":""}
{"timestamp":"2025-07-03T20:26:04,005","container":"ebdffaae6f6b","level":"INFO","thread":"EthScheduler-Workers-0","class":"PersistBlockTask","message":"Imported #820 / 0 tx / 0 om / 0 (0.0%) gas / (0x72489095434a79806433d62f97f9e522bf7336b37df79bfbed85f0e29bd5f734) in 0.000s. Peers: 5","throwable":""}
{"timestamp":"2025-07-03T20:26:12,007","container":"ebdffaae6f6b","level":"INFO","thread":"EthScheduler-Workers-0","class":"PersistBlockTask","message":"Imported #821 / 0 tx / 0 om / 0 (0.0%) gas / (0x6d67fb052fa29afb6fe95b22085f572c44bd3e0e95825a0b9a45e5048e6decd2) in 0.001s. Peers: 5","throwable":""}
{"timestamp":"2025-07-03T20:26:20,008","container":"ebdffaae6f6b","level":"INFO","thread":"EthScheduler-Workers-0","class":"PersistBlockTask","message":"Imported #822 / 0 tx / 0 om / 0 (0.0%) gas / (0x9547e82a39731e083f008c222342c7defbad03e30d07df432a20e1b21911361f) in 0.001s. Peers: 5","throwable":""}
{"timestamp":"2025-07-03T20:26:29,991","container":"ebdffaae6f6b","level":"INFO","thread":"EthScheduler-Workers-0","class":"PersistBlockTask","message":"Imported #823 / 0 tx / 0 om / 0 (0.0%) gas / (0x36a67decc3471eafd8f4e4b1003905dc3688f2f9bfb5492cbf879380449c9a9d) in 0.001s. Peers: 5","throwable":""}
{"timestamp":"2025-07-03T20:26:38,008","container":"ebdffaae6f6b","level":"INFO","thread":"EthScheduler-Workers-0","class":"PersistBlockTask","message":"Imported #824 / 0 tx / 0 om / 0 (0.0%) gas / (0x768e94e6bc3c974c0002e1326f1877dd535db6e5893bc66d91571708c5bac2ae) in 0.001s. Peers: 5","throwable":""}
{"timestamp":"2025-07-03T20:26:46,006","container":"ebdffaae6f6b","level":"INFO","thread":"EthScheduler-Workers-0","class":"PersistBlockTask","message":"Imported #825 / 0 tx / 0 om / 0 (0.0%) gas / (0xa1e6133afac322e82489ee2e60cfb4db6c53d41ed9015836b8e03ab378dc6541) in 0.000s. Peers: 5","throwable":""}
{"timestamp":"2025-07-03T20:26:54,007","container":"ebdffaae6f6b","level":"INFO","thread":"EthScheduler-Workers-0","class":"PersistBlockTask","message":"Imported #826 / 0 tx / 0 om / 0 (0.0%) gas / (0x21c923e085a8b914ce936f4eefcf203ddbf63e27db681159da4463126a4f8c46) in 0.001s. Peers: 5","throwable":""}
{"timestamp":"2025-07-03T20:27:04,036","container":"ebdffaae6f6b","level":"INFO","thread":"EthScheduler-Workers-0","class":"PersistBlockTask","message":"Imported #827 / 0 tx / 0 om / 0 (0.0%) gas / (0x2d25899d095b1e6522dbc3641df509420961ec7bab0009bbc5c2d49e9b49ee77) in 0.001s. Peers: 5","throwable":""}
{"timestamp":"2025-07-03T20:27:12,010","container":"ebdffaae6f6b","level":"INFO","thread":"EthScheduler-Workers-0","class":"PersistBlockTask","message":"Imported #828 / 0 tx / 0 om / 0 (0.0%) gas / (0xe75d196b023a653460cf965fc66aef050e93660365da935cbec0e1ee37653a0f) in 0.001s. Peers: 5","throwable":""}
{"timestamp":"2025-07-03T20:27:20,007","container":"ebdffaae6f6b","level":"INFO","thread":"EthScheduler-Workers-0","class":"PersistBlockTask","message":"Imported #829 / 0 tx / 0 om / 0 (0.0%) gas / (0x780f9f28618f177b0472073e4df737418fb61d5ddc5b60cdf2515df17ab75fb7) in 0.001s. Peers: 5","throwable":""}
{"timestamp":"2025-07-03T20:27:28,006","container":"ebdffaae6f6b","level":"INFO","thread":"EthScheduler-Workers-0","class":"PersistBlockTask","message":"Imported #830 / 0 tx / 0 om / 0 (0.0%) gas / (0x8f78a4274acdf8e74611e835dda16c10d5ba28297b1632ef952ad46cc3a5d34c) in 0.001s. Peers: 5","throwable":""}
{"timestamp":"2025-07-03T20:27:37,945","container":"ebdffaae6f6b","level":"INFO","thread":"EthScheduler-Workers-0","class":"PersistBlockTask","message":"Imported #831 / 0 tx / 0 om / 0 (0.0%) gas / (0x5ad5c14cfa5ed4df4149ca2d659dfe0ebcb39e8cf7a401ab56ccee5618ab1d9a) in 0.001s. Peers: 5","throwable":""}
{"timestamp":"2025-07-03T20:27:46,006","container":"ebdffaae6f6b","level":"INFO","thread":"EthScheduler-Workers-0","class":"PersistBlockTask","message":"Imported #832 / 0 tx / 0 om / 0 (0.0%) gas / (0x8987a8af5552a0b516aae5eb1b2675534fab18bc7faccf207c40abe8bcc70e9c) in 0.001s. Peers: 5","throwable":""}
{"timestamp":"2025-07-03T20:27:54,007","container":"ebdffaae6f6b","level":"INFO","thread":"EthScheduler-Workers-0","class":"PersistBlockTask","message":"Imported #833 / 0 tx / 0 om / 0 (0.0%) gas / (0xbb9f9324d47302b2c0c164602c3b2b6ce8e991af752c60262f725dd77f2f7e03) in 0.001s. Peers: 5","throwable":""}
{"timestamp":"2025-07-03T20:28:02,007","container":"ebdffaae6f6b","level":"INFO","thread":"EthScheduler-Workers-0","class":"PersistBlockTask","message":"Imported #834 / 0 tx / 0 om / 0 (0.0%) gas / (0xf487ec2ff5318902b040e6038cb4345385634fba51f8dc59f4a6c8c84df59c7d) in 0.001s. Peers: 5","throwable":""}
{"timestamp":"2025-07-03T20:28:12,107","container":"ebdffaae6f6b","level":"INFO","thread":"EthScheduler-Workers-0","class":"PersistBlockTask","message":"Imported #835 / 0 tx / 0 om / 0 (0.0%) gas / (0xf712a0bda77045ad535a4a7be7fa51862e3795fff1efe708fa9525240acb0937) in 0.001s. Peers: 5","throwable":""}
{"timestamp":"2025-07-03T20:28:20,006","container":"ebdffaae6f6b","level":"INFO","thread":"EthScheduler-Workers-0","class":"PersistBlockTask","message":"Imported #836 / 0 tx / 0 om / 0 (0.0%) gas / (0xe9169b968c50a38bad19b2edc3b9d816111caf0c8984d51289cf3fa321fdd47c) in 0.001s. Peers: 5","throwable":""}
{"timestamp":"2025-07-03T20:28:28,006","container":"ebdffaae6f6b","level":"INFO","thread":"EthScheduler-Workers-0","class":"PersistBlockTask","message":"Imported #837 / 0 tx / 0 om / 0 (0.0%) gas / (0xd76ab6005ecc92205bad6b090441500ef649784ed0e54b8fc4c2f62f84c1c919) in 0.001s. Peers: 5","throwable":""}
{"timestamp":"2025-07-03T20:28:36,007","container":"ebdffaae6f6b","level":"INFO","thread":"EthScheduler-Workers-0","class":"PersistBlockTask","message":"Imported #838 / 0 tx / 0 om / 0 (0.0%) gas / (0x677f124f7817647ac9818abd2891880d6f5d4c6e22e9cf832da2ba40d1677a25) in 0.001s. Peers: 5","throwable":""}
{"timestamp":"2025-07-03T20:28:45,983","container":"ebdffaae6f6b","level":"INFO","thread":"EthScheduler-Workers-0","class":"PersistBlockTask","message":"Imported #839 / 0 tx / 0 om / 0 (0.0%) gas / (0xd43bf260a3cb506172535750465c45962fed11fe9b28f1064f45f8abf6b43248) in 0.001s. Peers: 5","throwable":""}
{"timestamp":"2025-07-03T20:28:54,008","container":"ebdffaae6f6b","level":"INFO","thread":"EthScheduler-Workers-0","class":"PersistBlockTask","message":"Imported #840 / 0 tx / 0 om / 0 (0.0%) gas / (0x9bdd3f36e991f4818509f56d580b7a43136040a5c7ef00798fbb4847fd91538b) in 0.001s. Peers: 5","throwable":""}
{"timestamp":"2025-07-03T20:29:02,008","container":"ebdffaae6f6b","level":"INFO","thread":"EthScheduler-Workers-0","class":"PersistBlockTask","message":"Imported #841 / 0 tx / 0 om / 0 (0.0%) gas / (0xa6cc65f9ad536ae034222870036ff64176f8116076ea617356791ea3b5004f9b) in 0.001s. Peers: 5","throwable":""}
{"timestamp":"2025-07-03T20:29:10,007","container":"ebdffaae6f6b","level":"INFO","thread":"EthScheduler-Workers-0","class":"PersistBlockTask","message":"Imported #842 / 0 tx / 0 om / 0 (0.0%) gas / (0x3918bed978b949e25216a6967d2e9e6dd661929f6b287049c87efcd2a860ddaf) in 0.001s. Peers: 5","throwable":""}
{"timestamp":"2025-07-03T20:29:20,007","container":"ebdffaae6f6b","level":"INFO","thread":"EthScheduler-Workers-0","class":"PersistBlockTask","message":"Imported #843 / 0 tx / 0 om / 0 (0.0%) gas / (0x64d5774bb6c6f96d473daf58fde9be4672fbf9ce53830e317c470ec7f79932c8) in 0.000s. Peers: 5","throwable":""}
{"timestamp":"2025-07-03T20:29:28,008","container":"ebdffaae6f6b","level":"INFO","thread":"EthScheduler-Workers-0","class":"PersistBlockTask","message":"Imported #844 / 0 tx / 0 om / 0 (0.0%) gas / (0xb98b7a107d7303c0a3fe88d4a7389c7f811b245cc88ef2a3319c171fb56a9283) in 0.001s. Peers: 5","throwable":""}
{"timestamp":"2025-07-03T20:29:36,008","container":"ebdffaae6f6b","level":"INFO","thread":"EthScheduler-Workers-0","class":"PersistBlockTask","message":"Imported #845 / 0 tx / 0 om / 0 (0.0%) gas / (0x79f4b7399851bb376983bf7efb214eae0843d45fe333a4e69f414996d19e14c9) in 0.001s. Peers: 5","throwable":""}
{"timestamp":"2025-07-03T20:29:44,006","container":"ebdffaae6f6b","level":"INFO","thread":"EthScheduler-Workers-0","class":"PersistBlockTask","message":"Imported #846 / 0 tx / 0 om / 0 (0.0%) gas / (0xf9aa88629efc0b779c0791995adc755ecba4fbe4a22d7e0d38cbd59408dfb5c9) in 0.001s. Peers: 5","throwable":""}
{"timestamp":"2025-07-03T20:29:54,018","container":"ebdffaae6f6b","level":"INFO","thread":"EthScheduler-Workers-0","class":"PersistBlockTask","message":"Imported #847 / 0 tx / 0 om / 0 (0.0%) gas / (0x435974e3e02d288827e79463a20f43cf61c0fa9309d913209b5c2106ee7f5816) in 0.001s. Peers: 5","throwable":""}
{"timestamp":"2025-07-03T20:30:02,007","container":"ebdffaae6f6b","level":"INFO","thread":"EthScheduler-Workers-0","class":"PersistBlockTask","message":"Imported #848 / 0 tx / 0 om / 0 (0.0%) gas / (0x964b42ba99f5baea0912a8fdea3385aeaa389080b5d9cbb7f5dab9f482d30899) in 0.001s. Peers: 5","throwable":""}
{"timestamp":"2025-07-03T20:30:10,008","container":"ebdffaae6f6b","level":"INFO","thread":"EthScheduler-Workers-0","class":"PersistBlockTask","message":"Imported #849 / 0 tx / 0 om / 0 (0.0%) gas / (0x65066ef7aa5e78d6f5a1354f7b9a719c05afac170333abcbf405fae448b2b1ac) in 0.001s. Peers: 5","throwable":""}
{"timestamp":"2025-07-03T20:30:18,006","container":"ebdffaae6f6b","level":"INFO","thread":"EthScheduler-Workers-0","class":"PersistBlockTask","message":"Imported #850 / 0 tx / 0 om / 0 (0.0%) gas / (0x81e3885cb9c91aa112949cdf35ebb876602ef3b128040887db1cf11dc4d3780a) in 0.001s. Peers: 5","throwable":""}
{"timestamp":"2025-07-03T20:30:28,015","container":"ebdffaae6f6b","level":"INFO","thread":"EthScheduler-Workers-0","class":"PersistBlockTask","message":"Imported #851 / 0 tx / 0 om / 0 (0.0%) gas / (0x01dfe8c470e8caf5c7bde798e91c193bd81122950afdba03afff05c67f7bb841) in 0.000s. Peers: 5","throwable":""}
{"timestamp":"2025-07-03T20:30:36,007","container":"ebdffaae6f6b","level":"INFO","thread":"EthScheduler-Workers-0","class":"PersistBlockTask","message":"Imported #852 / 0 tx / 0 om / 0 (0.0%) gas / (0x3f5c284c148c108320a2df7e2566925443a550b4cf09dee3d0f94d20a55c3b75) in 0.001s. Peers: 5","throwable":""}
{"timestamp":"2025-07-03T20:30:44,007","container":"ebdffaae6f6b","level":"INFO","thread":"EthScheduler-Workers-0","class":"PersistBlockTask","message":"Imported #853 / 0 tx / 0 om / 0 (0.0%) gas / (0xd186cb332d56321249bf042545f712b0bd6e8ce57fde58e89de2336ff6dd3cbf) in 0.001s. Peers: 5","throwable":""}
{"timestamp":"2025-07-03T20:30:52,009","container":"ebdffaae6f6b","level":"INFO","thread":"EthScheduler-Workers-0","class":"PersistBlockTask","message":"Imported #854 / 0 tx / 0 om / 0 (0.0%) gas / (0x1914bbac173c35deb7db67f988786a2ce64069cf5a0dbb6c2630c2fb9225a279) in 0.001s. Peers: 5","throwable":""}
{"timestamp":"2025-07-03T20:31:02,021","container":"ebdffaae6f6b","level":"INFO","thread":"EthScheduler-Workers-0","class":"PersistBlockTask","message":"Imported #855 / 0 tx / 0 om / 0 (0.0%) gas / (0xa824496d11ca4f38001a1fc559a02743e02aa6ff926954c0cce9c1e863fedd01) in 0.001s. Peers: 5","throwable":""}
{"timestamp":"2025-07-03T20:31:10,008","container":"ebdffaae6f6b","level":"INFO","thread":"EthScheduler-Workers-0","class":"PersistBlockTask","message":"Imported #856 / 0 tx / 0 om / 0 (0.0%) gas / (0xdfe56b55c716cedcff4c1d1bf60c96478e4da763bd2d7395bbfe8cb8247b2c6a) in 0.001s. Peers: 5","throwable":""}
{"timestamp":"2025-07-03T20:31:18,010","container":"ebdffaae6f6b","level":"INFO","thread":"EthScheduler-Workers-0","class":"PersistBlockTask","message":"Imported #857 / 0 tx / 0 om / 0 (0.0%) gas / (0x2eeafbed9232b5b2bc73bedbf2d2c743fce7ad84aa81700f072bfc8762413108) in 0.001s. Peers: 5","throwable":""}
{"timestamp":"2025-07-03T20:31:26,008","container":"ebdffaae6f6b","level":"INFO","thread":"EthScheduler-Workers-0","class":"PersistBlockTask","message":"Imported #858 / 0 tx / 0 om / 0 (0.0%) gas / (0xd00a281c512ca959463f5ef9907aaaee6abd84b63a19d4b18715411f62178899) in 0.001s. Peers: 5","throwable":""}
{"timestamp":"2025-07-03T20:31:36,031","container":"ebdffaae6f6b","level":"INFO","thread":"EthScheduler-Workers-0","class":"PersistBlockTask","message":"Imported #859 / 0 tx / 0 om / 0 (0.0%) gas / (0x9fc9ef24f7b973f96ca309da4df3914b48a877d448078bbdba5aab8ea13f0657) in 0.000s. Peers: 5","throwable":""}
{"timestamp":"2025-07-03T20:31:44,005","container":"ebdffaae6f6b","level":"INFO","thread":"EthScheduler-Workers-0","class":"PersistBlockTask","message":"Imported #860 / 0 tx / 0 om / 0 (0.0%) gas / (0xa388d9c45661374462f95790ed7d889ee255adc396065644aa325519c3046e9d) in 0.000s. Peers: 5","throwable":""}
{"timestamp":"2025-07-03T20:31:52,008","container":"ebdffaae6f6b","level":"INFO","thread":"EthScheduler-Workers-0","class":"PersistBlockTask","message":"Imported #861 / 0 tx / 0 om / 0 (0.0%) gas / (0xa797bbf12a551b83ae6fc2b84eb19683552adac3346bf76abb922866f2ca8c42) in 0.001s. Peers: 5","throwable":""}
{"timestamp":"2025-07-03T20:32:00,006","container":"ebdffaae6f6b","level":"INFO","thread":"EthScheduler-Workers-0","class":"PersistBlockTask","message":"Imported #862 / 0 tx / 0 om / 0 (0.0%) gas / (0x44cb83f94aac27dbe37092f1fddb64bb427c7a0a9c856e01b6c5a90e1ab01472) in 0.001s. Peers: 5","throwable":""}
{"timestamp":"2025-07-03T20:32:10,132","container":"ebdffaae6f6b","level":"INFO","thread":"EthScheduler-Workers-0","class":"PersistBlockTask","message":"Imported #863 / 0 tx / 0 om / 0 (0.0%) gas / (0x813b518f644451052180d34b30861ebf8307e2626bec6c7ab9f6bfcb64625211) in 0.001s. Peers: 5","throwable":""}
{"timestamp":"2025-07-03T20:32:18,011","container":"ebdffaae6f6b","level":"INFO","thread":"EthScheduler-Workers-0","class":"PersistBlockTask","message":"Imported #864 / 0 tx / 0 om / 0 (0.0%) gas / (0x98170b1d9d653060df52e34279f09d98ca5fbb0d054ce19404883d07c6899278) in 0.001s. Peers: 5","throwable":""}
{"timestamp":"2025-07-03T20:32:26,008","container":"ebdffaae6f6b","level":"INFO","thread":"EthScheduler-Workers-0","class":"PersistBlockTask","message":"Imported #865 / 0 tx / 0 om / 0 (0.0%) gas / (0x2bf2e3ff3c90ce0c835778914e9783da3cc233a6bd7c974c6cadd7bc49c21245) in 0.000s. Peers: 5","throwable":""}
{"timestamp":"2025-07-03T20:32:34,007","container":"ebdffaae6f6b","level":"INFO","thread":"EthScheduler-Workers-0","class":"PersistBlockTask","message":"Imported #866 / 0 tx / 0 om / 0 (0.0%) gas / (0xaabfd18f9882bc37b95f5efc3554b28ae4e93b2a54ed7a0af742d498c5856cb1) in 0.001s. Peers: 5","throwable":""}
{"timestamp":"2025-07-03T20:32:44,137","container":"ebdffaae6f6b","level":"INFO","thread":"EthScheduler-Workers-0","class":"PersistBlockTask","message":"Imported #867 / 0 tx / 0 om / 0 (0.0%) gas / (0x7e87481a23f235f51a41003245dd4041e07a157237aa4a88bcd3c5be3533f3b4) in 0.000s. Peers: 5","throwable":""}
{"timestamp":"2025-07-03T20:32:52,008","container":"ebdffaae6f6b","level":"INFO","thread":"EthScheduler-Workers-0","class":"PersistBlockTask","message":"Imported #868 / 0 tx / 0 om / 0 (0.0%) gas / (0x92a07adbcdb81c83c40f995fefe73bae7e75652260ce1795e3ed9c4060aace76) in 0.001s. Peers: 5","throwable":""}
{"timestamp":"2025-07-03T20:33:00,006","container":"ebdffaae6f6b","level":"INFO","thread":"EthScheduler-Workers-0","class":"PersistBlockTask","message":"Imported #869 / 0 tx / 0 om / 0 (0.0%) gas / (0x0c366e465b4d46a9fc51f69b6f1a46571cf49cd973c0e8e5d21a9f07c47967ac) in 0.001s. Peers: 5","throwable":""}
{"timestamp":"2025-07-03T20:33:08,006","container":"ebdffaae6f6b","level":"INFO","thread":"EthScheduler-Workers-0","class":"PersistBlockTask","message":"Imported #870 / 0 tx / 0 om / 0 (0.0%) gas / (0x652b6abc9f3805ed0ad7445ea008364e059e4b3b436f7c3a5f2c8e8aabb75740) in 0.001s. Peers: 5","throwable":""}
{"timestamp":"2025-07-03T20:33:17,845","container":"ebdffaae6f6b","level":"INFO","thread":"EthScheduler-Workers-0","class":"PersistBlockTask","message":"Imported #871 / 0 tx / 0 om / 0 (0.0%) gas / (0x333775d6b979caa78a754e358762bcfc770ede6c72534800e0d870420c1fca4c) in 0.001s. Peers: 5","throwable":""}
{"timestamp":"2025-07-03T20:33:26,005","container":"ebdffaae6f6b","level":"INFO","thread":"EthScheduler-Workers-0","class":"PersistBlockTask","message":"Imported #872 / 0 tx / 0 om / 0 (0.0%) gas / (0x2a74b2f273a7ceff0125dcf0fcc425982908ce2bf685ce3b89197b9c26fc301a) in 0.000s. Peers: 5","throwable":""}
{"timestamp":"2025-07-03T20:33:34,006","container":"ebdffaae6f6b","level":"INFO","thread":"EthScheduler-Workers-0","class":"PersistBlockTask","message":"Imported #873 / 0 tx / 0 om / 0 (0.0%) gas / (0xf7734f9a658198280915f145d4953f3a92e338ca9117e9f09a9ce036099f08e5) in 0.001s. Peers: 5","throwable":""}
{"timestamp":"2025-07-03T20:33:42,006","container":"ebdffaae6f6b","level":"INFO","thread":"EthScheduler-Workers-0","class":"PersistBlockTask","message":"Imported #874 / 0 tx / 0 om / 0 (0.0%) gas / (0x96007f747c5b3bb6ffc31acedc5357095cb66cf6844d56415ad8e3f215eb64bf) in 0.001s. Peers: 5","throwable":""}
{"timestamp":"2025-07-03T20:33:52,022","container":"ebdffaae6f6b","level":"INFO","thread":"EthScheduler-Workers-0","class":"PersistBlockTask","message":"Imported #875 / 0 tx / 0 om / 0 (0.0%) gas / (0x6e96f8737cbd4453ca8a03f328e1ddf0ea7794dc8737e70d613a51ca4d1638bd) in 0.001s. Peers: 5","throwable":""}
{"timestamp":"2025-07-03T20:34:00,008","container":"ebdffaae6f6b","level":"INFO","thread":"EthScheduler-Workers-0","class":"PersistBlockTask","message":"Imported #876 / 0 tx / 0 om / 0 (0.0%) gas / (0x501ea1f20b2514e46d3cf9abddd4c582e2fc021126147c01e8ad45ac17f218af) in 0.001s. Peers: 5","throwable":""}
{"timestamp":"2025-07-03T20:34:08,007","container":"ebdffaae6f6b","level":"INFO","thread":"EthScheduler-Workers-0","class":"PersistBlockTask","message":"Imported #877 / 0 tx / 0 om / 0 (0.0%) gas / (0x1056c54ff25e47cf80fadea2a7e42ebd32f90564832a7b3de06938ec82a3692c) in 0.001s. Peers: 5","throwable":""}
{"timestamp":"2025-07-03T20:34:16,007","container":"ebdffaae6f6b","level":"INFO","thread":"EthScheduler-Workers-0","class":"PersistBlockTask","message":"Imported #878 / 0 tx / 0 om / 0 (0.0%) gas / (0x5515435d259cfeb0c5fdc6b3573fce047534658d6d16b01796b214cf488d382c) in 0.001s. Peers: 5","throwable":""}
{"timestamp":"2025-07-03T20:34:25,976","container":"ebdffaae6f6b","level":"INFO","thread":"EthScheduler-Workers-0","class":"PersistBlockTask","message":"Imported #879 / 0 tx / 0 om / 0 (0.0%) gas / (0xd1c88c7c04d5f3a110019065218ad5f14072619d892cd5c28de4a3e62e0eac4a) in 0.001s. Peers: 5","throwable":""}
{"timestamp":"2025-07-03T20:34:34,008","container":"ebdffaae6f6b","level":"INFO","thread":"EthScheduler-Workers-0","class":"PersistBlockTask","message":"Imported #880 / 0 tx / 0 om / 0 (0.0%) gas / (0xca9885bc9102310ef541c57b0104ec2daf5f1f44b247ac12c848bf5a9228e1c0) in 0.001s. Peers: 5","throwable":""}
{"timestamp":"2025-07-03T20:34:42,007","container":"ebdffaae6f6b","level":"INFO","thread":"EthScheduler-Workers-0","class":"PersistBlockTask","message":"Imported #881 / 0 tx / 0 om / 0 (0.0%) gas / (0x1f8cd8bef27f5b7c9413f600e1b968518cc86e4c6ce25998f1688da5e25b0174) in 0.001s. Peers: 5","throwable":""}
{"timestamp":"2025-07-03T20:34:50,007","container":"ebdffaae6f6b","level":"INFO","thread":"EthScheduler-Workers-0","class":"PersistBlockTask","message":"Imported #882 / 0 tx / 0 om / 0 (0.0%) gas / (0x812ba9a06a15e8ca2e523efe83edfc2dfd3c7e9fd71aaea64ef7bafd4f9e29d4) in 0.001s. Peers: 5","throwable":""}
{"timestamp":"2025-07-03T20:34:59,513","container":"ebdffaae6f6b","level":"INFO","thread":"EthScheduler-Workers-0","class":"PersistBlockTask","message":"Imported #883 / 0 tx / 0 om / 0 (0.0%) gas / (0xf7091f020f83357052cc9b472aee5fada3cb5f0c507fa73b3fde5d755fa029a5) in 0.001s. Peers: 5","throwable":""}
{"timestamp":"2025-07-03T20:35:08,006","container":"ebdffaae6f6b","level":"INFO","thread":"EthScheduler-Workers-0","class":"PersistBlockTask","message":"Imported #884 / 0 tx / 0 om / 0 (0.0%) gas / (0x8debfce7cfacdd3b70736ce885767e5248fb22fe3e04f1f977d08b3ff4bc1a6b) in 0.000s. Peers: 5","throwable":""}
{"timestamp":"2025-07-03T20:35:16,006","container":"ebdffaae6f6b","level":"INFO","thread":"EthScheduler-Workers-0","class":"PersistBlockTask","message":"Imported #885 / 0 tx / 0 om / 0 (0.0%) gas / (0xd6d3ec899f1abf1597543ddbb39bcd89bfc03d12efc17e75ac28fa5619b9f294) in 0.000s. Peers: 5","throwable":""}
{"timestamp":"2025-07-03T20:35:24,007","container":"ebdffaae6f6b","level":"INFO","thread":"EthScheduler-Workers-0","class":"PersistBlockTask","message":"Imported #886 / 0 tx / 0 om / 0 (0.0%) gas / (0x47e9ff7ddd661205984cf82d9e16c4a9a72edeed0ed3a26502684603b3d9d4f9) in 0.001s. Peers: 5","throwable":""}
{"timestamp":"2025-07-03T20:35:34,189","container":"ebdffaae6f6b","level":"INFO","thread":"EthScheduler-Workers-0","class":"PersistBlockTask","message":"Imported #887 / 0 tx / 0 om / 0 (0.0%) gas / (0xe9711e554273884a21f2c7af7db086acc978d83fc182255a413834eeedd1ab2d) in 0.000s. Peers: 5","throwable":""}
{"timestamp":"2025-07-03T20:35:42,008","container":"ebdffaae6f6b","level":"INFO","thread":"EthScheduler-Workers-0","class":"PersistBlockTask","message":"Imported #888 / 0 tx / 0 om / 0 (0.0%) gas / (0x7610ee8fbb8ccfd469abb721a196a70b39a0f276fdde32b5ab5f5e3fde197823) in 0.001s. Peers: 5","throwable":""}
{"timestamp":"2025-07-03T20:35:50,006","container":"ebdffaae6f6b","level":"INFO","thread":"EthScheduler-Workers-0","class":"PersistBlockTask","message":"Imported #889 / 0 tx / 0 om / 0 (0.0%) gas / (0x4ade31dc668bd2dc077fca7ea9a7d007263ddaa8cdb8948923798e76553ebc49) in 0.000s. Peers: 5","throwable":""}
{"timestamp":"2025-07-03T20:35:58,006","container":"ebdffaae6f6b","level":"INFO","thread":"EthScheduler-Workers-0","class":"PersistBlockTask","message":"Imported #890 / 0 tx / 0 om / 0 (0.0%) gas / (0x87361c8e4c6954d05fcd9ade503e7d4adcbbf6d29d7dd938c1e3bb971eb95dab) in 0.000s. Peers: 5","throwable":""}
{"timestamp":"2025-07-03T20:36:08,052","container":"ebdffaae6f6b","level":"INFO","thread":"EthScheduler-Workers-0","class":"PersistBlockTask","message":"Imported #891 / 0 tx / 0 om / 0 (0.0%) gas / (0x38a6cd41be2a67ff518179de93ce9d8e66c9b1f71cb8fc37f2909d5826bd3dd3) in 0.001s. Peers: 5","throwable":""}
{"timestamp":"2025-07-03T20:36:16,007","container":"ebdffaae6f6b","level":"INFO","thread":"EthScheduler-Workers-0","class":"PersistBlockTask","message":"Imported #892 / 0 tx / 0 om / 0 (0.0%) gas / (0x8431f5a8d7b4eb16c0c678c630789f92f1c1398f658d1a6c21e1e7a2894e10fd) in 0.001s. Peers: 5","throwable":""}
{"timestamp":"2025-07-03T20:36:24,006","container":"ebdffaae6f6b","level":"INFO","thread":"EthScheduler-Workers-0","class":"PersistBlockTask","message":"Imported #893 / 0 tx / 0 om / 0 (0.0%) gas / (0x83c65cac1b7323a354e41d8c2d08e93dac8b1f7aad013889e475b596bc608744) in 0.000s. Peers: 5","throwable":""}
{"timestamp":"2025-07-03T20:36:32,005","container":"ebdffaae6f6b","level":"INFO","thread":"EthScheduler-Workers-0","class":"PersistBlockTask","message":"Imported #894 / 0 tx / 0 om / 0 (0.0%) gas / (0x9d4c8154a0ca7220f664bc39d8a8b437399554bb03c5b20f5cd7c208fb13f8e9) in 0.000s. Peers: 5","throwable":""}
{"timestamp":"2025-07-03T20:36:41,975","container":"ebdffaae6f6b","level":"INFO","thread":"EthScheduler-Workers-0","class":"PersistBlockTask","message":"Imported #895 / 0 tx / 0 om / 0 (0.0%) gas / (0x416c57233af4807fb3f8a43573cef067423b6e0877235c96ed7d0c2f9c6985fd) in 0.001s. Peers: 5","throwable":""}
{"timestamp":"2025-07-03T20:36:50,008","container":"ebdffaae6f6b","level":"INFO","thread":"EthScheduler-Workers-0","class":"PersistBlockTask","message":"Imported #896 / 0 tx / 0 om / 0 (0.0%) gas / (0x985696befc292c5fbbf2fae3b255656a4a7e8804f2d4841549eb5d687c74b0c4) in 0.001s. Peers: 5","throwable":""}
{"timestamp":"2025-07-03T20:36:58,007","container":"ebdffaae6f6b","level":"INFO","thread":"EthScheduler-Workers-0","class":"PersistBlockTask","message":"Imported #897 / 0 tx / 0 om / 0 (0.0%) gas / (0xe44ccb4ce99f303f6736a8ad5bf77840e560cccfef029acd419922a4593fae3e) in 0.001s. Peers: 5","throwable":""}
{"timestamp":"2025-07-03T20:37:06,010","container":"ebdffaae6f6b","level":"INFO","thread":"EthScheduler-Workers-0","class":"PersistBlockTask","message":"Imported #898 / 0 tx / 0 om / 0 (0.0%) gas / (0x7f2308dd2e85a6c09bdbe90ce72ab76b755bd829e9740b0d5a84cc1ed79e1883) in 0.001s. Peers: 5","throwable":""}
{"timestamp":"2025-07-03T20:37:16,057","container":"ebdffaae6f6b","level":"INFO","thread":"EthScheduler-Workers-0","class":"PersistBlockTask","message":"Imported #899 / 0 tx / 0 om / 0 (0.0%) gas / (0xec8e66852e1668d5ac82a87c79da2a40875416dd2daf282d7768a0a02f63933c) in 0.001s. Peers: 5","throwable":""}
{"timestamp":"2025-07-03T20:37:24,006","container":"ebdffaae6f6b","level":"INFO","thread":"EthScheduler-Workers-0","class":"PersistBlockTask","message":"Imported #900 / 0 tx / 0 om / 0 (0.0%) gas / (0x2b1e693a7d952b1d994c638efa9fd28b20a26c8bcf61347c53c65225721ffe6f) in 0.001s. Peers: 5","throwable":""}
{"timestamp":"2025-07-03T20:37:32,006","container":"ebdffaae6f6b","level":"INFO","thread":"EthScheduler-Workers-0","class":"PersistBlockTask","message":"Imported #901 / 0 tx / 0 om / 0 (0.0%) gas / (0xf4db95200717ed332cc29c44a0f5dde27a3d38cf021ac93e3d95d90ae0bd7379) in 0.001s. Peers: 5","throwable":""}
{"timestamp":"2025-07-03T20:37:40,006","container":"ebdffaae6f6b","level":"INFO","thread":"EthScheduler-Workers-0","class":"PersistBlockTask","message":"Imported #902 / 0 tx / 0 om / 0 (0.0%) gas / (0xcc02957228702d4a0a50aef4dd5bc57c4a1a6fd2067c21d73a96cdb8eac6f65b) in 0.001s. Peers: 5","throwable":""}
{"timestamp":"2025-07-03T20:37:50,040","container":"ebdffaae6f6b","level":"INFO","thread":"EthScheduler-Workers-0","class":"PersistBlockTask","message":"Imported #903 / 0 tx / 0 om / 0 (0.0%) gas / (0xe4f46869036f03bf0cf8f05e66ff33c049f92c7eeb50d45455e64371f44f7ddf) in 0.000s. Peers: 5","throwable":""}
{"timestamp":"2025-07-03T20:37:58,006","container":"ebdffaae6f6b","level":"INFO","thread":"EthScheduler-Workers-0","class":"PersistBlockTask","message":"Imported #904 / 0 tx / 0 om / 0 (0.0%) gas / (0xae66a4932493cd5a85786398fc68fe91615c4d420393cc300fcfcb3206eb524a) in 0.001s. Peers: 5","throwable":""}
{"timestamp":"2025-07-03T20:38:06,008","container":"ebdffaae6f6b","level":"INFO","thread":"EthScheduler-Workers-0","class":"PersistBlockTask","message":"Imported #905 / 0 tx / 0 om / 0 (0.0%) gas / (0xf2c161597b9aeffdb2b6511c77c79325a5df10b8b0d13927657d374bc1bbc129) in 0.001s. Peers: 5","throwable":""}
{"timestamp":"2025-07-03T20:38:14,007","container":"ebdffaae6f6b","level":"INFO","thread":"EthScheduler-Workers-0","class":"PersistBlockTask","message":"Imported #906 / 0 tx / 0 om / 0 (0.0%) gas / (0x5e84c2f0d3d8239c578bec317054a8804d367504de26e43345b93001f97e7984) in 0.001s. Peers: 5","throwable":""}
{"timestamp":"2025-07-03T20:38:24,024","container":"ebdffaae6f6b","level":"INFO","thread":"EthScheduler-Workers-0","class":"PersistBlockTask","message":"Imported #907 / 0 tx / 0 om / 0 (0.0%) gas / (0xde813fc661560b676d4571f06c740683ec80c48fe0b081690a26b9f6c6aa5a6d) in 0.001s. Peers: 5","throwable":""}
{"timestamp":"2025-07-03T20:38:32,006","container":"ebdffaae6f6b","level":"INFO","thread":"EthScheduler-Workers-0","class":"PersistBlockTask","message":"Imported #908 / 0 tx / 0 om / 0 (0.0%) gas / (0x61e6b9df94a358fd306ed7dc9078e7e0bf4a8d0b65e28758b79136ef2eca048b) in 0.001s. Peers: 5","throwable":""}
{"timestamp":"2025-07-03T20:38:40,006","container":"ebdffaae6f6b","level":"INFO","thread":"EthScheduler-Workers-0","class":"PersistBlockTask","message":"Imported #909 / 0 tx / 0 om / 0 (0.0%) gas / (0x389cb3d9d6d1985c493a411fbc221e3e0f7f79dc6dc796cc3da77f863a29aef5) in 0.000s. Peers: 5","throwable":""}
{"timestamp":"2025-07-03T20:38:48,006","container":"ebdffaae6f6b","level":"INFO","thread":"EthScheduler-Workers-0","class":"PersistBlockTask","message":"Imported #910 / 0 tx / 0 om / 0 (0.0%) gas / (0xd8e2585c108433d25207fdec469b08a1f80c1085b54c31fd240cd04af55fc3a0) in 0.000s. Peers: 5","throwable":""}
{"timestamp":"2025-07-03T20:38:58,003","container":"ebdffaae6f6b","level":"INFO","thread":"EthScheduler-Workers-0","class":"PersistBlockTask","message":"Imported #911 / 0 tx / 0 om / 0 (0.0%) gas / (0x03285413bee6ce96899f01735f43ada7cadd3f9426c3ef69bba12e1f404a27e6) in 0.000s. Peers: 5","throwable":""}
{"timestamp":"2025-07-03T20:39:06,006","container":"ebdffaae6f6b","level":"INFO","thread":"EthScheduler-Workers-0","class":"PersistBlockTask","message":"Imported #912 / 0 tx / 0 om / 0 (0.0%) gas / (0xd2269eebc1c08dd7a750ffd8fd4ef7ce4cc52ad6889b3bd35126e29631d0252f) in 0.000s. Peers: 5","throwable":""}
{"timestamp":"2025-07-03T20:39:14,005","container":"ebdffaae6f6b","level":"INFO","thread":"EthScheduler-Workers-0","class":"PersistBlockTask","message":"Imported #913 / 0 tx / 0 om / 0 (0.0%) gas / (0x392b4a38dc152b0eb8849ffd6b2a97ba2c377173e4444d5e39952ef35f4ba4bd) in 0.000s. Peers: 5","throwable":""}
{"timestamp":"2025-07-03T20:39:22,007","container":"ebdffaae6f6b","level":"INFO","thread":"EthScheduler-Workers-0","class":"PersistBlockTask","message":"Imported #914 / 0 tx / 0 om / 0 (0.0%) gas / (0x36bb03c0fff080e9232202e618b7d508ac0ce87f0812f47127f0eb513c44a2e5) in 0.001s. Peers: 5","throwable":""}
{"timestamp":"2025-07-03T20:39:32,054","container":"ebdffaae6f6b","level":"INFO","thread":"EthScheduler-Workers-0","class":"PersistBlockTask","message":"Imported #915 / 0 tx / 0 om / 0 (0.0%) gas / (0x4884b898f9e4ca4b12460cef6af99ee0d585c6d2fa09dd9e589286ebf6e0037e) in 0.001s. Peers: 5","throwable":""}
{"timestamp":"2025-07-03T20:39:40,006","container":"ebdffaae6f6b","level":"INFO","thread":"EthScheduler-Workers-0","class":"PersistBlockTask","message":"Imported #916 / 0 tx / 0 om / 0 (0.0%) gas / (0xeedb9605e779985995dc2deb0c38a5e0b1df6d098cf929e06566eac444018197) in 0.000s. Peers: 5","throwable":""}
{"timestamp":"2025-07-03T20:39:48,007","container":"ebdffaae6f6b","level":"INFO","thread":"EthScheduler-Workers-0","class":"PersistBlockTask","message":"Imported #917 / 0 tx / 0 om / 0 (0.0%) gas / (0x77a21846505d50f49c1b0534c554b83100130d997e5b0b080b963bdc51fd72e0) in 0.000s. Peers: 5","throwable":""}
{"timestamp":"2025-07-03T20:39:56,006","container":"ebdffaae6f6b","level":"INFO","thread":"EthScheduler-Workers-0","class":"PersistBlockTask","message":"Imported #918 / 0 tx / 0 om / 0 (0.0%) gas / (0xcbdfa4313ca627396ea41cf92fe9d30cf9c08e720abc6cc99c5a0e56b3339871) in 0.000s. Peers: 5","throwable":""}
{"timestamp":"2025-07-03T20:40:04,007","container":"ebdffaae6f6b","level":"INFO","thread":"EthScheduler-Workers-0","class":"PersistBlockTask","message":"Imported #919 / 0 tx / 0 om / 0 (0.0%) gas / (0x86f64e3f53f1110f62bc828536719fcf1c8fc39cc69c84c10353d9f348c40ead) in 0.001s. Peers: 5","throwable":""}
{"timestamp":"2025-07-03T20:40:14,015","container":"ebdffaae6f6b","level":"INFO","thread":"EthScheduler-Workers-0","class":"PersistBlockTask","message":"Imported #920 / 0 tx / 0 om / 0 (0.0%) gas / (0x674ab28d138ab36c2814621e3d4a5922e589f3509afef77e6484f79ad6f175dd) in 0.001s. Peers: 5","throwable":""}
{"timestamp":"2025-07-03T20:40:22,006","container":"ebdffaae6f6b","level":"INFO","thread":"EthScheduler-Workers-0","class":"PersistBlockTask","message":"Imported #921 / 0 tx / 0 om / 0 (0.0%) gas / (0xe5d9a0b77e0f191628c8ca6fd798df72f25faa54258817becff88e21ece039e9) in 0.001s. Peers: 5","throwable":""}
{"timestamp":"2025-07-03T20:40:30,008","container":"ebdffaae6f6b","level":"INFO","thread":"EthScheduler-Workers-0","class":"PersistBlockTask","message":"Imported #922 / 0 tx / 0 om / 0 (0.0%) gas / (0x1bab711753f27d6e74de4ca5bf0d3600a7a56320ea3d88b1fc0b82d541f3901b) in 0.001s. Peers: 5","throwable":""}
{"timestamp":"2025-07-03T20:40:38,008","container":"ebdffaae6f6b","level":"INFO","thread":"EthScheduler-Workers-0","class":"PersistBlockTask","message":"Imported #923 / 0 tx / 0 om / 0 (0.0%) gas / (0xec39e83daf787a51e5c21ddd94eec4d0ea148ecefdeb04959d3ab0c2b33ed864) in 0.001s. Peers: 5","throwable":""}
{"timestamp":"2025-07-03T20:40:48,012","container":"ebdffaae6f6b","level":"INFO","thread":"EthScheduler-Workers-0","class":"PersistBlockTask","message":"Imported #924 / 0 tx / 0 om / 0 (0.0%) gas / (0xea433f4b930eea6b92ef4c6fd4f74183a32a16c560bf073461bee59a4884dfb6) in 0.000s. Peers: 5","throwable":""}
{"timestamp":"2025-07-03T20:40:56,007","container":"ebdffaae6f6b","level":"INFO","thread":"EthScheduler-Workers-0","class":"PersistBlockTask","message":"Imported #925 / 0 tx / 0 om / 0 (0.0%) gas / (0x3a48a275a269073f23c246e41c13aa28cd2c0b59e8455feaf656b5b2b75c64eb) in 0.000s. Peers: 5","throwable":""}
{"timestamp":"2025-07-03T20:41:04,006","container":"ebdffaae6f6b","level":"INFO","thread":"EthScheduler-Workers-0","class":"PersistBlockTask","message":"Imported #926 / 0 tx / 0 om / 0 (0.0%) gas / (0xf23d27b2973a46a09f8def99a05073e3ffce7aa8565c39c807580de6cfe76a52) in 0.000s. Peers: 5","throwable":""}
{"timestamp":"2025-07-03T20:41:12,005","container":"ebdffaae6f6b","level":"INFO","thread":"EthScheduler-Workers-0","class":"PersistBlockTask","message":"Imported #927 / 0 tx / 0 om / 0 (0.0%) gas / (0x0be7d51cf04c45f895d17786400800820922eb761c423879e990ae8bc39e504e) in 0.000s. Peers: 5","throwable":""}
{"timestamp":"2025-07-03T20:41:21,996","container":"ebdffaae6f6b","level":"INFO","thread":"EthScheduler-Workers-0","class":"PersistBlockTask","message":"Imported #928 / 0 tx / 0 om / 0 (0.0%) gas / (0x5249c504374a719661d6f4f7d07bbd2093df742889c9f0ca8dfe5e5687f95702) in 0.001s. Peers: 5","throwable":""}
{"timestamp":"2025-07-03T20:41:30,007","container":"ebdffaae6f6b","level":"INFO","thread":"EthScheduler-Workers-0","class":"PersistBlockTask","message":"Imported #929 / 0 tx / 0 om / 0 (0.0%) gas / (0xb2bf40fb893ba9612f3e9d77f595149137676988a4a6d7b6487f3fa7a087bb2d) in 0.001s. Peers: 5","throwable":""}
{"timestamp":"2025-07-03T20:41:38,007","container":"ebdffaae6f6b","level":"INFO","thread":"EthScheduler-Workers-0","class":"PersistBlockTask","message":"Imported #930 / 0 tx / 0 om / 0 (0.0%) gas / (0xc3a2362d25b272c64a8f14b6c078eebac1f2f34e7143927bc416685432ef3dbf) in 0.001s. Peers: 5","throwable":""}
{"timestamp":"2025-07-03T20:41:46,005","container":"ebdffaae6f6b","level":"INFO","thread":"EthScheduler-Workers-0","class":"PersistBlockTask","message":"Imported #931 / 0 tx / 0 om / 0 (0.0%) gas / (0x36755739b5eb48c84db13c3f339065b2c09fce1f4a2a0e3470f9a0133c74f485) in 0.001s. Peers: 5","throwable":""}
{"timestamp":"2025-07-03T20:41:56,061","container":"ebdffaae6f6b","level":"INFO","thread":"EthScheduler-Workers-0","class":"PersistBlockTask","message":"Imported #932 / 0 tx / 0 om / 0 (0.0%) gas / (0x43581ea604706b3c480871dc7b7b07a4f400d43d73ed8e9b4a271d0c54a48de0) in 0.001s. Peers: 5","throwable":""}
{"timestamp":"2025-07-03T20:42:04,007","container":"ebdffaae6f6b","level":"INFO","thread":"EthScheduler-Workers-0","class":"PersistBlockTask","message":"Imported #933 / 0 tx / 0 om / 0 (0.0%) gas / (0xe244b3e53cc0b55ed34dffd4f6f2dbc68c420053be11e7dc137d517954fb752d) in 0.001s. Peers: 5","throwable":""}
{"timestamp":"2025-07-03T20:42:12,007","container":"ebdffaae6f6b","level":"INFO","thread":"EthScheduler-Workers-0","class":"PersistBlockTask","message":"Imported #934 / 0 tx / 0 om / 0 (0.0%) gas / (0x82594d1b3b563ca8ef455109687be842edb176ff75d5c1cd82d0c3e163c879c6) in 0.001s. Peers: 5","throwable":""}
{"timestamp":"2025-07-03T20:42:20,008","container":"ebdffaae6f6b","level":"INFO","thread":"EthScheduler-Workers-0","class":"PersistBlockTask","message":"Imported #935 / 0 tx / 0 om / 0 (0.0%) gas / (0xdcaa1bbfeeec02b1b955027a49f02575943705d0e561259fd10d3480f5235215) in 0.001s. Peers: 5","throwable":""}
{"timestamp":"2025-07-03T20:42:29,892","container":"ebdffaae6f6b","level":"INFO","thread":"EthScheduler-Workers-0","class":"PersistBlockTask","message":"Imported #936 / 0 tx / 0 om / 0 (0.0%) gas / (0xdc64b986183f8d568d75fc87149989d265b892a10362b7ba227e112796e20537) in 0.000s. Peers: 5","throwable":""}
{"timestamp":"2025-07-03T20:42:38,006","container":"ebdffaae6f6b","level":"INFO","thread":"EthScheduler-Workers-0","class":"PersistBlockTask","message":"Imported #937 / 0 tx / 0 om / 0 (0.0%) gas / (0x44d1479d952939598f7205c42d4734e75572e54a698e951cc4985dec8bb468e1) in 0.001s. Peers: 5","throwable":""}
{"timestamp":"2025-07-03T20:42:46,007","container":"ebdffaae6f6b","level":"INFO","thread":"EthScheduler-Workers-0","class":"PersistBlockTask","message":"Imported #938 / 0 tx / 0 om / 0 (0.0%) gas / (0x2728715de22af086cdc24b02ede4d79d4e25cadb0cb81e905a40ef5e89136415) in 0.000s. Peers: 5","throwable":""}
{"timestamp":"2025-07-03T20:42:54,005","container":"ebdffaae6f6b","level":"INFO","thread":"EthScheduler-Workers-0","class":"PersistBlockTask","message":"Imported #939 / 0 tx / 0 om / 0 (0.0%) gas / (0x78ad0041cfd6202a952c164d217a2f0a0ba8a0e521384eab58f01d163d48e17a) in 0.000s. Peers: 5","throwable":""}
{"timestamp":"2025-07-03T20:43:04,106","container":"ebdffaae6f6b","level":"INFO","thread":"EthScheduler-Workers-0","class":"PersistBlockTask","message":"Imported #940 / 0 tx / 0 om / 0 (0.0%) gas / (0x30a061ed92015950c364756d6c94141447e4f6a28a6db8c60adca3fca9d956d0) in 0.001s. Peers: 5","throwable":""}
{"timestamp":"2025-07-03T20:43:12,006","container":"ebdffaae6f6b","level":"INFO","thread":"EthScheduler-Workers-0","class":"PersistBlockTask","message":"Imported #941 / 0 tx / 0 om / 0 (0.0%) gas / (0xe0f0bfb166c0df03ae8e51e59b89e407db32da5f42deb97f4e0ef481b8f34ac1) in 0.001s. Peers: 5","throwable":""}
{"timestamp":"2025-07-03T20:43:20,007","container":"ebdffaae6f6b","level":"INFO","thread":"EthScheduler-Workers-0","class":"PersistBlockTask","message":"Imported #942 / 0 tx / 0 om / 0 (0.0%) gas / (0xaea6df7bd32361c185bed47248348bbbee4761d254dc73e5fd365f195c4ba125) in 0.000s. Peers: 5","throwable":""}
{"timestamp":"2025-07-03T20:43:28,008","container":"ebdffaae6f6b","level":"INFO","thread":"EthScheduler-Workers-0","class":"PersistBlockTask","message":"Imported #943 / 0 tx / 0 om / 0 (0.0%) gas / (0x60be33ba6d3f38e866fb43fb54211112c69013ffcf722db3c31b8f7f0c7b2cb7) in 0.001s. Peers: 5","throwable":""}
{"timestamp":"2025-07-03T20:43:38,118","container":"ebdffaae6f6b","level":"INFO","thread":"EthScheduler-Workers-0","class":"PersistBlockTask","message":"Imported #944 / 0 tx / 0 om / 0 (0.0%) gas / (0xc537911b429d3170a781bceb488986f3fb49a70f743bf48bc4367160aca041b9) in 0.000s. Peers: 5","throwable":""}
{"timestamp":"2025-07-03T20:43:46,006","container":"ebdffaae6f6b","level":"INFO","thread":"EthScheduler-Workers-0","class":"PersistBlockTask","message":"Imported #945 / 0 tx / 0 om / 0 (0.0%) gas / (0xe7c228f74e640a21dcc6a3462f0c8d465fa406192d9aaaf48735a335d8b0bf43) in 0.000s. Peers: 5","throwable":""}
{"timestamp":"2025-07-03T20:43:54,006","container":"ebdffaae6f6b","level":"INFO","thread":"EthScheduler-Workers-0","class":"PersistBlockTask","message":"Imported #946 / 0 tx / 0 om / 0 (0.0%) gas / (0x4dce6936d46c2cbedfa15de5085c00ce22276fffeb8ca0dfb811e408961ca6e6) in 0.001s. Peers: 5","throwable":""}
{"timestamp":"2025-07-03T20:44:02,007","container":"ebdffaae6f6b","level":"INFO","thread":"EthScheduler-Workers-0","class":"PersistBlockTask","message":"Imported #947 / 0 tx / 0 om / 0 (0.0%) gas / (0x0bd15a35751ce116171f9d0cccd2fe58fc60da4c8c122fdc5846a0a3af05ea1b) in 0.001s. Peers: 5","throwable":""}
{"timestamp":"2025-07-03T20:44:12,113","container":"ebdffaae6f6b","level":"INFO","thread":"EthScheduler-Workers-0","class":"PersistBlockTask","message":"Imported #948 / 0 tx / 0 om / 0 (0.0%) gas / (0xefecd054622cdc3c978c4571868601779e9ae756172ab0636d87dccc389a3b7e) in 0.001s. Peers: 5","throwable":""}
{"timestamp":"2025-07-03T20:44:20,007","container":"ebdffaae6f6b","level":"INFO","thread":"EthScheduler-Workers-0","class":"PersistBlockTask","message":"Imported #949 / 0 tx / 0 om / 0 (0.0%) gas / (0xc3a0e04d2c86db3e80c1ca88b93fa495a84d07801724c6b02b3dac5c33b0cc5a) in 0.001s. Peers: 5","throwable":""}
{"timestamp":"2025-07-03T20:44:28,007","container":"ebdffaae6f6b","level":"INFO","thread":"EthScheduler-Workers-0","class":"PersistBlockTask","message":"Imported #950 / 0 tx / 0 om / 0 (0.0%) gas / (0x97ec1896a86e12847d5d977a4d40327b241677bef3e38691db6683e6d28f696a) in 0.001s. Peers: 5","throwable":""}
{"timestamp":"2025-07-03T20:44:36,006","container":"ebdffaae6f6b","level":"INFO","thread":"EthScheduler-Workers-0","class":"PersistBlockTask","message":"Imported #951 / 0 tx / 0 om / 0 (0.0%) gas / (0x9510796c8a8e223b33d54bbd8c330162167a67f21fd4959baa8de20130316b23) in 0.000s. Peers: 5","throwable":""}
{"timestamp":"2025-07-03T20:44:46,029","container":"ebdffaae6f6b","level":"INFO","thread":"EthScheduler-Workers-0","class":"PersistBlockTask","message":"Imported #952 / 0 tx / 0 om / 0 (0.0%) gas / (0x51af45a57930ceda2cca6713d974315d3bf2e69254924ed6a4dbe66d4ab57c08) in 0.001s. Peers: 5","throwable":""}
{"timestamp":"2025-07-03T20:44:54,005","container":"ebdffaae6f6b","level":"INFO","thread":"EthScheduler-Workers-0","class":"PersistBlockTask","message":"Imported #953 / 0 tx / 0 om / 0 (0.0%) gas / (0x963471b98b6e2a24363e761ed8d710dcd0e7f85816678482c94ada17b8e8a91a) in 0.000s. Peers: 5","throwable":""}
{"timestamp":"2025-07-03T20:45:02,006","container":"ebdffaae6f6b","level":"INFO","thread":"EthScheduler-Workers-0","class":"PersistBlockTask","message":"Imported #954 / 0 tx / 0 om / 0 (0.0%) gas / (0x10dd1fce2d22b5f85fc1f8154e762b4a8a734896cb8d6980a346c538129e52d4) in 0.000s. Peers: 5","throwable":""}
{"timestamp":"2025-07-03T20:45:10,005","container":"ebdffaae6f6b","level":"INFO","thread":"EthScheduler-Workers-0","class":"PersistBlockTask","message":"Imported #955 / 0 tx / 0 om / 0 (0.0%) gas / (0xecb0a3f808db30bceeffcdf3b0b252d1b343726205d88368f172caf5e4c5e15a) in 0.001s. Peers: 5","throwable":""}
{"timestamp":"2025-07-03T20:45:19,987","container":"ebdffaae6f6b","level":"INFO","thread":"EthScheduler-Workers-0","class":"PersistBlockTask","message":"Imported #956 / 0 tx / 0 om / 0 (0.0%) gas / (0x41d95ea3f3214da176b4d262730ff8d26577cb32a33d6d097dc0f4d4d7b0792e) in 0.001s. Peers: 5","throwable":""}
{"timestamp":"2025-07-03T20:45:28,006","container":"ebdffaae6f6b","level":"INFO","thread":"EthScheduler-Workers-0","class":"PersistBlockTask","message":"Imported #957 / 0 tx / 0 om / 0 (0.0%) gas / (0xbbd813bc9f3d463f6842e273b0fd5dd5956bb2cc4bf479e47bbe33f87c4e7798) in 0.000s. Peers: 5","throwable":""}
{"timestamp":"2025-07-03T20:45:36,006","container":"ebdffaae6f6b","level":"INFO","thread":"EthScheduler-Workers-0","class":"PersistBlockTask","message":"Imported #958 / 0 tx / 0 om / 0 (0.0%) gas / (0xda376ee87019c86afb5f13f0a58bf3255f7924cb243788a46b7bbafc440e5799) in 0.000s. Peers: 5","throwable":""}
{"timestamp":"2025-07-03T20:45:44,006","container":"ebdffaae6f6b","level":"INFO","thread":"EthScheduler-Workers-0","class":"PersistBlockTask","message":"Imported #959 / 0 tx / 0 om / 0 (0.0%) gas / (0xf3b16d462d22ffec55d946933cfb23781f0e54a1291253d97f5020b24707f647) in 0.000s. Peers: 5","throwable":""}
{"timestamp":"2025-07-03T20:45:54,023","container":"ebdffaae6f6b","level":"INFO","thread":"EthScheduler-Workers-0","class":"PersistBlockTask","message":"Imported #960 / 0 tx / 0 om / 0 (0.0%) gas / (0xa8e26d84ab551a329917351aaf1292f98bfd12290043777fae141c8517ab40df) in 0.000s. Peers: 5","throwable":""}
{"timestamp":"2025-07-03T20:46:02,009","container":"ebdffaae6f6b","level":"INFO","thread":"EthScheduler-Workers-0","class":"PersistBlockTask","message":"Imported #961 / 0 tx / 0 om / 0 (0.0%) gas / (0x43c129cf3d682aa9e22cf55c4d885e8f0e769fa7d75681f834acc422b2862ea7) in 0.001s. Peers: 5","throwable":""}
{"timestamp":"2025-07-03T20:46:10,009","container":"ebdffaae6f6b","level":"INFO","thread":"EthScheduler-Workers-0","class":"PersistBlockTask","message":"Imported #962 / 0 tx / 0 om / 0 (0.0%) gas / (0xd2971f52196d3085a50c4ae7db77d5b4da83658d837ee0e9b05bd293fef28e50) in 0.001s. Peers: 5","throwable":""}
{"timestamp":"2025-07-03T20:46:18,007","container":"ebdffaae6f6b","level":"INFO","thread":"EthScheduler-Workers-0","class":"PersistBlockTask","message":"Imported #963 / 0 tx / 0 om / 0 (0.0%) gas / (0x6fae5dcb8a91194fea1c16750e5a4a63c1081e823abcbb74d418d34818f3c4aa) in 0.001s. Peers: 5","throwable":""}
{"timestamp":"2025-07-03T20:46:28,083","container":"ebdffaae6f6b","level":"INFO","thread":"EthScheduler-Workers-0","class":"PersistBlockTask","message":"Imported #964 / 0 tx / 0 om / 0 (0.0%) gas / (0x495694838c3df7554474adf56d170c08ad887d03e16fa77c17e320461d5606a4) in 0.001s. Peers: 5","throwable":""}
{"timestamp":"2025-07-03T20:46:36,006","container":"ebdffaae6f6b","level":"INFO","thread":"EthScheduler-Workers-0","class":"PersistBlockTask","message":"Imported #965 / 0 tx / 0 om / 0 (0.0%) gas / (0x4bd6adca94d8c17cb96836ad842d81205e1bec52bf714a94c8aa7f7054cc8d05) in 0.001s. Peers: 5","throwable":""}
{"timestamp":"2025-07-03T20:46:44,007","container":"ebdffaae6f6b","level":"INFO","thread":"EthScheduler-Workers-0","class":"PersistBlockTask","message":"Imported #966 / 0 tx / 0 om / 0 (0.0%) gas / (0x2168fe681d2b8d2b24bfa7fc77ed0b2e95dbb90d45746e9e3b7bca3dfe88182f) in 0.001s. Peers: 5","throwable":""}
{"timestamp":"2025-07-03T20:46:52,007","container":"ebdffaae6f6b","level":"INFO","thread":"EthScheduler-Workers-0","class":"PersistBlockTask","message":"Imported #967 / 0 tx / 0 om / 0 (0.0%) gas / (0x3482f78aa05f2815e0e9ffceaeac5ddbcef9b1c4a23595da1edc69e23ed2ce55) in 0.001s. Peers: 5","throwable":""}
{"timestamp":"2025-07-03T20:47:02,083","container":"ebdffaae6f6b","level":"INFO","thread":"EthScheduler-Workers-0","class":"PersistBlockTask","message":"Imported #968 / 0 tx / 0 om / 0 (0.0%) gas / (0x824a9193b1f4005fbdd14051073f6745efaae96f5ce38ecdab8f7ca8fec91c38) in 0.001s. Peers: 5","throwable":""}
{"timestamp":"2025-07-03T20:47:10,007","container":"ebdffaae6f6b","level":"INFO","thread":"EthScheduler-Workers-0","class":"PersistBlockTask","message":"Imported #969 / 0 tx / 0 om / 0 (0.0%) gas / (0x888418af12c14bcc64e3d637b67f273bac150a363cb37bb5408b1022193cacbd) in 0.000s. Peers: 5","throwable":""}
{"timestamp":"2025-07-03T20:47:18,007","container":"ebdffaae6f6b","level":"INFO","thread":"EthScheduler-Workers-0","class":"PersistBlockTask","message":"Imported #970 / 0 tx / 0 om / 0 (0.0%) gas / (0x8d6bc5ac11edfd8b8a0713ab2d4677163107aa7581bf663d02dce437250e04c6) in 0.001s. Peers: 5","throwable":""}
{"timestamp":"2025-07-03T20:47:26,009","container":"ebdffaae6f6b","level":"INFO","thread":"EthScheduler-Workers-0","class":"PersistBlockTask","message":"Imported #971 / 0 tx / 0 om / 0 (0.0%) gas / (0xe19ddb7668e161a49e997721f6bef85b7a5f904911f2ea6aac2e7e72347f6721) in 0.001s. Peers: 5","throwable":""}
{"timestamp":"2025-07-03T20:47:36,225","container":"ebdffaae6f6b","level":"INFO","thread":"EthScheduler-Workers-0","class":"PersistBlockTask","message":"Imported #972 / 0 tx / 0 om / 0 (0.0%) gas / (0xa3c252fe3232e5bcea7f25a28d97b78dc287c273700393f8486eb3ebd17cd32a) in 0.001s. Peers: 5","throwable":""}
{"timestamp":"2025-07-03T20:47:44,006","container":"ebdffaae6f6b","level":"INFO","thread":"EthScheduler-Workers-0","class":"PersistBlockTask","message":"Imported #973 / 0 tx / 0 om / 0 (0.0%) gas / (0x43e1dfdb3c8f48520256c82a09f1716825069eaa42c676d1999d5b5a614145e9) in 0.000s. Peers: 5","throwable":""}
{"timestamp":"2025-07-03T20:47:52,005","container":"ebdffaae6f6b","level":"INFO","thread":"EthScheduler-Workers-0","class":"PersistBlockTask","message":"Imported #974 / 0 tx / 0 om / 0 (0.0%) gas / (0x01bbd0a8a2a2a2a6f616ecb0a0f7f8624c3fb61d7f84f0b3be497ba206d6cc43) in 0.000s. Peers: 5","throwable":""}
{"timestamp":"2025-07-03T20:48:00,006","container":"ebdffaae6f6b","level":"INFO","thread":"EthScheduler-Workers-0","class":"PersistBlockTask","message":"Imported #975 / 0 tx / 0 om / 0 (0.0%) gas / (0xa1dbca4a1ce523df7042b5e564c302c37e809aa959dde5a148e884d2892a06c4) in 0.001s. Peers: 5","throwable":""}
{"timestamp":"2025-07-03T20:48:10,127","container":"ebdffaae6f6b","level":"INFO","thread":"EthScheduler-Workers-0","class":"PersistBlockTask","message":"Imported #976 / 0 tx / 0 om / 0 (0.0%) gas / (0x070d5572ca1eaed6dbf5b047b3b0b4981bf0cc2480edc0283be987a4bb1e0f0d) in 0.001s. Peers: 5","throwable":""}
{"timestamp":"2025-07-03T20:48:18,005","container":"ebdffaae6f6b","level":"INFO","thread":"EthScheduler-Workers-0","class":"PersistBlockTask","message":"Imported #977 / 0 tx / 0 om / 0 (0.0%) gas / (0x7985a2d936d248a2d229f9319a4c13070b27fe460c237a307509f7932094aa30) in 0.000s. Peers: 5","throwable":""}
{"timestamp":"2025-07-03T20:48:26,009","container":"ebdffaae6f6b","level":"INFO","thread":"EthScheduler-Workers-0","class":"PersistBlockTask","message":"Imported #978 / 0 tx / 0 om / 0 (0.0%) gas / (0x249ef549559d4f05b307dd614b40d6dc0dc519a0b2b006bfa371bd1c0ecb087d) in 0.001s. Peers: 5","throwable":""}
{"timestamp":"2025-07-03T20:48:34,007","container":"ebdffaae6f6b","level":"INFO","thread":"EthScheduler-Workers-0","class":"PersistBlockTask","message":"Imported #979 / 0 tx / 0 om / 0 (0.0%) gas / (0xc4a055f35524ce54bee97653256c6886ec7df623249046f0611cc082e31fdb72) in 0.001s. Peers: 5","throwable":""}
{"timestamp":"2025-07-03T20:48:44,125","container":"ebdffaae6f6b","level":"INFO","thread":"EthScheduler-Workers-0","class":"PersistBlockTask","message":"Imported #980 / 0 tx / 0 om / 0 (0.0%) gas / (0x0d277bfd8b8a53c63f4801fc6d883a8b665bb3ccd959353b092112eb157ea928) in 0.001s. Peers: 5","throwable":""}
{"timestamp":"2025-07-03T20:48:52,009","container":"ebdffaae6f6b","level":"INFO","thread":"EthScheduler-Workers-0","class":"PersistBlockTask","message":"Imported #981 / 0 tx / 0 om / 0 (0.0%) gas / (0xb059fc69b577118f71bf7382428c5e69a4a900b5241057ecaa1e0b9498d319d0) in 0.000s. Peers: 5","throwable":""}
{"timestamp":"2025-07-03T20:49:00,008","container":"ebdffaae6f6b","level":"INFO","thread":"EthScheduler-Workers-0","class":"PersistBlockTask","message":"Imported #982 / 0 tx / 0 om / 0 (0.0%) gas / (0xb925c5f188fa9295fe4376cccd5ad34c639caafc4309b4629b1e762d4c57fc3b) in 0.001s. Peers: 5","throwable":""}
{"timestamp":"2025-07-03T20:49:08,009","container":"ebdffaae6f6b","level":"INFO","thread":"EthScheduler-Workers-0","class":"PersistBlockTask","message":"Imported #983 / 0 tx / 0 om / 0 (0.0%) gas / (0x39340ec17cdf445fc4e8d0a37569b22746ebfa56e90f9044bcc195285b7a3d55) in 0.001s. Peers: 5","throwable":""}
{"timestamp":"2025-07-03T20:49:18,125","container":"ebdffaae6f6b","level":"INFO","thread":"EthScheduler-Workers-0","class":"PersistBlockTask","message":"Imported #984 / 0 tx / 0 om / 0 (0.0%) gas / (0x236b24aa595be5fa796d9d8302e131296ed0e80d2bfe868efbaa3cdc5e100673) in 0.001s. Peers: 5","throwable":""}
{"timestamp":"2025-07-03T20:49:26,007","container":"ebdffaae6f6b","level":"INFO","thread":"EthScheduler-Workers-0","class":"PersistBlockTask","message":"Imported #985 / 0 tx / 0 om / 0 (0.0%) gas / (0xcc054157ecfc378ff2dc4c90b8ea043ff11a3f9a18eace58b7c953b2b8ad2e3d) in 0.001s. Peers: 5","throwable":""}
{"timestamp":"2025-07-03T20:49:34,007","container":"ebdffaae6f6b","level":"INFO","thread":"EthScheduler-Workers-0","class":"PersistBlockTask","message":"Imported #986 / 0 tx / 0 om / 0 (0.0%) gas / (0x6172294a17fd8902db561de8e2c7860958dad91f440eccb03a09c2fb71aefae9) in 0.001s. Peers: 5","throwable":""}
{"timestamp":"2025-07-03T20:49:42,007","container":"ebdffaae6f6b","level":"INFO","thread":"EthScheduler-Workers-0","class":"PersistBlockTask","message":"Imported #987 / 0 tx / 0 om / 0 (0.0%) gas / (0x4f9916670719d5607bcead4f5451a0739f255a8660c3294b3d623213886982f2) in 0.001s. Peers: 5","throwable":""}
{"timestamp":"2025-07-03T20:49:52,126","container":"ebdffaae6f6b","level":"INFO","thread":"EthScheduler-Workers-0","class":"PersistBlockTask","message":"Imported #988 / 0 tx / 0 om / 0 (0.0%) gas / (0x147ee4d2f23f9e5eb0eb712712f180311de4dc11a8b7f9f00accb26eb357a8fc) in 0.001s. Peers: 5","throwable":""}
{"timestamp":"2025-07-03T20:50:00,007","container":"ebdffaae6f6b","level":"INFO","thread":"EthScheduler-Workers-0","class":"PersistBlockTask","message":"Imported #989 / 0 tx / 0 om / 0 (0.0%) gas / (0x3248da589a33343bb944138b9acce8fb03f2b3741151425cd418a50ec098b979) in 0.001s. Peers: 5","throwable":""}
{"timestamp":"2025-07-03T20:50:08,012","container":"ebdffaae6f6b","level":"INFO","thread":"EthScheduler-Workers-0","class":"PersistBlockTask","message":"Imported #990 / 0 tx / 0 om / 0 (0.0%) gas / (0x0a080ab55999d8312b7e0b8bf57e620cc19763c9331ae3197f1f1b0066f2c165) in 0.001s. Peers: 5","throwable":""}
{"timestamp":"2025-07-03T20:50:16,010","container":"ebdffaae6f6b","level":"INFO","thread":"EthScheduler-Workers-0","class":"PersistBlockTask","message":"Imported #991 / 0 tx / 0 om / 0 (0.0%) gas / (0x84d28f3439ba1305210e7f9930ad38bf0f5edb05483834d35821bf2c1968f1f1) in 0.001s. Peers: 5","throwable":""}
{"timestamp":"2025-07-03T20:50:26,111","container":"ebdffaae6f6b","level":"INFO","thread":"EthScheduler-Workers-0","class":"PersistBlockTask","message":"Imported #992 / 0 tx / 0 om / 0 (0.0%) gas / (0xc3a6213ca38e7a7455f5b12102549012a8ede19635e66bf0cf8b25c38849f6f0) in 0.001s. Peers: 5","throwable":""}
{"timestamp":"2025-07-03T20:50:34,010","container":"ebdffaae6f6b","level":"INFO","thread":"EthScheduler-Workers-0","class":"PersistBlockTask","message":"Imported #993 / 0 tx / 0 om / 0 (0.0%) gas / (0xbd181fc958ce367357b654bff212a2502e5edb5494c1c06f519062048784aec8) in 0.001s. Peers: 5","throwable":""}
{"timestamp":"2025-07-03T20:50:42,018","container":"ebdffaae6f6b","level":"INFO","thread":"EthScheduler-Workers-0","class":"PersistBlockTask","message":"Imported #994 / 0 tx / 0 om / 0 (0.0%) gas / (0x9955bde0cdf59599d52d465530b1f40e2aad74bc02faa356a16710be0eeaed71) in 0.001s. Peers: 5","throwable":""}
{"timestamp":"2025-07-03T20:50:50,018","container":"ebdffaae6f6b","level":"INFO","thread":"EthScheduler-Workers-0","class":"PersistBlockTask","message":"Imported #995 / 0 tx / 0 om / 0 (0.0%) gas / (0x3c390c887d59d290cf6caf10ba0f3f41f0fdb024896380a1e0cb68c910421cf6) in 0.001s. Peers: 5","throwable":""}
{"timestamp":"2025-07-03T20:51:00,098","container":"ebdffaae6f6b","level":"INFO","thread":"EthScheduler-Workers-0","class":"PersistBlockTask","message":"Imported #996 / 0 tx / 0 om / 0 (0.0%) gas / (0x4f9b1cc4c3abf5debb966f7bccba89f5fabe61588b6c41c6ccd79ee9c435d519) in 0.001s. Peers: 5","throwable":""}
{"timestamp":"2025-07-03T20:51:08,012","container":"ebdffaae6f6b","level":"INFO","thread":"EthScheduler-Workers-0","class":"PersistBlockTask","message":"Imported #997 / 0 tx / 0 om / 0 (0.0%) gas / (0x3a7208bb4b34e8451ca8835cda851391424c675c5cf8a9add1c934675414b65c) in 0.001s. Peers: 5","throwable":""}
{"timestamp":"2025-07-03T20:51:16,009","container":"ebdffaae6f6b","level":"INFO","thread":"EthScheduler-Workers-0","class":"PersistBlockTask","message":"Imported #998 / 0 tx / 0 om / 0 (0.0%) gas / (0x47bfe889e1aefefb9f8715720321b1577c18ef9df4e661c6e2e30356f657358d) in 0.001s. Peers: 5","throwable":""}
{"timestamp":"2025-07-03T20:51:24,010","container":"ebdffaae6f6b","level":"INFO","thread":"EthScheduler-Workers-0","class":"PersistBlockTask","message":"Imported #999 / 0 tx / 0 om / 0 (0.0%) gas / (0x01ee0e953ef51c310849b42991f125233bbb66113a1e126b9fe3c57af0321188) in 0.001s. Peers: 5","throwable":""}
{"timestamp":"2025-07-03T20:51:32,021","container":"ebdffaae6f6b","level":"INFO","thread":"EthScheduler-Workers-0","class":"PersistBlockTask","message":"Imported #1,000 / 0 tx / 0 om / 0 (0.0%) gas / (0x1d4e80f5bbb1cb1a20cf366238f84d44e1f9491b869cd841150f3f455047a898) in 0.001s. Peers: 5","throwable":""}
{"timestamp":"2025-07-03T20:51:42,092","container":"ebdffaae6f6b","level":"INFO","thread":"EthScheduler-Workers-0","class":"PersistBlockTask","message":"Imported #1,001 / 0 tx / 0 om / 0 (0.0%) gas / (0x9f7169100e128810b2a53d8facc7772adb2955bbac438fbf3b12ad6b5e17926a) in 0.001s. Peers: 5","throwable":""}
{"timestamp":"2025-07-03T20:51:50,013","container":"ebdffaae6f6b","level":"INFO","thread":"EthScheduler-Workers-0","class":"PersistBlockTask","message":"Imported #1,002 / 0 tx / 0 om / 0 (0.0%) gas / (0x488870675bb9c8ed6a1eca67eca11aa08597eec56f15747ee43d95074cfcbee9) in 0.001s. Peers: 5","throwable":""}
{"timestamp":"2025-07-03T20:51:58,007","container":"ebdffaae6f6b","level":"INFO","thread":"EthScheduler-Workers-0","class":"PersistBlockTask","message":"Imported #1,003 / 0 tx / 0 om / 0 (0.0%) gas / (0x9dc7466d4322c841da68c6ec5f5756ad7b2aa68daa2d3f05cc7203175f3ddd8f) in 0.001s. Peers: 5","throwable":""}
{"timestamp":"2025-07-03T20:52:06,011","container":"ebdffaae6f6b","level":"INFO","thread":"EthScheduler-Workers-0","class":"PersistBlockTask","message":"Imported #1,004 / 0 tx / 0 om / 0 (0.0%) gas / (0x82dc87e83f1af27928a4ea5fc0bd5baccde4a3ba969b893f750606cc605b1d56) in 0.001s. Peers: 5","throwable":""}
{"timestamp":"2025-07-03T20:52:16,041","container":"ebdffaae6f6b","level":"INFO","thread":"EthScheduler-Workers-0","class":"PersistBlockTask","message":"Imported #1,005 / 0 tx / 0 om / 0 (0.0%) gas / (0x9d2456ec84d05183d0375e34d01a4d67aee279e6210da936ce3a7b486ce83358) in 0.001s. Peers: 5","throwable":""}
{"timestamp":"2025-07-03T20:52:24,008","container":"ebdffaae6f6b","level":"INFO","thread":"EthScheduler-Workers-0","class":"PersistBlockTask","message":"Imported #1,006 / 0 tx / 0 om / 0 (0.0%) gas / (0xc02ffc1150def90103bd26193ac985b137727d9524fbcd0d3f5c0a670555daca) in 0.001s. Peers: 5","throwable":""}
{"timestamp":"2025-07-03T20:52:32,007","container":"ebdffaae6f6b","level":"INFO","thread":"EthScheduler-Workers-0","class":"PersistBlockTask","message":"Imported #1,007 / 0 tx / 0 om / 0 (0.0%) gas / (0x34135278e10555d41a715ab3b40e99b71deb05115475e29c1a718c128724a2bf) in 0.000s. Peers: 5","throwable":""}
{"timestamp":"2025-07-03T20:52:40,009","container":"ebdffaae6f6b","level":"INFO","thread":"EthScheduler-Workers-0","class":"PersistBlockTask","message":"Imported #1,008 / 0 tx / 0 om / 0 (0.0%) gas / (0x48342f5dbf94c46ca850fa4a9ebd8e2e9f3f446f1861cbe7cca9e860daa1c214) in 0.001s. Peers: 5","throwable":""}
{"timestamp":"2025-07-03T20:52:50,018","container":"ebdffaae6f6b","level":"INFO","thread":"EthScheduler-Workers-0","class":"PersistBlockTask","message":"Imported #1,009 / 0 tx / 0 om / 0 (0.0%) gas / (0x8f623c0091acfde441cd0e2cc87d36cc03ed40e4de8a90cace5a6e50ecff08e0) in 0.001s. Peers: 5","throwable":""}
{"timestamp":"2025-07-03T20:52:58,007","container":"ebdffaae6f6b","level":"INFO","thread":"EthScheduler-Workers-0","class":"PersistBlockTask","message":"Imported #1,010 / 0 tx / 0 om / 0 (0.0%) gas / (0xad17b7523c496e4c3a63d65377b2e601975f52125be25c440f0c92b13e072115) in 0.001s. Peers: 5","throwable":""}
{"timestamp":"2025-07-03T20:53:06,015","container":"ebdffaae6f6b","level":"INFO","thread":"EthScheduler-Workers-0","class":"PersistBlockTask","message":"Imported #1,011 / 0 tx / 0 om / 0 (0.0%) gas / (0x8b980ee077f3adddbf10350d1e62b9ca79553941cf5b50ef8b079454594e9013) in 0.001s. Peers: 5","throwable":""}
{"timestamp":"2025-07-03T20:53:14,006","container":"ebdffaae6f6b","level":"INFO","thread":"EthScheduler-Workers-0","class":"PersistBlockTask","message":"Imported #1,012 / 0 tx / 0 om / 0 (0.0%) gas / (0x2626bc1f1514a67d9ab08b30b3ecf8bdf1837bb84fc612b001b31d562ef3abb7) in 0.001s. Peers: 5","throwable":""}
{"timestamp":"2025-07-03T20:53:24,152","container":"ebdffaae6f6b","level":"INFO","thread":"EthScheduler-Workers-0","class":"PersistBlockTask","message":"Imported #1,013 / 0 tx / 0 om / 0 (0.0%) gas / (0x5da4edc77f719b3d988c04119943867ae5e4f3b0c72fff3a5f517299e5be5965) in 0.001s. Peers: 5","throwable":""}
{"timestamp":"2025-07-03T20:53:32,010","container":"ebdffaae6f6b","level":"INFO","thread":"EthScheduler-Workers-0","class":"PersistBlockTask","message":"Imported #1,014 / 0 tx / 0 om / 0 (0.0%) gas / (0x4a3922fa7468388de7d29a20ab1c5828704ff734039a9273e522e010440cd2fe) in 0.001s. Peers: 5","throwable":""}
{"timestamp":"2025-07-03T20:53:40,006","container":"ebdffaae6f6b","level":"INFO","thread":"EthScheduler-Workers-0","class":"PersistBlockTask","message":"Imported #1,015 / 0 tx / 0 om / 0 (0.0%) gas / (0xbff74a3f33a656acb4bdebc947f95bd4d9972f7f8094ee1babb5a74f627e62f4) in 0.001s. Peers: 5","throwable":""}
{"timestamp":"2025-07-03T20:53:48,007","container":"ebdffaae6f6b","level":"INFO","thread":"EthScheduler-Workers-0","class":"PersistBlockTask","message":"Imported #1,016 / 0 tx / 0 om / 0 (0.0%) gas / (0x7b7414777d4421720cfee3010bef70b5a9df3521d3d7e4cad9aec2d5bd44a1a3) in 0.001s. Peers: 5","throwable":""}
{"timestamp":"2025-07-03T20:53:57,742","container":"ebdffaae6f6b","level":"INFO","thread":"EthScheduler-Workers-0","class":"PersistBlockTask","message":"Imported #1,017 / 0 tx / 0 om / 0 (0.0%) gas / (0x277aa7f74cb155a6cf9d24892767d3b7f34cded5eb3e912d06dd104db74d4c58) in 0.001s. Peers: 5","throwable":""}
{"timestamp":"2025-07-03T20:54:06,016","container":"ebdffaae6f6b","level":"INFO","thread":"EthScheduler-Workers-0","class":"PersistBlockTask","message":"Imported #1,018 / 0 tx / 0 om / 0 (0.0%) gas / (0xe29b326ec3f4027ef0c8fe6bc86afb7dd46f26a20c04bc98df02b74522412a42) in 0.001s. Peers: 5","throwable":""}
{"timestamp":"2025-07-03T20:54:14,007","container":"ebdffaae6f6b","level":"INFO","thread":"EthScheduler-Workers-0","class":"PersistBlockTask","message":"Imported #1,019 / 0 tx / 0 om / 0 (0.0%) gas / (0x00192f6e5f8576bcce73f1159a4f76ee9a7d05c7e328f98d00405973ba1d0878) in 0.001s. Peers: 5","throwable":""}
{"timestamp":"2025-07-03T20:54:22,015","container":"ebdffaae6f6b","level":"INFO","thread":"EthScheduler-Workers-0","class":"PersistBlockTask","message":"Imported #1,020 / 0 tx / 0 om / 0 (0.0%) gas / (0xab71053dbc6c622f30b964b4c5ef520eaac1be06d08256ab9cba74c7ba860aaf) in 0.002s. Peers: 5","throwable":""}
{"timestamp":"2025-07-03T20:54:31,703","container":"ebdffaae6f6b","level":"INFO","thread":"EthScheduler-Workers-0","class":"PersistBlockTask","message":"Imported #1,021 / 0 tx / 0 om / 0 (0.0%) gas / (0x18b3a4d77d49bb03e4cf0e33e3294e65c0d1f86fe11e322f09b8c4bc10a39222) in 0.001s. Peers: 5","throwable":""}
{"timestamp":"2025-07-03T20:54:40,009","container":"ebdffaae6f6b","level":"INFO","thread":"EthScheduler-Workers-0","class":"PersistBlockTask","message":"Imported #1,022 / 0 tx / 0 om / 0 (0.0%) gas / (0x83350364dec5bd27f3fa3717e6b7ec00cb6e9f2c7892dee7941c2c2f861d1436) in 0.001s. Peers: 5","throwable":""}
{"timestamp":"2025-07-03T20:54:48,005","container":"ebdffaae6f6b","level":"INFO","thread":"EthScheduler-Workers-0","class":"PersistBlockTask","message":"Imported #1,023 / 0 tx / 0 om / 0 (0.0%) gas / (0xf093c5bab1b6ae53092cdf4e0c5c7d2dec5f2799267c95a71914bb0919291dfa) in 0.000s. Peers: 5","throwable":""}
{"timestamp":"2025-07-03T20:54:56,006","container":"ebdffaae6f6b","level":"INFO","thread":"EthScheduler-Workers-0","class":"PersistBlockTask","message":"Imported #1,024 / 0 tx / 0 om / 0 (0.0%) gas / (0x84554e8d75f8c8c093121cdf41c02467dace3303ed1350538ea0b29b623e62b1) in 0.000s. Peers: 5","throwable":""}
{"timestamp":"2025-07-03T20:55:05,821","container":"ebdffaae6f6b","level":"INFO","thread":"EthScheduler-Workers-0","class":"PersistBlockTask","message":"Imported #1,025 / 0 tx / 0 om / 0 (0.0%) gas / (0xd7d2b6e357c54171208fb83a2c12bb2e661d72661648a56c399dae82d5233017) in 0.001s. Peers: 5","throwable":""}
{"timestamp":"2025-07-03T20:55:14,006","container":"ebdffaae6f6b","level":"INFO","thread":"EthScheduler-Workers-0","class":"PersistBlockTask","message":"Imported #1,026 / 0 tx / 0 om / 0 (0.0%) gas / (0x888cfffcbef50169c933a28c1eec62d0acbb4b83bbc95036980290f7bdede3bc) in 0.000s. Peers: 5","throwable":""}
{"timestamp":"2025-07-03T20:55:22,007","container":"ebdffaae6f6b","level":"INFO","thread":"EthScheduler-Workers-0","class":"PersistBlockTask","message":"Imported #1,027 / 0 tx / 0 om / 0 (0.0%) gas / (0x04dd39e8e79cd8d6dff7181b62b68de98e7710135b140bb891ef86b85799f4e0) in 0.001s. Peers: 5","throwable":""}
{"timestamp":"2025-07-03T20:55:30,006","container":"ebdffaae6f6b","level":"INFO","thread":"EthScheduler-Workers-0","class":"PersistBlockTask","message":"Imported #1,028 / 0 tx / 0 om / 0 (0.0%) gas / (0x315915a963853c71b32ba0260be5fe7dfc315be20834fafbf18b26e0739409db) in 0.001s. Peers: 5","throwable":""}
{"timestamp":"2025-07-03T20:55:39,769","container":"ebdffaae6f6b","level":"INFO","thread":"EthScheduler-Workers-0","class":"PersistBlockTask","message":"Imported #1,029 / 0 tx / 0 om / 0 (0.0%) gas / (0x5a3e9777ab4d88ba4467ce29b27d155714a40b0b550604bf566db1a7a11c3668) in 0.001s. Peers: 5","throwable":""}
{"timestamp":"2025-07-03T20:55:48,019","container":"ebdffaae6f6b","level":"INFO","thread":"EthScheduler-Workers-0","class":"PersistBlockTask","message":"Imported #1,030 / 0 tx / 0 om / 0 (0.0%) gas / (0xb937768eca5bbc5760453e3d65eb09796c7449b67205156aa57ee662bdd9ecfb) in 0.001s. Peers: 5","throwable":""}
{"timestamp":"2025-07-03T20:55:56,006","container":"ebdffaae6f6b","level":"INFO","thread":"EthScheduler-Workers-0","class":"PersistBlockTask","message":"Imported #1,031 / 0 tx / 0 om / 0 (0.0%) gas / (0x4555d9a51f3384dc1e3684719e4a4aaf172317cfb0502274c679c3da8aecb298) in 0.001s. Peers: 5","throwable":""}
{"timestamp":"2025-07-03T20:56:04,007","container":"ebdffaae6f6b","level":"INFO","thread":"EthScheduler-Workers-0","class":"PersistBlockTask","message":"Imported #1,032 / 0 tx / 0 om / 0 (0.0%) gas / (0x66f076b2a6269a6a3195f59e2e3d5763c5f36982a94d52eb52607a01425cfb86) in 0.000s. Peers: 5","throwable":""}
{"timestamp":"2025-07-03T20:56:13,716","container":"ebdffaae6f6b","level":"INFO","thread":"EthScheduler-Workers-0","class":"PersistBlockTask","message":"Imported #1,033 / 0 tx / 0 om / 0 (0.0%) gas / (0xd36d4c7988a3653cddc3bff9fbc62b36cfff37f88f211fc8a5ec6c14d54f1f1a) in 0.001s. Peers: 5","throwable":""}
{"timestamp":"2025-07-03T20:56:22,006","container":"ebdffaae6f6b","level":"INFO","thread":"EthScheduler-Workers-0","class":"PersistBlockTask","message":"Imported #1,034 / 0 tx / 0 om / 0 (0.0%) gas / (0x2f3c08e72350a576712fcc6780f82e6ebc315ac731e650cdef628d5f64a0d619) in 0.000s. Peers: 5","throwable":""}
{"timestamp":"2025-07-03T20:56:30,007","container":"ebdffaae6f6b","level":"INFO","thread":"EthScheduler-Workers-0","class":"PersistBlockTask","message":"Imported #1,035 / 0 tx / 0 om / 0 (0.0%) gas / (0x8bf830d5314ded14272eeee3d07ad55e1ef97daf22952e84e9aeddd3d9924f63) in 0.001s. Peers: 5","throwable":""}
{"timestamp":"2025-07-03T20:56:38,011","container":"ebdffaae6f6b","level":"INFO","thread":"EthScheduler-Workers-0","class":"PersistBlockTask","message":"Imported #1,036 / 0 tx / 0 om / 0 (0.0%) gas / (0x5b6b241b654dbc7c1905a71eb71b5ac89143b5d6344d6df3ee1485f4cde627c3) in 0.001s. Peers: 5","throwable":""}
{"timestamp":"2025-07-03T20:56:48,048","container":"ebdffaae6f6b","level":"INFO","thread":"EthScheduler-Workers-0","class":"PersistBlockTask","message":"Imported #1,037 / 0 tx / 0 om / 0 (0.0%) gas / (0xe55b9b4fa2a40fe27baf5ba1c418dfb80dc93c2cf6011c58811fcd07d11b11b3) in 0.000s. Peers: 5","throwable":""}
{"timestamp":"2025-07-03T20:56:56,007","container":"ebdffaae6f6b","level":"INFO","thread":"EthScheduler-Workers-0","class":"PersistBlockTask","message":"Imported #1,038 / 0 tx / 0 om / 0 (0.0%) gas / (0x20dc2f4017107db2de1f2ad5f6c0c985cfbff4594c7b6dd9b2f93b65f7fa7278) in 0.001s. Peers: 5","throwable":""}
{"timestamp":"2025-07-03T20:57:04,006","container":"ebdffaae6f6b","level":"INFO","thread":"EthScheduler-Workers-0","class":"PersistBlockTask","message":"Imported #1,039 / 0 tx / 0 om / 0 (0.0%) gas / (0x947f89aa67f170dc6cbbff50c98b506b1bd7920886690b467ac67ff2861dbc6f) in 0.001s. Peers: 5","throwable":""}
{"timestamp":"2025-07-03T20:57:12,006","container":"ebdffaae6f6b","level":"INFO","thread":"EthScheduler-Workers-0","class":"PersistBlockTask","message":"Imported #1,040 / 0 tx / 0 om / 0 (0.0%) gas / (0x65fbfdb4b6d8ea9ba9f05d0a332d79c52a0a73e9b9c8c1c3889c699236b2d5e6) in 0.001s. Peers: 5","throwable":""}
{"timestamp":"2025-07-03T20:57:21,834","container":"ebdffaae6f6b","level":"INFO","thread":"EthScheduler-Workers-0","class":"PersistBlockTask","message":"Imported #1,041 / 0 tx / 0 om / 0 (0.0%) gas / (0xa18635a55cf4edfdbd19ef389dda04d62921acafd8bbdf2408aeef810ed2aa32) in 0.000s. Peers: 5","throwable":""}
{"timestamp":"2025-07-03T20:57:30,005","container":"ebdffaae6f6b","level":"INFO","thread":"EthScheduler-Workers-0","class":"PersistBlockTask","message":"Imported #1,042 / 0 tx / 0 om / 0 (0.0%) gas / (0x62aa9a7b43a2e724c1ce0eb35e717b90aff75639a463630f9d6e308c67b9f7f1) in 0.001s. Peers: 5","throwable":""}
{"timestamp":"2025-07-03T20:57:38,008","container":"ebdffaae6f6b","level":"INFO","thread":"EthScheduler-Workers-0","class":"PersistBlockTask","message":"Imported #1,043 / 0 tx / 0 om / 0 (0.0%) gas / (0x91cb4d9bd7f81fe6560fc046f539ca2da7d53a1a642deb2704ac05071878fbe1) in 0.001s. Peers: 5","throwable":""}
{"timestamp":"2025-07-03T20:57:46,006","container":"ebdffaae6f6b","level":"INFO","thread":"EthScheduler-Workers-0","class":"PersistBlockTask","message":"Imported #1,044 / 0 tx / 0 om / 0 (0.0%) gas / (0x0b8d8a63c727b350957371e5f6e1ab102550bad3fddebf69b9b65ccf48534607) in 0.000s. Peers: 5","throwable":""}
{"timestamp":"2025-07-03T20:57:55,850","container":"ebdffaae6f6b","level":"INFO","thread":"EthScheduler-Workers-0","class":"PersistBlockTask","message":"Imported #1,045 / 0 tx / 0 om / 0 (0.0%) gas / (0x0c91a7b63d6efe32aa4ee2d1b74b474f91d843f17cc3f6cdead7b55f0c322edf) in 0.001s. Peers: 5","throwable":""}
{"timestamp":"2025-07-03T20:58:04,005","container":"ebdffaae6f6b","level":"INFO","thread":"EthScheduler-Workers-0","class":"PersistBlockTask","message":"Imported #1,046 / 0 tx / 0 om / 0 (0.0%) gas / (0x4dd40eb08d2da6ceed9277afd3acd92ec7c6905c5ac8336fee07c74363d1ba29) in 0.000s. Peers: 5","throwable":""}
{"timestamp":"2025-07-03T20:58:12,007","container":"ebdffaae6f6b","level":"INFO","thread":"EthScheduler-Workers-0","class":"PersistBlockTask","message":"Imported #1,047 / 0 tx / 0 om / 0 (0.0%) gas / (0x5644590e9503227d85a72930e55f52662daaf4afabcf379ede71b3d685e5d87c) in 0.001s. Peers: 5","throwable":""}
{"timestamp":"2025-07-03T20:58:20,005","container":"ebdffaae6f6b","level":"INFO","thread":"EthScheduler-Workers-0","class":"PersistBlockTask","message":"Imported #1,048 / 0 tx / 0 om / 0 (0.0%) gas / (0xf10385c404440517129ddc71864573de8332f3bd80d472f188dd36bb6cc24542) in 0.001s. Peers: 5","throwable":""}
{"timestamp":"2025-07-03T20:58:29,928","container":"ebdffaae6f6b","level":"INFO","thread":"EthScheduler-Workers-0","class":"PersistBlockTask","message":"Imported #1,049 / 0 tx / 0 om / 0 (0.0%) gas / (0x8df413c765ba782f6cf243b7e94a52061365558ff954b7aef3219cee2284dc8b) in 0.001s. Peers: 5","throwable":""}
{"timestamp":"2025-07-03T20:58:38,006","container":"ebdffaae6f6b","level":"INFO","thread":"EthScheduler-Workers-0","class":"PersistBlockTask","message":"Imported #1,050 / 0 tx / 0 om / 0 (0.0%) gas / (0x240dcbdb1b0b419ef3736338e8a429e217e5e598d74e3b02c6105701e0417fc2) in 0.001s. Peers: 5","throwable":""}
{"timestamp":"2025-07-03T20:58:46,006","container":"ebdffaae6f6b","level":"INFO","thread":"EthScheduler-Workers-0","class":"PersistBlockTask","message":"Imported #1,051 / 0 tx / 0 om / 0 (0.0%) gas / (0x14eff063579160145662071eb89cee78f60933409ce96db205c9e504651513c6) in 0.001s. Peers: 5","throwable":""}
{"timestamp":"2025-07-03T20:58:54,007","container":"ebdffaae6f6b","level":"INFO","thread":"EthScheduler-Workers-0","class":"PersistBlockTask","message":"Imported #1,052 / 0 tx / 0 om / 0 (0.0%) gas / (0xd4b094b500e90230ed660f13df6b8ec02d4da29a494d43c754c70dd5e09b30c4) in 0.001s. Peers: 5","throwable":""}
{"timestamp":"2025-07-03T20:59:03,867","container":"ebdffaae6f6b","level":"INFO","thread":"EthScheduler-Workers-0","class":"PersistBlockTask","message":"Imported #1,053 / 0 tx / 0 om / 0 (0.0%) gas / (0x3a57610eccfb2288eb972ef189af0d5da14beab66962efd39ae1701c53147a8b) in 0.000s. Peers: 5","throwable":""}
{"timestamp":"2025-07-03T20:59:12,007","container":"ebdffaae6f6b","level":"INFO","thread":"EthScheduler-Workers-0","class":"PersistBlockTask","message":"Imported #1,054 / 0 tx / 0 om / 0 (0.0%) gas / (0x1b4c09cc8f6503719b51cdda0a7a00135d904dd686476749ff95f4f194d6c04a) in 0.001s. Peers: 5","throwable":""}
{"timestamp":"2025-07-03T20:59:20,006","container":"ebdffaae6f6b","level":"INFO","thread":"EthScheduler-Workers-0","class":"PersistBlockTask","message":"Imported #1,055 / 0 tx / 0 om / 0 (0.0%) gas / (0x31884a349031dda008b6b6c55ed77c487449842bc2a6714c40902e16c835b176) in 0.000s. Peers: 5","throwable":""}
{"timestamp":"2025-07-03T20:59:28,005","container":"ebdffaae6f6b","level":"INFO","thread":"EthScheduler-Workers-0","class":"PersistBlockTask","message":"Imported #1,056 / 0 tx / 0 om / 0 (0.0%) gas / (0x81dd8f398bce84529fc21a129d3ecd233621b3302577b418b382f82a0f31af69) in 0.000s. Peers: 5","throwable":""}
{"timestamp":"2025-07-03T20:59:37,955","container":"ebdffaae6f6b","level":"INFO","thread":"EthScheduler-Workers-0","class":"PersistBlockTask","message":"Imported #1,057 / 0 tx / 0 om / 0 (0.0%) gas / (0xff380a96cfb5e8748c86e0800594ce3ba3a3975b1f48fc0dae4c42fb0611f101) in 0.001s. Peers: 5","throwable":""}
{"timestamp":"2025-07-03T20:59:46,005","container":"ebdffaae6f6b","level":"INFO","thread":"EthScheduler-Workers-0","class":"PersistBlockTask","message":"Imported #1,058 / 0 tx / 0 om / 0 (0.0%) gas / (0x7ab1721eea3409b31f4fccaf4c12d66eb7eae9edaff10f45a16bb892cc7dcdef) in 0.000s. Peers: 5","throwable":""}
{"timestamp":"2025-07-03T20:59:54,007","container":"ebdffaae6f6b","level":"INFO","thread":"EthScheduler-Workers-0","class":"PersistBlockTask","message":"Imported #1,059 / 0 tx / 0 om / 0 (0.0%) gas / (0x8ca7a71229bfe97ecc184a8796195272b3874a7e11d59386f62495a165e77701) in 0.001s. Peers: 5","throwable":""}
{"timestamp":"2025-07-03T21:00:02,006","container":"ebdffaae6f6b","level":"INFO","thread":"EthScheduler-Workers-0","class":"PersistBlockTask","message":"Imported #1,060 / 0 tx / 0 om / 0 (0.0%) gas / (0x18ec757ab79a7b71b327501c4e32102244517c442105ddef08b74a8e19910a20) in 0.001s. Peers: 5","throwable":""}
{"timestamp":"2025-07-03T21:00:11,933","container":"ebdffaae6f6b","level":"INFO","thread":"EthScheduler-Workers-0","class":"PersistBlockTask","message":"Imported #1,061 / 0 tx / 0 om / 0 (0.0%) gas / (0xbff6d31b41a1548833c6b55a5765df3f9ec48c81b189edf106ee1d4611cbc9de) in 0.001s. Peers: 5","throwable":""}
{"timestamp":"2025-07-03T21:00:20,006","container":"ebdffaae6f6b","level":"INFO","thread":"EthScheduler-Workers-0","class":"PersistBlockTask","message":"Imported #1,062 / 0 tx / 0 om / 0 (0.0%) gas / (0x49e12e6323204f994f43cef553d439358282d47de501829bffa4e57e8e9627fb) in 0.001s. Peers: 5","throwable":""}
{"timestamp":"2025-07-03T21:00:28,006","container":"ebdffaae6f6b","level":"INFO","thread":"EthScheduler-Workers-0","class":"PersistBlockTask","message":"Imported #1,063 / 0 tx / 0 om / 0 (0.0%) gas / (0x2ddc8292c9d95d675f6f094215f167f423c027f6403a83da9fbb0841c807a246) in 0.001s. Peers: 5","throwable":""}
{"timestamp":"2025-07-03T21:00:36,007","container":"ebdffaae6f6b","level":"INFO","thread":"EthScheduler-Workers-0","class":"PersistBlockTask","message":"Imported #1,064 / 0 tx / 0 om / 0 (0.0%) gas / (0xd8b9d212424aa833172f19d9f768dee28cf63dd21f61321fa10f88379f9447e3) in 0.001s. Peers: 5","throwable":""}
{"timestamp":"2025-07-03T21:00:45,958","container":"ebdffaae6f6b","level":"INFO","thread":"EthScheduler-Workers-0","class":"PersistBlockTask","message":"Imported #1,065 / 0 tx / 0 om / 0 (0.0%) gas / (0xd257b4c50c1760c8c51393b320812c746e92ceb54e79ab7f13f432270648cde9) in 0.001s. Peers: 5","throwable":""}
{"timestamp":"2025-07-03T21:00:54,005","container":"ebdffaae6f6b","level":"INFO","thread":"EthScheduler-Workers-0","class":"PersistBlockTask","message":"Imported #1,066 / 0 tx / 0 om / 0 (0.0%) gas / (0x1dcfe380148a678be3bec2003031d1cd5c0e45f1166b38bf0b781fa749cf8b24) in 0.000s. Peers: 5","throwable":""}
{"timestamp":"2025-07-03T21:01:02,005","container":"ebdffaae6f6b","level":"INFO","thread":"EthScheduler-Workers-0","class":"PersistBlockTask","message":"Imported #1,067 / 0 tx / 0 om / 0 (0.0%) gas / (0x265b4e7f802c727801b26ba468205d19c38ba911db2177537da6ee44f3a09029) in 0.000s. Peers: 5","throwable":""}
{"timestamp":"2025-07-03T21:01:10,006","container":"ebdffaae6f6b","level":"INFO","thread":"EthScheduler-Workers-0","class":"PersistBlockTask","message":"Imported #1,068 / 0 tx / 0 om / 0 (0.0%) gas / (0xc6302f4c055e35ab229b8f50e53fb04de5216c252e533c1555651cb8182f100b) in 0.000s. Peers: 5","throwable":""}
{"timestamp":"2025-07-03T21:01:19,938","container":"ebdffaae6f6b","level":"INFO","thread":"EthScheduler-Workers-0","class":"PersistBlockTask","message":"Imported #1,069 / 0 tx / 0 om / 0 (0.0%) gas / (0x04b95c37bbdbeb2eb34338ecf5d60012e19286558f751b0c74113fd0301689e3) in 0.001s. Peers: 5","throwable":""}
{"timestamp":"2025-07-03T21:01:28,006","container":"ebdffaae6f6b","level":"INFO","thread":"EthScheduler-Workers-0","class":"PersistBlockTask","message":"Imported #1,070 / 0 tx / 0 om / 0 (0.0%) gas / (0x6ef7ff71bca651b1d6ba3c6730d359ee49400bc75f105fcead8fb90750b9f4f3) in 0.001s. Peers: 5","throwable":""}
{"timestamp":"2025-07-03T21:01:36,007","container":"ebdffaae6f6b","level":"INFO","thread":"EthScheduler-Workers-0","class":"PersistBlockTask","message":"Imported #1,071 / 0 tx / 0 om / 0 (0.0%) gas / (0x9625db77a16e3e6aa38f907a0042274892bb70b1d75fb99396990e42d355398a) in 0.001s. Peers: 5","throwable":""}
{"timestamp":"2025-07-03T21:01:44,006","container":"ebdffaae6f6b","level":"INFO","thread":"EthScheduler-Workers-0","class":"PersistBlockTask","message":"Imported #1,072 / 0 tx / 0 om / 0 (0.0%) gas / (0xeb4e0c7f33d9d8679769a451d265adb971a721754f5e415e4134dc239b4309bb) in 0.000s. Peers: 5","throwable":""}
{"timestamp":"2025-07-03T21:01:53,991","container":"ebdffaae6f6b","level":"INFO","thread":"EthScheduler-Workers-0","class":"PersistBlockTask","message":"Imported #1,073 / 0 tx / 0 om / 0 (0.0%) gas / (0x1f4dee3b522107e10f7b0ce90a5b8bfd83e95c54d5a7072f8f41ecb95cc37d5e) in 0.001s. Peers: 5","throwable":""}
{"timestamp":"2025-07-03T21:02:02,008","container":"ebdffaae6f6b","level":"INFO","thread":"EthScheduler-Workers-0","class":"PersistBlockTask","message":"Imported #1,074 / 0 tx / 0 om / 0 (0.0%) gas / (0x7393377a9f89a542a19c203119f4f0c7b5b958278515fc8fecf07bb7d591d281) in 0.001s. Peers: 5","throwable":""}
{"timestamp":"2025-07-03T21:02:10,007","container":"ebdffaae6f6b","level":"INFO","thread":"EthScheduler-Workers-0","class":"PersistBlockTask","message":"Imported #1,075 / 0 tx / 0 om / 0 (0.0%) gas / (0x3a219e47b3f025cad309a702d823d735fc0a692b7bf1698ca506183efe65f09b) in 0.001s. Peers: 5","throwable":""}
{"timestamp":"2025-07-03T21:02:18,005","container":"ebdffaae6f6b","level":"INFO","thread":"EthScheduler-Workers-0","class":"PersistBlockTask","message":"Imported #1,076 / 0 tx / 0 om / 0 (0.0%) gas / (0xeff03af9f26e9b01b14025a4989028a26479f14e2546dfe7549134cf3ed58630) in 0.001s. Peers: 5","throwable":""}
{"timestamp":"2025-07-03T21:02:27,945","container":"ebdffaae6f6b","level":"INFO","thread":"EthScheduler-Workers-0","class":"PersistBlockTask","message":"Imported #1,077 / 0 tx / 0 om / 0 (0.0%) gas / (0x9680b62a5a486ab8a71abe2aa48ed55a36ac0d9b918c4a80775b5b7f7850d27a) in 0.001s. Peers: 5","throwable":""}
{"timestamp":"2025-07-03T21:02:36,006","container":"ebdffaae6f6b","level":"INFO","thread":"EthScheduler-Workers-0","class":"PersistBlockTask","message":"Imported #1,078 / 0 tx / 0 om / 0 (0.0%) gas / (0x4ad81385006427f54e257d13740683724c50fcb8f3870336a18e5fe7e518bf90) in 0.001s. Peers: 5","throwable":""}
{"timestamp":"2025-07-03T21:02:44,007","container":"ebdffaae6f6b","level":"INFO","thread":"EthScheduler-Workers-0","class":"PersistBlockTask","message":"Imported #1,079 / 0 tx / 0 om / 0 (0.0%) gas / (0xb09dd73c7e612410b395124e549e88c68e99b9c7b0141d3d31c4819195611e84) in 0.001s. Peers: 5","throwable":""}
{"timestamp":"2025-07-03T21:02:52,007","container":"ebdffaae6f6b","level":"INFO","thread":"EthScheduler-Workers-0","class":"PersistBlockTask","message":"Imported #1,080 / 0 tx / 0 om / 0 (0.0%) gas / (0x8ffc63a4bd49d007dbd15482a9ebcb021c10aedc9aa3206d18954772d3ff44ff) in 0.001s. Peers: 5","throwable":""}
{"timestamp":"2025-07-03T21:03:02,124","container":"ebdffaae6f6b","level":"INFO","thread":"EthScheduler-Workers-0","class":"PersistBlockTask","message":"Imported #1,081 / 0 tx / 0 om / 0 (0.0%) gas / (0x1a43f8445419a05435b111a930bffbc0d6291af2a53debf1e5501040dd309f79) in 0.001s. Peers: 5","throwable":""}
{"timestamp":"2025-07-03T21:03:10,008","container":"ebdffaae6f6b","level":"INFO","thread":"EthScheduler-Workers-0","class":"PersistBlockTask","message":"Imported #1,082 / 0 tx / 0 om / 0 (0.0%) gas / (0x2e7cb56d6f10d161efc01147558f64818fc44f2bb9495b4f104a0f17782d16ec) in 0.001s. Peers: 5","throwable":""}
{"timestamp":"2025-07-03T21:03:18,006","container":"ebdffaae6f6b","level":"INFO","thread":"EthScheduler-Workers-0","class":"PersistBlockTask","message":"Imported #1,083 / 0 tx / 0 om / 0 (0.0%) gas / (0xda25fc3affc4373d4ff8bc6a0aa95831b522c65f68e1df581cd82abf9fedd308) in 0.001s. Peers: 5","throwable":""}
{"timestamp":"2025-07-03T21:03:26,007","container":"ebdffaae6f6b","level":"INFO","thread":"EthScheduler-Workers-0","class":"PersistBlockTask","message":"Imported #1,084 / 0 tx / 0 om / 0 (0.0%) gas / (0xfaf6f4ab8b764363c39566b15841515f1a6eed65e91cc594b4e033a9bdc033c4) in 0.001s. Peers: 5","throwable":""}
{"timestamp":"2025-07-03T21:03:35,912","container":"ebdffaae6f6b","level":"INFO","thread":"EthScheduler-Workers-0","class":"PersistBlockTask","message":"Imported #1,085 / 0 tx / 0 om / 0 (0.0%) gas / (0xa84a9ecf2c881d2727f6e60d1291b7f68709df5ff39e3865dbd8e8e3e4e580ac) in 0.001s. Peers: 5","throwable":""}
{"timestamp":"2025-07-03T21:03:44,006","container":"ebdffaae6f6b","level":"INFO","thread":"EthScheduler-Workers-0","class":"PersistBlockTask","message":"Imported #1,086 / 0 tx / 0 om / 0 (0.0%) gas / (0xcfc14b2b1129104b5ba4a89b2df7d06b01c34792b393292556537b640b418359) in 0.000s. Peers: 5","throwable":""}
{"timestamp":"2025-07-03T21:03:52,007","container":"ebdffaae6f6b","level":"INFO","thread":"EthScheduler-Workers-0","class":"PersistBlockTask","message":"Imported #1,087 / 0 tx / 0 om / 0 (0.0%) gas / (0xb1435b74b3a3881252f9b26c26784cb2915bdfac7dcb1096f740967364d63b73) in 0.001s. Peers: 5","throwable":""}
{"timestamp":"2025-07-03T21:04:00,008","container":"ebdffaae6f6b","level":"INFO","thread":"EthScheduler-Workers-0","class":"PersistBlockTask","message":"Imported #1,088 / 0 tx / 0 om / 0 (0.0%) gas / (0xadc714fa3d2019c95aaa4fe3bcd985edccc4384299f68e1c93a6b4af5378f731) in 0.001s. Peers: 5","throwable":""}
{"timestamp":"2025-07-03T21:04:10,018","container":"ebdffaae6f6b","level":"INFO","thread":"EthScheduler-Workers-0","class":"PersistBlockTask","message":"Imported #1,089 / 0 tx / 0 om / 0 (0.0%) gas / (0x74e4afbea490ad27eb8cf9c679c10be0297df9d90d9d3d0acd8d80fe8f640a86) in 0.001s. Peers: 5","throwable":""}
{"timestamp":"2025-07-03T21:04:18,008","container":"ebdffaae6f6b","level":"INFO","thread":"EthScheduler-Workers-0","class":"PersistBlockTask","message":"Imported #1,090 / 0 tx / 0 om / 0 (0.0%) gas / (0x6231202b16796ae524d7ea5fe8ac6623655d0f827440b837bff3476bd06e5a7b) in 0.001s. Peers: 5","throwable":""}
{"timestamp":"2025-07-03T21:04:26,006","container":"ebdffaae6f6b","level":"INFO","thread":"EthScheduler-Workers-0","class":"PersistBlockTask","message":"Imported #1,091 / 0 tx / 0 om / 0 (0.0%) gas / (0xbdcfe985b35834ce071af9ccb86253f8cb81c50f9658279c61e44dc1082526e9) in 0.001s. Peers: 5","throwable":""}
{"timestamp":"2025-07-03T21:04:34,015","container":"ebdffaae6f6b","level":"INFO","thread":"EthScheduler-Workers-0","class":"PersistBlockTask","message":"Imported #1,092 / 0 tx / 0 om / 0 (0.0%) gas / (0xf7c502369f0ed223447cbedf709ad540f7ad1ed0e961afd311459be1be61031a) in 0.001s. Peers: 5","throwable":""}
{"timestamp":"2025-07-03T21:04:43,990","container":"ebdffaae6f6b","level":"INFO","thread":"EthScheduler-Workers-0","class":"PersistBlockTask","message":"Imported #1,093 / 0 tx / 0 om / 0 (0.0%) gas / (0x250de7f1881cabb522c95a2ec015ee792b1e3b7bd171d6f5c3ab7dc6a2d89afd) in 0.000s. Peers: 5","throwable":""}
{"timestamp":"2025-07-03T21:04:52,009","container":"ebdffaae6f6b","level":"INFO","thread":"EthScheduler-Workers-0","class":"PersistBlockTask","message":"Imported #1,094 / 0 tx / 0 om / 0 (0.0%) gas / (0x319761a8769b863664bfe608b32bb7dd03390055cf77a86d048553ccf149929e) in 0.001s. Peers: 5","throwable":""}
{"timestamp":"2025-07-03T21:05:00,007","container":"ebdffaae6f6b","level":"INFO","thread":"EthScheduler-Workers-0","class":"PersistBlockTask","message":"Imported #1,095 / 0 tx / 0 om / 0 (0.0%) gas / (0xf99c48b610b1b2ccb9f935278d08e990a78cfc2121c039fdd03afe02f733c71f) in 0.001s. Peers: 5","throwable":""}
{"timestamp":"2025-07-03T21:05:08,006","container":"ebdffaae6f6b","level":"INFO","thread":"EthScheduler-Workers-0","class":"PersistBlockTask","message":"Imported #1,096 / 0 tx / 0 om / 0 (0.0%) gas / (0x2e9a0f3e4ea4b06e61fb12f44b4a3987ccc6fc9e3c90b03deeeb665bf8d78612) in 0.001s. Peers: 5","throwable":""}
{"timestamp":"2025-07-03T21:05:18,056","container":"ebdffaae6f6b","level":"INFO","thread":"EthScheduler-Workers-0","class":"PersistBlockTask","message":"Imported #1,097 / 0 tx / 0 om / 0 (0.0%) gas / (0x738ffd5dbe0b908e896d14b7ce6861357e2d666d6f090591344be22bdcb6e975) in 0.001s. Peers: 5","throwable":""}
{"timestamp":"2025-07-03T21:05:26,007","container":"ebdffaae6f6b","level":"INFO","thread":"EthScheduler-Workers-0","class":"PersistBlockTask","message":"Imported #1,098 / 0 tx / 0 om / 0 (0.0%) gas / (0xe4f911637a58d0988ed434da3f178496eac0551676dd3a8012895efe4c771970) in 0.001s. Peers: 5","throwable":""}
{"timestamp":"2025-07-03T21:05:34,006","container":"ebdffaae6f6b","level":"INFO","thread":"EthScheduler-Workers-0","class":"PersistBlockTask","message":"Imported #1,099 / 0 tx / 0 om / 0 (0.0%) gas / (0xb75ea70d5e3d160f6f86b703123f9896f77d04569931ab76eb1f347e39d36030) in 0.001s. Peers: 5","throwable":""}
{"timestamp":"2025-07-03T21:05:42,009","container":"ebdffaae6f6b","level":"INFO","thread":"EthScheduler-Workers-0","class":"PersistBlockTask","message":"Imported #1,100 / 0 tx / 0 om / 0 (0.0%) gas / (0xe30c0db9e32b670e2893f2c63ddb4988b57c4844c61a5e18bf51b258871f4761) in 0.001s. Peers: 5","throwable":""}
{"timestamp":"2025-07-03T21:05:52,008","container":"ebdffaae6f6b","level":"INFO","thread":"EthScheduler-Workers-0","class":"PersistBlockTask","message":"Imported #1,101 / 0 tx / 0 om / 0 (0.0%) gas / (0x659497323afac47c4e8ebeb9b2370ed4826246b31d638477edf8d6c4ccc63528) in 0.001s. Peers: 5","throwable":""}
{"timestamp":"2025-07-03T21:06:00,007","container":"ebdffaae6f6b","level":"INFO","thread":"EthScheduler-Workers-0","class":"PersistBlockTask","message":"Imported #1,102 / 0 tx / 0 om / 0 (0.0%) gas / (0x59bfd24c54de98b789de6adcaa13ffad06532675d2a73634e047ae99911935cf) in 0.001s. Peers: 5","throwable":""}
{"timestamp":"2025-07-03T21:06:08,006","container":"ebdffaae6f6b","level":"INFO","thread":"EthScheduler-Workers-0","class":"PersistBlockTask","message":"Imported #1,103 / 0 tx / 0 om / 0 (0.0%) gas / (0xc84c9a7033780289999740e84d9a53878595ca2944074c72de5c12134252d0f3) in 0.001s. Peers: 5","throwable":""}
{"timestamp":"2025-07-03T21:06:16,008","container":"ebdffaae6f6b","level":"INFO","thread":"EthScheduler-Workers-0","class":"PersistBlockTask","message":"Imported #1,104 / 0 tx / 0 om / 0 (0.0%) gas / (0xb2a07fb4358a8fc5aa959643bf63c97ea84f4aea267fb397c83205f3363a9562) in 0.001s. Peers: 5","throwable":""}
{"timestamp":"2025-07-03T21:06:26,048","container":"ebdffaae6f6b","level":"INFO","thread":"EthScheduler-Workers-0","class":"PersistBlockTask","message":"Imported #1,105 / 0 tx / 0 om / 0 (0.0%) gas / (0x8b7b7a931eefb6f99889d8a0a6299b0b2c552603bf7a5e2489a8f9793205e881) in 0.001s. Peers: 5","throwable":""}
{"timestamp":"2025-07-03T21:06:34,005","container":"ebdffaae6f6b","level":"INFO","thread":"EthScheduler-Workers-0","class":"PersistBlockTask","message":"Imported #1,106 / 0 tx / 0 om / 0 (0.0%) gas / (0x88cfeef9f828172a4c9c36207780973036e66f74486a57c50240500e2b126c10) in 0.000s. Peers: 5","throwable":""}
{"timestamp":"2025-07-03T21:06:42,005","container":"ebdffaae6f6b","level":"INFO","thread":"EthScheduler-Workers-0","class":"PersistBlockTask","message":"Imported #1,107 / 0 tx / 0 om / 0 (0.0%) gas / (0x05028ed0921779f4723f9df5609749e5935b82092ee13967352805ee01b71a89) in 0.000s. Peers: 5","throwable":""}
{"timestamp":"2025-07-03T21:06:50,006","container":"ebdffaae6f6b","level":"INFO","thread":"EthScheduler-Workers-0","class":"PersistBlockTask","message":"Imported #1,108 / 0 tx / 0 om / 0 (0.0%) gas / (0xf1b2e82dca24a441be6a1b978d3bd93a707a05ec941b9ab4057bcc8337d7b29d) in 0.001s. Peers: 5","throwable":""}
{"timestamp":"2025-07-03T21:07:00,050","container":"ebdffaae6f6b","level":"INFO","thread":"EthScheduler-Workers-0","class":"PersistBlockTask","message":"Imported #1,109 / 0 tx / 0 om / 0 (0.0%) gas / (0xbb376584f8c9d76c2fc54cd71a26ad7a986100e06e5a47cbb49096dcdd6110fc) in 0.001s. Peers: 5","throwable":""}
{"timestamp":"2025-07-03T21:07:08,006","container":"ebdffaae6f6b","level":"INFO","thread":"EthScheduler-Workers-0","class":"PersistBlockTask","message":"Imported #1,110 / 0 tx / 0 om / 0 (0.0%) gas / (0x42e93b0096f29b5a779724a29a503d42b461b4714c649e235dfb62d122276a24) in 0.001s. Peers: 5","throwable":""}
{"timestamp":"2025-07-03T21:07:16,007","container":"ebdffaae6f6b","level":"INFO","thread":"EthScheduler-Workers-0","class":"PersistBlockTask","message":"Imported #1,111 / 0 tx / 0 om / 0 (0.0%) gas / (0x3957a99fa01700ead4d3e20df266a5040fd95c51920c26085742277beb0408e5) in 0.001s. Peers: 5","throwable":""}
{"timestamp":"2025-07-03T21:07:24,008","container":"ebdffaae6f6b","level":"INFO","thread":"EthScheduler-Workers-0","class":"PersistBlockTask","message":"Imported #1,112 / 0 tx / 0 om / 0 (0.0%) gas / (0xb2a9b7a3edfab241543413e17b43190c00d0244dbecd6661b29d31c1791963ab) in 0.001s. Peers: 5","throwable":""}
{"timestamp":"2025-07-03T21:07:32,013","container":"ebdffaae6f6b","level":"INFO","thread":"EthScheduler-Workers-0","class":"PersistBlockTask","message":"Imported #1,113 / 0 tx / 0 om / 0 (0.0%) gas / (0xb9d5a436c5d5d8cc97e31492f21efd8f7c2ab3b79a3abdf01ceb73de1357f423) in 0.001s. Peers: 5","throwable":""}
{"timestamp":"2025-07-03T21:07:42,039","container":"ebdffaae6f6b","level":"INFO","thread":"EthScheduler-Workers-0","class":"PersistBlockTask","message":"Imported #1,114 / 0 tx / 0 om / 0 (0.0%) gas / (0x4f6216c64f00c9211e1655dc63a88951d2291b415e9a51fc5e2df789fbf74001) in 0.001s. Peers: 5","throwable":""}
{"timestamp":"2025-07-03T21:07:50,006","container":"ebdffaae6f6b","level":"INFO","thread":"EthScheduler-Workers-0","class":"PersistBlockTask","message":"Imported #1,115 / 0 tx / 0 om / 0 (0.0%) gas / (0x59400987d336b8a1c342923c47e27af4ae7341683962f4b3c1ea4e8a1ac64bf1) in 0.001s. Peers: 5","throwable":""}
{"timestamp":"2025-07-03T21:07:58,006","container":"ebdffaae6f6b","level":"INFO","thread":"EthScheduler-Workers-0","class":"PersistBlockTask","message":"Imported #1,116 / 0 tx / 0 om / 0 (0.0%) gas / (0x1daaef85f24d5402b2e391bd6f410a77a79922ae4d3da6a9a339b43d0d013e3f) in 0.001s. Peers: 5","throwable":""}
{"timestamp":"2025-07-03T21:08:06,016","container":"ebdffaae6f6b","level":"INFO","thread":"EthScheduler-Workers-0","class":"PersistBlockTask","message":"Imported #1,117 / 0 tx / 0 om / 0 (0.0%) gas / (0x779d9bd40c469a86a306500ea445d007e7215e1f4665428cbdfc52b58399a3d7) in 0.001s. Peers: 5","throwable":""}
{"timestamp":"2025-07-03T21:08:15,982","container":"ebdffaae6f6b","level":"INFO","thread":"EthScheduler-Workers-0","class":"PersistBlockTask","message":"Imported #1,118 / 0 tx / 0 om / 0 (0.0%) gas / (0xd888ed7cbd333e26f20de270e29ec33a7b55b23c39b7dbd67c846ac368be7df0) in 0.001s. Peers: 5","throwable":""}
{"timestamp":"2025-07-03T21:08:24,007","container":"ebdffaae6f6b","level":"INFO","thread":"EthScheduler-Workers-0","class":"PersistBlockTask","message":"Imported #1,119 / 0 tx / 0 om / 0 (0.0%) gas / (0xca873b693b27f8004f31759ecaf1474d6891594af94562a27e29e3cfe76aca79) in 0.001s. Peers: 5","throwable":""}
{"timestamp":"2025-07-03T21:08:32,007","container":"ebdffaae6f6b","level":"INFO","thread":"EthScheduler-Workers-0","class":"PersistBlockTask","message":"Imported #1,120 / 0 tx / 0 om / 0 (0.0%) gas / (0xe0b6ad96641e5227cd6ada1eae8baa6ef0f6cdc60ea37b62fb87912fa855aebe) in 0.001s. Peers: 5","throwable":""}
{"timestamp":"2025-07-03T21:08:40,008","container":"ebdffaae6f6b","level":"INFO","thread":"EthScheduler-Workers-0","class":"PersistBlockTask","message":"Imported #1,121 / 0 tx / 0 om / 0 (0.0%) gas / (0xd2e319133c081c2973f20ae3a2da4b2bb56fdcee74551b3b234cb803f12e1dd3) in 0.001s. Peers: 5","throwable":""}
{"timestamp":"2025-07-03T21:08:50,067","container":"ebdffaae6f6b","level":"INFO","thread":"EthScheduler-Workers-0","class":"PersistBlockTask","message":"Imported #1,122 / 0 tx / 0 om / 0 (0.0%) gas / (0x257fe70959b7b420829df0be2e217e04296732976bb655a70725291c67e9b3e8) in 0.001s. Peers: 5","throwable":""}
{"timestamp":"2025-07-03T21:08:58,007","container":"ebdffaae6f6b","level":"INFO","thread":"EthScheduler-Workers-0","class":"PersistBlockTask","message":"Imported #1,123 / 0 tx / 0 om / 0 (0.0%) gas / (0xa4c36cb0f68cf9082aba4d92475a6b3e18e08d9036679f5a226cb51dbf8420b2) in 0.001s. Peers: 5","throwable":""}
{"timestamp":"2025-07-03T21:09:06,006","container":"ebdffaae6f6b","level":"INFO","thread":"EthScheduler-Workers-0","class":"PersistBlockTask","message":"Imported #1,124 / 0 tx / 0 om / 0 (0.0%) gas / (0x8daee532266085b68e6d40694c6cade32abeae6a332c5e5d6922bd8843e2b81a) in 0.001s. Peers: 5","throwable":""}
{"timestamp":"2025-07-03T21:09:14,024","container":"ebdffaae6f6b","level":"INFO","thread":"EthScheduler-Workers-0","class":"PersistBlockTask","message":"Imported #1,125 / 0 tx / 0 om / 0 (0.0%) gas / (0x26b633722d22cab12a3ae4e2be2f4534eb1e920b1ec5d165b7c2547f0f342074) in 0.001s. Peers: 5","throwable":""}
{"timestamp":"2025-07-03T21:09:23,973","container":"ebdffaae6f6b","level":"INFO","thread":"EthScheduler-Workers-0","class":"PersistBlockTask","message":"Imported #1,126 / 0 tx / 0 om / 0 (0.0%) gas / (0x56ab751e499b921ce5deb5998f61c10f57449c7e84a489d36b29b44c99afe64b) in 0.001s. Peers: 5","throwable":""}
{"timestamp":"2025-07-03T21:09:32,007","container":"ebdffaae6f6b","level":"INFO","thread":"EthScheduler-Workers-0","class":"PersistBlockTask","message":"Imported #1,127 / 0 tx / 0 om / 0 (0.0%) gas / (0x0cdcd26e5024036e3affc5df497a3964784e4ffe3f16b5a9937919e6aee67ac9) in 0.001s. Peers: 5","throwable":""}
{"timestamp":"2025-07-03T21:09:40,012","container":"ebdffaae6f6b","level":"INFO","thread":"EthScheduler-Workers-0","class":"PersistBlockTask","message":"Imported #1,128 / 0 tx / 0 om / 0 (0.0%) gas / (0x1168990d0e1cecfe40f9cf42af9685554c0a73320049fcf68737f09778369364) in 0.001s. Peers: 5","throwable":""}
{"timestamp":"2025-07-03T21:09:48,017","container":"ebdffaae6f6b","level":"INFO","thread":"EthScheduler-Workers-0","class":"PersistBlockTask","message":"Imported #1,129 / 0 tx / 0 om / 0 (0.0%) gas / (0xe16d4f903d54b47e352c894781fa288a8f25cf6f0f53675e3186e8c90ed2f340) in 0.001s. Peers: 5","throwable":""}
{"timestamp":"2025-07-03T21:09:57,841","container":"ebdffaae6f6b","level":"INFO","thread":"EthScheduler-Workers-0","class":"PersistBlockTask","message":"Imported #1,130 / 0 tx / 0 om / 0 (0.0%) gas / (0x7982e04d82ed25870d145b67ce1ca3d3ac0b6d166c933e5470e06ec9e23ee333) in 0.001s. Peers: 5","throwable":""}
{"timestamp":"2025-07-03T21:10:06,007","container":"ebdffaae6f6b","level":"INFO","thread":"EthScheduler-Workers-0","class":"PersistBlockTask","message":"Imported #1,131 / 0 tx / 0 om / 0 (0.0%) gas / (0xd8fdf7dc1dbde1fc64fab92ef1617ede5af0e980758d36bdc323933af7149aff) in 0.001s. Peers: 5","throwable":""}
{"timestamp":"2025-07-03T21:10:14,015","container":"ebdffaae6f6b","level":"INFO","thread":"EthScheduler-Workers-0","class":"PersistBlockTask","message":"Imported #1,132 / 0 tx / 0 om / 0 (0.0%) gas / (0x0fefcdeb7568d11d5763890689e5875096c9c90fec0b3638f91087b494a073d3) in 0.001s. Peers: 5","throwable":""}
{"timestamp":"2025-07-03T21:10:22,007","container":"ebdffaae6f6b","level":"INFO","thread":"EthScheduler-Workers-0","class":"PersistBlockTask","message":"Imported #1,133 / 0 tx / 0 om / 0 (0.0%) gas / (0x85329ab29df6a89ab87e1c65a202cfe27c501405059192f0222161ff7854e70a) in 0.001s. Peers: 5","throwable":""}
{"timestamp":"2025-07-03T21:10:31,904","container":"ebdffaae6f6b","level":"INFO","thread":"EthScheduler-Workers-0","class":"PersistBlockTask","message":"Imported #1,134 / 0 tx / 0 om / 0 (0.0%) gas / (0x21d51d175cd0c15beb6d7b468aad5b2937a5bb994e4c40c97ec054d6480ffd78) in 0.000s. Peers: 5","throwable":""}
{"timestamp":"2025-07-03T21:10:40,012","container":"ebdffaae6f6b","level":"INFO","thread":"EthScheduler-Workers-0","class":"PersistBlockTask","message":"Imported #1,135 / 0 tx / 0 om / 0 (0.0%) gas / (0xf68876a6888cc985f7f64d368393a5b84913b12879b82ebae79712e018f134da) in 0.001s. Peers: 5","throwable":""}
{"timestamp":"2025-07-03T21:10:48,011","container":"ebdffaae6f6b","level":"INFO","thread":"EthScheduler-Workers-0","class":"PersistBlockTask","message":"Imported #1,136 / 0 tx / 0 om / 0 (0.0%) gas / (0x33277c91f34382cda187a530ebf4b30a09ce05e2840bdee26dd2e7eb4222ac26) in 0.001s. Peers: 5","throwable":""}
{"timestamp":"2025-07-03T21:10:56,006","container":"ebdffaae6f6b","level":"INFO","thread":"EthScheduler-Workers-0","class":"PersistBlockTask","message":"Imported #1,137 / 0 tx / 0 om / 0 (0.0%) gas / (0xfc2db2bcdd520e9028ca276e5b23d03d7648891e1187cb9bf9bca232f6146315) in 0.001s. Peers: 5","throwable":""}
{"timestamp":"2025-07-03T21:11:13,295","container":"ebdffaae6f6b","level":"INFO","thread":"EthScheduler-Workers-0","class":"PersistBlockTask","message":"Imported #1,138 / 0 tx / 0 om / 0 (0.0%) gas / (0x4a61be2d547c2859ddd000a4b4b177ff54a227d9e1e880b1235511c4b22dcff2) in 0.001s. Peers: 5","throwable":""}
{"timestamp":"2025-07-03T21:11:21,019","container":"ebdffaae6f6b","level":"INFO","thread":"EthScheduler-Workers-0","class":"PersistBlockTask","message":"Imported #1,139 / 0 tx / 0 om / 0 (0.0%) gas / (0x9673dc9109ba1e9c1a1864aa3a105c27e05e5b81c3d8b52e2162d533a2877c8c) in 0.001s. Peers: 5","throwable":""}
{"timestamp":"2025-07-03T21:11:30,065","container":"ebdffaae6f6b","level":"INFO","thread":"EthScheduler-Workers-0","class":"PersistBlockTask","message":"Imported #1,140 / 0 tx / 0 om / 0 (0.0%) gas / (0x38f8eba90584f9e57d2c57f3ebebc5c8ea18ec2d47bb10625eb36146e648c0fd) in 0.001s. Peers: 5","throwable":""}
{"timestamp":"2025-07-03T21:11:38,008","container":"ebdffaae6f6b","level":"INFO","thread":"EthScheduler-Workers-0","class":"PersistBlockTask","message":"Imported #1,141 / 0 tx / 0 om / 0 (0.0%) gas / (0xf0cd20164bc0bed51ac0fa49ae23d08355b23fdd77e2aa9c00a383fb80802512) in 0.001s. Peers: 5","throwable":""}
{"timestamp":"2025-07-03T21:11:46,008","container":"ebdffaae6f6b","level":"INFO","thread":"EthScheduler-Workers-0","class":"PersistBlockTask","message":"Imported #1,142 / 0 tx / 0 om / 0 (0.0%) gas / (0x68d0e7e489d7b0cbac45f5754f5d0d47bf26c27243264325917c2b2737dbe2b6) in 0.001s. Peers: 5","throwable":""}
{"timestamp":"2025-07-03T21:11:54,007","container":"ebdffaae6f6b","level":"INFO","thread":"EthScheduler-Workers-0","class":"PersistBlockTask","message":"Imported #1,143 / 0 tx / 0 om / 0 (0.0%) gas / (0x95cfba32cd87628f7e8f4fe1973f22951746fd91411dc4890edfe252e79a57df) in 0.001s. Peers: 5","throwable":""}
{"timestamp":"2025-07-03T21:12:02,008","container":"ebdffaae6f6b","level":"INFO","thread":"EthScheduler-Workers-0","class":"PersistBlockTask","message":"Imported #1,144 / 0 tx / 0 om / 0 (0.0%) gas / (0x18757648f9df56e87eff9b9e122420e59485e3f268fb219fe12ee48d3118b366) in 0.001s. Peers: 5","throwable":""}
{"timestamp":"2025-07-03T21:12:11,494","container":"ebdffaae6f6b","level":"INFO","thread":"EthScheduler-Workers-0","class":"PersistBlockTask","message":"Imported #1,145 / 0 tx / 0 om / 0 (0.0%) gas / (0xa0d101d5a91e1679f54d22892e107880a898b8c755378a786ae0e6051ffac40b) in 0.000s. Peers: 5","throwable":""}
{"timestamp":"2025-07-03T21:12:19,006","container":"ebdffaae6f6b","level":"INFO","thread":"EthScheduler-Workers-0","class":"PersistBlockTask","message":"Imported #1,146 / 0 tx / 0 om / 0 (0.0%) gas / (0xd987f4c2adb552cd0f91db91b0b7138569fd98e47bd70ace313f6d283212c310) in 0.000s. Peers: 5","throwable":""}
{"timestamp":"2025-07-03T21:12:27,007","container":"ebdffaae6f6b","level":"INFO","thread":"EthScheduler-Workers-0","class":"PersistBlockTask","message":"Imported #1,147 / 0 tx / 0 om / 0 (0.0%) gas / (0xb1d26f8549c22ffde30002e53d2e9c395f47e66c01b49254296717a295528a86) in 0.000s. Peers: 5","throwable":""}
{"timestamp":"2025-07-03T21:12:35,007","container":"ebdffaae6f6b","level":"INFO","thread":"EthScheduler-Workers-0","class":"PersistBlockTask","message":"Imported #1,148 / 0 tx / 0 om / 0 (0.0%) gas / (0xf1eb55ec1210f32ce8b3b31f04ea3b3f3ff9769f160c6f95bd26c8d4cbb0fd77) in 0.001s. Peers: 5","throwable":""}
{"timestamp":"2025-07-03T21:12:44,770","container":"ebdffaae6f6b","level":"INFO","thread":"EthScheduler-Workers-0","class":"PersistBlockTask","message":"Imported #1,149 / 0 tx / 0 om / 0 (0.0%) gas / (0x3aef13f9efbd1a732bf854c68718b62cada8d464b72209f10401e4ae069e16a6) in 0.001s. Peers: 5","throwable":""}
{"timestamp":"2025-07-03T21:12:53,007","container":"ebdffaae6f6b","level":"INFO","thread":"EthScheduler-Workers-0","class":"PersistBlockTask","message":"Imported #1,150 / 0 tx / 0 om / 0 (0.0%) gas / (0x53b259f494a89ccccd0314dc09dc2b284041a0af75f2feff482839768d96c062) in 0.001s. Peers: 5","throwable":""}
{"timestamp":"2025-07-03T21:13:01,008","container":"ebdffaae6f6b","level":"INFO","thread":"EthScheduler-Workers-0","class":"PersistBlockTask","message":"Imported #1,151 / 0 tx / 0 om / 0 (0.0%) gas / (0x26ff5c19430036415f420152faa9c71eb6c6e34a532fa585fc7056d1c47a039c) in 0.001s. Peers: 5","throwable":""}
{"timestamp":"2025-07-03T21:13:09,007","container":"ebdffaae6f6b","level":"INFO","thread":"EthScheduler-Workers-0","class":"PersistBlockTask","message":"Imported #1,152 / 0 tx / 0 om / 0 (0.0%) gas / (0xdbf944fe468d4af8e3b3b135e3754a8a4bcfb1fb6a0581eb21f7895c577a5ef2) in 0.001s. Peers: 5","throwable":""}
{"timestamp":"2025-07-03T21:13:18,354","container":"ebdffaae6f6b","level":"INFO","thread":"EthScheduler-Workers-0","class":"PersistBlockTask","message":"Imported #1,153 / 0 tx / 0 om / 0 (0.0%) gas / (0x047ac97a0e6e55e4044ada4be8646fd785586d135cf4e99cf09ebd75cb8c488d) in 0.001s. Peers: 5","throwable":""}
{"timestamp":"2025-07-03T21:13:26,007","container":"ebdffaae6f6b","level":"INFO","thread":"EthScheduler-Workers-0","class":"PersistBlockTask","message":"Imported #1,154 / 0 tx / 0 om / 0 (0.0%) gas / (0x852489a3d6545a5ce6fa43b72189c513bdc3a68050383909df92e05bd2b0f2a2) in 0.001s. Peers: 5","throwable":""}
{"timestamp":"2025-07-03T21:13:34,009","container":"ebdffaae6f6b","level":"INFO","thread":"EthScheduler-Workers-0","class":"PersistBlockTask","message":"Imported #1,155 / 0 tx / 0 om / 0 (0.0%) gas / (0xb207ca4009e90ceb7bf9d2ad80a43094c705aa0a44ac4a4f0719cb8602341f3f) in 0.001s. Peers: 5","throwable":""}
{"timestamp":"2025-07-03T21:13:42,007","container":"ebdffaae6f6b","level":"INFO","thread":"EthScheduler-Workers-0","class":"PersistBlockTask","message":"Imported #1,156 / 0 tx / 0 om / 0 (0.0%) gas / (0xd5e15295ba0d58661bb2ec9a1a90fa52a56fb29405011b030ba0ae0c415c8928) in 0.000s. Peers: 5","throwable":""}
{"timestamp":"2025-07-03T21:13:51,427","container":"ebdffaae6f6b","level":"INFO","thread":"EthScheduler-Workers-0","class":"PersistBlockTask","message":"Imported #1,157 / 0 tx / 0 om / 0 (0.0%) gas / (0x085badac755285f099d3565f348eba53772acdbee07848388ba4f2bc730f0b70) in 0.001s. Peers: 5","throwable":""}
{"timestamp":"2025-07-03T21:13:59,007","container":"ebdffaae6f6b","level":"INFO","thread":"EthScheduler-Workers-0","class":"PersistBlockTask","message":"Imported #1,158 / 0 tx / 0 om / 0 (0.0%) gas / (0x323796d789245f5406a92f41d4e872d194faacd8710ae0f058c5ed04e3abee16) in 0.001s. Peers: 5","throwable":""}
{"timestamp":"2025-07-03T21:14:07,007","container":"ebdffaae6f6b","level":"INFO","thread":"EthScheduler-Workers-0","class":"PersistBlockTask","message":"Imported #1,159 / 0 tx / 0 om / 0 (0.0%) gas / (0x99b7f430cda0d670cfc5e8c01fd5b4fcbddd3fef1c251a62f925c2724c414a6e) in 0.001s. Peers: 5","throwable":""}
{"timestamp":"2025-07-03T21:14:15,010","container":"ebdffaae6f6b","level":"INFO","thread":"EthScheduler-Workers-0","class":"PersistBlockTask","message":"Imported #1,160 / 0 tx / 0 om / 0 (0.0%) gas / (0xe6480e32801b2401c9133245ad0a5a88399aa8d52e3a3a4a26c423e18d5c63f3) in 0.001s. Peers: 5","throwable":""}
{"timestamp":"2025-07-03T21:14:24,591","container":"ebdffaae6f6b","level":"INFO","thread":"EthScheduler-Workers-0","class":"PersistBlockTask","message":"Imported #1,161 / 0 tx / 0 om / 0 (0.0%) gas / (0xaf11d8120064b8f41b260c9eebe2d0ed48830e566255df241cb272980cffa1c3) in 0.001s. Peers: 5","throwable":""}
{"timestamp":"2025-07-03T21:14:33,006","container":"ebdffaae6f6b","level":"INFO","thread":"EthScheduler-Workers-0","class":"PersistBlockTask","message":"Imported #1,162 / 0 tx / 0 om / 0 (0.0%) gas / (0xdffc58bc6ffacf3427d7ad72a88a342d3226db65ba7915b0133aedd364e27304) in 0.001s. Peers: 5","throwable":""}
{"timestamp":"2025-07-03T21:14:41,006","container":"ebdffaae6f6b","level":"INFO","thread":"EthScheduler-Workers-0","class":"PersistBlockTask","message":"Imported #1,163 / 0 tx / 0 om / 0 (0.0%) gas / (0xb9ccb8f1d7ae71573a9e6079fbd81c7bd3449cecb482fd5a32079947395b01f1) in 0.001s. Peers: 5","throwable":""}
{"timestamp":"2025-07-03T21:14:49,006","container":"ebdffaae6f6b","level":"INFO","thread":"EthScheduler-Workers-0","class":"PersistBlockTask","message":"Imported #1,164 / 0 tx / 0 om / 0 (0.0%) gas / (0x1ee6641b4c8ddb742a75021f39676c5328cabd7f688f753815f8473b7d1d2ce0) in 0.001s. Peers: 5","throwable":""}
{"timestamp":"2025-07-03T21:14:58,517","container":"ebdffaae6f6b","level":"INFO","thread":"EthScheduler-Workers-0","class":"PersistBlockTask","message":"Imported #1,165 / 0 tx / 0 om / 0 (0.0%) gas / (0xf7e06fa125affcc762cc25be38dacb3536e65628a1f2aa72563dcae6d0d31027) in 0.000s. Peers: 5","throwable":""}
{"timestamp":"2025-07-03T21:15:07,007","container":"ebdffaae6f6b","level":"INFO","thread":"EthScheduler-Workers-0","class":"PersistBlockTask","message":"Imported #1,166 / 0 tx / 0 om / 0 (0.0%) gas / (0x97238459c613ebdb759be86acd1daafd50f6811f15e0d14a27e2ef8ee43dffa5) in 0.001s. Peers: 5","throwable":""}
{"timestamp":"2025-07-03T21:15:15,006","container":"ebdffaae6f6b","level":"INFO","thread":"EthScheduler-Workers-0","class":"PersistBlockTask","message":"Imported #1,167 / 0 tx / 0 om / 0 (0.0%) gas / (0x4151c1483d0533e52a20f26f7873a9840ee500c4719ac337c650dbdb64d6dde0) in 0.000s. Peers: 5","throwable":""}
{"timestamp":"2025-07-03T21:15:23,007","container":"ebdffaae6f6b","level":"INFO","thread":"EthScheduler-Workers-0","class":"PersistBlockTask","message":"Imported #1,168 / 0 tx / 0 om / 0 (0.0%) gas / (0xcd9b8b9e430ef1f175c26bfd2d9f1f0999b89eea64fbed8f24282836dfd9a14c) in 0.001s. Peers: 5","throwable":""}
{"timestamp":"2025-07-03T21:15:32,567","container":"ebdffaae6f6b","level":"INFO","thread":"EthScheduler-Workers-0","class":"PersistBlockTask","message":"Imported #1,169 / 0 tx / 0 om / 0 (0.0%) gas / (0x338408227ea1cb7c9e3e73a582d7d363060afaabad05a80263fc10b5b7b327ad) in 0.001s. Peers: 5","throwable":""}
{"timestamp":"2025-07-03T21:15:41,006","container":"ebdffaae6f6b","level":"INFO","thread":"EthScheduler-Workers-0","class":"PersistBlockTask","message":"Imported #1,170 / 0 tx / 0 om / 0 (0.0%) gas / (0xdb2c19d95753cea966ad87f0a1f8668b73eabc0384cd348ec060224315d0a335) in 0.000s. Peers: 5","throwable":""}
{"timestamp":"2025-07-03T21:15:49,007","container":"ebdffaae6f6b","level":"INFO","thread":"EthScheduler-Workers-0","class":"PersistBlockTask","message":"Imported #1,171 / 0 tx / 0 om / 0 (0.0%) gas / (0x2329056662b86719ba20d6ec62604a111371a5e8fcf2f312bc6460a730ed8df9) in 0.001s. Peers: 5","throwable":""}
{"timestamp":"2025-07-03T21:15:57,006","container":"ebdffaae6f6b","level":"INFO","thread":"EthScheduler-Workers-0","class":"PersistBlockTask","message":"Imported #1,172 / 0 tx / 0 om / 0 (0.0%) gas / (0x5199ef45e845bfc6d48f9be99b8990776146798134c502d9395ab505b55aa10e) in 0.001s. Peers: 5","throwable":""}
{"timestamp":"2025-07-03T21:16:06,574","container":"ebdffaae6f6b","level":"INFO","thread":"EthScheduler-Workers-0","class":"PersistBlockTask","message":"Imported #1,173 / 0 tx / 0 om / 0 (0.0%) gas / (0x21fe672ef001718facd4cb4722d30ffe0529b19f103a0be5b09e5d0b422c97ca) in 0.001s. Peers: 5","throwable":""}
{"timestamp":"2025-07-03T21:16:15,007","container":"ebdffaae6f6b","level":"INFO","thread":"EthScheduler-Workers-0","class":"PersistBlockTask","message":"Imported #1,174 / 0 tx / 0 om / 0 (0.0%) gas / (0x5f4c44e57cbe5c5a94e8846ae847e90af26bf5291c929aec7de4c908af36809e) in 0.001s. Peers: 5","throwable":""}
{"timestamp":"2025-07-03T21:16:23,009","container":"ebdffaae6f6b","level":"INFO","thread":"EthScheduler-Workers-0","class":"PersistBlockTask","message":"Imported #1,175 / 0 tx / 0 om / 0 (0.0%) gas / (0xf72db14061ea294e07f845a14b8549bb38e42e4c65c4e28a5951de9ddcda4b41) in 0.001s. Peers: 5","throwable":""}
{"timestamp":"2025-07-03T21:16:31,007","container":"ebdffaae6f6b","level":"INFO","thread":"EthScheduler-Workers-0","class":"PersistBlockTask","message":"Imported #1,176 / 0 tx / 0 om / 0 (0.0%) gas / (0xe457a4e8d5e25fb7a1426caba66592ebf1719ed514ac443939f72168580e560f) in 0.001s. Peers: 5","throwable":""}
{"timestamp":"2025-07-03T21:16:40,559","container":"ebdffaae6f6b","level":"INFO","thread":"EthScheduler-Workers-0","class":"PersistBlockTask","message":"Imported #1,177 / 0 tx / 0 om / 0 (0.0%) gas / (0x918172c59ee6f2763627f6b06cbce080f35c61409cdc6de49527f4fc8a1ea741) in 0.001s. Peers: 5","throwable":""}
{"timestamp":"2025-07-03T21:16:49,008","container":"ebdffaae6f6b","level":"INFO","thread":"EthScheduler-Workers-0","class":"PersistBlockTask","message":"Imported #1,178 / 0 tx / 0 om / 0 (0.0%) gas / (0x02ae1b9e30ed06df6afb0424a9f19dc0d3495fe3c7ce085a9c7c2240be90cf70) in 0.001s. Peers: 5","throwable":""}
{"timestamp":"2025-07-03T21:16:57,009","container":"ebdffaae6f6b","level":"INFO","thread":"EthScheduler-Workers-0","class":"PersistBlockTask","message":"Imported #1,179 / 0 tx / 0 om / 0 (0.0%) gas / (0x08dbf32af3b343a92ac5b91de1558904ffb5ff25bffb352cb235e93e5746d8ee) in 0.001s. Peers: 5","throwable":""}
{"timestamp":"2025-07-03T21:17:05,007","container":"ebdffaae6f6b","level":"INFO","thread":"EthScheduler-Workers-0","class":"PersistBlockTask","message":"Imported #1,180 / 0 tx / 0 om / 0 (0.0%) gas / (0x4990552402cd6861f27bbe0f83e6dfaac6fee934956aa5320bfccdddb522abca) in 0.001s. Peers: 5","throwable":""}
{"timestamp":"2025-07-03T21:17:14,554","container":"ebdffaae6f6b","level":"INFO","thread":"EthScheduler-Workers-0","class":"PersistBlockTask","message":"Imported #1,181 / 0 tx / 0 om / 0 (0.0%) gas / (0x79aa697cdcaa9614cb7f0ac67b7bfd76adee9a21c6b2fb44c62f40fcf13403e1) in 0.001s. Peers: 5","throwable":""}
{"timestamp":"2025-07-03T21:17:23,009","container":"ebdffaae6f6b","level":"INFO","thread":"EthScheduler-Workers-0","class":"PersistBlockTask","message":"Imported #1,182 / 0 tx / 0 om / 0 (0.0%) gas / (0xb7c5c2e6aaac2dfccc34378c36ad3012024fce162f894fa54fe05bc61253a72f) in 0.001s. Peers: 5","throwable":""}
{"timestamp":"2025-07-03T21:17:31,006","container":"ebdffaae6f6b","level":"INFO","thread":"EthScheduler-Workers-0","class":"PersistBlockTask","message":"Imported #1,183 / 0 tx / 0 om / 0 (0.0%) gas / (0x670112dc5a3362920457208929e301a803bafc82ef5f0bd535570b3a4652581c) in 0.001s. Peers: 5","throwable":""}
{"timestamp":"2025-07-03T21:17:39,006","container":"ebdffaae6f6b","level":"INFO","thread":"EthScheduler-Workers-0","class":"PersistBlockTask","message":"Imported #1,184 / 0 tx / 0 om / 0 (0.0%) gas / (0x9c04f66650e2aa0e4c35e3f62b7f690bd84a8158459eae02654691ce62949af5) in 0.001s. Peers: 5","throwable":""}
{"timestamp":"2025-07-03T21:17:48,550","container":"ebdffaae6f6b","level":"INFO","thread":"EthScheduler-Workers-0","class":"PersistBlockTask","message":"Imported #1,185 / 0 tx / 0 om / 0 (0.0%) gas / (0x06e3fa51259992e1e2249def2670e16897fd72e61fffc6c971052a26ae8848ee) in 0.001s. Peers: 5","throwable":""}
{"timestamp":"2025-07-03T21:17:57,006","container":"ebdffaae6f6b","level":"INFO","thread":"EthScheduler-Workers-0","class":"PersistBlockTask","message":"Imported #1,186 / 0 tx / 0 om / 0 (0.0%) gas / (0x17c516e65d3de20bb557c1d937dac78a2ffd52470bcf528bfd4fa6f72e924b18) in 0.001s. Peers: 5","throwable":""}
{"timestamp":"2025-07-03T21:18:05,007","container":"ebdffaae6f6b","level":"INFO","thread":"EthScheduler-Workers-0","class":"PersistBlockTask","message":"Imported #1,187 / 0 tx / 0 om / 0 (0.0%) gas / (0x92a7ceeb290df9ca6edf7160a8234c33da677ed4957f2fa069044a6068e93e2f) in 0.001s. Peers: 5","throwable":""}
{"timestamp":"2025-07-03T21:18:13,007","container":"ebdffaae6f6b","level":"INFO","thread":"EthScheduler-Workers-0","class":"PersistBlockTask","message":"Imported #1,188 / 0 tx / 0 om / 0 (0.0%) gas / (0x16490532151774e173d2e580497cfefb5b98dd50f3642b6eb644c8a0b7cc6f6a) in 0.001s. Peers: 5","throwable":""}
{"timestamp":"2025-07-03T21:18:22,546","container":"ebdffaae6f6b","level":"INFO","thread":"EthScheduler-Workers-0","class":"PersistBlockTask","message":"Imported #1,189 / 0 tx / 0 om / 0 (0.0%) gas / (0xdcfc299eba65436cc3711c98a6942015e04131122e61fc1bd330b32a5ed582e2) in 0.000s. Peers: 5","throwable":""}
{"timestamp":"2025-07-03T21:18:31,009","container":"ebdffaae6f6b","level":"INFO","thread":"EthScheduler-Workers-0","class":"PersistBlockTask","message":"Imported #1,190 / 0 tx / 0 om / 0 (0.0%) gas / (0x90f365d085a189db359d771ef22c7a6fb959221b3d07d174eb825be227dea591) in 0.001s. Peers: 5","throwable":""}
{"timestamp":"2025-07-03T21:18:39,011","container":"ebdffaae6f6b","level":"INFO","thread":"EthScheduler-Workers-0","class":"PersistBlockTask","message":"Imported #1,191 / 0 tx / 0 om / 0 (0.0%) gas / (0xfa3197ee7ee0269924e40a6a7ef0b2406cdc0402f0d7398bc829d0b305eaca7d) in 0.002s. Peers: 5","throwable":""}
{"timestamp":"2025-07-03T21:18:47,009","container":"ebdffaae6f6b","level":"INFO","thread":"EthScheduler-Workers-0","class":"PersistBlockTask","message":"Imported #1,192 / 0 tx / 0 om / 0 (0.0%) gas / (0x50a4a289ee0fcff80027b24afc7b5ff08eb25242944e24e3e2a8f71c1c2ff219) in 0.001s. Peers: 5","throwable":""}
{"timestamp":"2025-07-03T21:18:56,544","container":"ebdffaae6f6b","level":"INFO","thread":"EthScheduler-Workers-0","class":"PersistBlockTask","message":"Imported #1,193 / 0 tx / 0 om / 0 (0.0%) gas / (0x534cc70b3cacea01a3d3d23512317bc05eeb013239fb781c2b59893949ec5fa2) in 0.001s. Peers: 5","throwable":""}
{"timestamp":"2025-07-03T21:19:05,013","container":"ebdffaae6f6b","level":"INFO","thread":"EthScheduler-Workers-0","class":"PersistBlockTask","message":"Imported #1,194 / 0 tx / 0 om / 0 (0.0%) gas / (0x372cd2fdb3561df1f5aed112df013007eb0c48b337df3d1bac475256e9e32761) in 0.001s. Peers: 5","throwable":""}
{"timestamp":"2025-07-03T21:19:13,010","container":"ebdffaae6f6b","level":"INFO","thread":"EthScheduler-Workers-0","class":"PersistBlockTask","message":"Imported #1,195 / 0 tx / 0 om / 0 (0.0%) gas / (0x25f135c22848e2870d120093a5467e629218b9f524fc52fa568a378a5cfaaed2) in 0.001s. Peers: 5","throwable":""}
{"timestamp":"2025-07-03T21:19:21,009","container":"ebdffaae6f6b","level":"INFO","thread":"EthScheduler-Workers-0","class":"PersistBlockTask","message":"Imported #1,196 / 0 tx / 0 om / 0 (0.0%) gas / (0x753089e06922b05d9af6afb6ec88e40b1798d5de0a78e3ac14a200708025c8d0) in 0.001s. Peers: 5","throwable":""}
{"timestamp":"2025-07-03T21:19:30,553","container":"ebdffaae6f6b","level":"INFO","thread":"EthScheduler-Workers-0","class":"PersistBlockTask","message":"Imported #1,197 / 0 tx / 0 om / 0 (0.0%) gas / (0xd748bcf8a95fa220e2e554f89f22c7416f4eb217e204aaa9e158730e8a082b7f) in 0.001s. Peers: 5","throwable":""}
{"timestamp":"2025-07-03T21:19:39,008","container":"ebdffaae6f6b","level":"INFO","thread":"EthScheduler-Workers-0","class":"PersistBlockTask","message":"Imported #1,198 / 0 tx / 0 om / 0 (0.0%) gas / (0x5a07a71c9d9fd8ea420aa4f9db65248dca807c2f548d75f589928246f30bdd1b) in 0.001s. Peers: 5","throwable":""}
                                                                                                                                                                                                                                                                                                                                                                                                                                                                                                                                                                                                                                                                                                                                                                                                                                                                                                                                                      {"timestamp":"2025-07-14T02:39:49,981","container":"ebdffaae6f6b","level":"INFO","thread":"main","class":"Besu","message":"Starting Besu","throwable":""}
{"timestamp":"2025-07-14T02:39:50,724","container":"ebdffaae6f6b","level":"WARN","thread":"main","class":"Besu","message":"--min-gas-price has been ignored because --miner-enabled was not defined on the command line.","throwable":""}
{"timestamp":"2025-07-14T02:39:52,317","container":"ebdffaae6f6b","level":"INFO","thread":"main","class":"Besu","message":"
####################################################################################################
#                                                                                                  #
# Besu version 23.4.1                                                                              #
#                                                                                                  #
# Configuration:                                                                                   #
# Network: Custom genesis file specified                                                           #
# Network Id: 1337                                                                                 #
# Data storage: Forest                                                                             #
# Sync mode: Full                                                                                  #
# RPC HTTP APIs: EEA,WEB3,ETH,NET,TRACE,DEBUG,ADMIN,TXPOOL,PRIV,PERM,QBFT                          #
# RPC HTTP port: 8545                                                                              #
#                                                                                                  #
# Host:                                                                                            #
# Java: openjdk-java-17                                                                            #
# Maximum heap size: 3.87 GB                                                                       #
# OS: linux-x86_64                                                                                 #
# glibc: 2.35                                                                                      #
# jemalloc: 5.2.1-0-gea6b3e973b477b8061e0076bb257dbd7f3faa756                                      #
# Total memory: 15.48 GB                                                                           #
# CPU cores: 20                                                                                    #
#                                                                                                  #
####################################################################################################","throwable":""}
{"timestamp":"2025-07-14T02:39:52,318","container":"ebdffaae6f6b","level":"INFO","thread":"main","class":"Besu","message":"Connecting to 8 static nodes.","throwable":""}
{"timestamp":"2025-07-14T02:39:52,318","container":"ebdffaae6f6b","level":"INFO","thread":"main","class":"Besu","message":"Security Module: localfile","throwable":""}
{"timestamp":"2025-07-14T02:39:52,380","container":"ebdffaae6f6b","level":"INFO","thread":"main","class":"Besu","message":"Using the native implementation of alt bn128","throwable":""}
{"timestamp":"2025-07-14T02:39:52,428","container":"ebdffaae6f6b","level":"INFO","thread":"main","class":"Besu","message":"Using the native implementation of modexp","throwable":""}
{"timestamp":"2025-07-14T02:39:52,428","container":"ebdffaae6f6b","level":"INFO","thread":"main","class":"Besu","message":"Using the native implementation of the signature algorithm","throwable":""}
{"timestamp":"2025-07-14T02:39:52,432","container":"ebdffaae6f6b","level":"INFO","thread":"main","class":"Besu","message":"Using the native implementation of the blake2bf algorithm","throwable":""}
{"timestamp":"2025-07-14T02:39:52,452","container":"ebdffaae6f6b","level":"INFO","thread":"main","class":"DatabaseMetadata","message":"Lookup database metadata file in data directory: /opt/besu/data","throwable":""}
{"timestamp":"2025-07-14T02:39:52,503","container":"ebdffaae6f6b","level":"INFO","thread":"main","class":"RocksDBKeyValueStorageFactory","message":"Existing database detected at /opt/besu/data. Version 1. Compacting database...","throwable":""}
{"timestamp":"2025-07-14T02:39:53,185","container":"ebdffaae6f6b","level":"INFO","thread":"main","class":"KeyPairUtil","message":"Loaded public key 0x98496800174b3c73ae33cba59f8f5e686cd488f7897c2edb52e2cf46383d75cd03dbb58dde07185bc0953f98800ca9a89f4b5ef450c5e51292ea08ec6130ee0c from /opt/besu/keys/nodekey","throwable":""}
{"timestamp":"2025-07-14T02:39:53,191","container":"ebdffaae6f6b","level":"WARN","thread":"main","class":"Besu","message":"Privacy is disabled. Cannot use EEA/PRIV API methods when not using Privacy.","throwable":""}
{"timestamp":"2025-07-14T02:39:53,508","container":"ebdffaae6f6b","level":"INFO","thread":"main","class":"ProtocolScheduleBuilder","message":"Protocol schedule created with milestones: [GrayGlacier: 0]","throwable":""}
{"timestamp":"2025-07-14T02:39:53,806","container":"ebdffaae6f6b","level":"INFO","thread":"main","class":"TransactionPoolFactory","message":"Enabling transaction pool","throwable":""}
{"timestamp":"2025-07-14T02:39:53,841","container":"ebdffaae6f6b","level":"INFO","thread":"main","class":"BesuControllerBuilder","message":"TTD difficulty is not present, creating initial sync phase for PoW","throwable":""}
{"timestamp":"2025-07-14T02:39:54,011","container":"ebdffaae6f6b","level":"INFO","thread":"main","class":"RunnerBuilder","message":"Detecting NAT service.","throwable":""}
{"timestamp":"2025-07-14T02:39:55,356","container":"ebdffaae6f6b","level":"INFO","thread":"main","class":"Runner","message":"Starting external services ... ","throwable":""}
{"timestamp":"2025-07-14T02:39:55,357","container":"ebdffaae6f6b","level":"INFO","thread":"main","class":"MetricsHttpService","message":"Starting metrics http service on 0.0.0.0:9545","throwable":""}
{"timestamp":"2025-07-14T02:39:55,563","container":"ebdffaae6f6b","level":"INFO","thread":"vert.x-eventloop-thread-1","class":"MetricsHttpService","message":"Metrics service started and listening on 0.0.0.0:9545","throwable":""}
{"timestamp":"2025-07-14T02:39:55,565","container":"ebdffaae6f6b","level":"INFO","thread":"main","class":"JsonRpcHttpService","message":"Starting JSON-RPC service on 0.0.0.0:8545","throwable":""}
{"timestamp":"2025-07-14T02:39:55,581","container":"ebdffaae6f6b","level":"INFO","thread":"vert.x-eventloop-thread-1","class":"JsonRpcHttpService","message":"JSON-RPC service started and listening on 0.0.0.0:8545","throwable":""}
{"timestamp":"2025-07-14T02:39:55,583","container":"ebdffaae6f6b","level":"INFO","thread":"main","class":"GraphQLHttpService","message":"Starting GraphQL HTTP service on 0.0.0.0:8547","throwable":""}
{"timestamp":"2025-07-14T02:39:55,586","container":"ebdffaae6f6b","level":"INFO","thread":"vert.x-eventloop-thread-1","class":"GraphQLHttpService","message":"GraphQL HTTP service started and listening on 0.0.0.0:8547","throwable":""}
{"timestamp":"2025-07-14T02:39:55,587","container":"ebdffaae6f6b","level":"INFO","thread":"main","class":"WebSocketService","message":"Starting Websocket service on 0.0.0.0:8546","throwable":""}
{"timestamp":"2025-07-14T02:39:55,599","container":"ebdffaae6f6b","level":"INFO","thread":"vert.x-eventloop-thread-1","class":"WebSocketService","message":"Websocket service started and listening on 0.0.0.0:8546","throwable":""}
{"timestamp":"2025-07-14T02:39:55,602","container":"ebdffaae6f6b","level":"INFO","thread":"main","class":"AutoTransactionLogBloomCachingService","message":"Starting auto transaction log bloom caching service.","throwable":""}
{"timestamp":"2025-07-14T02:39:55,603","container":"ebdffaae6f6b","level":"INFO","thread":"main","class":"LogBloomCacheMetadata","message":"Lookup cache metadata file in data directory: /opt/besu/data/caches","throwable":""}
{"timestamp":"2025-07-14T02:39:55,618","container":"ebdffaae6f6b","level":"INFO","thread":"main","class":"Runner","message":"Starting Ethereum main loop ... ","throwable":""}
{"timestamp":"2025-07-14T02:39:55,619","container":"ebdffaae6f6b","level":"INFO","thread":"main","class":"DockerNatManager","message":"Starting docker NAT manager.","throwable":""}
{"timestamp":"2025-07-14T02:39:56,990","container":"ebdffaae6f6b","level":"INFO","thread":"main","class":"NetworkRunner","message":"Starting Network.","throwable":""}
{"timestamp":"2025-07-14T02:39:57,001","container":"ebdffaae6f6b","level":"INFO","thread":"nioEventLoopGroup-2-1","class":"RlpxAgent","message":"P2P RLPx agent started and listening on /[0:0:0:0:0:0:0:0]:30303.","throwable":""}
{"timestamp":"2025-07-14T02:39:57,002","container":"ebdffaae6f6b","level":"INFO","thread":"main","class":"PeerDiscoveryAgent","message":"Starting peer discovery agent on host=0.0.0.0, port=30303","throwable":""}
{"timestamp":"2025-07-14T02:39:57,018","container":"ebdffaae6f6b","level":"INFO","thread":"vert.x-eventloop-thread-1","class":"VertxPeerDiscoveryAgent","message":"Started peer discovery agent successfully, on effective host=0:0:0:0:0:0:0:0%0 and port=30303","throwable":""}
{"timestamp":"2025-07-14T02:39:57,019","container":"ebdffaae6f6b","level":"INFO","thread":"vert.x-eventloop-thread-1","class":"PeerDiscoveryAgent","message":"P2P peer discovery agent started and listening on /[0:0:0:0:0:0:0:0%0]:30303","throwable":""}
{"timestamp":"2025-07-14T02:39:57,056","container":"ebdffaae6f6b","level":"INFO","thread":"vert.x-eventloop-thread-1","class":"PeerDiscoveryAgent","message":"Writing node record to disk. NodeRecord{seq=2, publicKey=0x0298496800174b3c73ae33cba59f8f5e686cd488f7897c2edb52e2cf46383d75cd, udpAddress=Optional[/172.16.239.16:30303], tcpAddress=Optional[/172.16.239.16:30303], asBase64=-Je4QGandHlQNbHxtG8Qp_H2U7FDqoDrv4ZEkk4BQuSNNSZjLgx2blOsiSgIHKakDNH_W6X9UL2WRHnINGWHilvIZZwCg2V0aMfGhGpSrW2AgmlkgnY0gmlwhKwQ7xCJc2VjcDI1NmsxoQKYSWgAF0s8c64zy6Wfj15obNSI94l8LttS4s9GOD11zYN0Y3CCdl-DdWRwgnZf, nodeId=0xa1f75939c4a4d5c1c5241a1913a52aab892e1322e8b52506276363d4754c122e, customFields={tcp=30303, udp=30303, ip=0xac10ef10, eth=[[0x6a52ad6d, 0x]], id=V4, secp256k1=0x0298496800174b3c73ae33cba59f8f5e686cd488f7897c2edb52e2cf46383d75cd}}","throwable":""}
{"timestamp":"2025-07-14T02:39:57,107","container":"ebdffaae6f6b","level":"INFO","thread":"main","class":"DefaultP2PNetwork","message":"Enode URL enode://98496800174b3c73ae33cba59f8f5e686cd488f7897c2edb52e2cf46383d75cd03dbb58dde07185bc0953f98800ca9a89f4b5ef450c5e51292ea08ec6130ee0c@172.16.239.16:30303","throwable":""}
{"timestamp":"2025-07-14T02:39:57,107","container":"ebdffaae6f6b","level":"INFO","thread":"main","class":"DefaultP2PNetwork","message":"Node address 0x13a52aab892e1322e8b52506276363d4754c122e","throwable":""}
{"timestamp":"2025-07-14T02:39:57,180","container":"ebdffaae6f6b","level":"INFO","thread":"main","class":"NetworkRunner","message":"Supported capabilities: [eth/62, eth/63, eth/64, eth/65, eth/66, eth/67, eth/68], [istanbul/100], [snap/1]","throwable":""}
{"timestamp":"2025-07-14T02:39:57,181","container":"ebdffaae6f6b","level":"INFO","thread":"main","class":"DefaultSynchronizer","message":"Starting synchronizer.","throwable":""}
{"timestamp":"2025-07-14T02:39:57,184","container":"ebdffaae6f6b","level":"INFO","thread":"main","class":"TransactionPoolFactory","message":"Enabling transaction handling following initial sync","throwable":""}
{"timestamp":"2025-07-14T02:39:57,193","container":"ebdffaae6f6b","level":"INFO","thread":"main","class":"FullSyncDownloader","message":"Starting full sync.","throwable":""}
{"timestamp":"2025-07-14T02:39:57,193","container":"ebdffaae6f6b","level":"INFO","thread":"main","class":"FullSyncTargetManager","message":"Unable to find sync target. Currently checking 0 peers for usefulness","throwable":""}
{"timestamp":"2025-07-14T02:39:58,075","container":"ebdffaae6f6b","level":"INFO","thread":"nioEventLoopGroup-3-9","class":"FullSyncTargetManager","message":"Unable to find sync target. Currently checking 3 peers for usefulness","throwable":""}
{"timestamp":"2025-07-14T02:39:58,097","container":"ebdffaae6f6b","level":"INFO","thread":"nioEventLoopGroup-3-1","class":"FullSyncTargetManager","message":"Unable to find sync target. Currently checking 4 peers for usefulness","throwable":""}
{"timestamp":"2025-07-14T02:39:58,143","container":"ebdffaae6f6b","level":"INFO","thread":"main","class":"Runner","message":"Ethereum main loop is up.","throwable":""}
{"timestamp":"2025-07-14T02:39:58,523","container":"ebdffaae6f6b","level":"INFO","thread":"EthScheduler-Workers-0","class":"PersistBlockTask","message":"Imported #1,199 / 0 tx / 0 om / 0 (0.0%) gas / (0xc96066827c16e191de5ece03894dbdfd38e6ab7643adf9bbb96a79d3b01b30ce) in 0.017s. Peers: 5","throwable":""}
{"timestamp":"2025-07-14T02:40:04,525","container":"ebdffaae6f6b","level":"INFO","thread":"BftProcessorExecutor-QBFT-0","class":"BftProcessor","message":"Shutting down BFT event processor","throwable":""}
{"timestamp":"2025-07-14T02:40:04,527","container":"ebdffaae6f6b","level":"INFO","thread":"BesuCommand-Shutdown-Hook","class":"DefaultSynchronizer","message":"Stopping synchronizer","throwable":""}
{"timestamp":"2025-07-14T02:40:04,528","container":"ebdffaae6f6b","level":"INFO","thread":"BesuCommand-Shutdown-Hook","class":"NetworkRunner","message":"Stopping Network.","throwable":""}
{"timestamp":"2025-07-14T02:40:04,534","container":"ebdffaae6f6b","level":"INFO","thread":"BesuCommand-Shutdown-Hook","class":"EthProtocolManager","message":"Stopping eth Subprotocol.","throwable":""}
{"timestamp":"2025-07-14T02:40:04,535","container":"ebdffaae6f6b","level":"INFO","thread":"BesuCommand-Shutdown-Hook","class":"EthProtocolManager","message":"eth Subprotocol stopped.","throwable":""}
{"timestamp":"2025-07-14T02:40:04,535","container":"ebdffaae6f6b","level":"INFO","thread":"BesuCommand-Shutdown-Hook","class":"NetworkRunner","message":"Network stopped.","throwable":""}
{"timestamp":"2025-07-14T02:40:04,535","container":"ebdffaae6f6b","level":"INFO","thread":"BesuCommand-Shutdown-Hook","class":"AutoTransactionLogBloomCachingService","message":"Shutting down Auto transaction logs caching service.","throwable":""}
{"timestamp":"2025-07-14T02:40:04,535","container":"ebdffaae6f6b","level":"INFO","thread":"BesuCommand-Shutdown-Hook","class":"DockerNatManager","message":"Stopping docker NAT manager.","throwable":""}
